bucket,value
2026-01-01T00,153.862
2026-01-01T01,147.172
2026-01-01T02,140.817
2026-01-01T03,135.466
2026-01-01T04,134.462
2026-01-01T05,172.928
2026-01-01T06,219.086
2026-01-01T07,247.183
2026-01-01T08,330.803
2026-01-01T09,504.4
2026-01-01T10,804.431
2026-01-01T11,852.931
2026-01-01T12,889.39
2026-01-01T13,890.728
2026-01-01T14,889.39
2026-01-01T15,865.641
2026-01-01T16,836.876
2026-01-01T17,822.828
2026-01-01T18,841.559
2026-01-01T19,829.183
2026-01-01T20,715.793
2026-01-01T21,633.845
2026-01-01T22,340.503
2026-01-01T23,210.724
2026-01-02T00,158.214
2026-01-02T01,150.52
2026-01-02T02,145.503
2026-01-02T03,141.155
2026-01-02T04,140.486
2026-01-02T05,173.6
2026-01-02T06,224.443
2026-01-02T07,258.561
2026-01-02T08,341.848
2026-01-02T09,520.8
2026-01-02T10,827.193
2026-01-02T11,875.694
2026-01-02T12,927.874
2026-01-02T13,917.84
2026-01-02T14,918.509
2026-01-02T15,901.784
2026-01-02T16,893.087
2026-01-02T17,878.035
2026-01-02T18,870.677
2026-01-02T19,842.914
2026-01-02T20,769.661
2026-01-02T21,647.238
2026-01-02T22,294.351
2026-01-02T23,197.014
2026-01-03T00,142.99
2026-01-03T01,135.882
2026-01-03T02,131.283
2026-01-03T03,128.774
2026-01-03T04,127.102
2026-01-03T05,128.356
2026-01-03T06,159.296
2026-01-03T07,222.429
2026-01-03T08,345.35
2026-01-03T09,496.701
2026-01-03T10,787.698
2026-01-03T11,875.917
2026-01-03T12,888.46
2026-01-03T13,891.387
2026-01-03T14,903.511
2026-01-03T15,899.33
2026-01-03T16,885.951
2026-01-03T17,877.171
2026-01-03T18,866.719
2026-01-03T19,833.271
2026-01-03T20,689.863
2026-01-03T21,625.476
2026-01-03T22,386.741
2026-01-03T23,197.343
2026-01-04T00,146.331
2026-01-04T01,139.224
2026-01-04T02,137.551
2026-01-04T03,133.788
2026-01-04T04,132.116
2026-01-04T05,132.952
2026-01-04T06,164.727
2026-01-04T07,183.541
2026-01-04T08,227.44
2026-01-04T09,288.481
2026-01-04T10,402.202
2026-01-04T11,579.889
2026-01-04T12,698.627
2026-01-04T13,852.065
2026-01-04T14,902.236
2026-01-04T15,868.789
2026-01-04T16,817.782
2026-01-04T17,806.912
2026-01-04T18,797.714
2026-01-04T19,794.787
2026-01-04T20,717.023
2026-01-04T21,497.944
2026-01-04T22,231.621
2026-01-04T23,149.258
2026-01-05T00,138.389
2026-01-05T01,134.208
2026-01-05T02,132.118
2026-01-05T03,129.191
2026-01-05T04,128.773
2026-01-05T05,170.164
2026-01-05T06,222.844
2026-01-05T07,266.326
2026-01-05T08,330.713
2026-01-05T09,545.195
2026-01-05T10,847.478
2026-01-05T11,880.507
2026-01-05T12,893.886
2026-01-05T13,883.434
2026-01-05T14,873.4
2026-01-05T15,886.361
2026-01-05T16,863.783
2026-01-05T17,844.133
2026-01-05T18,864.202
2026-01-05T19,852.495
2026-01-05T20,743.79
2026-01-05T21,661.008
2026-01-05T22,316.916
2026-01-05T23,200.685
2026-01-06T00,152.19
2026-01-06T01,141.737
2026-01-06T02,136.302
2026-01-06T03,133.375
2026-01-06T04,130.449
2026-01-06T05,169.75
2026-01-06T06,220.759
2026-01-06T07,261.315
2026-01-06T08,333.647
2026-01-06T09,543.954
2026-01-06T10,832.446
2026-01-06T11,883.037
2026-01-06T12,913.558
2026-01-06T13,903.524
2026-01-06T14,911.05
2026-01-06T15,893.907
2026-01-06T16,874.674
2026-01-06T17,858.368
2026-01-06T18,846.661
2026-01-06T19,837.881
2026-01-06T20,753.842
2026-01-06T21,652.661
2026-01-06T22,279.712
2026-01-06T23,203.199
2026-01-07T00,143.151
2026-01-07T01,138.803
2026-01-07T02,131.779
2026-01-07T03,130.106
2026-01-07T04,128.1
2026-01-07T05,161.212
2026-01-07T06,208.371
2026-01-07T07,235.128
2026-01-07T08,298.007
2026-01-07T09,466.912
2026-01-07T10,720.101
2026-01-07T11,817.43
2026-01-07T12,870.609
2026-01-07T13,875.292
2026-01-07T14,869.272
2026-01-07T15,864.255
2026-01-07T16,842.18
2026-01-07T17,822.447
2026-01-07T18,807.396
2026-01-07T19,780.639
2026-01-07T20,673.61
2026-01-07T21,558.22
2026-01-07T22,282.622
2026-01-07T23,205.361
2026-01-08T00,153.862
2026-01-08T01,147.172
2026-01-08T02,140.817
2026-01-08T03,135.466
2026-01-08T04,134.462
2026-01-08T05,172.928
2026-01-08T06,219.086
2026-01-08T07,247.183
2026-01-08T08,330.803
2026-01-08T09,504.4
2026-01-08T10,804.431
2026-01-08T11,852.931
2026-01-08T12,889.39
2026-01-08T13,890.728
2026-01-08T14,889.39
2026-01-08T15,865.641
2026-01-08T16,836.876
2026-01-08T17,822.828
2026-01-08T18,841.559
2026-01-08T19,829.183
2026-01-08T20,715.793
2026-01-08T21,633.845
2026-01-08T22,340.503
2026-01-08T23,210.724
2026-01-09T00,158.214
2026-01-09T01,150.52
2026-01-09T02,145.503
2026-01-09T03,141.155
2026-01-09T04,140.486
2026-01-09T05,173.6
2026-01-09T06,224.443
2026-01-09T07,258.561
2026-01-09T08,341.848
2026-01-09T09,520.8
2026-01-09T10,827.193
2026-01-09T11,875.694
2026-01-09T12,927.874
2026-01-09T13,917.84
2026-01-09T14,918.509
2026-01-09T15,901.784
2026-01-09T16,893.087
2026-01-09T17,878.035
2026-01-09T18,870.677
2026-01-09T19,842.914
2026-01-09T20,769.661
2026-01-09T21,647.238
2026-01-09T22,294.351
2026-01-09T23,197.014
2026-01-10T00,142.99
2026-01-10T01,135.882
2026-01-10T02,131.283
2026-01-10T03,128.774
2026-01-10T04,127.102
2026-01-10T05,128.356
2026-01-10T06,159.296
2026-01-10T07,222.429
2026-01-10T08,345.35
2026-01-10T09,496.701
2026-01-10T10,787.698
2026-01-10T11,875.917
2026-01-10T12,888.46
2026-01-10T13,891.387
2026-01-10T14,903.511
2026-01-10T15,899.33
2026-01-10T16,885.951
2026-01-10T17,877.171
2026-01-10T18,866.719
2026-01-10T19,833.271
2026-01-10T20,689.863
2026-01-10T21,625.476
2026-01-10T22,386.741
2026-01-10T23,197.343
2026-01-11T00,146.331
2026-01-11T01,139.224
2026-01-11T02,137.551
2026-01-11T03,133.788
2026-01-11T04,132.116
2026-01-11T05,132.952
2026-01-11T06,164.727
2026-01-11T07,183.541
2026-01-11T08,227.44
2026-01-11T09,288.481
2026-01-11T10,402.202
2026-01-11T11,579.889
2026-01-11T12,698.627
2026-01-11T13,852.065
2026-01-11T14,902.236
2026-01-11T15,868.789
2026-01-11T16,817.782
2026-01-11T17,806.912
2026-01-11T18,797.714
2026-01-11T19,794.787
2026-01-11T20,717.023
2026-01-11T21,497.944
2026-01-11T22,231.621
2026-01-11T23,149.258
2026-01-12T00,138.389
2026-01-12T01,134.208
2026-01-12T02,132.118
2026-01-12T03,129.191
2026-01-12T04,128.773
2026-01-12T05,170.164
2026-01-12T06,222.844
2026-01-12T07,266.326
2026-01-12T08,330.713
2026-01-12T09,545.195
2026-01-12T10,847.478
2026-01-12T11,880.507
2026-01-12T12,893.886
2026-01-12T13,883.434
2026-01-12T14,873.4
2026-01-12T15,886.361
2026-01-12T16,863.783
2026-01-12T17,844.133
2026-01-12T18,864.202
2026-01-12T19,852.495
2026-01-12T20,743.79
2026-01-12T21,661.008
2026-01-12T22,316.916
2026-01-12T23,200.685
2026-01-13T00,152.19
2026-01-13T01,141.737
2026-01-13T02,136.302
2026-01-13T03,133.375
2026-01-13T04,130.449
2026-01-13T05,169.75
2026-01-13T06,220.759
2026-01-13T07,261.315
2026-01-13T08,333.647
2026-01-13T09,543.954
2026-01-13T10,832.446
2026-01-13T11,883.037
2026-01-13T12,913.558
2026-01-13T13,903.524
2026-01-13T14,911.05
2026-01-13T15,893.907
2026-01-13T16,874.674
2026-01-13T17,858.368
2026-01-13T18,846.661
2026-01-13T19,837.881
2026-01-13T20,753.842
2026-01-13T21,652.661
2026-01-13T22,279.712
2026-01-13T23,203.199
2026-01-14T00,143.151
2026-01-14T01,138.803
2026-01-14T02,131.779
2026-01-14T03,130.106
2026-01-14T04,128.1
2026-01-14T05,161.212
2026-01-14T06,208.371
2026-01-14T07,235.128
2026-01-14T08,298.007
2026-01-14T09,466.912
2026-01-14T10,720.101
2026-01-14T11,817.43
2026-01-14T12,870.609
2026-01-14T13,875.292
2026-01-14T14,869.272
2026-01-14T15,864.255
2026-01-14T16,842.18
2026-01-14T17,822.447
2026-01-14T18,807.396
2026-01-14T19,780.639
2026-01-14T20,673.61
2026-01-14T21,558.22
2026-01-14T22,282.622
2026-01-14T23,205.361
2026-01-15T00,153.862
2026-01-15T01,147.172
2026-01-15T02,140.817
2026-01-15T03,135.466
2026-01-15T04,134.462
2026-01-15T05,172.928
2026-01-15T06,219.086
2026-01-15T07,247.183
2026-01-15T08,330.803
2026-01-15T09,504.4
2026-01-15T10,804.431
2026-01-15T11,852.931
2026-01-15T12,889.39
2026-01-15T13,890.728
2026-01-15T14,889.39
2026-01-15T15,865.641
2026-01-15T16,836.876
2026-01-15T17,822.828
2026-01-15T18,841.559
2026-01-15T19,829.183
2026-01-15T20,715.793
2026-01-15T21,633.845
2026-01-15T22,340.503
2026-01-15T23,210.724
2026-01-16T00,158.214
2026-01-16T01,150.52
2026-01-16T02,145.503
2026-01-16T03,141.155
2026-01-16T04,140.486
2026-01-16T05,173.6
2026-01-16T06,224.443
2026-01-16T07,258.561
2026-01-16T08,341.848
2026-01-16T09,520.8
2026-01-16T10,827.193
2026-01-16T11,875.694
2026-01-16T12,927.874
2026-01-16T13,917.84
2026-01-16T14,918.509
2026-01-16T15,901.784
2026-01-16T16,893.087
2026-01-16T17,878.035
2026-01-16T18,870.677
2026-01-16T19,842.914
2026-01-16T20,769.661
2026-01-16T21,647.238
2026-01-16T22,294.351
2026-01-16T23,197.014
2026-01-17T00,142.99
2026-01-17T01,135.882
2026-01-17T02,131.283
2026-01-17T03,128.774
2026-01-17T04,127.102
2026-01-17T05,128.356
2026-01-17T06,159.296
2026-01-17T07,222.429
2026-01-17T08,345.35
2026-01-17T09,496.701
2026-01-17T10,787.698
2026-01-17T11,875.917
2026-01-17T12,888.46
2026-01-17T13,891.387
2026-01-17T14,903.511
2026-01-17T15,899.33
2026-01-17T16,885.951
2026-01-17T17,877.171
2026-01-17T18,866.719
2026-01-17T19,833.271
2026-01-17T20,689.863
2026-01-17T21,625.476
2026-01-17T22,386.741
2026-01-17T23,197.343
2026-01-18T00,146.331
2026-01-18T01,139.224
2026-01-18T02,137.551
2026-01-18T03,133.788
2026-01-18T04,132.116
2026-01-18T05,132.952
2026-01-18T06,164.727
2026-01-18T07,183.541
2026-01-18T08,227.44
2026-01-18T09,288.481
2026-01-18T10,402.202
2026-01-18T11,579.889
2026-01-18T12,698.627
2026-01-18T13,852.065
2026-01-18T14,902.236
2026-01-18T15,868.789
2026-01-18T16,817.782
2026-01-18T17,806.912
2026-01-18T18,797.714
2026-01-18T19,794.787
2026-01-18T20,717.023
2026-01-18T21,497.944
2026-01-18T22,231.621
2026-01-18T23,149.258
2026-01-19T00,138.389
2026-01-19T01,134.208
2026-01-19T02,132.118
2026-01-19T03,129.191
2026-01-19T04,128.773
2026-01-19T05,170.164
2026-01-19T06,222.844
2026-01-19T07,266.326
2026-01-19T08,330.713
2026-01-19T09,545.195
2026-01-19T10,847.478
2026-01-19T11,880.507
2026-01-19T12,893.886
2026-01-19T13,883.434
2026-01-19T14,873.4
2026-01-19T15,886.361
2026-01-19T16,863.783
2026-01-19T17,844.133
2026-01-19T18,864.202
2026-01-19T19,852.495
2026-01-19T20,743.79
2026-01-19T21,661.008
2026-01-19T22,316.916
2026-01-19T23,200.685
2026-01-20T00,152.19
2026-01-20T01,141.737
2026-01-20T02,136.302
2026-01-20T03,133.375
2026-01-20T04,130.449
2026-01-20T05,169.75
2026-01-20T06,220.759
2026-01-20T07,261.315
2026-01-20T08,333.647
2026-01-20T09,543.954
2026-01-20T10,832.446
2026-01-20T11,883.037
2026-01-20T12,913.558
2026-01-20T13,903.524
2026-01-20T14,911.05
2026-01-20T15,893.907
2026-01-20T16,874.674
2026-01-20T17,858.368
2026-01-20T18,846.661
2026-01-20T19,837.881
2026-01-20T20,753.842
2026-01-20T21,652.661
2026-01-20T22,279.712
2026-01-20T23,203.199
2026-01-21T00,143.151
2026-01-21T01,138.803
2026-01-21T02,131.779
2026-01-21T03,130.106
2026-01-21T04,128.1
2026-01-21T05,161.212
2026-01-21T06,208.371
2026-01-21T07,235.128
2026-01-21T08,298.007
2026-01-21T09,466.912
2026-01-21T10,720.101
2026-01-21T11,817.43
2026-01-21T12,870.609
2026-01-21T13,875.292
2026-01-21T14,869.272
2026-01-21T15,864.255
2026-01-21T16,842.18
2026-01-21T17,822.447
2026-01-21T18,807.396
2026-01-21T19,780.639
2026-01-21T20,673.61
2026-01-21T21,558.22
2026-01-21T22,282.622
2026-01-21T23,205.361
2026-01-22T00,153.862
2026-01-22T01,147.172
2026-01-22T02,140.817
2026-01-22T03,135.466
2026-01-22T04,134.462
2026-01-22T05,172.928
2026-01-22T06,219.086
2026-01-22T07,247.183
2026-01-22T08,330.803
2026-01-22T09,504.4
2026-01-22T10,804.431
2026-01-22T11,852.931
2026-01-22T12,889.39
2026-01-22T13,890.728
2026-01-22T14,889.39
2026-01-22T15,865.641
2026-01-22T16,836.876
2026-01-22T17,822.828
2026-01-22T18,841.559
2026-01-22T19,829.183
2026-01-22T20,715.793
2026-01-22T21,633.845
2026-01-22T22,340.503
2026-01-22T23,210.724
2026-01-23T00,158.214
2026-01-23T01,150.52
2026-01-23T02,145.503
2026-01-23T03,141.155
2026-01-23T04,140.486
2026-01-23T05,173.6
2026-01-23T06,224.443
2026-01-23T07,258.561
2026-01-23T08,341.848
2026-01-23T09,520.8
2026-01-23T10,827.193
2026-01-23T11,875.694
2026-01-23T12,927.874
2026-01-23T13,917.84
2026-01-23T14,918.509
2026-01-23T15,901.784
2026-01-23T16,893.087
2026-01-23T17,878.035
2026-01-23T18,870.677
2026-01-23T19,842.914
2026-01-23T20,769.661
2026-01-23T21,647.238
2026-01-23T22,294.351
2026-01-23T23,197.014
2026-01-24T00,142.99
2026-01-24T01,135.882
2026-01-24T02,131.283
2026-01-24T03,128.774
2026-01-24T04,127.102
2026-01-24T05,128.356
2026-01-24T06,159.296
2026-01-24T07,222.429
2026-01-24T08,345.35
2026-01-24T09,496.701
2026-01-24T10,787.698
2026-01-24T11,875.917
2026-01-24T12,888.46
2026-01-24T13,891.387
2026-01-24T14,903.511
2026-01-24T15,899.33
2026-01-24T16,885.951
2026-01-24T17,877.171
2026-01-24T18,866.719
2026-01-24T19,833.271
2026-01-24T20,689.863
2026-01-24T21,625.476
2026-01-24T22,386.741
2026-01-24T23,197.343
2026-01-25T00,146.331
2026-01-25T01,139.224
2026-01-25T02,137.551
2026-01-25T03,133.788
2026-01-25T04,132.116
2026-01-25T05,132.952
2026-01-25T06,164.727
2026-01-25T07,183.541
2026-01-25T08,227.44
2026-01-25T09,288.481
2026-01-25T10,402.202
2026-01-25T11,579.889
2026-01-25T12,698.627
2026-01-25T13,852.065
2026-01-25T14,902.236
2026-01-25T15,868.789
2026-01-25T16,817.782
2026-01-25T17,806.912
2026-01-25T18,797.714
2026-01-25T19,794.787
2026-01-25T20,717.023
2026-01-25T21,497.944
2026-01-25T22,231.621
2026-01-25T23,149.258
2026-01-26T00,138.389
2026-01-26T01,134.208
2026-01-26T02,132.118
2026-01-26T03,129.191
2026-01-26T04,128.773
2026-01-26T05,170.164
2026-01-26T06,222.844
2026-01-26T07,266.326
2026-01-26T08,330.713
2026-01-26T09,545.195
2026-01-26T10,847.478
2026-01-26T11,880.507
2026-01-26T12,893.886
2026-01-26T13,883.434
2026-01-26T14,873.4
2026-01-26T15,886.361
2026-01-26T16,863.783
2026-01-26T17,844.133
2026-01-26T18,864.202
2026-01-26T19,852.495
2026-01-26T20,743.79
2026-01-26T21,661.008
2026-01-26T22,316.916
2026-01-26T23,200.685
2026-01-27T00,152.19
2026-01-27T01,141.737
2026-01-27T02,136.302
2026-01-27T03,133.375
2026-01-27T04,130.449
2026-01-27T05,169.75
2026-01-27T06,220.759
2026-01-27T07,261.315
2026-01-27T08,333.647
2026-01-27T09,543.954
2026-01-27T10,832.446
2026-01-27T11,883.037
2026-01-27T12,913.558
2026-01-27T13,903.524
2026-01-27T14,911.05
2026-01-27T15,893.907
2026-01-27T16,874.674
2026-01-27T17,858.368
2026-01-27T18,846.661
2026-01-27T19,837.881
2026-01-27T20,753.842
2026-01-27T21,652.661
2026-01-27T22,279.712
2026-01-27T23,203.199
2026-01-28T00,143.151
2026-01-28T01,138.803
2026-01-28T02,131.779
2026-01-28T03,130.106
2026-01-28T04,128.1
2026-01-28T05,161.212
2026-01-28T06,208.371
2026-01-28T07,235.128
2026-01-28T08,298.007
2026-01-28T09,466.912
2026-01-28T10,720.101
2026-01-28T11,817.43
2026-01-28T12,870.609
2026-01-28T13,875.292
2026-01-28T14,869.272
2026-01-28T15,864.255
2026-01-28T16,842.18
2026-01-28T17,822.447
2026-01-28T18,807.396
2026-01-28T19,780.639
2026-01-28T20,673.61
2026-01-28T21,558.22
2026-01-28T22,282.622
2026-01-28T23,205.361
2026-01-29T00,153.862
2026-01-29T01,147.172
2026-01-29T02,140.817
2026-01-29T03,135.466
2026-01-29T04,134.462
2026-01-29T05,172.928
2026-01-29T06,219.086
2026-01-29T07,247.183
2026-01-29T08,330.803
2026-01-29T09,504.4
2026-01-29T10,804.431
2026-01-29T11,852.931
2026-01-29T12,889.39
2026-01-29T13,890.728
2026-01-29T14,889.39
2026-01-29T15,865.641
2026-01-29T16,836.876
2026-01-29T17,822.828
2026-01-29T18,841.559
2026-01-29T19,829.183
2026-01-29T20,715.793
2026-01-29T21,633.845
2026-01-29T22,340.503
2026-01-29T23,210.724
2026-01-30T00,158.201
2026-01-30T01,150.509
2026-01-30T02,145.492
2026-01-30T03,141.144
2026-01-30T04,140.475
2026-01-30T05,173.587
2026-01-30T06,224.425
2026-01-30T07,258.541
2026-01-30T08,341.822
2026-01-30T09,520.76
2026-01-30T10,827.129
2026-01-30T11,875.627
2026-01-30T12,927.803
2026-01-30T13,917.769
2026-01-30T14,918.438
2026-01-30T15,901.715
2026-01-30T16,893.019
2026-01-30T17,877.968
2026-01-30T18,870.61
2026-01-30T19,842.849
2026-01-30T20,769.602
2026-01-30T21,647.188
2026-01-30T22,294.328
2026-01-30T23,196.999
2026-01-31T00,142.99
2026-01-31T01,135.882
2026-01-31T02,131.283
2026-01-31T03,128.774
2026-01-31T04,127.102
2026-01-31T05,128.356
2026-01-31T06,159.296
2026-01-31T07,222.429
2026-01-31T08,345.35
2026-01-31T09,496.701
2026-01-31T10,787.698
2026-01-31T11,875.917
2026-01-31T12,888.46
2026-01-31T13,891.387
2026-01-31T14,903.511
2026-01-31T15,899.33
2026-01-31T16,885.951
2026-01-31T17,877.171
2026-01-31T18,866.719
2026-01-31T19,833.271
2026-01-31T20,689.863
2026-01-31T21,625.476
2026-01-31T22,386.741
2026-01-31T23,197.343
2026-02-01T00,205.381
2026-02-01T01,199.876
2026-02-01T02,197.335
2026-02-01T03,194.795
2026-02-01T04,194.795
2026-02-01T05,187.596
2026-02-01T06,225.284
2026-02-01T07,252.386
2026-02-01T08,296.427
2026-02-01T09,367.569
2026-02-01T10,499.267
2026-02-01T11,735.138
2026-02-01T12,885.892
2026-02-01T13,1014.626
2026-02-01T14,1034.529
2026-02-01T15,1031.988
2026-02-01T16,967.198
2026-02-01T17,945.177
2026-02-01T18,909.606
2026-02-01T19,888.856
2026-02-01T20,770.709
2026-02-01T21,503.078
2026-02-01T22,240.952
2026-02-01T23,168.54
2026-02-02T00,152.445
2026-02-02T01,151.175
2026-02-02T02,147.787
2026-02-02T03,146.517
2026-02-02T04,146.517
2026-02-02T05,190.556
2026-02-02T06,248.994
2026-02-02T07,283.294
2026-02-02T08,404.827
2026-02-02T09,630.107
2026-02-02T10,835.061
2026-02-02T11,923.14
2026-02-02T12,995.975
2026-02-02T13,991.741
2026-02-02T14,978.613
2026-02-02T15,968.45
2026-02-02T16,940.926
2026-02-02T17,919.753
2026-02-02T18,912.13
2026-02-02T19,863.856
2026-02-02T20,767.307
2026-02-02T21,658.902
2026-02-02T22,308.702
2026-02-02T23,206.224
2026-02-03T00,158.799
2026-02-03T01,152.024
2026-02-03T02,144.825
2026-02-03T03,141.014
2026-02-03T04,138.897
2026-02-03T05,181.243
2026-02-03T06,239.681
2026-02-03T07,269.747
2026-02-03T08,382.812
2026-02-03T09,658.065
2026-02-03T10,911.72
2026-02-03T11,946.021
2026-02-03T12,989.214
2026-02-03T13,979.051
2026-02-03T14,975.663
2026-02-03T15,951.102
2026-02-03T16,926.965
2026-02-03T17,918.072
2026-02-03T18,902.404
2026-02-03T19,874.032
2026-02-03T20,801.619
2026-02-03T21,722.855
2026-02-03T22,330.726
2026-02-03T23,235.447
2026-02-04T00,191.824
2026-02-04T01,175.31
2026-02-04T02,168.958
2026-02-04T03,164.723
2026-02-04T04,165.57
2026-02-04T05,197.753
2026-02-04T06,253.648
2026-02-04T07,293.029
2026-02-04T08,373.486
2026-02-04T09,548.795
2026-02-04T10,838.437
2026-02-04T11,915.505
2026-02-04T12,975.636
2026-02-04T13,957.851
2026-02-04T14,949.382
2026-02-04T15,930.75
2026-02-04T16,910.424
2026-02-04T17,895.18
2026-02-04T18,889.251
2026-02-04T19,859.186
2026-02-04T20,776.613
2026-02-04T21,680.912
2026-02-04T22,343.42
2026-02-04T23,230.358
2026-02-05T00,182.516
2026-02-05T01,173.2
2026-02-05T02,168.542
2026-02-05T03,166.001
2026-02-05T04,163.036
2026-02-05T05,200.725
2026-02-05T06,249.425
2026-02-05T07,276.95
2026-02-05T08,370.537
2026-02-05T09,610.646
2026-02-05T10,859.647
2026-02-05T11,980.336
2026-02-05T12,1009.979
2026-02-05T13,1004.05
2026-02-05T14,991.77
2026-02-05T15,972.29
2026-02-05T16,939.683
2026-02-05T17,915.545
2026-02-05T18,903.688
2026-02-05T19,870.233
2026-02-05T20,791.468
2026-02-05T21,672.472
2026-02-05T22,332.848
2026-02-05T23,238.414
2026-02-06T00,201.99
2026-02-06T01,184.628
2026-02-06T02,173.195
2026-02-06T03,169.807
2026-02-06T04,169.384
2026-02-06T05,202.837
2026-02-06T06,251.535
2026-02-06T07,275.672
2026-02-06T08,370.103
2026-02-06T09,572.94
2026-02-06T10,890.535
2026-02-06T11,964.64
2026-02-06T12,990.048
2026-02-06T13,978.614
2026-02-06T14,989.624
2026-02-06T15,990.471
2026-02-06T16,984.119
2026-02-06T17,962.946
2026-02-06T18,957.018
2026-02-06T19,910.014
2026-02-06T20,815.583
2026-02-06T21,737.243
2026-02-06T22,371.797
2026-02-06T23,239.255
2026-02-07T00,159.648
2026-02-07T01,147.368
2026-02-07T02,143.98
2026-02-07T03,142.709
2026-02-07T04,138.475
2026-02-07T05,141.016
2026-02-07T06,184.21
2026-02-07T07,246.036
2026-02-07T08,364.608
2026-02-07T09,586.506
2026-02-07T10,880.395
2026-02-07T11,982.028
2026-02-07T12,1031.15
2026-02-07T13,1050.206
2026-02-07T14,1052.324
2026-02-07T15,1037.502
2026-02-07T16,1017.176
2026-02-07T17,1001.507
2026-02-07T18,992.191
2026-02-07T19,964.242
2026-02-07T20,841.435
2026-02-07T21,788.502
2026-02-07T22,492.072
2026-02-07T23,272.715
2026-02-08T00,205.381
2026-02-08T01,199.876
2026-02-08T02,197.335
2026-02-08T03,194.795
2026-02-08T04,194.795
2026-02-08T05,187.596
2026-02-08T06,225.284
2026-02-08T07,252.386
2026-02-08T08,296.427
2026-02-08T09,367.569
2026-02-08T10,499.267
2026-02-08T11,735.138
2026-02-08T12,885.892
2026-02-08T13,1014.626
2026-02-08T14,1034.529
2026-02-08T15,1031.988
2026-02-08T16,967.198
2026-02-08T17,945.177
2026-02-08T18,909.606
2026-02-08T19,888.856
2026-02-08T20,770.709
2026-02-08T21,503.078
2026-02-08T22,240.952
2026-02-08T23,168.54
2026-02-09T00,152.445
2026-02-09T01,151.175
2026-02-09T02,147.787
2026-02-09T03,146.517
2026-02-09T04,146.517
2026-02-09T05,190.556
2026-02-09T06,248.994
2026-02-09T07,283.294
2026-02-09T08,404.827
2026-02-09T09,630.107
2026-02-09T10,835.061
2026-02-09T11,923.14
2026-02-09T12,995.975
2026-02-09T13,991.741
2026-02-09T14,978.613
2026-02-09T15,968.45
2026-02-09T16,940.926
2026-02-09T17,919.753
2026-02-09T18,912.13
2026-02-09T19,863.856
2026-02-09T20,767.307
2026-02-09T21,658.902
2026-02-09T22,308.702
2026-02-09T23,206.224
2026-02-10T00,158.799
2026-02-10T01,152.024
2026-02-10T02,144.825
2026-02-10T03,141.014
2026-02-10T04,138.897
2026-02-10T05,181.243
2026-02-10T06,239.681
2026-02-10T07,269.747
2026-02-10T08,382.812
2026-02-10T09,658.065
2026-02-10T10,911.72
2026-02-10T11,946.021
2026-02-10T12,989.214
2026-02-10T13,979.051
2026-02-10T14,975.663
2026-02-10T15,951.102
2026-02-10T16,926.965
2026-02-10T17,918.072
2026-02-10T18,902.404
2026-02-10T19,874.032
2026-02-10T20,801.619
2026-02-10T21,722.855
2026-02-10T22,330.726
2026-02-10T23,235.447
2026-02-11T00,191.824
2026-02-11T01,175.31
2026-02-11T02,168.958
2026-02-11T03,164.723
2026-02-11T04,165.57
2026-02-11T05,197.753
2026-02-11T06,253.648
2026-02-11T07,293.029
2026-02-11T08,373.486
2026-02-11T09,548.795
2026-02-11T10,838.437
2026-02-11T11,915.505
2026-02-11T12,975.636
2026-02-11T13,957.851
2026-02-11T14,949.382
2026-02-11T15,930.75
2026-02-11T16,910.424
2026-02-11T17,895.18
2026-02-11T18,889.251
2026-02-11T19,859.186
2026-02-11T20,776.613
2026-02-11T21,680.912
2026-02-11T22,343.42
2026-02-11T23,230.358
2026-02-12T00,182.503
2026-02-12T01,173.187
2026-02-12T02,168.53
2026-02-12T03,165.989
2026-02-12T04,163.025
2026-02-12T05,200.711
2026-02-12T06,249.407
2026-02-12T07,276.93
2026-02-12T08,370.511
2026-02-12T09,610.602
2026-02-12T10,859.585
2026-02-12T11,980.266
2026-02-12T12,1009.907
2026-02-12T13,1003.979
2026-02-12T14,991.699
2026-02-12T15,972.221
2026-02-12T16,939.616
2026-02-12T17,915.48
2026-02-12T18,903.623
2026-02-12T19,870.171
2026-02-12T20,791.411
2026-02-12T21,672.424
2026-02-12T22,332.825
2026-02-12T23,238.397
2026-02-13T00,201.99
2026-02-13T01,184.628
2026-02-13T02,173.195
2026-02-13T03,169.807
2026-02-13T04,169.384
2026-02-13T05,202.837
2026-02-13T06,251.535
2026-02-13T07,275.672
2026-02-13T08,370.103
2026-02-13T09,572.94
2026-02-13T10,890.535
2026-02-13T11,964.64
2026-02-13T12,990.048
2026-02-13T13,978.614
2026-02-13T14,989.624
2026-02-13T15,990.471
2026-02-13T16,984.119
2026-02-13T17,962.946
2026-02-13T18,957.018
2026-02-13T19,910.014
2026-02-13T20,815.583
2026-02-13T21,737.243
2026-02-13T22,371.797
2026-02-13T23,239.255
2026-02-14T00,159.648
2026-02-14T01,147.368
2026-02-14T02,143.98
2026-02-14T03,142.709
2026-02-14T04,138.475
2026-02-14T05,141.016
2026-02-14T06,184.21
2026-02-14T07,246.036
2026-02-14T08,364.608
2026-02-14T09,586.506
2026-02-14T10,880.395
2026-02-14T11,982.028
2026-02-14T12,1031.15
2026-02-14T13,1050.206
2026-02-14T14,1052.324
2026-02-14T15,1037.502
2026-02-14T16,1017.176
2026-02-14T17,1001.507
2026-02-14T18,992.191
2026-02-14T19,964.242
2026-02-14T20,841.435
2026-02-14T21,788.502
2026-02-14T22,492.072
2026-02-14T23,272.715
2026-02-15T00,205.381
2026-02-15T01,199.876
2026-02-15T02,197.335
2026-02-15T03,194.795
2026-02-15T04,194.795
2026-02-15T05,187.596
2026-02-15T06,225.284
2026-02-15T07,252.386
2026-02-15T08,296.427
2026-02-15T09,367.569
2026-02-15T10,499.267
2026-02-15T11,735.138
2026-02-15T12,885.892
2026-02-15T13,1014.626
2026-02-15T14,1034.529
2026-02-15T15,1031.988
2026-02-15T16,967.198
2026-02-15T17,945.177
2026-02-15T18,909.606
2026-02-15T19,888.856
2026-02-15T20,770.709
2026-02-15T21,503.078
2026-02-15T22,240.952
2026-02-15T23,168.54
2026-02-16T00,152.445
2026-02-16T01,151.175
2026-02-16T02,147.787
2026-02-16T03,146.517
2026-02-16T04,146.517
2026-02-16T05,190.556
2026-02-16T06,248.994
2026-02-16T07,283.294
2026-02-16T08,404.827
2026-02-16T09,630.107
2026-02-16T10,835.061
2026-02-16T11,923.14
2026-02-16T12,995.975
2026-02-16T13,991.741
2026-02-16T14,978.613
2026-02-16T15,968.45
2026-02-16T16,940.926
2026-02-16T17,919.753
2026-02-16T18,912.13
2026-02-16T19,863.856
2026-02-16T20,767.307
2026-02-16T21,658.902
2026-02-16T22,308.702
2026-02-16T23,206.224
2026-02-17T00,158.799
2026-02-17T01,152.024
2026-02-17T02,144.825
2026-02-17T03,141.014
2026-02-17T04,138.897
2026-02-17T05,181.243
2026-02-17T06,239.681
2026-02-17T07,269.747
2026-02-17T08,382.812
2026-02-17T09,658.065
2026-02-17T10,911.72
2026-02-17T11,946.021
2026-02-17T12,989.214
2026-02-17T13,979.051
2026-02-17T14,975.663
2026-02-17T15,951.102
2026-02-17T16,926.965
2026-02-17T17,918.072
2026-02-17T18,902.404
2026-02-17T19,874.032
2026-02-17T20,801.619
2026-02-17T21,722.855
2026-02-17T22,330.726
2026-02-17T23,235.447
2026-02-18T00,191.824
2026-02-18T01,175.31
2026-02-18T02,168.958
2026-02-18T03,164.723
2026-02-18T04,165.57
2026-02-18T05,197.753
2026-02-18T06,253.648
2026-02-18T07,293.029
2026-02-18T08,373.486
2026-02-18T09,548.795
2026-02-18T10,838.437
2026-02-18T11,915.505
2026-02-18T12,975.636
2026-02-18T13,957.851
2026-02-18T14,949.382
2026-02-18T15,930.75
2026-02-18T16,910.424
2026-02-18T17,895.18
2026-02-18T18,889.251
2026-02-18T19,859.186
2026-02-18T20,776.613
2026-02-18T21,680.912
2026-02-18T22,343.42
2026-02-18T23,230.358
2026-02-19T00,182.503
2026-02-19T01,173.187
2026-02-19T02,168.53
2026-02-19T03,165.989
2026-02-19T04,163.025
2026-02-19T05,200.711
2026-02-19T06,249.407
2026-02-19T07,276.93
2026-02-19T08,370.511
2026-02-19T09,610.602
2026-02-19T10,859.585
2026-02-19T11,980.266
2026-02-19T12,1009.907
2026-02-19T13,1003.979
2026-02-19T14,991.699
2026-02-19T15,972.221
2026-02-19T16,939.616
2026-02-19T17,915.48
2026-02-19T18,903.623
2026-02-19T19,870.171
2026-02-19T20,791.411
2026-02-19T21,672.424
2026-02-19T22,332.825
2026-02-19T23,238.397
2026-02-20T00,201.99
2026-02-20T01,184.628
2026-02-20T02,173.195
2026-02-20T03,169.807
2026-02-20T04,169.384
2026-02-20T05,202.837
2026-02-20T06,251.535
2026-02-20T07,275.672
2026-02-20T08,370.103
2026-02-20T09,572.94
2026-02-20T10,890.535
2026-02-20T11,964.64
2026-02-20T12,990.048
2026-02-20T13,978.614
2026-02-20T14,989.624
2026-02-20T15,990.471
2026-02-20T16,984.119
2026-02-20T17,962.946
2026-02-20T18,957.018
2026-02-20T19,910.014
2026-02-20T20,815.583
2026-02-20T21,737.243
2026-02-20T22,371.797
2026-02-20T23,239.255
2026-02-21T00,159.648
2026-02-21T01,147.368
2026-02-21T02,143.98
2026-02-21T03,142.709
2026-02-21T04,138.475
2026-02-21T05,141.016
2026-02-21T06,184.21
2026-02-21T07,246.036
2026-02-21T08,364.608
2026-02-21T09,586.506
2026-02-21T10,880.395
2026-02-21T11,982.028
2026-02-21T12,1031.15
2026-02-21T13,1050.206
2026-02-21T14,1052.324
2026-02-21T15,1037.502
2026-02-21T16,1017.176
2026-02-21T17,1001.507
2026-02-21T18,992.191
2026-02-21T19,964.242
2026-02-21T20,841.435
2026-02-21T21,788.502
2026-02-21T22,492.072
2026-02-21T23,272.715
2026-02-22T00,205.381
2026-02-22T01,199.876
2026-02-22T02,197.335
2026-02-22T03,194.795
2026-02-22T04,194.795
2026-02-22T05,187.596
2026-02-22T06,225.284
2026-02-22T07,252.386
2026-02-22T08,296.427
2026-02-22T09,367.569
2026-02-22T10,499.267
2026-02-22T11,735.138
2026-02-22T12,885.892
2026-02-22T13,1014.626
2026-02-22T14,1034.529
2026-02-22T15,1031.988
2026-02-22T16,967.198
2026-02-22T17,945.177
2026-02-22T18,909.606
2026-02-22T19,888.856
2026-02-22T20,770.709
2026-02-22T21,503.078
2026-02-22T22,240.952
2026-02-22T23,168.54
2026-02-23T00,152.445
2026-02-23T01,151.175
2026-02-23T02,147.787
2026-02-23T03,146.517
2026-02-23T04,146.517
2026-02-23T05,190.556
2026-02-23T06,248.994
2026-02-23T07,283.294
2026-02-23T08,404.827
2026-02-23T09,630.107
2026-02-23T10,835.061
2026-02-23T11,923.14
2026-02-23T12,995.975
2026-02-23T13,991.741
2026-02-23T14,978.613
2026-02-23T15,968.45
2026-02-23T16,940.926
2026-02-23T17,919.753
2026-02-23T18,912.13
2026-02-23T19,863.856
2026-02-23T20,767.307
2026-02-23T21,658.902
2026-02-23T22,308.702
2026-02-23T23,206.224
2026-02-24T00,158.799
2026-02-24T01,152.024
2026-02-24T02,144.825
2026-02-24T03,141.014
2026-02-24T04,138.897
2026-02-24T05,181.243
2026-02-24T06,239.681
2026-02-24T07,269.747
2026-02-24T08,382.812
2026-02-24T09,658.065
2026-02-24T10,911.72
2026-02-24T11,946.021
2026-02-24T12,989.214
2026-02-24T13,979.051
2026-02-24T14,975.663
2026-02-24T15,951.102
2026-02-24T16,926.965
2026-02-24T17,918.072
2026-02-24T18,902.404
2026-02-24T19,874.032
2026-02-24T20,801.619
2026-02-24T21,722.855
2026-02-24T22,330.726
2026-02-24T23,235.447
2026-02-25T00,191.824
2026-02-25T01,175.31
2026-02-25T02,168.958
2026-02-25T03,164.723
2026-02-25T04,165.57
2026-02-25T05,197.753
2026-02-25T06,253.648
2026-02-25T07,293.029
2026-02-25T08,373.486
2026-02-25T09,548.795
2026-02-25T10,838.437
2026-02-25T11,915.505
2026-02-25T12,975.636
2026-02-25T13,957.851
2026-02-25T14,949.382
2026-02-25T15,930.75
2026-02-25T16,910.424
2026-02-25T17,895.18
2026-02-25T18,889.251
2026-02-25T19,859.186
2026-02-25T20,776.613
2026-02-25T21,680.912
2026-02-25T22,343.42
2026-02-25T23,230.358
2026-02-26T00,182.503
2026-02-26T01,173.187
2026-02-26T02,168.53
2026-02-26T03,165.989
2026-02-26T04,163.025
2026-02-26T05,200.711
2026-02-26T06,249.407
2026-02-26T07,276.93
2026-02-26T08,370.511
2026-02-26T09,610.602
2026-02-26T10,859.585
2026-02-26T11,980.266
2026-02-26T12,1009.907
2026-02-26T13,1003.979
2026-02-26T14,991.699
2026-02-26T15,972.221
2026-02-26T16,939.616
2026-02-26T17,915.48
2026-02-26T18,903.623
2026-02-26T19,870.171
2026-02-26T20,791.411
2026-02-26T21,672.424
2026-02-26T22,332.825
2026-02-26T23,238.397
2026-02-27T00,201.99
2026-02-27T01,184.628
2026-02-27T02,173.195
2026-02-27T03,169.807
2026-02-27T04,169.384
2026-02-27T05,202.837
2026-02-27T06,251.535
2026-02-27T07,275.672
2026-02-27T08,370.103
2026-02-27T09,572.94
2026-02-27T10,890.535
2026-02-27T11,964.64
2026-02-27T12,990.048
2026-02-27T13,978.614
2026-02-27T14,989.624
2026-02-27T15,990.471
2026-02-27T16,984.119
2026-02-27T17,962.946
2026-02-27T18,957.018
2026-02-27T19,910.014
2026-02-27T20,815.583
2026-02-27T21,737.243
2026-02-27T22,371.797
2026-02-27T23,239.255
2026-02-28T00,159.648
2026-02-28T01,147.368
2026-02-28T02,143.98
2026-02-28T03,142.709
2026-02-28T04,138.475
2026-02-28T05,141.016
2026-02-28T06,184.21
2026-02-28T07,246.036
2026-02-28T08,364.608
2026-02-28T09,586.506
2026-02-28T10,880.395
2026-02-28T11,982.028
2026-02-28T12,1031.15
2026-02-28T13,1050.206
2026-02-28T14,1052.324
2026-02-28T15,1037.502
2026-02-28T16,1017.176
2026-02-28T17,1001.507
2026-02-28T18,992.191
2026-02-28T19,964.242
2026-02-28T20,841.435
2026-02-28T21,788.502
2026-02-28T22,492.072
2026-02-28T23,272.715
2026-03-01T00,166.631
2026-03-01T01,156.056
2026-03-01T02,155.736
2026-03-01T03,153.172
2026-03-01T04,150.929
2026-03-01T05,151.57
2026-03-01T06,192.267
2026-03-01T07,206.366
2026-03-01T08,251.549
2026-03-01T09,289.041
2026-03-01T10,403.76
2026-03-01T11,637.364
2026-03-01T12,734.779
2026-03-01T13,863.918
2026-03-01T14,860.714
2026-03-01T15,841.167
2026-03-01T16,804.636
2026-03-01T17,775.155
2026-03-01T18,764.58
2026-03-01T19,754.967
2026-03-01T20,683.188
2026-03-01T21,456.313
2026-03-01T22,248.024
2026-03-01T23,171.117
2026-03-02T00,157.346
2026-03-02T01,157.026
2026-03-02T02,156.385
2026-03-02T03,154.142
2026-03-02T04,152.539
2026-03-02T05,173.69
2026-03-02T06,222.72
2026-03-02T07,252.844
2026-03-02T08,309.565
2026-03-02T09,551.513
2026-03-02T10,832.878
2026-03-02T11,873.256
2026-03-02T12,869.41
2026-03-02T13,885.433
2026-03-02T14,874.537
2026-03-02T15,859.155
2026-03-02T16,830.955
2026-03-02T17,808.843
2026-03-02T18,805.318
2026-03-02T19,797.947
2026-03-02T20,719.434
2026-03-02T21,604.709
2026-03-02T22,297.067
2026-03-02T23,200.288
2026-03-03T00,167.432
2026-03-03T01,161.024
2026-03-03T02,161.424
2026-03-03T03,159.021
2026-03-03T04,159.421
2026-03-03T05,169.035
2026-03-03T06,216.3
2026-03-03T07,247.944
2026-03-03T08,311.232
2026-03-03T09,548.361
2026-03-03T10,826.347
2026-03-03T11,896.445
2026-03-03T12,902.853
2026-03-03T13,907.26
2026-03-03T14,905.257
2026-03-03T15,872.011
2026-03-03T16,845.173
2026-03-03T17,825.146
2026-03-03T18,833.157
2026-03-03T19,822.742
2026-03-03T20,731.816
2026-03-03T21,662.92
2026-03-03T22,286.398
2026-03-03T23,202.281
2026-03-04T00,181.857
2026-03-04T01,177.05
2026-03-04T02,173.845
2026-03-04T03,171.041
2026-03-04T04,170.641
2026-03-04T05,175.448
2026-03-04T06,225.518
2026-03-04T07,249.953
2026-03-04T08,325.659
2026-03-04T09,544.769
2026-03-04T10,819.156
2026-03-04T11,861.615
2026-03-04T12,865.621
2026-03-04T13,856.408
2026-03-04T14,846.795
2026-03-04T15,823.962
2026-03-04T16,799.528
2026-03-04T17,786.71
2026-03-04T18,793.519
2026-03-04T19,788.312
2026-03-04T20,701.389
2026-03-04T21,626.484
2026-03-04T22,313.242
2026-03-04T23,197.479
2026-03-05T00,173.844
2026-03-05T01,171.441
2026-03-05T02,168.236
2026-03-05T03,165.432
2026-03-05T04,165.432
2026-03-05T05,177.449
2026-03-05T06,231.125
2026-03-05T07,249.15
2026-03-05T08,315.644
2026-03-05T09,568.399
2026-03-05T10,835.574
2026-03-05T11,843.986
2026-03-05T12,874.028
2026-03-05T13,874.429
2026-03-05T14,862.412
2026-03-05T15,841.983
2026-03-05T16,817.148
2026-03-05T17,809.537
2026-03-05T18,811.54
2026-03-05T19,793.916
2026-03-05T20,711.4
2026-03-05T21,598.841
2026-03-05T22,264.371
2026-03-05T23,200.682
2026-03-06T00,174.651
2026-03-06T01,169.443
2026-03-06T02,167.441
2026-03-06T03,164.637
2026-03-06T04,164.637
2026-03-06T05,178.256
2026-03-06T06,225.925
2026-03-06T07,250.36
2026-03-06T08,334.881
2026-03-06T09,565.212
2026-03-06T10,824.785
2026-03-06T11,858.434
2026-03-06T12,873.655
2026-03-06T13,864.442
2026-03-06T14,863.641
2026-03-06T15,817.174
2026-03-06T16,837.604
2026-03-06T17,823.183
2026-03-06T18,805.157
2026-03-06T19,787.932
2026-03-06T20,720.636
2026-03-06T21,653.339
2026-03-06T22,314.852
2026-03-06T23,224.723
2026-03-07T00,195.477
2026-03-07T01,173.686
2026-03-07T02,170.481
2026-03-07T03,166.956
2026-03-07T04,163.111
2026-03-07T05,168.558
2026-03-07T06,206.051
2026-03-07T07,231.047
2026-03-07T08,304.11
2026-03-07T09,538.362
2026-03-07T10,804.658
2026-03-07T11,886.053
2026-03-07T12,929.635
2026-03-07T13,932.519
2026-03-07T14,920.022
2026-03-07T15,908.806
2026-03-07T16,903.358
2026-03-07T17,883.169
2026-03-07T18,868.429
2026-03-07T19,842.472
2026-03-07T20,740.247
2026-03-07T21,685.77
2026-03-07T22,411.462
2026-03-07T23,226.561
2026-03-08T00,166.631
2026-03-08T01,156.056
2026-03-08T02,155.736
2026-03-08T03,153.172
2026-03-08T04,150.929
2026-03-08T05,151.57
2026-03-08T06,192.267
2026-03-08T07,206.366
2026-03-08T08,251.549
2026-03-08T09,289.041
2026-03-08T10,403.76
2026-03-08T11,637.364
2026-03-08T12,734.779
2026-03-08T13,863.918
2026-03-08T14,860.714
2026-03-08T15,841.167
2026-03-08T16,804.636
2026-03-08T17,775.155
2026-03-08T18,764.58
2026-03-08T19,754.967
2026-03-08T20,683.188
2026-03-08T21,456.313
2026-03-08T22,248.024
2026-03-08T23,171.117
2026-03-09T00,157.334
2026-03-09T01,157.013
2026-03-09T02,156.372
2026-03-09T03,154.129
2026-03-09T04,152.527
2026-03-09T05,173.676
2026-03-09T06,222.702
2026-03-09T07,252.823
2026-03-09T08,309.54
2026-03-09T09,551.469
2026-03-09T10,832.811
2026-03-09T11,873.186
2026-03-09T12,869.341
2026-03-09T13,885.363
2026-03-09T14,874.468
2026-03-09T15,859.087
2026-03-09T16,830.889
2026-03-09T17,808.778
2026-03-09T18,805.254
2026-03-09T19,797.884
2026-03-09T20,719.377
2026-03-09T21,604.661
2026-03-09T22,297.043
2026-03-09T23,200.272
2026-03-10T00,167.432
2026-03-10T01,161.024
2026-03-10T02,161.424
2026-03-10T03,159.021
2026-03-10T04,159.421
2026-03-10T05,169.035
2026-03-10T06,216.3
2026-03-10T07,247.944
2026-03-10T08,311.232
2026-03-10T09,548.361
2026-03-10T10,826.347
2026-03-10T11,896.445
2026-03-10T12,902.853
2026-03-10T13,907.26
2026-03-10T14,905.257
2026-03-10T15,872.011
2026-03-10T16,845.173
2026-03-10T17,825.146
2026-03-10T18,833.157
2026-03-10T19,822.742
2026-03-10T20,731.816
2026-03-10T21,662.92
2026-03-10T22,286.398
2026-03-10T23,202.281
2026-03-11T00,181.857
2026-03-11T01,177.05
2026-03-11T02,173.845
2026-03-11T03,171.041
2026-03-11T04,170.641
2026-03-11T05,175.448
2026-03-11T06,225.518
2026-03-11T07,249.953
2026-03-11T08,325.659
2026-03-11T09,544.769
2026-03-11T10,819.156
2026-03-11T11,861.615
2026-03-11T12,865.621
2026-03-11T13,856.408
2026-03-11T14,846.795
2026-03-11T15,823.962
2026-03-11T16,799.528
2026-03-11T17,786.71
2026-03-11T18,793.519
2026-03-11T19,788.312
2026-03-11T20,701.389
2026-03-11T21,626.484
2026-03-11T22,313.242
2026-03-11T23,197.479
2026-03-12T00,173.844
2026-03-12T01,171.441
2026-03-12T02,168.236
2026-03-12T03,165.432
2026-03-12T04,165.432
2026-03-12T05,177.449
2026-03-12T06,231.125
2026-03-12T07,249.15
2026-03-12T08,315.644
2026-03-12T09,568.399
2026-03-12T10,835.574
2026-03-12T11,843.986
2026-03-12T12,874.028
2026-03-12T13,874.429
2026-03-12T14,862.412
2026-03-12T15,841.983
2026-03-12T16,817.148
2026-03-12T17,809.537
2026-03-12T18,811.54
2026-03-12T19,793.916
2026-03-12T20,711.4
2026-03-12T21,598.841
2026-03-12T22,264.371
2026-03-12T23,200.682
2026-03-13T00,174.651
2026-03-13T01,169.443
2026-03-13T02,167.441
2026-03-13T03,164.637
2026-03-13T04,164.637
2026-03-13T05,178.256
2026-03-13T06,225.925
2026-03-13T07,250.36
2026-03-13T08,334.881
2026-03-13T09,565.212
2026-03-13T10,824.785
2026-03-13T11,858.434
2026-03-13T12,873.655
2026-03-13T13,864.442
2026-03-13T14,863.641
2026-03-13T15,817.174
2026-03-13T16,837.604
2026-03-13T17,823.183
2026-03-13T18,805.157
2026-03-13T19,787.932
2026-03-13T20,720.636
2026-03-13T21,653.339
2026-03-13T22,314.852
2026-03-13T23,224.723
2026-03-14T00,195.477
2026-03-14T01,173.686
2026-03-14T02,170.481
2026-03-14T03,166.956
2026-03-14T04,163.111
2026-03-14T05,168.558
2026-03-14T06,206.051
2026-03-14T07,231.047
2026-03-14T08,304.11
2026-03-14T09,538.362
2026-03-14T10,804.658
2026-03-14T11,886.053
2026-03-14T12,929.635
2026-03-14T13,932.519
2026-03-14T14,920.022
2026-03-14T15,908.806
2026-03-14T16,903.358
2026-03-14T17,883.169
2026-03-14T18,868.429
2026-03-14T19,842.472
2026-03-14T20,740.247
2026-03-14T21,685.77
2026-03-14T22,411.462
2026-03-14T23,226.561
2026-03-15T00,166.631
2026-03-15T01,156.056
2026-03-15T02,155.736
2026-03-15T03,153.172
2026-03-15T04,150.929
2026-03-15T05,151.57
2026-03-15T06,192.267
2026-03-15T07,206.366
2026-03-15T08,251.549
2026-03-15T09,289.041
2026-03-15T10,403.76
2026-03-15T11,637.364
2026-03-15T12,734.779
2026-03-15T13,863.918
2026-03-15T14,860.714
2026-03-15T15,841.167
2026-03-15T16,804.636
2026-03-15T17,775.155
2026-03-15T18,764.58
2026-03-15T19,754.967
2026-03-15T20,683.188
2026-03-15T21,456.313
2026-03-15T22,248.024
2026-03-15T23,171.117
2026-03-16T00,157.334
2026-03-16T01,157.013
2026-03-16T02,156.372
2026-03-16T03,154.129
2026-03-16T04,152.527
2026-03-16T05,173.676
2026-03-16T06,222.702
2026-03-16T07,252.823
2026-03-16T08,309.54
2026-03-16T09,551.469
2026-03-16T10,832.811
2026-03-16T11,873.186
2026-03-16T12,869.341
2026-03-16T13,885.363
2026-03-16T14,874.468
2026-03-16T15,859.087
2026-03-16T16,830.889
2026-03-16T17,808.778
2026-03-16T18,805.254
2026-03-16T19,797.884
2026-03-16T20,719.377
2026-03-16T21,604.661
2026-03-16T22,297.043
2026-03-16T23,200.272
2026-03-17T00,167.432
2026-03-17T01,161.024
2026-03-17T02,161.424
2026-03-17T03,159.021
2026-03-17T04,159.421
2026-03-17T05,169.035
2026-03-17T06,216.3
2026-03-17T07,247.944
2026-03-17T08,311.232
2026-03-17T09,548.361
2026-03-17T10,826.347
2026-03-17T11,896.445
2026-03-17T12,902.853
2026-03-17T13,907.26
2026-03-17T14,905.257
2026-03-17T15,872.011
2026-03-17T16,845.173
2026-03-17T17,825.146
2026-03-17T18,833.157
2026-03-17T19,822.742
2026-03-17T20,731.816
2026-03-17T21,662.92
2026-03-17T22,286.398
2026-03-17T23,202.281
2026-03-18T00,181.857
2026-03-18T01,177.05
2026-03-18T02,173.845
2026-03-18T03,171.041
2026-03-18T04,170.641
2026-03-18T05,175.448
2026-03-18T06,225.518
2026-03-18T07,249.953
2026-03-18T08,325.659
2026-03-18T09,544.769
2026-03-18T10,819.156
2026-03-18T11,861.615
2026-03-18T12,865.621
2026-03-18T13,856.408
2026-03-18T14,846.795
2026-03-18T15,823.962
2026-03-18T16,799.528
2026-03-18T17,786.71
2026-03-18T18,793.519
2026-03-18T19,788.312
2026-03-18T20,701.389
2026-03-18T21,626.484
2026-03-18T22,313.242
2026-03-18T23,197.479
2026-03-19T00,173.844
2026-03-19T01,171.441
2026-03-19T02,168.236
2026-03-19T03,165.432
2026-03-19T04,165.432
2026-03-19T05,177.449
2026-03-19T06,231.125
2026-03-19T07,249.15
2026-03-19T08,315.644
2026-03-19T09,568.399
2026-03-19T10,835.574
2026-03-19T11,843.986
2026-03-19T12,874.028
2026-03-19T13,874.429
2026-03-19T14,862.412
2026-03-19T15,841.983
2026-03-19T16,817.148
2026-03-19T17,809.537
2026-03-19T18,811.54
2026-03-19T19,793.916
2026-03-19T20,711.4
2026-03-19T21,598.841
2026-03-19T22,264.371
2026-03-19T23,200.682
2026-03-20T00,174.651
2026-03-20T01,169.443
2026-03-20T02,167.441
2026-03-20T03,164.637
2026-03-20T04,164.637
2026-03-20T05,178.256
2026-03-20T06,225.925
2026-03-20T07,250.36
2026-03-20T08,334.881
2026-03-20T09,565.212
2026-03-20T10,824.785
2026-03-20T11,858.434
2026-03-20T12,873.655
2026-03-20T13,864.442
2026-03-20T14,863.641
2026-03-20T15,817.174
2026-03-20T16,837.604
2026-03-20T17,823.183
2026-03-20T18,805.157
2026-03-20T19,787.932
2026-03-20T20,720.636
2026-03-20T21,653.339
2026-03-20T22,314.852
2026-03-20T23,224.723
2026-03-21T00,195.477
2026-03-21T01,173.686
2026-03-21T02,170.481
2026-03-21T03,166.956
2026-03-21T04,163.111
2026-03-21T05,168.558
2026-03-21T06,206.051
2026-03-21T07,231.047
2026-03-21T08,304.11
2026-03-21T09,538.362
2026-03-21T10,804.658
2026-03-21T11,886.053
2026-03-21T12,929.635
2026-03-21T13,932.519
2026-03-21T14,920.022
2026-03-21T15,908.806
2026-03-21T16,903.358
2026-03-21T17,883.169
2026-03-21T18,868.429
2026-03-21T19,842.472
2026-03-21T20,740.247
2026-03-21T21,685.77
2026-03-21T22,411.462
2026-03-21T23,226.561
2026-03-22T00,166.631
2026-03-22T01,156.056
2026-03-22T02,155.736
2026-03-22T03,153.172
2026-03-22T04,150.929
2026-03-22T05,151.57
2026-03-22T06,192.267
2026-03-22T07,206.366
2026-03-22T08,251.549
2026-03-22T09,289.041
2026-03-22T10,403.76
2026-03-22T11,637.364
2026-03-22T12,734.779
2026-03-22T13,863.918
2026-03-22T14,860.714
2026-03-22T15,841.167
2026-03-22T16,804.636
2026-03-22T17,775.155
2026-03-22T18,764.58
2026-03-22T19,754.967
2026-03-22T20,683.188
2026-03-22T21,456.313
2026-03-22T22,248.024
2026-03-22T23,171.117
2026-03-23T00,157.334
2026-03-23T01,157.013
2026-03-23T02,156.372
2026-03-23T03,154.129
2026-03-23T04,152.527
2026-03-23T05,173.676
2026-03-23T06,222.702
2026-03-23T07,252.823
2026-03-23T08,309.54
2026-03-23T09,551.469
2026-03-23T10,832.811
2026-03-23T11,873.186
2026-03-23T12,869.341
2026-03-23T13,885.363
2026-03-23T14,874.468
2026-03-23T15,859.087
2026-03-23T16,830.889
2026-03-23T17,808.778
2026-03-23T18,805.254
2026-03-23T19,797.884
2026-03-23T20,719.377
2026-03-23T21,604.661
2026-03-23T22,297.043
2026-03-23T23,200.272
2026-03-24T00,167.432
2026-03-24T01,161.024
2026-03-24T02,161.424
2026-03-24T03,159.021
2026-03-24T04,159.421
2026-03-24T05,169.035
2026-03-24T06,216.3
2026-03-24T07,247.944
2026-03-24T08,311.232
2026-03-24T09,548.361
2026-03-24T10,826.347
2026-03-24T11,896.445
2026-03-24T12,902.853
2026-03-24T13,907.26
2026-03-24T14,905.257
2026-03-24T15,872.011
2026-03-24T16,845.173
2026-03-24T17,825.146
2026-03-24T18,833.157
2026-03-24T19,822.742
2026-03-24T20,731.816
2026-03-24T21,662.92
2026-03-24T22,286.398
2026-03-24T23,202.281
2026-03-25T00,181.857
2026-03-25T01,177.05
2026-03-25T02,173.845
2026-03-25T03,171.041
2026-03-25T04,170.641
2026-03-25T05,175.448
2026-03-25T06,225.518
2026-03-25T07,249.953
2026-03-25T08,325.659
2026-03-25T09,544.769
2026-03-25T10,819.156
2026-03-25T11,861.615
2026-03-25T12,865.621
2026-03-25T13,856.408
2026-03-25T14,846.795
2026-03-25T15,823.962
2026-03-25T16,799.528
2026-03-25T17,786.71
2026-03-25T18,793.519
2026-03-25T19,788.312
2026-03-25T20,701.389
2026-03-25T21,626.484
2026-03-25T22,313.242
2026-03-25T23,197.479
2026-03-26T00,173.844
2026-03-26T01,171.441
2026-03-26T02,168.236
2026-03-26T03,165.432
2026-03-26T04,165.432
2026-03-26T05,177.449
2026-03-26T06,231.125
2026-03-26T07,249.15
2026-03-26T08,315.644
2026-03-26T09,568.399
2026-03-26T10,835.574
2026-03-26T11,843.986
2026-03-26T12,874.028
2026-03-26T13,874.429
2026-03-26T14,862.412
2026-03-26T15,841.983
2026-03-26T16,817.148
2026-03-26T17,809.537
2026-03-26T18,811.54
2026-03-26T19,793.916
2026-03-26T20,711.4
2026-03-26T21,598.841
2026-03-26T22,264.371
2026-03-26T23,200.682
2026-03-27T00,174.651
2026-03-27T01,169.443
2026-03-27T02,167.441
2026-03-27T03,164.637
2026-03-27T04,164.637
2026-03-27T05,178.256
2026-03-27T06,225.925
2026-03-27T07,250.36
2026-03-27T08,334.881
2026-03-27T09,565.212
2026-03-27T10,824.785
2026-03-27T11,858.434
2026-03-27T12,873.655
2026-03-27T13,864.442
2026-03-27T14,863.641
2026-03-27T15,817.174
2026-03-27T16,837.604
2026-03-27T17,823.183
2026-03-27T18,805.157
2026-03-27T19,787.932
2026-03-27T20,720.636
2026-03-27T21,653.339
2026-03-27T22,314.852
2026-03-27T23,224.723
2026-03-28T00,195.477
2026-03-28T01,173.686
2026-03-28T02,170.481
2026-03-28T03,166.956
2026-03-28T04,163.111
2026-03-28T05,168.558
2026-03-28T06,206.051
2026-03-28T07,231.047
2026-03-28T08,304.11
2026-03-28T09,538.362
2026-03-28T10,804.658
2026-03-28T11,886.053
2026-03-28T12,929.635
2026-03-28T13,932.519
2026-03-28T14,920.022
2026-03-28T15,908.806
2026-03-28T16,903.358
2026-03-28T17,883.169
2026-03-28T18,868.429
2026-03-28T19,842.472
2026-03-28T20,740.247
2026-03-28T21,685.77
2026-03-28T22,411.462
2026-03-28T23,226.561
2026-03-29T00,166.631
2026-03-29T01,156.056
2026-03-29T02,155.736
2026-03-29T03,153.172
2026-03-29T04,150.929
2026-03-29T05,151.57
2026-03-29T06,192.267
2026-03-29T07,206.366
2026-03-29T08,251.549
2026-03-29T09,289.041
2026-03-29T10,403.76
2026-03-29T11,637.364
2026-03-29T12,734.779
2026-03-29T13,863.918
2026-03-29T14,860.714
2026-03-29T15,841.167
2026-03-29T16,804.636
2026-03-29T17,775.155
2026-03-29T18,764.58
2026-03-29T19,754.967
2026-03-29T20,683.188
2026-03-29T21,456.313
2026-03-29T22,248.024
2026-03-29T23,171.117
2026-03-30T00,157.334
2026-03-30T01,157.013
2026-03-30T02,156.372
2026-03-30T03,154.129
2026-03-30T04,152.527
2026-03-30T05,173.676
2026-03-30T06,222.702
2026-03-30T07,252.823
2026-03-30T08,309.54
2026-03-30T09,551.469
2026-03-30T10,832.811
2026-03-30T11,873.186
2026-03-30T12,869.341
2026-03-30T13,885.363
2026-03-30T14,874.468
2026-03-30T15,859.087
2026-03-30T16,830.889
2026-03-30T17,808.778
2026-03-30T18,805.254
2026-03-30T19,797.884
2026-03-30T20,719.377
2026-03-30T21,604.661
2026-03-30T22,297.043
2026-03-30T23,200.272
2026-03-31T00,167.432
2026-03-31T01,161.024
2026-03-31T02,161.424
2026-03-31T03,159.021
2026-03-31T04,159.421
2026-03-31T05,169.035
2026-03-31T06,216.3
2026-03-31T07,247.944
2026-03-31T08,311.232
2026-03-31T09,548.361
2026-03-31T10,826.347
2026-03-31T11,896.445
2026-03-31T12,902.853
2026-03-31T13,907.26
2026-03-31T14,905.257
2026-03-31T15,872.011
2026-03-31T16,845.173
2026-03-31T17,825.146
2026-03-31T18,833.157
2026-03-31T19,822.742
2026-03-31T20,731.816
2026-03-31T21,662.92
2026-03-31T22,286.398
2026-03-31T23,202.281
2026-04-01T00,180.338
2026-04-01T01,176.285
2026-04-01T02,169.801
2026-04-01T03,149.944
2026-04-01T04,170.612
2026-04-01T05,199.385
2026-04-01T06,262.199
2026-04-01T07,286.109
2026-04-01T08,367.16
2026-04-01T09,570.597
2026-04-01T10,895.205
2026-04-01T11,919.115
2026-04-01T12,938.972
2026-04-01T13,913.441
2026-04-01T14,895.205
2026-04-01T15,868.863
2026-04-01T16,845.359
2026-04-01T17,845.764
2026-04-01T18,847.79
2026-04-01T19,844.953
2026-04-01T20,783.355
2026-04-01T21,694.199
2026-04-01T22,334.334
2026-04-01T23,248.015
2026-04-02T00,210.732
2026-04-02T01,203.134
2026-04-02T02,201.107
2026-04-02T03,197.561
2026-04-02T04,196.548
2026-04-02T05,220.357
2026-04-02T06,285.704
2026-04-02T07,292.796
2026-04-02T08,364.222
2026-04-02T09,565.33
2026-04-02T10,851.034
2026-04-02T11,953.361
2026-04-02T12,934.111
2026-04-02T13,965.518
2026-04-02T14,951.841
2026-04-02T15,927.526
2026-04-02T16,898.145
2026-04-02T17,875.349
2026-04-02T18,871.297
2026-04-02T19,853.567
2026-04-02T20,818.107
2026-04-02T21,732.497
2026-04-02T22,384.485
2026-04-02T23,244.672
2026-04-03T00,196.551
2026-04-03T01,186.419
2026-04-03T02,182.873
2026-04-03T03,179.834
2026-04-03T04,177.808
2026-04-03T05,196.551
2026-04-03T06,260.379
2026-04-03T07,279.122
2026-04-03T08,369.799
2026-04-03T09,536.969
2026-04-03T10,817.611
2026-04-03T11,857.63
2026-04-03T12,914.873
2026-04-03T13,943.242
2026-04-03T14,961.985
2026-04-03T15,961.478
2026-04-03T16,948.307
2026-04-03T17,922.472
2026-04-03T18,911.327
2026-04-03T19,900.183
2026-04-03T20,871.815
2026-04-03T21,721.362
2026-04-03T22,357.135
2026-04-03T23,252.274
2026-04-04T00,209.21
2026-04-04T01,200.092
2026-04-04T02,196.546
2026-04-04T03,193.0
2026-04-04T04,188.948
2026-04-04T05,191.481
2026-04-04T06,238.591
2026-04-04T07,258.347
2026-04-04T08,334.838
2026-04-04T09,509.095
2026-04-04T10,867.741
2026-04-04T11,935.621
2026-04-04T12,979.185
2026-04-04T13,998.434
2026-04-04T14,1007.046
2026-04-04T15,993.369
2026-04-04T16,938.66
2026-04-04T17,980.198
2026-04-04T18,965.508
2026-04-04T19,947.778
2026-04-04T20,889.523
2026-04-04T21,815.565
2026-04-04T22,537.969
2026-04-04T23,251.255
2026-04-05T00,188.441
2026-04-05T01,172.231
2026-04-05T02,176.79
2026-04-05T03,173.244
2026-04-05T04,170.712
2026-04-05T05,173.751
2026-04-05T06,220.355
2026-04-05T07,228.966
2026-04-05T08,266.452
2026-04-05T09,336.864
2026-04-05T10,436.657
2026-04-05T11,611.421
2026-04-05T12,751.739
2026-04-05T13,923.463
2026-04-05T14,953.35
2026-04-05T15,929.542
2026-04-05T16,906.24
2026-04-05T17,871.794
2026-04-05T18,857.103
2026-04-05T19,856.597
2026-04-05T20,784.665
2026-04-05T21,519.226
2026-04-05T22,333.825
2026-04-05T23,198.572
2026-04-06T00,170.216
2026-04-06T01,167.176
2026-04-06T02,164.643
2026-04-06T03,159.071
2026-04-06T04,162.617
2026-04-06T05,173.762
2026-04-06T06,232.02
2026-04-06T07,244.685
2026-04-06T08,307.503
2026-04-06T09,448.336
2026-04-06T10,676.811
2026-04-06T11,780.663
2026-04-06T12,822.203
2026-04-06T13,913.39
2026-04-06T14,926.055
2026-04-06T15,904.272
2026-04-06T16,866.277
2026-04-06T17,852.092
2026-04-06T18,857.158
2026-04-06T19,838.921
2026-04-06T20,794.847
2026-04-06T21,628.178
2026-04-06T22,300.917
2026-04-06T23,206.184
2026-04-07T00,190.876
2026-04-07T01,176.286
2026-04-07T02,169.397
2026-04-07T03,172.639
2026-04-07T04,170.613
2026-04-07T05,203.844
2026-04-07T06,267.064
2026-04-07T07,286.921
2026-04-07T08,362.704
2026-04-07T09,548.312
2026-04-07T10,877.38
2026-04-07T11,917.905
2026-04-07T12,910.206
2026-04-07T13,902.506
2026-04-07T14,903.721
2026-04-07T15,872.922
2026-04-07T16,852.254
2026-04-07T17,842.933
2026-04-07T18,833.612
2026-04-07T19,831.181
2026-04-07T20,779.308
2026-04-07T21,699.878
2026-04-07T22,301.105
2026-04-07T23,218.433
2026-04-08T00,180.338
2026-04-08T01,176.285
2026-04-08T02,169.801
2026-04-08T03,149.944
2026-04-08T04,170.612
2026-04-08T05,199.385
2026-04-08T06,262.199
2026-04-08T07,286.109
2026-04-08T08,367.16
2026-04-08T09,570.597
2026-04-08T10,895.205
2026-04-08T11,919.115
2026-04-08T12,938.972
2026-04-08T13,913.441
2026-04-08T14,895.205
2026-04-08T15,868.863
2026-04-08T16,845.359
2026-04-08T17,845.764
2026-04-08T18,847.79
2026-04-08T19,844.953
2026-04-08T20,783.355
2026-04-08T21,694.199
2026-04-08T22,334.334
2026-04-08T23,248.015
2026-04-09T00,210.732
2026-04-09T01,203.134
2026-04-09T02,201.107
2026-04-09T03,197.561
2026-04-09T04,196.548
2026-04-09T05,220.357
2026-04-09T06,285.704
2026-04-09T07,292.796
2026-04-09T08,364.222
2026-04-09T09,565.33
2026-04-09T10,851.034
2026-04-09T11,953.361
2026-04-09T12,934.111
2026-04-09T13,965.518
2026-04-09T14,951.841
2026-04-09T15,927.526
2026-04-09T16,898.145
2026-04-09T17,875.349
2026-04-09T18,871.297
2026-04-09T19,853.567
2026-04-09T20,818.107
2026-04-09T21,732.497
2026-04-09T22,384.485
2026-04-09T23,244.672
2026-04-10T00,196.551
2026-04-10T01,186.419
2026-04-10T02,182.873
2026-04-10T03,179.834
2026-04-10T04,177.808
2026-04-10T05,196.551
2026-04-10T06,260.379
2026-04-10T07,279.122
2026-04-10T08,369.799
2026-04-10T09,536.969
2026-04-10T10,817.611
2026-04-10T11,857.63
2026-04-10T12,914.873
2026-04-10T13,943.242
2026-04-10T14,961.985
2026-04-10T15,961.478
2026-04-10T16,948.307
2026-04-10T17,922.472
2026-04-10T18,911.327
2026-04-10T19,900.183
2026-04-10T20,871.815
2026-04-10T21,721.362
2026-04-10T22,357.135
2026-04-10T23,252.274
2026-04-11T00,209.21
2026-04-11T01,200.092
2026-04-11T02,196.546
2026-04-11T03,193.0
2026-04-11T04,188.948
2026-04-11T05,191.481
2026-04-11T06,238.591
2026-04-11T07,258.347
2026-04-11T08,334.838
2026-04-11T09,509.095
2026-04-11T10,867.741
2026-04-11T11,935.621
2026-04-11T12,979.185
2026-04-11T13,998.434
2026-04-11T14,1007.046
2026-04-11T15,993.369
2026-04-11T16,938.66
2026-04-11T17,980.198
2026-04-11T18,965.508
2026-04-11T19,947.778
2026-04-11T20,889.523
2026-04-11T21,815.565
2026-04-11T22,537.969
2026-04-11T23,251.255
2026-04-12T00,188.441
2026-04-12T01,172.231
2026-04-12T02,176.79
2026-04-12T03,173.244
2026-04-12T04,170.712
2026-04-12T05,173.751
2026-04-12T06,220.355
2026-04-12T07,228.966
2026-04-12T08,266.452
2026-04-12T09,336.864
2026-04-12T10,436.657
2026-04-12T11,611.421
2026-04-12T12,751.739
2026-04-12T13,923.463
2026-04-12T14,953.35
2026-04-12T15,929.542
2026-04-12T16,906.24
2026-04-12T17,871.794
2026-04-12T18,857.103
2026-04-12T19,856.597
2026-04-12T20,784.665
2026-04-12T21,519.226
2026-04-12T22,333.825
2026-04-12T23,198.572
2026-04-13T00,170.216
2026-04-13T01,167.176
2026-04-13T02,164.643
2026-04-13T03,159.071
2026-04-13T04,162.617
2026-04-13T05,173.762
2026-04-13T06,232.02
2026-04-13T07,244.685
2026-04-13T08,307.503
2026-04-13T09,448.336
2026-04-13T10,676.811
2026-04-13T11,780.663
2026-04-13T12,822.203
2026-04-13T13,913.39
2026-04-13T14,926.055
2026-04-13T15,904.272
2026-04-13T16,866.277
2026-04-13T17,852.092
2026-04-13T18,857.158
2026-04-13T19,838.921
2026-04-13T20,794.847
2026-04-13T21,628.178
2026-04-13T22,300.917
2026-04-13T23,206.184
2026-04-14T00,190.876
2026-04-14T01,176.286
2026-04-14T02,169.397
2026-04-14T03,172.639
2026-04-14T04,170.613
2026-04-14T05,203.844
2026-04-14T06,267.064
2026-04-14T07,286.921
2026-04-14T08,362.704
2026-04-14T09,548.312
2026-04-14T10,877.38
2026-04-14T11,917.905
2026-04-14T12,910.206
2026-04-14T13,902.506
2026-04-14T14,903.721
2026-04-14T15,872.922
2026-04-14T16,852.254
2026-04-14T17,842.933
2026-04-14T18,833.612
2026-04-14T19,831.181
2026-04-14T20,779.308
2026-04-14T21,699.878
2026-04-14T22,301.105
2026-04-14T23,218.433
2026-04-15T00,180.338
2026-04-15T01,176.285
2026-04-15T02,169.801
2026-04-15T03,149.944
2026-04-15T04,170.612
2026-04-15T05,199.385
2026-04-15T06,262.199
2026-04-15T07,286.109
2026-04-15T08,367.16
2026-04-15T09,570.597
2026-04-15T10,895.205
2026-04-15T11,919.115
2026-04-15T12,938.972
2026-04-15T13,913.441
2026-04-15T14,895.205
2026-04-15T15,868.863
2026-04-15T16,845.359
2026-04-15T17,845.764
2026-04-15T18,847.79
2026-04-15T19,844.953
2026-04-15T20,783.355
2026-04-15T21,694.199
2026-04-15T22,334.334
2026-04-15T23,248.015
2026-04-16T00,210.732
2026-04-16T01,203.134
2026-04-16T02,201.107
2026-04-16T03,197.561
2026-04-16T04,196.548
2026-04-16T05,220.357
2026-04-16T06,285.704
2026-04-16T07,292.796
2026-04-16T08,364.222
2026-04-16T09,565.33
2026-04-16T10,851.034
2026-04-16T11,953.361
2026-04-16T12,934.111
2026-04-16T13,965.518
2026-04-16T14,951.841
2026-04-16T15,927.526
2026-04-16T16,898.145
2026-04-16T17,875.349
2026-04-16T18,871.297
2026-04-16T19,853.567
2026-04-16T20,818.107
2026-04-16T21,732.497
2026-04-16T22,384.485
2026-04-16T23,244.672
2026-04-17T00,196.551
2026-04-17T01,186.419
2026-04-17T02,182.873
2026-04-17T03,179.834
2026-04-17T04,177.808
2026-04-17T05,196.551
2026-04-17T06,260.379
2026-04-17T07,279.122
2026-04-17T08,369.799
2026-04-17T09,536.969
2026-04-17T10,817.611
2026-04-17T11,857.63
2026-04-17T12,914.873
2026-04-17T13,943.242
2026-04-17T14,961.985
2026-04-17T15,961.478
2026-04-17T16,948.307
2026-04-17T17,922.472
2026-04-17T18,911.327
2026-04-17T19,900.183
2026-04-17T20,871.815
2026-04-17T21,721.362
2026-04-17T22,357.135
2026-04-17T23,252.274
2026-04-18T00,209.21
2026-04-18T01,200.092
2026-04-18T02,196.546
2026-04-18T03,193.0
2026-04-18T04,188.948
2026-04-18T05,191.481
2026-04-18T06,238.591
2026-04-18T07,258.347
2026-04-18T08,334.838
2026-04-18T09,509.095
2026-04-18T10,867.741
2026-04-18T11,935.621
2026-04-18T12,979.185
2026-04-18T13,998.434
2026-04-18T14,1007.046
2026-04-18T15,993.369
2026-04-18T16,938.66
2026-04-18T17,980.198
2026-04-18T18,965.508
2026-04-18T19,947.778
2026-04-18T20,889.523
2026-04-18T21,815.565
2026-04-18T22,537.969
2026-04-18T23,251.255
2026-04-19T00,188.441
2026-04-19T01,172.231
2026-04-19T02,176.79
2026-04-19T03,173.244
2026-04-19T04,170.712
2026-04-19T05,173.751
2026-04-19T06,220.355
2026-04-19T07,228.966
2026-04-19T08,266.452
2026-04-19T09,336.864
2026-04-19T10,436.657
2026-04-19T11,611.421
2026-04-19T12,751.739
2026-04-19T13,923.463
2026-04-19T14,953.35
2026-04-19T15,929.542
2026-04-19T16,906.24
2026-04-19T17,871.794
2026-04-19T18,857.103
2026-04-19T19,856.597
2026-04-19T20,784.665
2026-04-19T21,519.226
2026-04-19T22,333.825
2026-04-19T23,198.572
2026-04-20T00,170.216
2026-04-20T01,167.176
2026-04-20T02,164.643
2026-04-20T03,159.071
2026-04-20T04,162.617
2026-04-20T05,173.762
2026-04-20T06,232.02
2026-04-20T07,244.685
2026-04-20T08,307.503
2026-04-20T09,448.336
2026-04-20T10,676.811
2026-04-20T11,780.663
2026-04-20T12,822.203
2026-04-20T13,913.39
2026-04-20T14,926.055
2026-04-20T15,904.272
2026-04-20T16,866.277
2026-04-20T17,852.092
2026-04-20T18,857.158
2026-04-20T19,838.921
2026-04-20T20,794.847
2026-04-20T21,628.178
2026-04-20T22,300.917
2026-04-20T23,206.184
2026-04-21T00,190.876
2026-04-21T01,176.286
2026-04-21T02,169.397
2026-04-21T03,172.639
2026-04-21T04,170.613
2026-04-21T05,203.844
2026-04-21T06,267.064
2026-04-21T07,286.921
2026-04-21T08,362.704
2026-04-21T09,548.312
2026-04-21T10,877.38
2026-04-21T11,917.905
2026-04-21T12,910.206
2026-04-21T13,902.506
2026-04-21T14,903.721
2026-04-21T15,872.922
2026-04-21T16,852.254
2026-04-21T17,842.933
2026-04-21T18,833.612
2026-04-21T19,831.181
2026-04-21T20,779.308
2026-04-21T21,699.878
2026-04-21T22,301.105
2026-04-21T23,218.433
2026-04-22T00,180.338
2026-04-22T01,176.285
2026-04-22T02,169.801
2026-04-22T03,149.944
2026-04-22T04,170.612
2026-04-22T05,199.385
2026-04-22T06,262.199
2026-04-22T07,286.109
2026-04-22T08,367.16
2026-04-22T09,570.597
2026-04-22T10,895.205
2026-04-22T11,919.115
2026-04-22T12,938.972
2026-04-22T13,913.441
2026-04-22T14,895.205
2026-04-22T15,868.863
2026-04-22T16,845.359
2026-04-22T17,845.764
2026-04-22T18,847.79
2026-04-22T19,844.953
2026-04-22T20,783.355
2026-04-22T21,694.199
2026-04-22T22,334.334
2026-04-22T23,248.015
2026-04-23T00,210.732
2026-04-23T01,203.134
2026-04-23T02,201.107
2026-04-23T03,197.561
2026-04-23T04,196.548
2026-04-23T05,220.357
2026-04-23T06,285.704
2026-04-23T07,292.796
2026-04-23T08,364.222
2026-04-23T09,565.33
2026-04-23T10,851.034
2026-04-23T11,953.361
2026-04-23T12,934.111
2026-04-23T13,965.518
2026-04-23T14,951.841
2026-04-23T15,927.526
2026-04-23T16,898.145
2026-04-23T17,875.349
2026-04-23T18,871.297
2026-04-23T19,853.567
2026-04-23T20,818.107
2026-04-23T21,732.497
2026-04-23T22,384.485
2026-04-23T23,244.672
2026-04-24T00,196.551
2026-04-24T01,186.419
2026-04-24T02,182.873
2026-04-24T03,179.834
2026-04-24T04,177.808
2026-04-24T05,196.551
2026-04-24T06,260.379
2026-04-24T07,279.122
2026-04-24T08,369.799
2026-04-24T09,536.969
2026-04-24T10,817.611
2026-04-24T11,857.63
2026-04-24T12,914.873
2026-04-24T13,943.242
2026-04-24T14,961.985
2026-04-24T15,961.478
2026-04-24T16,948.307
2026-04-24T17,922.472
2026-04-24T18,911.327
2026-04-24T19,900.183
2026-04-24T20,871.815
2026-04-24T21,721.362
2026-04-24T22,357.135
2026-04-24T23,252.274
2026-04-25T00,209.21
2026-04-25T01,200.092
2026-04-25T02,196.546
2026-04-25T03,193.0
2026-04-25T04,188.948
2026-04-25T05,191.481
2026-04-25T06,238.591
2026-04-25T07,258.347
2026-04-25T08,334.838
2026-04-25T09,509.095
2026-04-25T10,867.741
2026-04-25T11,935.621
2026-04-25T12,979.185
2026-04-25T13,998.434
2026-04-25T14,1007.046
2026-04-25T15,993.369
2026-04-25T16,938.66
2026-04-25T17,980.198
2026-04-25T18,965.508
2026-04-25T19,947.778
2026-04-25T20,889.523
2026-04-25T21,815.565
2026-04-25T22,537.969
2026-04-25T23,251.255
2026-04-26T00,188.441
2026-04-26T01,172.231
2026-04-26T02,176.79
2026-04-26T03,173.244
2026-04-26T04,170.712
2026-04-26T05,173.751
2026-04-26T06,220.355
2026-04-26T07,228.966
2026-04-26T08,266.452
2026-04-26T09,336.864
2026-04-26T10,436.657
2026-04-26T11,611.421
2026-04-26T12,751.739
2026-04-26T13,923.463
2026-04-26T14,953.35
2026-04-26T15,929.542
2026-04-26T16,906.24
2026-04-26T17,871.794
2026-04-26T18,857.103
2026-04-26T19,856.597
2026-04-26T20,784.665
2026-04-26T21,519.226
2026-04-26T22,333.825
2026-04-26T23,198.572
2026-04-27T00,170.216
2026-04-27T01,167.176
2026-04-27T02,164.643
2026-04-27T03,159.071
2026-04-27T04,162.617
2026-04-27T05,173.762
2026-04-27T06,232.02
2026-04-27T07,244.685
2026-04-27T08,307.503
2026-04-27T09,448.336
2026-04-27T10,676.811
2026-04-27T11,780.663
2026-04-27T12,822.203
2026-04-27T13,913.39
2026-04-27T14,926.055
2026-04-27T15,904.272
2026-04-27T16,866.277
2026-04-27T17,852.092
2026-04-27T18,857.158
2026-04-27T19,838.921
2026-04-27T20,794.847
2026-04-27T21,628.178
2026-04-27T22,300.917
2026-04-27T23,206.184
2026-04-28T00,190.876
2026-04-28T01,176.286
2026-04-28T02,169.397
2026-04-28T03,172.639
2026-04-28T04,170.613
2026-04-28T05,203.844
2026-04-28T06,267.064
2026-04-28T07,286.921
2026-04-28T08,362.704
2026-04-28T09,548.312
2026-04-28T10,877.38
2026-04-28T11,917.905
2026-04-28T12,910.206
2026-04-28T13,902.506
2026-04-28T14,903.721
2026-04-28T15,872.922
2026-04-28T16,852.254
2026-04-28T17,842.933
2026-04-28T18,833.612
2026-04-28T19,831.181
2026-04-28T20,779.308
2026-04-28T21,699.878
2026-04-28T22,301.105
2026-04-28T23,218.433
2026-04-29T00,180.338
2026-04-29T01,176.285
2026-04-29T02,169.801
2026-04-29T03,149.944
2026-04-29T04,170.612
2026-04-29T05,199.385
2026-04-29T06,262.199
2026-04-29T07,286.109
2026-04-29T08,367.16
2026-04-29T09,570.597
2026-04-29T10,895.205
2026-04-29T11,919.115
2026-04-29T12,938.972
2026-04-29T13,913.441
2026-04-29T14,895.205
2026-04-29T15,868.863
2026-04-29T16,845.359
2026-04-29T17,845.764
2026-04-29T18,847.79
2026-04-29T19,844.953
2026-04-29T20,783.355
2026-04-29T21,694.199
2026-04-29T22,334.334
2026-04-29T23,248.015
2026-04-30T00,210.732
2026-04-30T01,203.134
2026-04-30T02,201.107
2026-04-30T03,197.561
2026-04-30T04,196.548
2026-04-30T05,220.357
2026-04-30T06,285.704
2026-04-30T07,292.796
2026-04-30T08,364.222
2026-04-30T09,565.33
2026-04-30T10,851.034
2026-04-30T11,953.361
2026-04-30T12,934.111
2026-04-30T13,965.518
2026-04-30T14,951.841
2026-04-30T15,927.526
2026-04-30T16,898.145
2026-04-30T17,875.349
2026-04-30T18,871.297
2026-04-30T19,853.567
2026-04-30T20,818.107
2026-04-30T21,732.497
2026-04-30T22,384.485
2026-04-30T23,244.672
2026-05-01T00,192.439
2026-05-01T01,182.903
2026-05-01T02,179.003
2026-05-01T03,175.102
2026-05-01T04,177.269
2026-05-01T05,214.543
2026-05-01T06,277.822
2026-05-01T07,302.094
2026-05-01T08,366.673
2026-05-01T09,499.733
2026-05-01T10,791.425
2026-05-01T11,858.605
2026-05-01T12,867.274
2026-05-01T13,846.903
2026-05-01T14,856.872
2026-05-01T15,847.336
2026-05-01T16,839.101
2026-05-01T17,821.765
2026-05-01T18,808.762
2026-05-01T19,809.195
2026-05-01T20,797.493
2026-05-01T21,690.438
2026-05-01T22,335.034
2026-05-01T23,236.214
2026-05-02T00,167.74
2026-05-02T01,162.539
2026-05-02T02,189.846
2026-05-02T03,180.31
2026-05-02T04,175.109
2026-05-02T05,176.843
2026-05-02T06,219.753
2026-05-02T07,252.694
2026-05-02T08,348.05
2026-05-02T09,528.794
2026-05-02T10,785.389
2026-05-02T11,861.241
2026-05-02T12,925.823
2026-05-02T13,930.591
2026-05-02T14,929.724
2026-05-02T15,914.12
2026-05-02T16,907.185
2026-05-02T17,893.315
2026-05-02T18,887.68
2026-05-02T19,857.773
2026-05-02T20,802.293
2026-05-02T21,741.179
2026-05-02T22,464.212
2026-05-02T23,261.796
2026-05-03T00,178.24
2026-05-03T01,175.531
2026-05-03T02,170.114
2026-05-03T03,167.947
2026-05-03T04,165.238
2026-05-03T05,167.947
2026-05-03T06,223.207
2026-05-03T07,230.791
2026-05-03T08,260.588
2026-05-03T09,329.934
2026-05-03T10,440.454
2026-05-03T11,589.439
2026-05-03T12,686.414
2026-05-03T13,852.736
2026-05-03T14,888.492
2026-05-03T15,861.946
2026-05-03T16,814.812
2026-05-03T17,803.435
2026-05-03T18,773.638
2026-05-03T19,759.011
2026-05-03T20,717.837
2026-05-03T21,495.172
2026-05-03T22,249.753
2026-05-03T23,192.326
2026-05-04T00,167.408
2026-05-04T01,162.532
2026-05-04T02,161.99
2026-05-04T03,156.573
2026-05-04T04,155.489
2026-05-04T05,201.54
2026-05-04T06,270.345
2026-05-04T07,288.765
2026-05-04T08,374.366
2026-05-04T09,510.893
2026-05-04T10,771.486
2026-05-04T11,786.656
2026-05-04T12,825.122
2026-05-04T13,852.21
2026-05-04T14,867.38
2026-05-04T15,844.626
2026-05-04T16,819.704
2026-05-04T17,751.44
2026-05-04T18,771.486
2026-05-04T19,759.567
2026-05-04T20,736.813
2026-05-04T21,649.587
2026-05-04T22,315.312
2026-05-04T23,216.71
2026-05-05T00,176.628
2026-05-05T01,170.668
2026-05-05T02,159.29
2026-05-05T03,160.374
2026-05-05T04,157.123
2026-05-05T05,206.969
2026-05-05T06,271.985
2026-05-05T07,286.614
2026-05-05T08,357.59
2026-05-05T09,495.75
2026-05-05T10,781.28
2026-05-05T11,821.915
2026-05-05T12,815.955
2026-05-05T13,809.996
2026-05-05T14,807.828
2026-05-05T15,783.989
2026-05-05T16,757.441
2026-05-05T17,761.775
2026-05-05T18,768.819
2026-05-05T19,749.855
2026-05-05T20,730.351
2026-05-05T21,668.585
2026-05-05T22,318.58
2026-05-05T23,228.641
2026-05-06T00,179.873
2026-05-06T01,164.703
2026-05-06T02,164.703
2026-05-06T03,161.994
2026-05-06T04,160.91
2026-05-06T05,210.755
2026-05-06T06,282.812
2026-05-06T07,300.149
2026-05-06T08,362.997
2026-05-06T09,498.443
2026-05-06T10,792.091
2026-05-06T11,826.223
2026-05-06T12,839.768
2026-05-06T13,844.102
2026-05-06T14,830.558
2026-05-06T15,812.137
2026-05-06T16,793.175
2026-05-06T17,783.422
2026-05-06T18,773.67
2026-05-06T19,778.005
2026-05-06T20,735.745
2026-05-06T21,656.103
2026-05-06T22,312.069
2026-05-06T23,234.593
2026-05-07T00,185.948
2026-05-07T01,178.579
2026-05-07T02,176.412
2026-05-07T03,172.077
2026-05-07T04,168.61
2026-05-07T05,202.852
2026-05-07T06,269.602
2026-05-07T07,287.807
2026-05-07T08,351.523
2026-05-07T09,481.556
2026-05-07T10,707.814
2026-05-07T11,758.961
2026-05-07T12,776.298
2026-05-07T13,781.5
2026-05-07T14,781.933
2026-05-07T15,757.227
2026-05-07T16,741.623
2026-05-07T17,732.087
2026-05-07T18,743.79
2026-05-07T19,735.121
2026-05-07T20,702.179
2026-05-07T21,627.627
2026-05-07T22,314.247
2026-05-07T23,233.626
2026-05-08T00,192.439
2026-05-08T01,182.903
2026-05-08T02,179.003
2026-05-08T03,175.102
2026-05-08T04,177.269
2026-05-08T05,214.543
2026-05-08T06,277.822
2026-05-08T07,302.094
2026-05-08T08,366.673
2026-05-08T09,499.733
2026-05-08T10,791.425
2026-05-08T11,858.605
2026-05-08T12,867.274
2026-05-08T13,846.903
2026-05-08T14,856.872
2026-05-08T15,847.336
2026-05-08T16,839.101
2026-05-08T17,821.765
2026-05-08T18,808.762
2026-05-08T19,809.195
2026-05-08T20,797.493
2026-05-08T21,690.438
2026-05-08T22,335.034
2026-05-08T23,236.214
2026-05-09T00,167.74
2026-05-09T01,162.539
2026-05-09T02,189.846
2026-05-09T03,180.31
2026-05-09T04,175.109
2026-05-09T05,176.843
2026-05-09T06,219.753
2026-05-09T07,252.694
2026-05-09T08,348.05
2026-05-09T09,528.794
2026-05-09T10,785.389
2026-05-09T11,861.241
2026-05-09T12,925.823
2026-05-09T13,930.591
2026-05-09T14,929.724
2026-05-09T15,914.12
2026-05-09T16,907.185
2026-05-09T17,893.315
2026-05-09T18,887.68
2026-05-09T19,857.773
2026-05-09T20,802.293
2026-05-09T21,741.179
2026-05-09T22,464.212
2026-05-09T23,261.796
2026-05-10T00,178.24
2026-05-10T01,175.531
2026-05-10T02,170.114
2026-05-10T03,167.947
2026-05-10T04,165.238
2026-05-10T05,167.947
2026-05-10T06,223.207
2026-05-10T07,230.791
2026-05-10T08,260.588
2026-05-10T09,329.934
2026-05-10T10,440.454
2026-05-10T11,589.439
2026-05-10T12,686.414
2026-05-10T13,852.736
2026-05-10T14,888.492
2026-05-10T15,861.946
2026-05-10T16,814.812
2026-05-10T17,803.435
2026-05-10T18,773.638
2026-05-10T19,759.011
2026-05-10T20,717.837
2026-05-10T21,495.172
2026-05-10T22,249.753
2026-05-10T23,192.326
2026-05-11T00,167.408
2026-05-11T01,162.532
2026-05-11T02,161.99
2026-05-11T03,156.573
2026-05-11T04,155.489
2026-05-11T05,201.54
2026-05-11T06,270.345
2026-05-11T07,288.765
2026-05-11T08,374.366
2026-05-11T09,510.893
2026-05-11T10,771.486
2026-05-11T11,786.656
2026-05-11T12,825.122
2026-05-11T13,852.21
2026-05-11T14,867.38
2026-05-11T15,844.626
2026-05-11T16,819.704
2026-05-11T17,751.44
2026-05-11T18,771.486
2026-05-11T19,759.567
2026-05-11T20,736.813
2026-05-11T21,649.587
2026-05-11T22,315.312
2026-05-11T23,216.71
2026-05-12T00,176.628
2026-05-12T01,170.668
2026-05-12T02,159.29
2026-05-12T03,160.374
2026-05-12T04,157.123
2026-05-12T05,206.969
2026-05-12T06,271.985
2026-05-12T07,286.614
2026-05-12T08,357.59
2026-05-12T09,495.75
2026-05-12T10,781.28
2026-05-12T11,821.915
2026-05-12T12,815.955
2026-05-12T13,809.996
2026-05-12T14,807.828
2026-05-12T15,783.989
2026-05-12T16,757.441
2026-05-12T17,761.775
2026-05-12T18,768.819
2026-05-12T19,749.855
2026-05-12T20,730.351
2026-05-12T21,668.585
2026-05-12T22,318.58
2026-05-12T23,228.641
2026-05-13T00,179.873
2026-05-13T01,164.703
2026-05-13T02,164.703
2026-05-13T03,161.994
2026-05-13T04,160.91
2026-05-13T05,210.755
2026-05-13T06,282.812
2026-05-13T07,300.149
2026-05-13T08,362.997
2026-05-13T09,498.443
2026-05-13T10,792.091
2026-05-13T11,826.223
2026-05-13T12,839.768
2026-05-13T13,844.102
2026-05-13T14,830.558
2026-05-13T15,812.137
2026-05-13T16,793.175
2026-05-13T17,783.422
2026-05-13T18,773.67
2026-05-13T19,778.005
2026-05-13T20,735.745
2026-05-13T21,656.103
2026-05-13T22,312.069
2026-05-13T23,234.593
2026-05-14T00,185.932
2026-05-14T01,178.564
2026-05-14T02,176.397
2026-05-14T03,172.063
2026-05-14T04,168.596
2026-05-14T05,202.835
2026-05-14T06,269.58
2026-05-14T07,287.783
2026-05-14T08,351.494
2026-05-14T09,481.516
2026-05-14T10,707.755
2026-05-14T11,758.897
2026-05-14T12,776.233
2026-05-14T13,781.434
2026-05-14T14,781.867
2026-05-14T15,757.163
2026-05-14T16,741.56
2026-05-14T17,732.025
2026-05-14T18,743.727
2026-05-14T19,735.059
2026-05-14T20,702.12
2026-05-14T21,627.574
2026-05-14T22,314.221
2026-05-14T23,233.607
2026-05-15T00,192.439
2026-05-15T01,182.903
2026-05-15T02,179.003
2026-05-15T03,175.102
2026-05-15T04,177.269
2026-05-15T05,214.543
2026-05-15T06,277.822
2026-05-15T07,302.094
2026-05-15T08,366.673
2026-05-15T09,499.733
2026-05-15T10,791.425
2026-05-15T11,858.605
2026-05-15T12,867.274
2026-05-15T13,846.903
2026-05-15T14,856.872
2026-05-15T15,847.336
2026-05-15T16,839.101
2026-05-15T17,821.765
2026-05-15T18,808.762
2026-05-15T19,809.195
2026-05-15T20,797.493
2026-05-15T21,690.438
2026-05-15T22,335.034
2026-05-15T23,236.214
2026-05-16T00,167.74
2026-05-16T01,162.539
2026-05-16T02,189.846
2026-05-16T03,180.31
2026-05-16T04,175.109
2026-05-16T05,176.843
2026-05-16T06,219.753
2026-05-16T07,252.694
2026-05-16T08,348.05
2026-05-16T09,528.794
2026-05-16T10,785.389
2026-05-16T11,861.241
2026-05-16T12,925.823
2026-05-16T13,930.591
2026-05-16T14,929.724
2026-05-16T15,914.12
2026-05-16T16,907.185
2026-05-16T17,893.315
2026-05-16T18,887.68
2026-05-16T19,857.773
2026-05-16T20,802.293
2026-05-16T21,741.179
2026-05-16T22,464.212
2026-05-16T23,261.796
2026-05-17T00,178.24
2026-05-17T01,175.531
2026-05-17T02,170.114
2026-05-17T03,167.947
2026-05-17T04,165.238
2026-05-17T05,167.947
2026-05-17T06,223.207
2026-05-17T07,230.791
2026-05-17T08,260.588
2026-05-17T09,329.934
2026-05-17T10,440.454
2026-05-17T11,589.439
2026-05-17T12,686.414
2026-05-17T13,852.736
2026-05-17T14,888.492
2026-05-17T15,861.946
2026-05-17T16,814.812
2026-05-17T17,803.435
2026-05-17T18,773.638
2026-05-17T19,759.011
2026-05-17T20,717.837
2026-05-17T21,495.172
2026-05-17T22,249.753
2026-05-17T23,192.326
2026-05-18T00,167.408
2026-05-18T01,162.532
2026-05-18T02,161.99
2026-05-18T03,156.573
2026-05-18T04,155.489
2026-05-18T05,201.54
2026-05-18T06,270.345
2026-05-18T07,288.765
2026-05-18T08,374.366
2026-05-18T09,510.893
2026-05-18T10,771.486
2026-05-18T11,786.656
2026-05-18T12,825.122
2026-05-18T13,852.21
2026-05-18T14,867.38
2026-05-18T15,844.626
2026-05-18T16,819.704
2026-05-18T17,751.44
2026-05-18T18,771.486
2026-05-18T19,759.567
2026-05-18T20,736.813
2026-05-18T21,649.587
2026-05-18T22,315.312
2026-05-18T23,216.71
2026-05-19T00,176.628
2026-05-19T01,170.668
2026-05-19T02,159.29
2026-05-19T03,160.374
2026-05-19T04,157.123
2026-05-19T05,206.969
2026-05-19T06,271.985
2026-05-19T07,286.614
2026-05-19T08,357.59
2026-05-19T09,495.75
2026-05-19T10,781.28
2026-05-19T11,821.915
2026-05-19T12,815.955
2026-05-19T13,809.996
2026-05-19T14,807.828
2026-05-19T15,783.989
2026-05-19T16,757.441
2026-05-19T17,761.775
2026-05-19T18,768.819
2026-05-19T19,749.855
2026-05-19T20,730.351
2026-05-19T21,668.585
2026-05-19T22,318.58
2026-05-19T23,228.641
2026-05-20T00,179.873
2026-05-20T01,164.703
2026-05-20T02,164.703
2026-05-20T03,161.994
2026-05-20T04,160.91
2026-05-20T05,210.755
2026-05-20T06,282.812
2026-05-20T07,300.149
2026-05-20T08,362.997
2026-05-20T09,498.443
2026-05-20T10,792.091
2026-05-20T11,826.223
2026-05-20T12,839.768
2026-05-20T13,844.102
2026-05-20T14,830.558
2026-05-20T15,812.137
2026-05-20T16,793.175
2026-05-20T17,783.422
2026-05-20T18,773.67
2026-05-20T19,778.005
2026-05-20T20,735.745
2026-05-20T21,656.103
2026-05-20T22,312.069
2026-05-20T23,234.593
2026-05-21T00,185.932
2026-05-21T01,178.564
2026-05-21T02,176.397
2026-05-21T03,172.063
2026-05-21T04,168.596
2026-05-21T05,202.835
2026-05-21T06,269.58
2026-05-21T07,287.783
2026-05-21T08,351.494
2026-05-21T09,481.516
2026-05-21T10,707.755
2026-05-21T11,758.897
2026-05-21T12,776.233
2026-05-21T13,781.434
2026-05-21T14,781.867
2026-05-21T15,757.163
2026-05-21T16,741.56
2026-05-21T17,732.025
2026-05-21T18,743.727
2026-05-21T19,735.059
2026-05-21T20,702.12
2026-05-21T21,627.574
2026-05-21T22,314.221
2026-05-21T23,233.607
2026-05-22T00,192.439
2026-05-22T01,182.903
2026-05-22T02,179.003
2026-05-22T03,175.102
2026-05-22T04,177.269
2026-05-22T05,214.543
2026-05-22T06,277.822
2026-05-22T07,302.094
2026-05-22T08,366.673
2026-05-22T09,499.733
2026-05-22T10,791.425
2026-05-22T11,858.605
2026-05-22T12,867.274
2026-05-22T13,846.903
2026-05-22T14,856.872
2026-05-22T15,847.336
2026-05-22T16,839.101
2026-05-22T17,821.765
2026-05-22T18,808.762
2026-05-22T19,809.195
2026-05-22T20,797.493
2026-05-22T21,690.438
2026-05-22T22,335.034
2026-05-22T23,236.214
2026-05-23T00,167.74
2026-05-23T01,162.539
2026-05-23T02,189.846
2026-05-23T03,180.31
2026-05-23T04,175.109
2026-05-23T05,176.843
2026-05-23T06,219.753
2026-05-23T07,252.694
2026-05-23T08,348.05
2026-05-23T09,528.794
2026-05-23T10,785.389
2026-05-23T11,861.241
2026-05-23T12,925.823
2026-05-23T13,930.591
2026-05-23T14,929.724
2026-05-23T15,914.12
2026-05-23T16,907.185
2026-05-23T17,893.315
2026-05-23T18,887.68
2026-05-23T19,857.773
2026-05-23T20,802.293
2026-05-23T21,741.179
2026-05-23T22,464.212
2026-05-23T23,261.796
2026-05-24T00,178.24
2026-05-24T01,175.531
2026-05-24T02,170.114
2026-05-24T03,167.947
2026-05-24T04,165.238
2026-05-24T05,167.947
2026-05-24T06,223.207
2026-05-24T07,230.791
2026-05-24T08,260.588
2026-05-24T09,329.934
2026-05-24T10,440.454
2026-05-24T11,589.439
2026-05-24T12,686.414
2026-05-24T13,852.736
2026-05-24T14,888.492
2026-05-24T15,861.946
2026-05-24T16,814.812
2026-05-24T17,803.435
2026-05-24T18,773.638
2026-05-24T19,759.011
2026-05-24T20,717.837
2026-05-24T21,495.172
2026-05-24T22,249.753
2026-05-24T23,192.326
2026-05-25T00,167.408
2026-05-25T01,162.532
2026-05-25T02,161.99
2026-05-25T03,156.573
2026-05-25T04,155.489
2026-05-25T05,201.54
2026-05-25T06,270.345
2026-05-25T07,288.765
2026-05-25T08,374.366
2026-05-25T09,510.893
2026-05-25T10,771.486
2026-05-25T11,786.656
2026-05-25T12,825.122
2026-05-25T13,852.21
2026-05-25T14,867.38
2026-05-25T15,844.626
2026-05-25T16,819.704
2026-05-25T17,751.44
2026-05-25T18,771.486
2026-05-25T19,759.567
2026-05-25T20,736.813
2026-05-25T21,649.587
2026-05-25T22,315.312
2026-05-25T23,216.71
2026-05-26T00,176.628
2026-05-26T01,170.668
2026-05-26T02,159.29
2026-05-26T03,160.374
2026-05-26T04,157.123
2026-05-26T05,206.969
2026-05-26T06,271.985
2026-05-26T07,286.614
2026-05-26T08,357.59
2026-05-26T09,495.75
2026-05-26T10,781.28
2026-05-26T11,821.915
2026-05-26T12,815.955
2026-05-26T13,809.996
2026-05-26T14,807.828
2026-05-26T15,783.989
2026-05-26T16,757.441
2026-05-26T17,761.775
2026-05-26T18,768.819
2026-05-26T19,749.855
2026-05-26T20,730.351
2026-05-26T21,668.585
2026-05-26T22,318.58
2026-05-26T23,228.641
2026-05-27T00,179.873
2026-05-27T01,164.703
2026-05-27T02,164.703
2026-05-27T03,161.994
2026-05-27T04,160.91
2026-05-27T05,210.755
2026-05-27T06,282.812
2026-05-27T07,300.149
2026-05-27T08,362.997
2026-05-27T09,498.443
2026-05-27T10,792.091
2026-05-27T11,826.223
2026-05-27T12,839.768
2026-05-27T13,844.102
2026-05-27T14,830.558
2026-05-27T15,812.137
2026-05-27T16,793.175
2026-05-27T17,783.422
2026-05-27T18,773.67
2026-05-27T19,778.005
2026-05-27T20,735.745
2026-05-27T21,656.103
2026-05-27T22,312.069
2026-05-27T23,234.593
2026-05-28T00,185.932
2026-05-28T01,178.564
2026-05-28T02,176.397
2026-05-28T03,172.063
2026-05-28T04,168.596
2026-05-28T05,202.835
2026-05-28T06,269.58
2026-05-28T07,287.783
2026-05-28T08,351.494
2026-05-28T09,481.516
2026-05-28T10,707.755
2026-05-28T11,758.897
2026-05-28T12,776.233
2026-05-28T13,781.434
2026-05-28T14,781.867
2026-05-28T15,757.163
2026-05-28T16,741.56
2026-05-28T17,732.025
2026-05-28T18,743.727
2026-05-28T19,735.059
2026-05-28T20,702.12
2026-05-28T21,627.574
2026-05-28T22,314.221
2026-05-28T23,233.607
2026-05-29T00,192.439
2026-05-29T01,182.903
2026-05-29T02,179.003
2026-05-29T03,175.102
2026-05-29T04,177.269
2026-05-29T05,214.543
2026-05-29T06,277.822
2026-05-29T07,302.094
2026-05-29T08,366.673
2026-05-29T09,499.733
2026-05-29T10,791.425
2026-05-29T11,858.605
2026-05-29T12,867.274
2026-05-29T13,846.903
2026-05-29T14,856.872
2026-05-29T15,847.336
2026-05-29T16,839.101
2026-05-29T17,821.765
2026-05-29T18,808.762
2026-05-29T19,809.195
2026-05-29T20,797.493
2026-05-29T21,690.438
2026-05-29T22,335.034
2026-05-29T23,236.214
2026-05-30T00,167.74
2026-05-30T01,162.539
2026-05-30T02,189.846
2026-05-30T03,180.31
2026-05-30T04,175.109
2026-05-30T05,176.843
2026-05-30T06,219.753
2026-05-30T07,252.694
2026-05-30T08,348.05
2026-05-30T09,528.794
2026-05-30T10,785.389
2026-05-30T11,861.241
2026-05-30T12,925.823
2026-05-30T13,930.591
2026-05-30T14,929.724
2026-05-30T15,914.12
2026-05-30T16,907.185
2026-05-30T17,893.315
2026-05-30T18,887.68
2026-05-30T19,857.773
2026-05-30T20,802.293
2026-05-30T21,741.179
2026-05-30T22,464.212
2026-05-30T23,261.796
2026-05-31T00,178.24
2026-05-31T01,175.531
2026-05-31T02,170.114
2026-05-31T03,167.947
2026-05-31T04,165.238
2026-05-31T05,167.947
2026-05-31T06,223.207
2026-05-31T07,230.791
2026-05-31T08,260.588
2026-05-31T09,329.934
2026-05-31T10,440.454
2026-05-31T11,589.439
2026-05-31T12,686.414
2026-05-31T13,852.736
2026-05-31T14,888.492
2026-05-31T15,861.946
2026-05-31T16,814.812
2026-05-31T17,803.435
2026-05-31T18,773.638
2026-05-31T19,759.011
2026-05-31T20,717.837
2026-05-31T21,495.172
2026-05-31T22,249.753
2026-05-31T23,192.326
2026-06-01T00,138.445
2026-06-01T01,135.928
2026-06-01T02,132.691
2026-06-01T03,132.691
2026-06-01T04,133.051
2026-06-01T05,171.168
2026-06-01T06,222.95
2026-06-01T07,243.088
2026-06-01T08,302.781
2026-06-01T09,435.113
2026-06-01T10,659.501
2026-06-01T11,686.831
2026-06-01T12,684.673
2026-06-01T13,675.324
2026-06-01T14,681.797
2026-06-01T15,653.748
2026-06-01T16,626.419
2026-06-01T17,616.35
2026-06-01T18,619.586
2026-06-01T19,611.675
2026-06-01T20,581.469
2026-06-01T21,523.214
2026-06-01T22,250.639
2026-06-01T23,189.867
2026-06-02T00,151.932
2026-06-02T01,142.043
2026-06-02T02,139.346
2026-06-02T03,136.649
2026-06-02T04,135.75
2026-06-02T05,168.114
2026-06-02T06,222.504
2026-06-02T07,240.035
2026-06-02T08,297.572
2026-06-02T09,400.958
2026-06-02T10,618.967
2026-06-02T11,659.422
2026-06-02T12,679.65
2026-06-02T13,675.155
2026-06-02T14,667.064
2026-06-02T15,640.993
2026-06-02T16,639.644
2026-06-02T17,624.361
2026-06-02T18,636.498
2026-06-02T19,625.71
2026-06-02T20,605.482
2026-06-02T21,522.324
2026-06-02T22,242.283
2026-06-02T23,186.544
2026-06-03T00,147.887
2026-06-03T01,137.099
2026-06-03T02,135.301
2026-06-03T03,135.301
2026-06-03T04,135.301
2026-06-03T05,180.7
2026-06-03T06,231.045
2026-06-03T07,244.98
2026-06-03T08,293.526
2026-06-03T09,401.407
2026-06-03T10,657.624
2026-06-03T11,644.588
2026-06-03T12,666.164
2026-06-03T13,653.129
2026-06-03T14,625.26
2026-06-03T15,613.123
2026-06-03T16,629.305
2026-06-03T17,606.83
2026-06-03T18,605.931
2026-06-03T19,602.784
2026-06-03T20,578.511
2026-06-03T21,514.682
2026-06-03T22,254.869
2026-06-03T23,176.655
2026-06-04T00,141.593
2026-06-04T01,138.896
2026-06-04T02,133.951
2026-06-04T03,133.052
2026-06-04T04,133.502
2026-06-04T05,172.159
2026-06-04T06,218.457
2026-06-04T07,229.695
2026-06-04T08,296.67
2026-06-04T09,418.485
2026-06-04T10,642.336
2026-06-04T11,639.639
2026-06-04T12,672.003
2026-06-04T13,678.296
2026-06-04T14,681.892
2026-06-04T15,661.215
2026-06-04T16,635.144
2026-06-04T17,628.851
2026-06-04T18,640.538
2026-06-04T19,632.896
2026-06-04T20,605.477
2026-06-04T21,542.547
2026-06-04T22,258.912
2026-06-04T23,179.8
2026-06-05T00,143.834
2026-06-05T01,136.643
2026-06-05T02,134.395
2026-06-05T03,131.698
2026-06-05T04,132.148
2026-06-05T05,169.904
2026-06-05T06,222.494
2026-06-05T07,236.428
2026-06-05T08,290.815
2026-06-05T09,409.029
2026-06-05T10,628.377
2026-06-05T11,642.31
2026-06-05T12,646.805
2026-06-05T13,644.108
2026-06-05T14,646.805
2026-06-05T15,640.962
2026-06-05T16,644.108
2026-06-05T17,639.614
2026-06-05T18,637.366
2026-06-05T19,642.76
2026-06-05T20,615.791
2026-06-05T21,547.919
2026-06-05T22,262.048
2026-06-05T23,185.636
2026-06-06T00,147.877
2026-06-06T01,140.236
2026-06-06T02,137.539
2026-06-06T03,135.292
2026-06-06T04,133.044
2026-06-06T05,137.539
2026-06-06T06,183.835
2026-06-06T07,202.263
2026-06-06T08,281.82
2026-06-06T09,410.37
2026-06-06T10,653.086
2026-06-06T11,682.751
2026-06-06T12,690.392
2026-06-06T13,703.427
2026-06-06T14,707.472
2026-06-06T15,693.539
2026-06-06T16,672.413
2026-06-06T17,644.995
2026-06-06T18,639.602
2026-06-06T19,636.455
2026-06-06T20,583.867
2026-06-06T21,526.784
2026-06-06T22,333.959
2026-06-06T23,178.441
2026-06-07T00,151.746
2026-06-07T01,142.756
2026-06-07T02,142.397
2026-06-07T03,138.082
2026-06-07T04,137.722
2026-06-07T05,141.318
2026-06-07T06,178.356
2026-06-07T07,191.66
2026-06-07T08,219.349
2026-06-07T09,275.444
2026-06-07T10,388.715
2026-06-07T11,514.571
2026-06-07T12,564.553
2026-06-07T13,676.745
2026-06-07T14,690.05
2026-06-07T15,679.621
2026-06-07T16,642.584
2026-06-07T17,617.053
2026-06-07T18,612.738
2026-06-07T19,605.906
2026-06-07T20,576.42
2026-06-07T21,408.492
2026-06-07T22,201.369
2026-06-07T23,146.352
2026-06-08T00,138.445
2026-06-08T01,135.928
2026-06-08T02,132.691
2026-06-08T03,132.691
2026-06-08T04,133.051
2026-06-08T05,171.168
2026-06-08T06,222.95
2026-06-08T07,243.088
2026-06-08T08,302.781
2026-06-08T09,435.113
2026-06-08T10,659.501
2026-06-08T11,686.831
2026-06-08T12,684.673
2026-06-08T13,675.324
2026-06-08T14,681.797
2026-06-08T15,653.748
2026-06-08T16,626.419
2026-06-08T17,616.35
2026-06-08T18,619.586
2026-06-08T19,611.675
2026-06-08T20,581.469
2026-06-08T21,523.214
2026-06-08T22,250.639
2026-06-08T23,189.867
2026-06-09T00,151.917
2026-06-09T01,142.029
2026-06-09T02,139.332
2026-06-09T03,136.636
2026-06-09T04,135.737
2026-06-09T05,168.098
2026-06-09T06,222.482
2026-06-09T07,240.011
2026-06-09T08,297.542
2026-06-09T09,400.918
2026-06-09T10,618.905
2026-06-09T11,659.357
2026-06-09T12,679.582
2026-06-09T13,675.088
2026-06-09T14,666.998
2026-06-09T15,640.929
2026-06-09T16,639.581
2026-06-09T17,624.299
2026-06-09T18,636.434
2026-06-09T19,625.647
2026-06-09T20,605.422
2026-06-09T21,522.272
2026-06-09T22,242.259
2026-06-09T23,186.526
2026-06-10T00,147.887
2026-06-10T01,137.099
2026-06-10T02,135.301
2026-06-10T03,135.301
2026-06-10T04,135.301
2026-06-10T05,180.7
2026-06-10T06,231.045
2026-06-10T07,244.98
2026-06-10T08,293.526
2026-06-10T09,401.407
2026-06-10T10,657.624
2026-06-10T11,644.588
2026-06-10T12,666.164
2026-06-10T13,653.129
2026-06-10T14,625.26
2026-06-10T15,613.123
2026-06-10T16,629.305
2026-06-10T17,606.83
2026-06-10T18,605.931
2026-06-10T19,602.784
2026-06-10T20,578.511
2026-06-10T21,514.682
2026-06-10T22,254.869
2026-06-10T23,176.655
2026-06-11T00,141.593
2026-06-11T01,138.896
2026-06-11T02,133.951
2026-06-11T03,133.052
2026-06-11T04,133.502
2026-06-11T05,172.159
2026-06-11T06,218.457
2026-06-11T07,229.695
2026-06-11T08,296.67
2026-06-11T09,418.485
2026-06-11T10,642.336
2026-06-11T11,639.639
2026-06-11T12,672.003
2026-06-11T13,678.296
2026-06-11T14,681.892
2026-06-11T15,661.215
2026-06-11T16,635.144
2026-06-11T17,628.851
2026-06-11T18,640.538
2026-06-11T19,632.896
2026-06-11T20,605.477
2026-06-11T21,542.547
2026-06-11T22,258.912
2026-06-11T23,179.8
2026-06-12T00,143.834
2026-06-12T01,136.643
2026-06-12T02,134.395
2026-06-12T03,131.698
2026-06-12T04,132.148
2026-06-12T05,169.904
2026-06-12T06,222.494
2026-06-12T07,236.428
2026-06-12T08,290.815
2026-06-12T09,409.029
2026-06-12T10,628.377
2026-06-12T11,642.31
2026-06-12T12,646.805
2026-06-12T13,644.108
2026-06-12T14,646.805
2026-06-12T15,640.962
2026-06-12T16,644.108
2026-06-12T17,639.614
2026-06-12T18,637.366
2026-06-12T19,642.76
2026-06-12T20,615.791
2026-06-12T21,547.919
2026-06-12T22,262.048
2026-06-12T23,185.636
2026-06-13T00,147.877
2026-06-13T01,140.236
2026-06-13T02,137.539
2026-06-13T03,135.292
2026-06-13T04,133.044
2026-06-13T05,137.539
2026-06-13T06,183.835
2026-06-13T07,202.263
2026-06-13T08,281.82
2026-06-13T09,410.37
2026-06-13T10,653.086
2026-06-13T11,682.751
2026-06-13T12,690.392
2026-06-13T13,703.427
2026-06-13T14,707.472
2026-06-13T15,693.539
2026-06-13T16,672.413
2026-06-13T17,644.995
2026-06-13T18,639.602
2026-06-13T19,636.455
2026-06-13T20,583.867
2026-06-13T21,526.784
2026-06-13T22,333.959
2026-06-13T23,178.441
2026-06-14T00,151.746
2026-06-14T01,142.756
2026-06-14T02,142.397
2026-06-14T03,138.082
2026-06-14T04,137.722
2026-06-14T05,141.318
2026-06-14T06,178.356
2026-06-14T07,191.66
2026-06-14T08,219.349
2026-06-14T09,275.444
2026-06-14T10,388.715
2026-06-14T11,514.571
2026-06-14T12,564.553
2026-06-14T13,676.745
2026-06-14T14,690.05
2026-06-14T15,679.621
2026-06-14T16,642.584
2026-06-14T17,617.053
2026-06-14T18,612.738
2026-06-14T19,605.906
2026-06-14T20,576.42
2026-06-14T21,408.492
2026-06-14T22,201.369
2026-06-14T23,146.352
2026-06-15T00,138.445
2026-06-15T01,135.928
2026-06-15T02,132.691
2026-06-15T03,132.691
2026-06-15T04,133.051
2026-06-15T05,171.168
2026-06-15T06,222.95
2026-06-15T07,243.088
2026-06-15T08,302.781
2026-06-15T09,435.113
2026-06-15T10,659.501
2026-06-15T11,686.831
2026-06-15T12,684.673
2026-06-15T13,675.324
2026-06-15T14,681.797
2026-06-15T15,653.748
2026-06-15T16,626.419
2026-06-15T17,616.35
2026-06-15T18,619.586
2026-06-15T19,611.675
2026-06-15T20,581.469
2026-06-15T21,523.214
2026-06-15T22,250.639
2026-06-15T23,189.867
2026-06-16T00,151.917
2026-06-16T01,142.029
2026-06-16T02,139.332
2026-06-16T03,136.636
2026-06-16T04,135.737
2026-06-16T05,168.098
2026-06-16T06,222.482
2026-06-16T07,240.011
2026-06-16T08,297.542
2026-06-16T09,400.918
2026-06-16T10,618.905
2026-06-16T11,659.357
2026-06-16T12,679.582
2026-06-16T13,675.088
2026-06-16T14,666.998
2026-06-16T15,640.929
2026-06-16T16,639.581
2026-06-16T17,624.299
2026-06-16T18,636.434
2026-06-16T19,625.647
2026-06-16T20,605.422
2026-06-16T21,522.272
2026-06-16T22,242.259
2026-06-16T23,186.526
2026-06-17T00,147.887
2026-06-17T01,137.099
2026-06-17T02,135.301
2026-06-17T03,135.301
2026-06-17T04,135.301
2026-06-17T05,180.7
2026-06-17T06,231.045
2026-06-17T07,244.98
2026-06-17T08,293.526
2026-06-17T09,401.407
2026-06-17T10,657.624
2026-06-17T11,644.588
2026-06-17T12,666.164
2026-06-17T13,653.129
2026-06-17T14,625.26
2026-06-17T15,613.123
2026-06-17T16,629.305
2026-06-17T17,606.83
2026-06-17T18,605.931
2026-06-17T19,602.784
2026-06-17T20,578.511
2026-06-17T21,514.682
2026-06-17T22,254.869
2026-06-17T23,176.655
2026-06-18T00,141.593
2026-06-18T01,138.896
2026-06-18T02,133.951
2026-06-18T03,133.052
2026-06-18T04,133.502
2026-06-18T05,172.159
2026-06-18T06,218.457
2026-06-18T07,229.695
2026-06-18T08,296.67
2026-06-18T09,418.485
2026-06-18T10,642.336
2026-06-18T11,639.639
2026-06-18T12,672.003
2026-06-18T13,678.296
2026-06-18T14,681.892
2026-06-18T15,661.215
2026-06-18T16,635.144
2026-06-18T17,628.851
2026-06-18T18,640.538
2026-06-18T19,632.896
2026-06-18T20,605.477
2026-06-18T21,542.547
2026-06-18T22,258.912
2026-06-18T23,179.8
2026-06-19T00,143.834
2026-06-19T01,136.643
2026-06-19T02,134.395
2026-06-19T03,131.698
2026-06-19T04,132.148
2026-06-19T05,169.904
2026-06-19T06,222.494
2026-06-19T07,236.428
2026-06-19T08,290.815
2026-06-19T09,409.029
2026-06-19T10,628.377
2026-06-19T11,642.31
2026-06-19T12,646.805
2026-06-19T13,644.108
2026-06-19T14,646.805
2026-06-19T15,640.962
2026-06-19T16,644.108
2026-06-19T17,639.614
2026-06-19T18,637.366
2026-06-19T19,642.76
2026-06-19T20,615.791
2026-06-19T21,547.919
2026-06-19T22,262.048
2026-06-19T23,185.636
2026-06-20T00,147.877
2026-06-20T01,140.236
2026-06-20T02,137.539
2026-06-20T03,135.292
2026-06-20T04,133.044
2026-06-20T05,137.539
2026-06-20T06,183.835
2026-06-20T07,202.263
2026-06-20T08,281.82
2026-06-20T09,410.37
2026-06-20T10,653.086
2026-06-20T11,682.751
2026-06-20T12,690.392
2026-06-20T13,703.427
2026-06-20T14,707.472
2026-06-20T15,693.539
2026-06-20T16,672.413
2026-06-20T17,644.995
2026-06-20T18,639.602
2026-06-20T19,636.455
2026-06-20T20,583.867
2026-06-20T21,526.784
2026-06-20T22,333.959
2026-06-20T23,178.441
2026-06-21T00,151.746
2026-06-21T01,142.756
2026-06-21T02,142.397
2026-06-21T03,138.082
2026-06-21T04,137.722
2026-06-21T05,141.318
2026-06-21T06,178.356
2026-06-21T07,191.66
2026-06-21T08,219.349
2026-06-21T09,275.444
2026-06-21T10,388.715
2026-06-21T11,514.571
2026-06-21T12,564.553
2026-06-21T13,676.745
2026-06-21T14,690.05
2026-06-21T15,679.621
2026-06-21T16,642.584
2026-06-21T17,617.053
2026-06-21T18,612.738
2026-06-21T19,605.906
2026-06-21T20,576.42
2026-06-21T21,408.492
2026-06-21T22,201.369
2026-06-21T23,146.352
2026-06-22T00,138.445
2026-06-22T01,135.928
2026-06-22T02,132.691
2026-06-22T03,132.691
2026-06-22T04,133.051
2026-06-22T05,171.168
2026-06-22T06,222.95
2026-06-22T07,243.088
2026-06-22T08,302.781
2026-06-22T09,435.113
2026-06-22T10,659.501
2026-06-22T11,686.831
2026-06-22T12,684.673
2026-06-22T13,675.324
2026-06-22T14,681.797
2026-06-22T15,653.748
2026-06-22T16,626.419
2026-06-22T17,616.35
2026-06-22T18,619.586
2026-06-22T19,611.675
2026-06-22T20,581.469
2026-06-22T21,523.214
2026-06-22T22,250.639
2026-06-22T23,189.867
2026-06-23T00,151.917
2026-06-23T01,142.029
2026-06-23T02,139.332
2026-06-23T03,136.636
2026-06-23T04,135.737
2026-06-23T05,168.098
2026-06-23T06,222.482
2026-06-23T07,240.011
2026-06-23T08,297.542
2026-06-23T09,400.918
2026-06-23T10,618.905
2026-06-23T11,659.357
2026-06-23T12,679.582
2026-06-23T13,675.088
2026-06-23T14,666.998
2026-06-23T15,640.929
2026-06-23T16,639.581
2026-06-23T17,624.299
2026-06-23T18,636.434
2026-06-23T19,625.647
2026-06-23T20,605.422
2026-06-23T21,522.272
2026-06-23T22,242.259
2026-06-23T23,186.526
2026-06-24T00,147.887
2026-06-24T01,137.099
2026-06-24T02,135.301
2026-06-24T03,135.301
2026-06-24T04,135.301
2026-06-24T05,180.7
2026-06-24T06,231.045
2026-06-24T07,244.98
2026-06-24T08,293.526
2026-06-24T09,401.407
2026-06-24T10,657.624
2026-06-24T11,644.588
2026-06-24T12,666.164
2026-06-24T13,653.129
2026-06-24T14,625.26
2026-06-24T15,613.123
2026-06-24T16,629.305
2026-06-24T17,606.83
2026-06-24T18,605.931
2026-06-24T19,602.784
2026-06-24T20,578.511
2026-06-24T21,514.682
2026-06-24T22,254.869
2026-06-24T23,176.655
2026-06-25T00,141.593
2026-06-25T01,138.896
2026-06-25T02,133.951
2026-06-25T03,133.052
2026-06-25T04,133.502
2026-06-25T05,172.159
2026-06-25T06,218.457
2026-06-25T07,229.695
2026-06-25T08,296.67
2026-06-25T09,418.485
2026-06-25T10,642.336
2026-06-25T11,639.639
2026-06-25T12,672.003
2026-06-25T13,678.296
2026-06-25T14,681.892
2026-06-25T15,661.215
2026-06-25T16,635.144
2026-06-25T17,628.851
2026-06-25T18,640.538
2026-06-25T19,632.896
2026-06-25T20,605.477
2026-06-25T21,542.547
2026-06-25T22,258.912
2026-06-25T23,179.8
2026-06-26T00,143.834
2026-06-26T01,136.643
2026-06-26T02,134.395
2026-06-26T03,131.698
2026-06-26T04,132.148
2026-06-26T05,169.904
2026-06-26T06,222.494
2026-06-26T07,236.428
2026-06-26T08,290.815
2026-06-26T09,409.029
2026-06-26T10,628.377
2026-06-26T11,642.31
2026-06-26T12,646.805
2026-06-26T13,644.108
2026-06-26T14,646.805
2026-06-26T15,640.962
2026-06-26T16,644.108
2026-06-26T17,639.614
2026-06-26T18,637.366
2026-06-26T19,642.76
2026-06-26T20,615.791
2026-06-26T21,547.919
2026-06-26T22,262.048
2026-06-26T23,185.636
2026-06-27T00,147.877
2026-06-27T01,140.236
2026-06-27T02,137.539
2026-06-27T03,135.292
2026-06-27T04,133.044
2026-06-27T05,137.539
2026-06-27T06,183.835
2026-06-27T07,202.263
2026-06-27T08,281.82
2026-06-27T09,410.37
2026-06-27T10,653.086
2026-06-27T11,682.751
2026-06-27T12,690.392
2026-06-27T13,703.427
2026-06-27T14,707.472
2026-06-27T15,693.539
2026-06-27T16,672.413
2026-06-27T17,644.995
2026-06-27T18,639.602
2026-06-27T19,636.455
2026-06-27T20,583.867
2026-06-27T21,526.784
2026-06-27T22,333.959
2026-06-27T23,178.441
2026-06-28T00,151.746
2026-06-28T01,142.756
2026-06-28T02,142.397
2026-06-28T03,138.082
2026-06-28T04,137.722
2026-06-28T05,141.318
2026-06-28T06,178.356
2026-06-28T07,191.66
2026-06-28T08,219.349
2026-06-28T09,275.444
2026-06-28T10,388.715
2026-06-28T11,514.571
2026-06-28T12,564.553
2026-06-28T13,676.745
2026-06-28T14,690.05
2026-06-28T15,679.621
2026-06-28T16,642.584
2026-06-28T17,617.053
2026-06-28T18,612.738
2026-06-28T19,605.906
2026-06-28T20,576.42
2026-06-28T21,408.492
2026-06-28T22,201.369
2026-06-28T23,146.352
2026-06-29T00,138.445
2026-06-29T01,135.928
2026-06-29T02,132.691
2026-06-29T03,132.691
2026-06-29T04,133.051
2026-06-29T05,171.168
2026-06-29T06,222.95
2026-06-29T07,243.088
2026-06-29T08,302.781
2026-06-29T09,435.113
2026-06-29T10,659.501
2026-06-29T11,686.831
2026-06-29T12,684.673
2026-06-29T13,675.324
2026-06-29T14,681.797
2026-06-29T15,653.748
2026-06-29T16,626.419
2026-06-29T17,616.35
2026-06-29T18,619.586
2026-06-29T19,611.675
2026-06-29T20,581.469
2026-06-29T21,523.214
2026-06-29T22,250.639
2026-06-29T23,189.867
2026-06-30T00,151.917
2026-06-30T01,142.029
2026-06-30T02,139.332
2026-06-30T03,136.636
2026-06-30T04,135.737
2026-06-30T05,168.098
2026-06-30T06,222.482
2026-06-30T07,240.011
2026-06-30T08,297.542
2026-06-30T09,400.918
2026-06-30T10,618.905
2026-06-30T11,659.357
2026-06-30T12,679.582
2026-06-30T13,675.088
2026-06-30T14,666.998
2026-06-30T15,640.929
2026-06-30T16,639.581
2026-06-30T17,624.299
2026-06-30T18,636.434
2026-06-30T19,625.647
2026-06-30T20,605.422
2026-06-30T21,522.272
2026-06-30T22,242.259
2026-06-30T23,186.526
2026-07-01T00,140.544
2026-07-01T01,133.951
2026-07-01T02,133.257
2026-07-01T03,129.092
2026-07-01T04,126.663
2026-07-01T05,164.142
2026-07-01T06,216.195
2026-07-01T07,240.486
2026-07-01T08,276.577
2026-07-01T09,369.579
2026-07-01T10,559.747
2026-07-01T11,601.043
2026-07-01T12,615.27
2026-07-01T13,611.106
2026-07-01T14,606.595
2026-07-01T15,575.016
2026-07-01T16,548.295
2026-07-01T17,564.258
2026-07-01T18,567.728
2026-07-01T19,559.747
2026-07-01T20,550.724
2026-07-01T21,475.073
2026-07-01T22,232.158
2026-07-01T23,162.753
2026-07-02T00,132.912
2026-07-02T01,129.789
2026-07-02T02,127.707
2026-07-02T03,126.666
2026-07-02T04,126.666
2026-07-02T05,161.716
2026-07-02T06,217.24
2026-07-02T07,227.304
2026-07-02T08,259.578
2026-07-02T09,361.605
2026-07-02T10,556.635
2026-07-02T11,587.521
2026-07-02T12,589.603
2026-07-02T13,583.357
2026-07-02T14,566.352
2026-07-02T15,556.982
2026-07-02T16,558.717
2026-07-02T17,554.206
2026-07-02T18,555.594
2026-07-02T19,549.695
2026-07-02T20,525.75
2026-07-02T21,467.102
2026-07-02T22,217.587
2026-07-02T23,161.716
2026-07-03T00,136.639
2026-07-03T01,130.566
2026-07-03T02,128.397
2026-07-03T03,125.794
2026-07-03T04,125.361
2026-07-03T05,159.629
2026-07-03T06,218.622
2026-07-03T07,227.731
2026-07-03T08,283.688
2026-07-03T09,376.515
2026-07-03T10,536.578
2026-07-03T11,614.657
2026-07-03T12,620.296
2026-07-03T13,584.293
2026-07-03T14,612.922
2026-07-03T15,606.849
2026-07-03T16,603.379
2026-07-03T17,605.548
2026-07-03T18,589.932
2026-07-03T19,583.425
2026-07-03T20,571.713
2026-07-03T21,504.912
2026-07-03T22,240.31
2026-07-03T23,175.244
2026-07-04T00,139.685
2026-07-04T01,134.48
2026-07-04T02,131.009
2026-07-04T03,131.443
2026-07-04T04,125.803
2026-07-04T05,133.612
2026-07-04T06,174.823
2026-07-04T07,193.477
2026-07-04T08,254.643
2026-07-04T09,374.374
2026-07-04T10,558.741
2026-07-04T11,585.203
2026-07-04T12,584.769
2026-07-04T13,613.834
2026-07-04T14,638.561
2026-07-04T15,617.304
2026-07-04T16,614.702
2026-07-04T17,602.121
2026-07-04T18,577.828
2026-07-04T19,569.152
2026-07-04T20,540.521
2026-07-04T21,487.597
2026-07-04T22,301.061
2026-07-04T23,175.257
2026-07-05T00,131.449
2026-07-05T01,126.243
2026-07-05T02,126.677
2026-07-05T03,125.809
2026-07-05T04,123.64
2026-07-05T05,128.412
2026-07-05T06,163.118
2026-07-05T07,165.287
2026-07-05T08,193.92
2026-07-05T09,244.243
2026-07-05T10,327.972
2026-07-05T11,423.847
2026-07-05T12,475.906
2026-07-05T13,566.575
2026-07-05T14,571.347
2026-07-05T15,561.369
2026-07-05T16,518.421
2026-07-05T17,515.384
2026-07-05T18,513.215
2026-07-05T19,501.501
2026-07-05T20,467.229
2026-07-05T21,337.95
2026-07-05T22,177.434
2026-07-05T23,134.052
2026-07-06T00,125.798
2026-07-06T01,127.099
2026-07-06T02,127.967
2026-07-06T03,122.328
2026-07-06T04,122.328
2026-07-06T05,158.332
2026-07-06T06,214.724
2026-07-06T07,230.341
2026-07-06T08,271.117
2026-07-06T09,364.814
2026-07-06T10,559.585
2026-07-06T11,586.479
2026-07-06T12,589.95
2026-07-06T13,598.625
2026-07-06T14,584.31
2026-07-06T15,568.694
2026-07-06T16,563.489
2026-07-06T17,557.849
2026-07-06T18,571.731
2026-07-06T19,561.753
2026-07-06T20,548.306
2026-07-06T21,476.298
2026-07-06T22,226.87
2026-07-06T23,172.213
2026-07-07T00,140.203
2026-07-07T01,133.262
2026-07-07T02,128.057
2026-07-07T03,128.404
2026-07-07T04,127.362
2026-07-07T05,162.76
2026-07-07T06,216.898
2026-07-07T07,224.533
2026-07-07T08,268.606
2026-07-07T09,381.046
2026-07-07T10,577.122
2026-07-07T11,625.013
2026-07-07T12,632.301
2026-07-07T13,626.401
2026-07-07T14,628.83
2026-07-07T15,618.072
2026-07-07T16,606.967
2026-07-07T17,596.209
2026-07-07T18,599.332
2026-07-07T19,591.35
2026-07-07T20,572.263
2026-07-07T21,483.075
2026-07-07T22,235.638
2026-07-07T23,176.295
2026-07-08T00,140.544
2026-07-08T01,133.951
2026-07-08T02,133.257
2026-07-08T03,129.092
2026-07-08T04,126.663
2026-07-08T05,164.142
2026-07-08T06,216.195
2026-07-08T07,240.486
2026-07-08T08,276.577
2026-07-08T09,369.579
2026-07-08T10,559.747
2026-07-08T11,601.043
2026-07-08T12,615.27
2026-07-08T13,611.106
2026-07-08T14,606.595
2026-07-08T15,575.016
2026-07-08T16,548.295
2026-07-08T17,564.258
2026-07-08T18,567.728
2026-07-08T19,559.747
2026-07-08T20,550.724
2026-07-08T21,475.073
2026-07-08T22,232.158
2026-07-08T23,162.753
2026-07-09T00,132.912
2026-07-09T01,129.789
2026-07-09T02,127.707
2026-07-09T03,126.666
2026-07-09T04,126.666
2026-07-09T05,161.716
2026-07-09T06,217.24
2026-07-09T07,227.304
2026-07-09T08,259.578
2026-07-09T09,361.605
2026-07-09T10,556.635
2026-07-09T11,587.521
2026-07-09T12,589.603
2026-07-09T13,583.357
2026-07-09T14,566.352
2026-07-09T15,556.982
2026-07-09T16,558.717
2026-07-09T17,554.206
2026-07-09T18,555.594
2026-07-09T19,549.695
2026-07-09T20,525.75
2026-07-09T21,467.102
2026-07-09T22,217.587
2026-07-09T23,161.716
2026-07-10T00,136.639
2026-07-10T01,130.566
2026-07-10T02,128.397
2026-07-10T03,125.794
2026-07-10T04,125.361
2026-07-10T05,159.629
2026-07-10T06,218.622
2026-07-10T07,227.731
2026-07-10T08,283.688
2026-07-10T09,376.515
2026-07-10T10,536.578
2026-07-10T11,614.657
2026-07-10T12,620.296
2026-07-10T13,584.293
2026-07-10T14,612.922
2026-07-10T15,606.849
2026-07-10T16,603.379
2026-07-10T17,605.548
2026-07-10T18,589.932
2026-07-10T19,583.425
2026-07-10T20,571.713
2026-07-10T21,504.912
2026-07-10T22,240.31
2026-07-10T23,175.244
2026-07-11T00,139.685
2026-07-11T01,134.48
2026-07-11T02,131.009
2026-07-11T03,131.443
2026-07-11T04,125.803
2026-07-11T05,133.612
2026-07-11T06,174.823
2026-07-11T07,193.477
2026-07-11T08,254.643
2026-07-11T09,374.374
2026-07-11T10,558.741
2026-07-11T11,585.203
2026-07-11T12,584.769
2026-07-11T13,613.834
2026-07-11T14,638.561
2026-07-11T15,617.304
2026-07-11T16,614.702
2026-07-11T17,602.121
2026-07-11T18,577.828
2026-07-11T19,569.152
2026-07-11T20,540.521
2026-07-11T21,487.597
2026-07-11T22,301.061
2026-07-11T23,175.257
2026-07-12T00,131.449
2026-07-12T01,126.243
2026-07-12T02,126.677
2026-07-12T03,125.809
2026-07-12T04,123.64
2026-07-12T05,128.412
2026-07-12T06,163.118
2026-07-12T07,165.287
2026-07-12T08,193.92
2026-07-12T09,244.243
2026-07-12T10,327.972
2026-07-12T11,423.847
2026-07-12T12,475.906
2026-07-12T13,566.575
2026-07-12T14,571.347
2026-07-12T15,561.369
2026-07-12T16,518.421
2026-07-12T17,515.384
2026-07-12T18,513.215
2026-07-12T19,501.501
2026-07-12T20,467.229
2026-07-12T21,337.95
2026-07-12T22,177.434
2026-07-12T23,134.052
2026-07-13T00,125.798
2026-07-13T01,127.099
2026-07-13T02,127.967
2026-07-13T03,122.328
2026-07-13T04,122.328
2026-07-13T05,158.332
2026-07-13T06,214.724
2026-07-13T07,230.341
2026-07-13T08,271.117
2026-07-13T09,364.814
2026-07-13T10,559.585
2026-07-13T11,586.479
2026-07-13T12,589.95
2026-07-13T13,598.625
2026-07-13T14,584.31
2026-07-13T15,568.694
2026-07-13T16,563.489
2026-07-13T17,557.849
2026-07-13T18,571.731
2026-07-13T19,561.753
2026-07-13T20,548.306
2026-07-13T21,476.298
2026-07-13T22,226.87
2026-07-13T23,172.213
2026-07-14T00,140.203
2026-07-14T01,133.262
2026-07-14T02,128.057
2026-07-14T03,128.404
2026-07-14T04,127.362
2026-07-14T05,162.76
2026-07-14T06,216.898
2026-07-14T07,224.533
2026-07-14T08,268.606
2026-07-14T09,381.046
2026-07-14T10,577.122
2026-07-14T11,625.013
2026-07-14T12,632.301
2026-07-14T13,626.401
2026-07-14T14,628.83
2026-07-14T15,618.072
2026-07-14T16,606.967
2026-07-14T17,596.209
2026-07-14T18,599.332
2026-07-14T19,591.35
2026-07-14T20,572.263
2026-07-14T21,483.075
2026-07-14T22,235.638
2026-07-14T23,176.295
2026-07-15T00,140.544
2026-07-15T01,133.951
2026-07-15T02,133.257
2026-07-15T03,129.092
2026-07-15T04,126.663
2026-07-15T05,164.142
2026-07-15T06,216.195
2026-07-15T07,240.486
2026-07-15T08,276.577
2026-07-15T09,369.579
2026-07-15T10,559.747
2026-07-15T11,601.043
2026-07-15T12,615.27
2026-07-15T13,611.106
2026-07-15T14,606.595
2026-07-15T15,575.016
2026-07-15T16,548.295
2026-07-15T17,564.258
2026-07-15T18,567.728
2026-07-15T19,559.747
2026-07-15T20,550.724
2026-07-15T21,475.073
2026-07-15T22,232.158
2026-07-15T23,162.753
2026-07-16T00,132.912
2026-07-16T01,129.789
2026-07-16T02,127.707
2026-07-16T03,126.666
2026-07-16T04,126.666
2026-07-16T05,161.716
2026-07-16T06,217.24
2026-07-16T07,227.304
2026-07-16T08,259.578
2026-07-16T09,361.605
2026-07-16T10,556.635
2026-07-16T11,587.521
2026-07-16T12,589.603
2026-07-16T13,583.357
2026-07-16T14,566.352
2026-07-16T15,556.982
2026-07-16T16,558.717
2026-07-16T17,554.206
2026-07-16T18,555.594
2026-07-16T19,549.695
2026-07-16T20,525.75
2026-07-16T21,467.102
2026-07-16T22,217.587
2026-07-16T23,161.716
2026-07-17T00,136.639
2026-07-17T01,130.566
2026-07-17T02,128.397
2026-07-17T03,125.794
2026-07-17T04,125.361
2026-07-17T05,159.629
2026-07-17T06,218.622
2026-07-17T07,227.731
2026-07-17T08,283.688
2026-07-17T09,376.515
2026-07-17T10,536.578
2026-07-17T11,614.657
2026-07-17T12,620.296
2026-07-17T13,584.293
2026-07-17T14,612.922
2026-07-17T15,606.849
2026-07-17T16,603.379
2026-07-17T17,605.548
2026-07-17T18,589.932
2026-07-17T19,583.425
2026-07-17T20,571.713
2026-07-17T21,504.912
2026-07-17T22,240.31
2026-07-17T23,175.244
2026-07-18T00,139.685
2026-07-18T01,134.48
2026-07-18T02,131.009
2026-07-18T03,131.443
2026-07-18T04,125.803
2026-07-18T05,133.612
2026-07-18T06,174.823
2026-07-18T07,193.477
2026-07-18T08,254.643
2026-07-18T09,374.374
2026-07-18T10,558.741
2026-07-18T11,585.203
2026-07-18T12,584.769
2026-07-18T13,613.834
2026-07-18T14,638.561
2026-07-18T15,617.304
2026-07-18T16,614.702
2026-07-18T17,602.121
2026-07-18T18,577.828
2026-07-18T19,569.152
2026-07-18T20,540.521
2026-07-18T21,487.597
2026-07-18T22,301.061
2026-07-18T23,175.257
2026-07-19T00,131.449
2026-07-19T01,126.243
2026-07-19T02,126.677
2026-07-19T03,125.809
2026-07-19T04,123.64
2026-07-19T05,128.412
2026-07-19T06,163.118
2026-07-19T07,165.287
2026-07-19T08,193.92
2026-07-19T09,244.243
2026-07-19T10,327.972
2026-07-19T11,423.847
2026-07-19T12,475.906
2026-07-19T13,566.575
2026-07-19T14,571.347
2026-07-19T15,561.369
2026-07-19T16,518.421
2026-07-19T17,515.384
2026-07-19T18,513.215
2026-07-19T19,501.501
2026-07-19T20,467.229
2026-07-19T21,337.95
2026-07-19T22,177.434
2026-07-19T23,134.052
2026-07-20T00,125.798
2026-07-20T01,127.099
2026-07-20T02,127.967
2026-07-20T03,122.328
2026-07-20T04,122.328
2026-07-20T05,158.332
2026-07-20T06,214.724
2026-07-20T07,230.341
2026-07-20T08,271.117
2026-07-20T09,364.814
2026-07-20T10,559.585
2026-07-20T11,586.479
2026-07-20T12,589.95
2026-07-20T13,598.625
2026-07-20T14,584.31
2026-07-20T15,568.694
2026-07-20T16,563.489
2026-07-20T17,557.849
2026-07-20T18,571.731
2026-07-20T19,561.753
2026-07-20T20,548.306
2026-07-20T21,476.298
2026-07-20T22,226.87
2026-07-20T23,172.213
2026-07-21T00,140.203
2026-07-21T01,133.262
2026-07-21T02,128.057
2026-07-21T03,128.404
2026-07-21T04,127.362
2026-07-21T05,162.76
2026-07-21T06,216.898
2026-07-21T07,224.533
2026-07-21T08,268.606
2026-07-21T09,381.046
2026-07-21T10,577.122
2026-07-21T11,625.013
2026-07-21T12,632.301
2026-07-21T13,626.401
2026-07-21T14,628.83
2026-07-21T15,618.072
2026-07-21T16,606.967
2026-07-21T17,596.209
2026-07-21T18,599.332
2026-07-21T19,591.35
2026-07-21T20,572.263
2026-07-21T21,483.075
2026-07-21T22,235.638
2026-07-21T23,176.295
2026-07-22T00,140.544
2026-07-22T01,133.951
2026-07-22T02,133.257
2026-07-22T03,129.092
2026-07-22T04,126.663
2026-07-22T05,164.142
2026-07-22T06,216.195
2026-07-22T07,240.486
2026-07-22T08,276.577
2026-07-22T09,369.579
2026-07-22T10,559.747
2026-07-22T11,601.043
2026-07-22T12,615.27
2026-07-22T13,611.106
2026-07-22T14,606.595
2026-07-22T15,575.016
2026-07-22T16,548.295
2026-07-22T17,564.258
2026-07-22T18,567.728
2026-07-22T19,559.747
2026-07-22T20,550.724
2026-07-22T21,475.073
2026-07-22T22,232.158
2026-07-22T23,162.753
2026-07-23T00,132.912
2026-07-23T01,129.789
2026-07-23T02,127.707
2026-07-23T03,126.666
2026-07-23T04,126.666
2026-07-23T05,161.716
2026-07-23T06,217.24
2026-07-23T07,227.304
2026-07-23T08,259.578
2026-07-23T09,361.605
2026-07-23T10,556.635
2026-07-23T11,587.521
2026-07-23T12,589.603
2026-07-23T13,583.357
2026-07-23T14,566.352
2026-07-23T15,556.982
2026-07-23T16,558.717
2026-07-23T17,554.206
2026-07-23T18,555.594
2026-07-23T19,549.695
2026-07-23T20,525.75
2026-07-23T21,467.102
2026-07-23T22,217.587
2026-07-23T23,161.716
2026-07-24T00,136.639
2026-07-24T01,130.566
2026-07-24T02,128.397
2026-07-24T03,125.794
2026-07-24T04,125.361
2026-07-24T05,159.629
2026-07-24T06,218.622
2026-07-24T07,227.731
2026-07-24T08,283.688
2026-07-24T09,376.515
2026-07-24T10,536.578
2026-07-24T11,614.657
2026-07-24T12,620.296
2026-07-24T13,584.293
2026-07-24T14,612.922
2026-07-24T15,606.849
2026-07-24T16,603.379
2026-07-24T17,605.548
2026-07-24T18,589.932
2026-07-24T19,583.425
2026-07-24T20,571.713
2026-07-24T21,504.912
2026-07-24T22,240.31
2026-07-24T23,175.244
2026-07-25T00,139.685
2026-07-25T01,134.48
2026-07-25T02,131.009
2026-07-25T03,131.443
2026-07-25T04,125.803
2026-07-25T05,133.612
2026-07-25T06,174.823
2026-07-25T07,193.477
2026-07-25T08,254.643
2026-07-25T09,374.374
2026-07-25T10,558.741
2026-07-25T11,585.203
2026-07-25T12,584.769
2026-07-25T13,613.834
2026-07-25T14,638.561
2026-07-25T15,617.304
2026-07-25T16,614.702
2026-07-25T17,602.121
2026-07-25T18,577.828
2026-07-25T19,569.152
2026-07-25T20,540.521
2026-07-25T21,487.597
2026-07-25T22,301.061
2026-07-25T23,175.257
2026-07-26T00,131.449
2026-07-26T01,126.243
2026-07-26T02,126.677
2026-07-26T03,125.809
2026-07-26T04,123.64
2026-07-26T05,128.412
2026-07-26T06,163.118
2026-07-26T07,165.287
2026-07-26T08,193.92
2026-07-26T09,244.243
2026-07-26T10,327.972
2026-07-26T11,423.847
2026-07-26T12,475.906
2026-07-26T13,566.575
2026-07-26T14,571.347
2026-07-26T15,561.369
2026-07-26T16,518.421
2026-07-26T17,515.384
2026-07-26T18,513.215
2026-07-26T19,501.501
2026-07-26T20,467.229
2026-07-26T21,337.95
2026-07-26T22,177.434
2026-07-26T23,134.052
2026-07-27T00,125.798
2026-07-27T01,127.099
2026-07-27T02,127.967
2026-07-27T03,122.328
2026-07-27T04,122.328
2026-07-27T05,158.332
2026-07-27T06,214.724
2026-07-27T07,230.341
2026-07-27T08,271.117
2026-07-27T09,364.814
2026-07-27T10,559.585
2026-07-27T11,586.479
2026-07-27T12,589.95
2026-07-27T13,598.625
2026-07-27T14,584.31
2026-07-27T15,568.694
2026-07-27T16,563.489
2026-07-27T17,557.849
2026-07-27T18,571.731
2026-07-27T19,561.753
2026-07-27T20,548.306
2026-07-27T21,476.298
2026-07-27T22,226.87
2026-07-27T23,172.213
2026-07-28T00,140.203
2026-07-28T01,133.262
2026-07-28T02,128.057
2026-07-28T03,128.404
2026-07-28T04,127.362
2026-07-28T05,162.76
2026-07-28T06,216.898
2026-07-28T07,224.533
2026-07-28T08,268.606
2026-07-28T09,381.046
2026-07-28T10,577.122
2026-07-28T11,625.013
2026-07-28T12,632.301
2026-07-28T13,626.401
2026-07-28T14,628.83
2026-07-28T15,618.072
2026-07-28T16,606.967
2026-07-28T17,596.209
2026-07-28T18,599.332
2026-07-28T19,591.35
2026-07-28T20,572.263
2026-07-28T21,483.075
2026-07-28T22,235.638
2026-07-28T23,176.295
2026-07-29T00,140.544
2026-07-29T01,133.951
2026-07-29T02,133.257
2026-07-29T03,129.092
2026-07-29T04,126.663
2026-07-29T05,164.142
2026-07-29T06,216.195
2026-07-29T07,240.486
2026-07-29T08,276.577
2026-07-29T09,369.579
2026-07-29T10,559.747
2026-07-29T11,601.043
2026-07-29T12,615.27
2026-07-29T13,611.106
2026-07-29T14,606.595
2026-07-29T15,575.016
2026-07-29T16,548.295
2026-07-29T17,564.258
2026-07-29T18,567.728
2026-07-29T19,559.747
2026-07-29T20,550.724
2026-07-29T21,475.073
2026-07-29T22,232.158
2026-07-29T23,162.753
2026-07-30T00,132.912
2026-07-30T01,129.789
2026-07-30T02,127.707
2026-07-30T03,126.666
2026-07-30T04,126.666
2026-07-30T05,161.716
2026-07-30T06,217.24
2026-07-30T07,227.304
2026-07-30T08,259.578
2026-07-30T09,361.605
2026-07-30T10,556.635
2026-07-30T11,587.521
2026-07-30T12,589.603
2026-07-30T13,583.357
2026-07-30T14,566.352
2026-07-30T15,556.982
2026-07-30T16,558.717
2026-07-30T17,554.206
2026-07-30T18,555.594
2026-07-30T19,549.695
2026-07-30T20,525.75
2026-07-30T21,467.102
2026-07-30T22,217.587
2026-07-30T23,161.716
2026-07-31T00,136.639
2026-07-31T01,130.566
2026-07-31T02,128.397
2026-07-31T03,125.794
2026-07-31T04,125.361
2026-07-31T05,159.629
2026-07-31T06,218.622
2026-07-31T07,227.731
2026-07-31T08,283.688
2026-07-31T09,376.515
2026-07-31T10,536.578
2026-07-31T11,614.657
2026-07-31T12,620.296
2026-07-31T13,584.293
2026-07-31T14,612.922
2026-07-31T15,606.849
2026-07-31T16,603.379
2026-07-31T17,605.548
2026-07-31T18,589.932
2026-07-31T19,583.425
2026-07-31T20,571.713
2026-07-31T21,504.912
2026-07-31T22,240.31
2026-07-31T23,175.244
2026-08-01T00,135.72
2026-08-01T01,130.173
2026-08-01T02,128.216
2026-08-01T03,127.237
2026-08-01T04,127.563
2026-08-01T05,131.478
2026-08-01T06,172.912
2026-08-01T07,183.026
2026-08-01T08,234.899
2026-08-01T09,322.66
2026-08-01T10,521.02
2026-08-01T11,593.773
2026-08-01T12,602.582
2026-08-01T13,607.802
2026-08-01T14,623.788
2026-08-01T15,646.625
2026-08-01T16,629.334
2026-08-01T17,606.497
2026-08-01T18,593.773
2026-08-01T19,576.808
2026-08-01T20,555.276
2026-08-01T21,503.402
2026-08-01T22,289.057
2026-08-01T23,151.38
2026-08-02T00,130.173
2026-08-02T01,127.237
2026-08-02T02,127.563
2026-08-02T03,126.584
2026-08-02T04,124.301
2026-08-02T05,126.584
2026-08-02T06,156.599
2026-08-02T07,169.323
2026-08-02T08,191.834
2026-08-02T09,225.111
2026-08-02T10,303.737
2026-08-02T11,403.895
2026-08-02T12,497.529
2026-08-02T13,599.644
2026-08-02T14,617.262
2026-08-02T15,595.403
2026-08-02T16,559.189
2026-08-02T17,537.657
2026-08-02T18,534.721
2026-08-02T19,523.955
2026-08-02T20,488.394
2026-08-02T21,332.121
2026-08-02T22,185.309
2026-08-02T23,143.875
2026-08-03T00,118.265
2026-08-03T01,121.528
2026-08-03T02,118.673
2026-08-03T03,116.226
2026-08-03T04,116.226
2026-08-03T05,154.56
2026-08-03T06,201.867
2026-08-03T07,209.615
2026-08-03T08,254.882
2026-08-03T09,342.969
2026-08-03T10,530.563
2026-08-03T11,588.88
2026-08-03T12,605.192
2026-08-03T13,597.444
2026-08-03T14,578.276
2026-08-03T15,557.478
2026-08-03T16,547.283
2026-08-03T17,535.864
2026-08-03T18,550.545
2026-08-03T19,545.652
2026-08-03T20,529.747
2026-08-03T21,457.972
2026-08-03T22,210.838
2026-08-03T23,159.454
2026-08-04T00,128.045
2026-08-04T01,123.559
2026-08-04T02,124.783
2026-08-04T03,125.598
2026-08-04T04,126.414
2026-08-04T05,160.26
2026-08-04T06,207.155
2026-08-04T07,216.127
2026-08-04T08,255.682
2026-08-04T09,333.569
2026-08-04T10,498.315
2026-08-04T11,577.833
2026-08-04T12,588.436
2026-08-04T13,593.737
2026-08-04T14,557.036
2026-08-04T15,540.725
2026-08-04T16,549.696
2026-08-04T17,527.268
2026-08-04T18,527.268
2026-08-04T19,522.374
2026-08-04T20,517.889
2026-08-04T21,437.962
2026-08-04T22,213.68
2026-08-04T23,156.59
2026-08-05T00,125.196
2026-08-05T01,121.526
2026-08-05T02,121.933
2026-08-05T03,119.894
2026-08-05T04,117.448
2026-08-05T05,155.373
2026-08-05T06,207.572
2026-08-05T07,218.175
2026-08-05T08,253.246
2026-08-05T09,346.226
2026-08-05T10,540.748
2026-08-05T11,563.177
2026-08-05T12,568.886
2026-08-05T13,571.741
2026-08-05T14,606.404
2026-08-05T15,566.847
2026-08-05T16,552.982
2026-08-05T17,548.904
2026-08-05T18,552.167
2026-08-05T19,533.408
2026-08-05T20,496.705
2026-08-05T21,442.059
2026-08-05T22,202.679
2026-08-05T23,151.703
2026-08-06T00,130.906
2026-08-06T01,127.643
2026-08-06T02,125.196
2026-08-06T03,121.118
2026-08-06T04,121.526
2026-08-06T05,157.821
2026-08-06T06,210.836
2026-08-06T07,214.914
2026-08-06T08,258.549
2026-08-06T09,347.859
2026-08-06T10,531.779
2026-08-06T11,586.425
2026-08-06T12,611.301
2026-08-06T13,622.312
2026-08-06T14,622.312
2026-08-06T15,603.961
2026-08-06T16,592.95
2026-08-06T17,566.035
2026-08-06T18,570.928
2026-08-06T19,565.627
2026-08-06T20,531.371
2026-08-06T21,450.218
2026-08-06T22,218.176
2026-08-06T23,165.236
2026-08-07T00,138.006
2026-08-07T01,133.765
2026-08-07T02,131.481
2026-08-07T03,129.197
2026-08-07T04,131.154
2026-08-07T05,163.127
2026-08-07T06,210.761
2026-08-07T07,217.612
2026-08-07T08,273.728
2026-08-07T09,385.307
2026-08-07T10,577.145
2026-08-07T11,615.643
2026-08-07T12,627.388
2026-08-07T13,624.452
2026-08-07T14,619.558
2026-08-07T15,613.359
2026-08-07T16,596.72
2026-08-07T17,578.124
2026-08-07T18,568.336
2026-08-07T19,570.294
2026-08-07T20,566.052
2026-08-07T21,502.759
2026-08-07T22,236.535
2026-08-07T23,161.496
2026-08-08T00,135.72
2026-08-08T01,130.173
2026-08-08T02,128.216
2026-08-08T03,127.237
2026-08-08T04,127.563
2026-08-08T05,131.478
2026-08-08T06,172.912
2026-08-08T07,183.026
2026-08-08T08,234.899
2026-08-08T09,322.66
2026-08-08T10,521.02
2026-08-08T11,593.773
2026-08-08T12,602.582
2026-08-08T13,607.802
2026-08-08T14,623.788
2026-08-08T15,646.625
2026-08-08T16,629.334
2026-08-08T17,606.497
2026-08-08T18,593.773
2026-08-08T19,576.808
2026-08-08T20,555.276
2026-08-08T21,503.402
2026-08-08T22,289.057
2026-08-08T23,151.38
2026-08-09T00,130.173
2026-08-09T01,127.237
2026-08-09T02,127.563
2026-08-09T03,126.584
2026-08-09T04,124.301
2026-08-09T05,126.584
2026-08-09T06,156.599
2026-08-09T07,169.323
2026-08-09T08,191.834
2026-08-09T09,225.111
2026-08-09T10,303.737
2026-08-09T11,403.895
2026-08-09T12,497.529
2026-08-09T13,599.644
2026-08-09T14,617.262
2026-08-09T15,595.403
2026-08-09T16,559.189
2026-08-09T17,537.657
2026-08-09T18,534.721
2026-08-09T19,523.955
2026-08-09T20,488.394
2026-08-09T21,332.121
2026-08-09T22,185.309
2026-08-09T23,143.875
2026-08-10T00,118.265
2026-08-10T01,121.528
2026-08-10T02,118.673
2026-08-10T03,116.226
2026-08-10T04,116.226
2026-08-10T05,154.56
2026-08-10T06,201.867
2026-08-10T07,209.615
2026-08-10T08,254.882
2026-08-10T09,342.969
2026-08-10T10,530.563
2026-08-10T11,588.88
2026-08-10T12,605.192
2026-08-10T13,597.444
2026-08-10T14,578.276
2026-08-10T15,557.478
2026-08-10T16,547.283
2026-08-10T17,535.864
2026-08-10T18,550.545
2026-08-10T19,545.652
2026-08-10T20,529.747
2026-08-10T21,457.972
2026-08-10T22,210.838
2026-08-10T23,159.454
2026-08-11T00,128.045
2026-08-11T01,123.559
2026-08-11T02,124.783
2026-08-11T03,125.598
2026-08-11T04,126.414
2026-08-11T05,160.26
2026-08-11T06,207.155
2026-08-11T07,216.127
2026-08-11T08,255.682
2026-08-11T09,333.569
2026-08-11T10,498.315
2026-08-11T11,577.833
2026-08-11T12,588.436
2026-08-11T13,593.737
2026-08-11T14,557.036
2026-08-11T15,540.725
2026-08-11T16,549.696
2026-08-11T17,527.268
2026-08-11T18,527.268
2026-08-11T19,522.374
2026-08-11T20,517.889
2026-08-11T21,437.962
2026-08-11T22,213.68
2026-08-11T23,156.59
2026-08-12T00,125.196
2026-08-12T01,121.526
2026-08-12T02,121.933
2026-08-12T03,119.894
2026-08-12T04,117.448
2026-08-12T05,155.373
2026-08-12T06,207.572
2026-08-12T07,218.175
2026-08-12T08,253.246
2026-08-12T09,346.226
2026-08-12T10,540.748
2026-08-12T11,563.177
2026-08-12T12,568.886
2026-08-12T13,571.741
2026-08-12T14,606.404
2026-08-12T15,566.847
2026-08-12T16,552.982
2026-08-12T17,548.904
2026-08-12T18,552.167
2026-08-12T19,533.408
2026-08-12T20,496.705
2026-08-12T21,442.059
2026-08-12T22,202.679
2026-08-12T23,151.703
2026-08-13T00,130.906
2026-08-13T01,127.643
2026-08-13T02,125.196
2026-08-13T03,121.118
2026-08-13T04,121.526
2026-08-13T05,157.821
2026-08-13T06,210.836
2026-08-13T07,214.914
2026-08-13T08,258.549
2026-08-13T09,347.859
2026-08-13T10,531.779
2026-08-13T11,586.425
2026-08-13T12,611.301
2026-08-13T13,622.312
2026-08-13T14,622.312
2026-08-13T15,603.961
2026-08-13T16,592.95
2026-08-13T17,566.035
2026-08-13T18,570.928
2026-08-13T19,565.627
2026-08-13T20,531.371
2026-08-13T21,450.218
2026-08-13T22,218.176
2026-08-13T23,165.236
2026-08-14T00,138.006
2026-08-14T01,133.765
2026-08-14T02,131.481
2026-08-14T03,129.197
2026-08-14T04,131.154
2026-08-14T05,163.127
2026-08-14T06,210.761
2026-08-14T07,217.612
2026-08-14T08,273.728
2026-08-14T09,385.307
2026-08-14T10,577.145
2026-08-14T11,615.643
2026-08-14T12,627.388
2026-08-14T13,624.452
2026-08-14T14,619.558
2026-08-14T15,613.359
2026-08-14T16,596.72
2026-08-14T17,578.124
2026-08-14T18,568.336
2026-08-14T19,570.294
2026-08-14T20,566.052
2026-08-14T21,502.759
2026-08-14T22,236.535
2026-08-14T23,161.496
2026-08-15T00,135.72
2026-08-15T01,130.173
2026-08-15T02,128.216
2026-08-15T03,127.237
2026-08-15T04,127.563
2026-08-15T05,131.478
2026-08-15T06,172.912
2026-08-15T07,183.026
2026-08-15T08,234.899
2026-08-15T09,322.66
2026-08-15T10,521.02
2026-08-15T11,593.773
2026-08-15T12,602.582
2026-08-15T13,607.802
2026-08-15T14,623.788
2026-08-15T15,646.625
2026-08-15T16,629.334
2026-08-15T17,606.497
2026-08-15T18,593.773
2026-08-15T19,576.808
2026-08-15T20,555.276
2026-08-15T21,503.402
2026-08-15T22,289.057
2026-08-15T23,151.38
2026-08-16T00,130.173
2026-08-16T01,127.237
2026-08-16T02,127.563
2026-08-16T03,126.584
2026-08-16T04,124.301
2026-08-16T05,126.584
2026-08-16T06,156.599
2026-08-16T07,169.323
2026-08-16T08,191.834
2026-08-16T09,225.111
2026-08-16T10,303.737
2026-08-16T11,403.895
2026-08-16T12,497.529
2026-08-16T13,599.644
2026-08-16T14,617.262
2026-08-16T15,595.403
2026-08-16T16,559.189
2026-08-16T17,537.657
2026-08-16T18,534.721
2026-08-16T19,523.955
2026-08-16T20,488.394
2026-08-16T21,332.121
2026-08-16T22,185.309
2026-08-16T23,143.875
2026-08-17T00,118.265
2026-08-17T01,121.528
2026-08-17T02,118.673
2026-08-17T03,116.226
2026-08-17T04,116.226
2026-08-17T05,154.56
2026-08-17T06,201.867
2026-08-17T07,209.615
2026-08-17T08,254.882
2026-08-17T09,342.969
2026-08-17T10,530.563
2026-08-17T11,588.88
2026-08-17T12,605.192
2026-08-17T13,597.444
2026-08-17T14,578.276
2026-08-17T15,557.478
2026-08-17T16,547.283
2026-08-17T17,535.864
2026-08-17T18,550.545
2026-08-17T19,545.652
2026-08-17T20,529.747
2026-08-17T21,457.972
2026-08-17T22,210.838
2026-08-17T23,159.454
2026-08-18T00,128.045
2026-08-18T01,123.559
2026-08-18T02,124.783
2026-08-18T03,125.598
2026-08-18T04,126.414
2026-08-18T05,160.26
2026-08-18T06,207.155
2026-08-18T07,216.127
2026-08-18T08,255.682
2026-08-18T09,333.569
2026-08-18T10,498.315
2026-08-18T11,577.833
2026-08-18T12,588.436
2026-08-18T13,593.737
2026-08-18T14,557.036
2026-08-18T15,540.725
2026-08-18T16,549.696
2026-08-18T17,527.268
2026-08-18T18,527.268
2026-08-18T19,522.374
2026-08-18T20,517.889
2026-08-18T21,437.962
2026-08-18T22,213.68
2026-08-18T23,156.59
2026-08-19T00,125.196
2026-08-19T01,121.526
2026-08-19T02,121.933
2026-08-19T03,119.894
2026-08-19T04,117.448
2026-08-19T05,155.373
2026-08-19T06,207.572
2026-08-19T07,218.175
2026-08-19T08,253.246
2026-08-19T09,346.226
2026-08-19T10,540.748
2026-08-19T11,563.177
2026-08-19T12,568.886
2026-08-19T13,571.741
2026-08-19T14,606.404
2026-08-19T15,566.847
2026-08-19T16,552.982
2026-08-19T17,548.904
2026-08-19T18,552.167
2026-08-19T19,533.408
2026-08-19T20,496.705
2026-08-19T21,442.059
2026-08-19T22,202.679
2026-08-19T23,151.703
2026-08-20T00,130.906
2026-08-20T01,127.643
2026-08-20T02,125.196
2026-08-20T03,121.118
2026-08-20T04,121.526
2026-08-20T05,157.821
2026-08-20T06,210.836
2026-08-20T07,214.914
2026-08-20T08,258.549
2026-08-20T09,347.859
2026-08-20T10,531.779
2026-08-20T11,586.425
2026-08-20T12,611.301
2026-08-20T13,622.312
2026-08-20T14,622.312
2026-08-20T15,603.961
2026-08-20T16,592.95
2026-08-20T17,566.035
2026-08-20T18,570.928
2026-08-20T19,565.627
2026-08-20T20,531.371
2026-08-20T21,450.218
2026-08-20T22,218.176
2026-08-20T23,165.236
2026-08-21T00,138.006
2026-08-21T01,133.765
2026-08-21T02,131.481
2026-08-21T03,129.197
2026-08-21T04,131.154
2026-08-21T05,163.127
2026-08-21T06,210.761
2026-08-21T07,217.612
2026-08-21T08,273.728
2026-08-21T09,385.307
2026-08-21T10,577.145
2026-08-21T11,615.643
2026-08-21T12,627.388
2026-08-21T13,624.452
2026-08-21T14,619.558
2026-08-21T15,613.359
2026-08-21T16,596.72
2026-08-21T17,578.124
2026-08-21T18,568.336
2026-08-21T19,570.294
2026-08-21T20,566.052
2026-08-21T21,502.759
2026-08-21T22,236.535
2026-08-21T23,161.496
2026-08-22T00,135.72
2026-08-22T01,130.173
2026-08-22T02,128.216
2026-08-22T03,127.237
2026-08-22T04,127.563
2026-08-22T05,131.478
2026-08-22T06,172.912
2026-08-22T07,183.026
2026-08-22T08,234.899
2026-08-22T09,322.66
2026-08-22T10,521.02
2026-08-22T11,593.773
2026-08-22T12,602.582
2026-08-22T13,607.802
2026-08-22T14,623.788
2026-08-22T15,646.625
2026-08-22T16,629.334
2026-08-22T17,606.497
2026-08-22T18,593.773
2026-08-22T19,576.808
2026-08-22T20,555.276
2026-08-22T21,503.402
2026-08-22T22,289.057
2026-08-22T23,151.38
2026-08-23T00,130.173
2026-08-23T01,127.237
2026-08-23T02,127.563
2026-08-23T03,126.584
2026-08-23T04,124.301
2026-08-23T05,126.584
2026-08-23T06,156.599
2026-08-23T07,169.323
2026-08-23T08,191.834
2026-08-23T09,225.111
2026-08-23T10,303.737
2026-08-23T11,403.895
2026-08-23T12,497.529
2026-08-23T13,599.644
2026-08-23T14,617.262
2026-08-23T15,595.403
2026-08-23T16,559.189
2026-08-23T17,537.657
2026-08-23T18,534.721
2026-08-23T19,523.955
2026-08-23T20,488.394
2026-08-23T21,332.121
2026-08-23T22,185.309
2026-08-23T23,143.875
2026-08-24T00,118.265
2026-08-24T01,121.528
2026-08-24T02,118.673
2026-08-24T03,116.226
2026-08-24T04,116.226
2026-08-24T05,154.56
2026-08-24T06,201.867
2026-08-24T07,209.615
2026-08-24T08,254.882
2026-08-24T09,342.969
2026-08-24T10,530.563
2026-08-24T11,588.88
2026-08-24T12,605.192
2026-08-24T13,597.444
2026-08-24T14,578.276
2026-08-24T15,557.478
2026-08-24T16,547.283
2026-08-24T17,535.864
2026-08-24T18,550.545
2026-08-24T19,545.652
2026-08-24T20,529.747
2026-08-24T21,457.972
2026-08-24T22,210.838
2026-08-24T23,159.454
2026-08-25T00,128.045
2026-08-25T01,123.559
2026-08-25T02,124.783
2026-08-25T03,125.598
2026-08-25T04,126.414
2026-08-25T05,160.26
2026-08-25T06,207.155
2026-08-25T07,216.127
2026-08-25T08,255.682
2026-08-25T09,333.569
2026-08-25T10,498.315
2026-08-25T11,577.833
2026-08-25T12,588.436
2026-08-25T13,593.737
2026-08-25T14,557.036
2026-08-25T15,540.725
2026-08-25T16,549.696
2026-08-25T17,527.268
2026-08-25T18,527.268
2026-08-25T19,522.374
2026-08-25T20,517.889
2026-08-25T21,437.962
2026-08-25T22,213.68
2026-08-25T23,156.59
2026-08-26T00,125.196
2026-08-26T01,121.526
2026-08-26T02,121.933
2026-08-26T03,119.894
2026-08-26T04,117.448
2026-08-26T05,155.373
2026-08-26T06,207.572
2026-08-26T07,218.175
2026-08-26T08,253.246
2026-08-26T09,346.226
2026-08-26T10,540.748
2026-08-26T11,563.177
2026-08-26T12,568.886
2026-08-26T13,571.741
2026-08-26T14,606.404
2026-08-26T15,566.847
2026-08-26T16,552.982
2026-08-26T17,548.904
2026-08-26T18,552.167
2026-08-26T19,533.408
2026-08-26T20,496.705
2026-08-26T21,442.059
2026-08-26T22,202.679
2026-08-26T23,151.703
2026-08-27T00,130.906
2026-08-27T01,127.643
2026-08-27T02,125.196
2026-08-27T03,121.118
2026-08-27T04,121.526
2026-08-27T05,157.821
2026-08-27T06,210.836
2026-08-27T07,214.914
2026-08-27T08,258.549
2026-08-27T09,347.859
2026-08-27T10,531.779
2026-08-27T11,586.425
2026-08-27T12,611.301
2026-08-27T13,622.312
2026-08-27T14,622.312
2026-08-27T15,603.961
2026-08-27T16,592.95
2026-08-27T17,566.035
2026-08-27T18,570.928
2026-08-27T19,565.627
2026-08-27T20,531.371
2026-08-27T21,450.218
2026-08-27T22,218.176
2026-08-27T23,165.236
2026-08-28T00,138.006
2026-08-28T01,133.765
2026-08-28T02,131.481
2026-08-28T03,129.197
2026-08-28T04,131.154
2026-08-28T05,163.127
2026-08-28T06,210.761
2026-08-28T07,217.612
2026-08-28T08,273.728
2026-08-28T09,385.307
2026-08-28T10,577.145
2026-08-28T11,615.643
2026-08-28T12,627.388
2026-08-28T13,624.452
2026-08-28T14,619.558
2026-08-28T15,613.359
2026-08-28T16,596.72
2026-08-28T17,578.124
2026-08-28T18,568.336
2026-08-28T19,570.294
2026-08-28T20,566.052
2026-08-28T21,502.759
2026-08-28T22,236.535
2026-08-28T23,161.496
2026-08-29T00,135.72
2026-08-29T01,130.173
2026-08-29T02,128.216
2026-08-29T03,127.237
2026-08-29T04,127.563
2026-08-29T05,131.478
2026-08-29T06,172.912
2026-08-29T07,183.026
2026-08-29T08,234.899
2026-08-29T09,322.66
2026-08-29T10,521.02
2026-08-29T11,593.773
2026-08-29T12,602.582
2026-08-29T13,607.802
2026-08-29T14,623.788
2026-08-29T15,646.625
2026-08-29T16,629.334
2026-08-29T17,606.497
2026-08-29T18,593.773
2026-08-29T19,576.808
2026-08-29T20,555.276
2026-08-29T21,503.402
2026-08-29T22,289.057
2026-08-29T23,151.38
2026-08-30T00,130.173
2026-08-30T01,127.237
2026-08-30T02,127.563
2026-08-30T03,126.584
2026-08-30T04,124.301
2026-08-30T05,126.584
2026-08-30T06,156.599
2026-08-30T07,169.323
2026-08-30T08,191.834
2026-08-30T09,225.111
2026-08-30T10,303.737
2026-08-30T11,403.895
2026-08-30T12,497.529
2026-08-30T13,599.644
2026-08-30T14,617.262
2026-08-30T15,595.403
2026-08-30T16,559.189
2026-08-30T17,537.657
2026-08-30T18,534.721
2026-08-30T19,523.955
2026-08-30T20,488.394
2026-08-30T21,332.121
2026-08-30T22,185.309
2026-08-30T23,143.875
2026-08-31T00,118.265
2026-08-31T01,121.528
2026-08-31T02,118.673
2026-08-31T03,116.226
2026-08-31T04,116.226
2026-08-31T05,154.56
2026-08-31T06,201.867
2026-08-31T07,209.615
2026-08-31T08,254.882
2026-08-31T09,342.969
2026-08-31T10,530.563
2026-08-31T11,588.88
2026-08-31T12,605.192
2026-08-31T13,597.444
2026-08-31T14,578.276
2026-08-31T15,557.478
2026-08-31T16,547.283
2026-08-31T17,535.864
2026-08-31T18,550.545
2026-08-31T19,545.652
2026-08-31T20,529.747
2026-08-31T21,457.972
2026-08-31T22,210.838
2026-08-31T23,159.454
2026-09-01T00,139.419
2026-09-01T01,130.773
2026-09-01T02,127.891
2026-09-01T03,127.891
2026-09-01T04,128.611
2026-09-01T05,163.196
2026-09-01T06,222.998
2026-09-01T07,238.129
2026-09-01T08,308.019
2026-09-01T09,429.425
2026-09-01T10,614.956
2026-09-01T11,657.106
2026-09-01T12,636.211
2026-09-01T13,632.609
2026-09-01T14,645.218
2026-09-01T15,643.056
2026-09-01T16,620.0
2026-09-01T17,600.906
2026-09-01T18,586.856
2026-09-01T19,580.372
2026-09-01T20,552.992
2026-09-01T21,475.177
2026-09-01T22,212.551
2026-09-01T23,164.637
2026-09-02T00,138.693
2026-09-02T01,135.991
2026-09-02T02,131.488
2026-09-02T03,129.687
2026-09-02T04,129.237
2026-09-02T05,169.313
2026-09-02T06,230.554
2026-09-02T07,248.116
2026-09-02T08,319.714
2026-09-02T09,431.389
2026-09-02T10,614.662
2026-09-02T11,658.791
2026-09-02T12,667.347
2026-09-02T13,665.546
2026-09-02T14,658.791
2026-09-02T15,665.096
2026-09-02T16,657.441
2026-09-02T17,629.972
2026-09-02T18,596.2
2026-09-02T19,564.228
2026-09-02T20,538.111
2026-09-02T21,481.823
2026-09-02T22,222.449
2026-09-02T23,164.36
2026-09-03T00,139.585
2026-09-03T01,133.731
2026-09-03T02,128.778
2026-09-03T03,131.93
2026-09-03T04,130.579
2026-09-03T05,168.402
2026-09-03T06,221.084
2026-09-03T07,239.095
2026-09-03T08,297.631
2026-09-03T09,413.801
2026-09-03T10,591.659
2026-09-03T11,664.604
2026-09-03T12,664.604
2026-09-03T13,645.692
2026-09-03T14,633.985
2026-09-03T15,604.717
2026-09-03T16,586.706
2026-09-03T17,572.748
2026-09-03T18,566.444
2026-09-03T19,545.281
2026-09-03T20,529.071
2026-09-03T21,464.682
2026-09-03T22,226.037
2026-09-03T23,166.151
2026-09-04T00,140.044
2026-09-04T01,134.19
2026-09-04T02,134.64
2026-09-04T03,132.389
2026-09-04T04,135.09
2026-09-04T05,167.512
2026-09-04T06,222.899
2026-09-04T07,306.205
2026-09-04T08,318.813
2026-09-04T09,416.078
2026-09-04T10,620.966
2026-09-04T11,676.353
2026-09-04T12,673.201
2026-09-04T13,665.095
2026-09-04T14,654.738
2026-09-04T15,652.937
2026-09-04T16,673.201
2026-09-04T17,650.685
2026-09-04T18,603.404
2026-09-04T19,584.041
2026-09-04T20,569.181
2026-09-04T21,501.185
2026-09-04T22,226.051
2026-09-04T23,153.102
2026-09-05T00,132.393
2026-09-05T01,127.439
2026-09-05T02,121.585
2026-09-05T03,120.685
2026-09-05T04,117.532
2026-09-05T05,122.036
2026-09-05T06,167.968
2026-09-05T07,182.828
2026-09-05T08,255.779
2026-09-05T09,360.253
2026-09-05T10,562.444
2026-09-05T11,602.522
2026-09-05T12,580.007
2026-09-05T13,599.82
2026-09-05T14,605.675
2026-09-05T15,594.417
2026-09-05T16,600.271
2026-09-05T17,573.702
2026-09-05T18,562.895
2026-09-05T19,576.854
2026-09-05T20,548.484
2026-09-05T21,498.95
2026-09-05T22,276.043
2026-09-05T23,168.418
2026-09-06T00,136.447
2026-09-06T01,127.89
2026-09-06T02,125.639
2026-09-06T03,123.387
2026-09-06T04,124.738
2026-09-06T05,133.294
2026-09-06T06,172.922
2026-09-06T07,178.326
2026-09-06T08,196.339
2026-09-06T09,249.927
2026-09-06T10,330.984
2026-09-06T11,414.293
2026-09-06T12,540.833
2026-09-06T13,643.505
2026-09-06T14,631.347
2026-09-06T15,613.784
2026-09-06T16,577.759
2026-09-06T17,564.7
2026-09-06T18,559.746
2026-09-06T19,548.038
2026-09-06T20,510.211
2026-09-06T21,312.521
2026-09-06T22,175.624
2026-09-06T23,133.745
2026-09-07T00,139.415
2026-09-07T01,136.533
2026-09-07T02,135.812
2026-09-07T03,136.893
2026-09-07T04,138.334
2026-09-07T05,178.681
2026-09-07T06,221.911
2026-09-07T07,236.681
2026-09-07T08,296.481
2026-09-07T09,396.269
2026-09-07T10,613.857
2026-09-07T11,654.925
2026-09-07T12,692.03
2026-09-07T13,675.459
2026-09-07T14,658.887
2026-09-07T15,653.123
2026-09-07T16,650.242
2026-09-07T17,626.465
2026-09-07T18,610.975
2026-09-07T19,594.043
2026-09-07T20,570.988
2026-09-07T21,491.013
2026-09-07T22,218.308
2026-09-07T23,169.675
2026-09-08T00,139.419
2026-09-08T01,130.773
2026-09-08T02,127.891
2026-09-08T03,127.891
2026-09-08T04,128.611
2026-09-08T05,163.196
2026-09-08T06,222.998
2026-09-08T07,238.129
2026-09-08T08,308.019
2026-09-08T09,429.425
2026-09-08T10,614.956
2026-09-08T11,657.106
2026-09-08T12,636.211
2026-09-08T13,632.609
2026-09-08T14,645.218
2026-09-08T15,643.056
2026-09-08T16,620.0
2026-09-08T17,600.906
2026-09-08T18,586.856
2026-09-08T19,580.372
2026-09-08T20,552.992
2026-09-08T21,475.177
2026-09-08T22,212.551
2026-09-08T23,164.637
2026-09-09T00,138.693
2026-09-09T01,135.991
2026-09-09T02,131.488
2026-09-09T03,129.687
2026-09-09T04,129.237
2026-09-09T05,169.313
2026-09-09T06,230.554
2026-09-09T07,248.116
2026-09-09T08,319.714
2026-09-09T09,431.389
2026-09-09T10,614.662
2026-09-09T11,658.791
2026-09-09T12,667.347
2026-09-09T13,665.546
2026-09-09T14,658.791
2026-09-09T15,665.096
2026-09-09T16,657.441
2026-09-09T17,629.972
2026-09-09T18,596.2
2026-09-09T19,564.228
2026-09-09T20,538.111
2026-09-09T21,481.823
2026-09-09T22,222.449
2026-09-09T23,164.36
2026-09-10T00,139.585
2026-09-10T01,133.731
2026-09-10T02,128.778
2026-09-10T03,131.93
2026-09-10T04,130.579
2026-09-10T05,168.402
2026-09-10T06,221.084
2026-09-10T07,239.095
2026-09-10T08,297.631
2026-09-10T09,413.801
2026-09-10T10,591.659
2026-09-10T11,664.604
2026-09-10T12,664.604
2026-09-10T13,645.692
2026-09-10T14,633.985
2026-09-10T15,604.717
2026-09-10T16,586.706
2026-09-10T17,572.748
2026-09-10T18,566.444
2026-09-10T19,545.281
2026-09-10T20,529.071
2026-09-10T21,464.682
2026-09-10T22,226.037
2026-09-10T23,166.151
2026-09-11T00,140.044
2026-09-11T01,134.19
2026-09-11T02,134.64
2026-09-11T03,132.389
2026-09-11T04,135.09
2026-09-11T05,167.512
2026-09-11T06,222.899
2026-09-11T07,306.205
2026-09-11T08,318.813
2026-09-11T09,416.078
2026-09-11T10,620.966
2026-09-11T11,676.353
2026-09-11T12,673.201
2026-09-11T13,665.095
2026-09-11T14,654.738
2026-09-11T15,652.937
2026-09-11T16,673.201
2026-09-11T17,650.685
2026-09-11T18,603.404
2026-09-11T19,584.041
2026-09-11T20,569.181
2026-09-11T21,501.185
2026-09-11T22,226.051
2026-09-11T23,153.102
2026-09-12T00,132.393
2026-09-12T01,127.439
2026-09-12T02,121.585
2026-09-12T03,120.685
2026-09-12T04,117.532
2026-09-12T05,122.036
2026-09-12T06,167.968
2026-09-12T07,182.828
2026-09-12T08,255.779
2026-09-12T09,360.253
2026-09-12T10,562.444
2026-09-12T11,602.522
2026-09-12T12,580.007
2026-09-12T13,599.82
2026-09-12T14,605.675
2026-09-12T15,594.417
2026-09-12T16,600.271
2026-09-12T17,573.702
2026-09-12T18,562.895
2026-09-12T19,576.854
2026-09-12T20,548.484
2026-09-12T21,498.95
2026-09-12T22,276.043
2026-09-12T23,168.418
2026-09-13T00,136.447
2026-09-13T01,127.89
2026-09-13T02,125.639
2026-09-13T03,123.387
2026-09-13T04,124.738
2026-09-13T05,133.294
2026-09-13T06,172.922
2026-09-13T07,178.326
2026-09-13T08,196.339
2026-09-13T09,249.927
2026-09-13T10,330.984
2026-09-13T11,414.293
2026-09-13T12,540.833
2026-09-13T13,643.505
2026-09-13T14,631.347
2026-09-13T15,613.784
2026-09-13T16,577.759
2026-09-13T17,564.7
2026-09-13T18,559.746
2026-09-13T19,548.038
2026-09-13T20,510.211
2026-09-13T21,312.521
2026-09-13T22,175.624
2026-09-13T23,133.745
2026-09-14T00,139.415
2026-09-14T01,136.533
2026-09-14T02,135.812
2026-09-14T03,136.893
2026-09-14T04,138.334
2026-09-14T05,178.681
2026-09-14T06,221.911
2026-09-14T07,236.681
2026-09-14T08,296.481
2026-09-14T09,396.269
2026-09-14T10,613.857
2026-09-14T11,654.925
2026-09-14T12,692.03
2026-09-14T13,675.459
2026-09-14T14,658.887
2026-09-14T15,653.123
2026-09-14T16,650.242
2026-09-14T17,626.465
2026-09-14T18,610.975
2026-09-14T19,594.043
2026-09-14T20,570.988
2026-09-14T21,491.013
2026-09-14T22,218.308
2026-09-14T23,169.675
2026-09-15T00,139.419
2026-09-15T01,130.773
2026-09-15T02,127.891
2026-09-15T03,127.891
2026-09-15T04,128.611
2026-09-15T05,163.196
2026-09-15T06,222.998
2026-09-15T07,238.129
2026-09-15T08,308.019
2026-09-15T09,429.425
2026-09-15T10,614.956
2026-09-15T11,657.106
2026-09-15T12,636.211
2026-09-15T13,632.609
2026-09-15T14,645.218
2026-09-15T15,643.056
2026-09-15T16,620.0
2026-09-15T17,600.906
2026-09-15T18,586.856
2026-09-15T19,580.372
2026-09-15T20,552.992
2026-09-15T21,475.177
2026-09-15T22,212.551
2026-09-15T23,164.637
2026-09-16T00,138.693
2026-09-16T01,135.991
2026-09-16T02,131.488
2026-09-16T03,129.687
2026-09-16T04,129.237
2026-09-16T05,169.313
2026-09-16T06,230.554
2026-09-16T07,248.116
2026-09-16T08,319.714
2026-09-16T09,431.389
2026-09-16T10,614.662
2026-09-16T11,658.791
2026-09-16T12,667.347
2026-09-16T13,665.546
2026-09-16T14,658.791
2026-09-16T15,665.096
2026-09-16T16,657.441
2026-09-16T17,629.972
2026-09-16T18,596.2
2026-09-16T19,564.228
2026-09-16T20,538.111
2026-09-16T21,481.823
2026-09-16T22,222.449
2026-09-16T23,164.36
2026-09-17T00,139.585
2026-09-17T01,133.731
2026-09-17T02,128.778
2026-09-17T03,131.93
2026-09-17T04,130.579
2026-09-17T05,168.402
2026-09-17T06,221.084
2026-09-17T07,239.095
2026-09-17T08,297.631
2026-09-17T09,413.801
2026-09-17T10,591.659
2026-09-17T11,664.604
2026-09-17T12,664.604
2026-09-17T13,645.692
2026-09-17T14,633.985
2026-09-17T15,604.717
2026-09-17T16,586.706
2026-09-17T17,572.748
2026-09-17T18,566.444
2026-09-17T19,545.281
2026-09-17T20,529.071
2026-09-17T21,464.682
2026-09-17T22,226.037
2026-09-17T23,166.151
2026-09-18T00,140.044
2026-09-18T01,134.19
2026-09-18T02,134.64
2026-09-18T03,132.389
2026-09-18T04,135.09
2026-09-18T05,167.512
2026-09-18T06,222.899
2026-09-18T07,306.205
2026-09-18T08,318.813
2026-09-18T09,416.078
2026-09-18T10,620.966
2026-09-18T11,676.353
2026-09-18T12,673.201
2026-09-18T13,665.095
2026-09-18T14,654.738
2026-09-18T15,652.937
2026-09-18T16,673.201
2026-09-18T17,650.685
2026-09-18T18,603.404
2026-09-18T19,584.041
2026-09-18T20,569.181
2026-09-18T21,501.185
2026-09-18T22,226.051
2026-09-18T23,153.102
2026-09-19T00,132.393
2026-09-19T01,127.439
2026-09-19T02,121.585
2026-09-19T03,120.685
2026-09-19T04,117.532
2026-09-19T05,122.036
2026-09-19T06,167.968
2026-09-19T07,182.828
2026-09-19T08,255.779
2026-09-19T09,360.253
2026-09-19T10,562.444
2026-09-19T11,602.522
2026-09-19T12,580.007
2026-09-19T13,599.82
2026-09-19T14,605.675
2026-09-19T15,594.417
2026-09-19T16,600.271
2026-09-19T17,573.702
2026-09-19T18,562.895
2026-09-19T19,576.854
2026-09-19T20,548.484
2026-09-19T21,498.95
2026-09-19T22,276.043
2026-09-19T23,168.418
2026-09-20T00,136.447
2026-09-20T01,127.89
2026-09-20T02,125.639
2026-09-20T03,123.387
2026-09-20T04,124.738
2026-09-20T05,133.294
2026-09-20T06,172.922
2026-09-20T07,178.326
2026-09-20T08,196.339
2026-09-20T09,249.927
2026-09-20T10,330.984
2026-09-20T11,414.293
2026-09-20T12,540.833
2026-09-20T13,643.505
2026-09-20T14,631.347
2026-09-20T15,613.784
2026-09-20T16,577.759
2026-09-20T17,564.7
2026-09-20T18,559.746
2026-09-20T19,548.038
2026-09-20T20,510.211
2026-09-20T21,312.521
2026-09-20T22,175.624
2026-09-20T23,133.745
2026-09-21T00,139.415
2026-09-21T01,136.533
2026-09-21T02,135.812
2026-09-21T03,136.893
2026-09-21T04,138.334
2026-09-21T05,178.681
2026-09-21T06,221.911
2026-09-21T07,236.681
2026-09-21T08,296.481
2026-09-21T09,396.269
2026-09-21T10,613.857
2026-09-21T11,654.925
2026-09-21T12,692.03
2026-09-21T13,675.459
2026-09-21T14,658.887
2026-09-21T15,653.123
2026-09-21T16,650.242
2026-09-21T17,626.465
2026-09-21T18,610.975
2026-09-21T19,594.043
2026-09-21T20,570.988
2026-09-21T21,491.013
2026-09-21T22,218.308
2026-09-21T23,169.675
2026-09-22T00,139.419
2026-09-22T01,130.773
2026-09-22T02,127.891
2026-09-22T03,127.891
2026-09-22T04,128.611
2026-09-22T05,163.196
2026-09-22T06,222.998
2026-09-22T07,238.129
2026-09-22T08,308.019
2026-09-22T09,429.425
2026-09-22T10,614.956
2026-09-22T11,657.106
2026-09-22T12,636.211
2026-09-22T13,632.609
2026-09-22T14,645.218
2026-09-22T15,643.056
2026-09-22T16,620.0
2026-09-22T17,600.906
2026-09-22T18,586.856
2026-09-22T19,580.372
2026-09-22T20,552.992
2026-09-22T21,475.177
2026-09-22T22,212.551
2026-09-22T23,164.637
2026-09-23T00,138.693
2026-09-23T01,135.991
2026-09-23T02,131.488
2026-09-23T03,129.687
2026-09-23T04,129.237
2026-09-23T05,169.313
2026-09-23T06,230.554
2026-09-23T07,248.116
2026-09-23T08,319.714
2026-09-23T09,431.389
2026-09-23T10,614.662
2026-09-23T11,658.791
2026-09-23T12,667.347
2026-09-23T13,665.546
2026-09-23T14,658.791
2026-09-23T15,665.096
2026-09-23T16,657.441
2026-09-23T17,629.972
2026-09-23T18,596.2
2026-09-23T19,564.228
2026-09-23T20,538.111
2026-09-23T21,481.823
2026-09-23T22,222.449
2026-09-23T23,164.36
2026-09-24T00,139.585
2026-09-24T01,133.731
2026-09-24T02,128.778
2026-09-24T03,131.93
2026-09-24T04,130.579
2026-09-24T05,168.402
2026-09-24T06,221.084
2026-09-24T07,239.095
2026-09-24T08,297.631
2026-09-24T09,413.801
2026-09-24T10,591.659
2026-09-24T11,664.604
2026-09-24T12,664.604
2026-09-24T13,645.692
2026-09-24T14,633.985
2026-09-24T15,604.717
2026-09-24T16,586.706
2026-09-24T17,572.748
2026-09-24T18,566.444
2026-09-24T19,545.281
2026-09-24T20,529.071
2026-09-24T21,464.682
2026-09-24T22,226.037
2026-09-24T23,166.151
2026-09-25T00,140.044
2026-09-25T01,134.19
2026-09-25T02,134.64
2026-09-25T03,132.389
2026-09-25T04,135.09
2026-09-25T05,167.512
2026-09-25T06,222.899
2026-09-25T07,306.205
2026-09-25T08,318.813
2026-09-25T09,416.078
2026-09-25T10,620.966
2026-09-25T11,676.353
2026-09-25T12,673.201
2026-09-25T13,665.095
2026-09-25T14,654.738
2026-09-25T15,652.937
2026-09-25T16,673.201
2026-09-25T17,650.685
2026-09-25T18,603.404
2026-09-25T19,584.041
2026-09-25T20,569.181
2026-09-25T21,501.185
2026-09-25T22,226.051
2026-09-25T23,153.102
2026-09-26T00,132.393
2026-09-26T01,127.439
2026-09-26T02,121.585
2026-09-26T03,120.685
2026-09-26T04,117.532
2026-09-26T05,122.036
2026-09-26T06,167.968
2026-09-26T07,182.828
2026-09-26T08,255.779
2026-09-26T09,360.253
2026-09-26T10,562.444
2026-09-26T11,602.522
2026-09-26T12,580.007
2026-09-26T13,599.82
2026-09-26T14,605.675
2026-09-26T15,594.417
2026-09-26T16,600.271
2026-09-26T17,573.702
2026-09-26T18,562.895
2026-09-26T19,576.854
2026-09-26T20,548.484
2026-09-26T21,498.95
2026-09-26T22,276.043
2026-09-26T23,168.418
2026-09-27T00,136.447
2026-09-27T01,127.89
2026-09-27T02,125.639
2026-09-27T03,123.387
2026-09-27T04,124.738
2026-09-27T05,133.294
2026-09-27T06,172.922
2026-09-27T07,178.326
2026-09-27T08,196.339
2026-09-27T09,249.927
2026-09-27T10,330.984
2026-09-27T11,414.293
2026-09-27T12,540.833
2026-09-27T13,643.505
2026-09-27T14,631.347
2026-09-27T15,613.784
2026-09-27T16,577.759
2026-09-27T17,564.7
2026-09-27T18,559.746
2026-09-27T19,548.038
2026-09-27T20,510.211
2026-09-27T21,312.521
2026-09-27T22,175.624
2026-09-27T23,133.745
2026-09-28T00,139.415
2026-09-28T01,136.533
2026-09-28T02,135.812
2026-09-28T03,136.893
2026-09-28T04,138.334
2026-09-28T05,178.681
2026-09-28T06,221.911
2026-09-28T07,236.681
2026-09-28T08,296.481
2026-09-28T09,396.269
2026-09-28T10,613.857
2026-09-28T11,654.925
2026-09-28T12,692.03
2026-09-28T13,675.459
2026-09-28T14,658.887
2026-09-28T15,653.123
2026-09-28T16,650.242
2026-09-28T17,626.465
2026-09-28T18,610.975
2026-09-28T19,594.043
2026-09-28T20,570.988
2026-09-28T21,491.013
2026-09-28T22,218.308
2026-09-28T23,169.675
2026-09-29T00,139.404
2026-09-29T01,130.759
2026-09-29T02,127.877
2026-09-29T03,127.877
2026-09-29T04,128.598
2026-09-29T05,163.179
2026-09-29T06,222.975
2026-09-29T07,238.104
2026-09-29T08,307.987
2026-09-29T09,429.38
2026-09-29T10,614.893
2026-09-29T11,657.038
2026-09-29T12,636.145
2026-09-29T13,632.543
2026-09-29T14,645.151
2026-09-29T15,642.99
2026-09-29T16,619.936
2026-09-29T17,600.844
2026-09-29T18,586.796
2026-09-29T19,580.312
2026-09-29T20,552.935
2026-09-29T21,475.128
2026-09-29T22,212.529
2026-09-29T23,164.62
2026-09-30T00,138.693
2026-09-30T01,135.991
2026-09-30T02,131.488
2026-09-30T03,129.687
2026-09-30T04,129.237
2026-09-30T05,169.313
2026-09-30T06,230.554
2026-09-30T07,248.116
2026-09-30T08,319.714
2026-09-30T09,431.389
2026-09-30T10,614.662
2026-09-30T11,658.791
2026-09-30T12,667.347
2026-09-30T13,665.546
2026-09-30T14,658.791
2026-09-30T15,665.096
2026-09-30T16,657.441
2026-09-30T17,629.972
2026-09-30T18,596.2
2026-09-30T19,564.228
2026-09-30T20,538.111
2026-09-30T21,481.823
2026-09-30T22,222.449
2026-09-30T23,164.36
2026-10-01T00,129.327
2026-10-01T01,125.323
2026-10-01T02,122.12
2026-10-01T03,138.936
2026-10-01T04,167.364
2026-10-01T05,197.393
2026-10-01T06,255.851
2026-10-01T07,265.46
2026-10-01T08,348.742
2026-10-01T09,490.481
2026-10-01T10,683.47
2026-10-01T11,741.126
2026-10-01T12,750.335
2026-10-01T13,749.134
2026-10-01T14,747.532
2026-10-01T15,735.521
2026-10-01T16,719.905
2026-10-01T17,701.487
2026-10-01T18,691.077
2026-10-01T19,645.833
2026-10-01T20,617.405
2026-10-01T21,539.729
2026-10-01T22,267.862
2026-10-01T23,192.589
2026-10-02T00,164.561
2026-10-02T01,159.756
2026-10-02T02,152.949
2026-10-02T03,149.346
2026-10-02T04,151.748
2026-10-02T05,179.375
2026-10-02T06,243.838
2026-10-02T07,262.656
2026-10-02T08,359.551
2026-10-02T09,488.477
2026-10-02T10,695.078
2026-10-02T11,765.147
2026-10-02T12,786.768
2026-10-02T13,771.553
2026-10-02T14,759.141
2026-10-02T15,752.735
2026-10-02T16,739.922
2026-10-02T17,720.303
2026-10-02T18,714.297
2026-10-02T19,681.465
2026-10-02T20,662.647
2026-10-02T21,584.17
2026-10-02T22,316.309
2026-10-02T23,216.211
2026-10-03T00,160.649
2026-10-03T01,157.146
2026-10-03T02,154.143
2026-10-03T03,152.641
2026-10-03T04,153.642
2026-10-03T05,158.146
2026-10-03T06,206.691
2026-10-03T07,234.717
2026-10-03T08,340.315
2026-10-03T09,449.917
2026-10-03T10,693.642
2026-10-03T11,759.203
2026-10-03T12,743.689
2026-10-03T13,749.694
2026-10-03T14,734.18
2026-10-03T15,749.694
2026-10-03T16,752.197
2026-10-03T17,736.682
2026-10-03T18,716.664
2026-10-03T19,699.147
2026-10-03T20,663.615
2026-10-03T21,604.56
2026-10-03T22,376.349
2026-10-03T23,191.677
2026-10-04T00,164.151
2026-10-04T01,154.142
2026-10-04T02,150.639
2026-10-04T03,148.637
2026-10-04T04,144.133
2026-10-04T05,149.137
2026-10-04T06,199.183
2026-10-04T07,199.183
2026-10-04T08,233.215
2026-10-04T09,301.277
2026-10-04T10,373.343
2026-10-04T11,462.425
2026-10-04T12,621.572
2026-10-04T13,738.179
2026-10-04T14,750.691
2026-10-04T15,772.711
2026-10-04T16,735.677
2026-10-04T17,713.657
2026-10-04T18,672.619
2026-10-04T19,690.635
2026-10-04T20,629.079
2026-10-04T21,417.384
2026-10-04T22,208.692
2026-10-04T23,152.64
2026-10-05T00,142.139
2026-10-05T01,140.637
2026-10-05T02,137.134
2026-10-05T03,139.636
2026-10-05T04,141.638
2026-10-05T05,180.176
2026-10-05T06,242.236
2026-10-05T07,260.754
2026-10-05T08,341.833
2026-10-05T09,476.965
2026-10-05T10,682.665
2026-10-05T11,764.745
2026-10-05T12,780.26
2026-10-05T13,782.763
2026-10-05T14,768.249
2026-10-05T15,752.734
2026-10-05T16,755.236
2026-10-05T17,734.215
2026-10-05T18,698.681
2026-10-05T19,694.176
2026-10-05T20,665.148
2026-10-05T21,552.538
2026-10-05T22,263.257
2026-10-05T23,190.185
2026-10-06T00,175.66
2026-10-06T01,162.648
2026-10-06T02,157.644
2026-10-06T03,151.638
2026-10-06T04,157.644
2026-10-06T05,186.17
2026-10-06T06,244.723
2026-10-06T07,289.264
2026-10-06T08,357.826
2026-10-06T09,500.456
2026-10-06T10,701.139
2026-10-06T11,778.71
2026-10-06T12,804.233
2026-10-06T13,812.24
2026-10-06T14,800.229
2026-10-06T15,780.211
2026-10-06T16,756.189
2026-10-06T17,721.157
2026-10-06T18,699.137
2026-10-06T19,660.602
2026-10-06T20,642.085
2026-10-06T21,553.004
2026-10-06T22,245.724
2026-10-06T23,182.666
2026-10-07T00,161.348
2026-10-07T01,151.739
2026-10-07T02,149.737
2026-10-07T03,146.134
2026-10-07T04,146.134
2026-10-07T05,186.971
2026-10-07T06,250.629
2026-10-07T07,260.238
2026-10-07T08,351.121
2026-10-07T09,469.629
2026-10-07T10,670.213
2026-10-07T11,759.494
2026-10-07T12,784.317
2026-10-07T13,781.114
2026-10-07T14,775.909
2026-10-07T15,763.098
2026-10-07T16,745.882
2026-10-07T17,717.456
2026-10-07T18,716.255
2026-10-07T19,684.226
2026-10-07T20,660.604
2026-10-07T21,579.33
2026-10-07T22,284.26
2026-10-07T23,178.163
2026-10-08T00,129.315
2026-10-08T01,125.311
2026-10-08T02,122.109
2026-10-08T03,138.924
2026-10-08T04,167.349
2026-10-08T05,197.375
2026-10-08T06,255.827
2026-10-08T07,265.436
2026-10-08T08,348.71
2026-10-08T09,490.436
2026-10-08T10,683.408
2026-10-08T11,741.059
2026-10-08T12,750.267
2026-10-08T13,749.066
2026-10-08T14,747.465
2026-10-08T15,735.454
2026-10-08T16,719.84
2026-10-08T17,701.424
2026-10-08T18,691.014
2026-10-08T19,645.774
2026-10-08T20,617.349
2026-10-08T21,539.68
2026-10-08T22,267.838
2026-10-08T23,192.571
2026-10-09T00,164.561
2026-10-09T01,159.756
2026-10-09T02,152.949
2026-10-09T03,149.346
2026-10-09T04,151.748
2026-10-09T05,179.375
2026-10-09T06,243.838
2026-10-09T07,262.656
2026-10-09T08,359.551
2026-10-09T09,488.477
2026-10-09T10,695.078
2026-10-09T11,765.147
2026-10-09T12,786.768
2026-10-09T13,771.553
2026-10-09T14,759.141
2026-10-09T15,752.735
2026-10-09T16,739.922
2026-10-09T17,720.303
2026-10-09T18,714.297
2026-10-09T19,681.465
2026-10-09T20,662.647
2026-10-09T21,584.17
2026-10-09T22,316.309
2026-10-09T23,216.211
2026-10-10T00,160.649
2026-10-10T01,157.146
2026-10-10T02,154.143
2026-10-10T03,152.641
2026-10-10T04,153.642
2026-10-10T05,158.146
2026-10-10T06,206.691
2026-10-10T07,234.717
2026-10-10T08,340.315
2026-10-10T09,449.917
2026-10-10T10,693.642
2026-10-10T11,759.203
2026-10-10T12,743.689
2026-10-10T13,749.694
2026-10-10T14,734.18
2026-10-10T15,749.694
2026-10-10T16,752.197
2026-10-10T17,736.682
2026-10-10T18,716.664
2026-10-10T19,699.147
2026-10-10T20,663.615
2026-10-10T21,604.56
2026-10-10T22,376.349
2026-10-10T23,191.677
2026-10-11T00,164.151
2026-10-11T01,154.142
2026-10-11T02,150.639
2026-10-11T03,148.637
2026-10-11T04,144.133
2026-10-11T05,149.137
2026-10-11T06,199.183
2026-10-11T07,199.183
2026-10-11T08,233.215
2026-10-11T09,301.277
2026-10-11T10,373.343
2026-10-11T11,462.425
2026-10-11T12,621.572
2026-10-11T13,738.179
2026-10-11T14,750.691
2026-10-11T15,772.711
2026-10-11T16,735.677
2026-10-11T17,713.657
2026-10-11T18,672.619
2026-10-11T19,690.635
2026-10-11T20,629.079
2026-10-11T21,417.384
2026-10-11T22,208.692
2026-10-11T23,152.64
2026-10-12T00,142.139
2026-10-12T01,140.637
2026-10-12T02,137.134
2026-10-12T03,139.636
2026-10-12T04,141.638
2026-10-12T05,180.176
2026-10-12T06,242.236
2026-10-12T07,260.754
2026-10-12T08,341.833
2026-10-12T09,476.965
2026-10-12T10,682.665
2026-10-12T11,764.745
2026-10-12T12,780.26
2026-10-12T13,782.763
2026-10-12T14,768.249
2026-10-12T15,752.734
2026-10-12T16,755.236
2026-10-12T17,734.215
2026-10-12T18,698.681
2026-10-12T19,694.176
2026-10-12T20,665.148
2026-10-12T21,552.538
2026-10-12T22,263.257
2026-10-12T23,190.185
2026-10-13T00,175.66
2026-10-13T01,162.648
2026-10-13T02,157.644
2026-10-13T03,151.638
2026-10-13T04,157.644
2026-10-13T05,186.17
2026-10-13T06,244.723
2026-10-13T07,289.264
2026-10-13T08,357.826
2026-10-13T09,500.456
2026-10-13T10,701.139
2026-10-13T11,778.71
2026-10-13T12,804.233
2026-10-13T13,812.24
2026-10-13T14,800.229
2026-10-13T15,780.211
2026-10-13T16,756.189
2026-10-13T17,721.157
2026-10-13T18,699.137
2026-10-13T19,660.602
2026-10-13T20,642.085
2026-10-13T21,553.004
2026-10-13T22,245.724
2026-10-13T23,182.666
2026-10-14T00,161.348
2026-10-14T01,151.739
2026-10-14T02,149.737
2026-10-14T03,146.134
2026-10-14T04,146.134
2026-10-14T05,186.971
2026-10-14T06,250.629
2026-10-14T07,260.238
2026-10-14T08,351.121
2026-10-14T09,469.629
2026-10-14T10,670.213
2026-10-14T11,759.494
2026-10-14T12,784.317
2026-10-14T13,781.114
2026-10-14T14,775.909
2026-10-14T15,763.098
2026-10-14T16,745.882
2026-10-14T17,717.456
2026-10-14T18,716.255
2026-10-14T19,684.226
2026-10-14T20,660.604
2026-10-14T21,579.33
2026-10-14T22,284.26
2026-10-14T23,178.163
2026-10-15T00,129.315
2026-10-15T01,125.311
2026-10-15T02,122.109
2026-10-15T03,138.924
2026-10-15T04,167.349
2026-10-15T05,197.375
2026-10-15T06,255.827
2026-10-15T07,265.436
2026-10-15T08,348.71
2026-10-15T09,490.436
2026-10-15T10,683.408
2026-10-15T11,741.059
2026-10-15T12,750.267
2026-10-15T13,749.066
2026-10-15T14,747.465
2026-10-15T15,735.454
2026-10-15T16,719.84
2026-10-15T17,701.424
2026-10-15T18,691.014
2026-10-15T19,645.774
2026-10-15T20,617.349
2026-10-15T21,539.68
2026-10-15T22,267.838
2026-10-15T23,192.571
2026-10-16T00,164.561
2026-10-16T01,159.756
2026-10-16T02,152.949
2026-10-16T03,149.346
2026-10-16T04,151.748
2026-10-16T05,179.375
2026-10-16T06,243.838
2026-10-16T07,262.656
2026-10-16T08,359.551
2026-10-16T09,488.477
2026-10-16T10,695.078
2026-10-16T11,765.147
2026-10-16T12,786.768
2026-10-16T13,771.553
2026-10-16T14,759.141
2026-10-16T15,752.735
2026-10-16T16,739.922
2026-10-16T17,720.303
2026-10-16T18,714.297
2026-10-16T19,681.465
2026-10-16T20,662.647
2026-10-16T21,584.17
2026-10-16T22,316.309
2026-10-16T23,216.211
2026-10-17T00,160.649
2026-10-17T01,157.146
2026-10-17T02,154.143
2026-10-17T03,152.641
2026-10-17T04,153.642
2026-10-17T05,158.146
2026-10-17T06,206.691
2026-10-17T07,234.717
2026-10-17T08,340.315
2026-10-17T09,449.917
2026-10-17T10,693.642
2026-10-17T11,759.203
2026-10-17T12,743.689
2026-10-17T13,749.694
2026-10-17T14,734.18
2026-10-17T15,749.694
2026-10-17T16,752.197
2026-10-17T17,736.682
2026-10-17T18,716.664
2026-10-17T19,699.147
2026-10-17T20,663.615
2026-10-17T21,604.56
2026-10-17T22,376.349
2026-10-17T23,191.677
2026-10-18T00,164.151
2026-10-18T01,154.142
2026-10-18T02,150.639
2026-10-18T03,148.637
2026-10-18T04,144.133
2026-10-18T05,149.137
2026-10-18T06,199.183
2026-10-18T07,199.183
2026-10-18T08,233.215
2026-10-18T09,301.277
2026-10-18T10,373.343
2026-10-18T11,462.425
2026-10-18T12,621.572
2026-10-18T13,738.179
2026-10-18T14,750.691
2026-10-18T15,772.711
2026-10-18T16,735.677
2026-10-18T17,713.657
2026-10-18T18,672.619
2026-10-18T19,690.635
2026-10-18T20,629.079
2026-10-18T21,417.384
2026-10-18T22,208.692
2026-10-18T23,152.64
2026-10-19T00,142.139
2026-10-19T01,140.637
2026-10-19T02,137.134
2026-10-19T03,139.636
2026-10-19T04,141.638
2026-10-19T05,180.176
2026-10-19T06,242.236
2026-10-19T07,260.754
2026-10-19T08,341.833
2026-10-19T09,476.965
2026-10-19T10,682.665
2026-10-19T11,764.745
2026-10-19T12,780.26
2026-10-19T13,782.763
2026-10-19T14,768.249
2026-10-19T15,752.734
2026-10-19T16,755.236
2026-10-19T17,734.215
2026-10-19T18,698.681
2026-10-19T19,694.176
2026-10-19T20,665.148
2026-10-19T21,552.538
2026-10-19T22,263.257
2026-10-19T23,190.185
2026-10-20T00,175.66
2026-10-20T01,162.648
2026-10-20T02,157.644
2026-10-20T03,151.638
2026-10-20T04,157.644
2026-10-20T05,186.17
2026-10-20T06,244.723
2026-10-20T07,289.264
2026-10-20T08,357.826
2026-10-20T09,500.456
2026-10-20T10,701.139
2026-10-20T11,778.71
2026-10-20T12,804.233
2026-10-20T13,812.24
2026-10-20T14,800.229
2026-10-20T15,780.211
2026-10-20T16,756.189
2026-10-20T17,721.157
2026-10-20T18,699.137
2026-10-20T19,660.602
2026-10-20T20,642.085
2026-10-20T21,553.004
2026-10-20T22,245.724
2026-10-20T23,182.666
2026-10-21T00,161.348
2026-10-21T01,151.739
2026-10-21T02,149.737
2026-10-21T03,146.134
2026-10-21T04,146.134
2026-10-21T05,186.971
2026-10-21T06,250.629
2026-10-21T07,260.238
2026-10-21T08,351.121
2026-10-21T09,469.629
2026-10-21T10,670.213
2026-10-21T11,759.494
2026-10-21T12,784.317
2026-10-21T13,781.114
2026-10-21T14,775.909
2026-10-21T15,763.098
2026-10-21T16,745.882
2026-10-21T17,717.456
2026-10-21T18,716.255
2026-10-21T19,684.226
2026-10-21T20,660.604
2026-10-21T21,579.33
2026-10-21T22,284.26
2026-10-21T23,178.163
2026-10-22T00,129.315
2026-10-22T01,125.311
2026-10-22T02,122.109
2026-10-22T03,138.924
2026-10-22T04,167.349
2026-10-22T05,197.375
2026-10-22T06,255.827
2026-10-22T07,265.436
2026-10-22T08,348.71
2026-10-22T09,490.436
2026-10-22T10,683.408
2026-10-22T11,741.059
2026-10-22T12,750.267
2026-10-22T13,749.066
2026-10-22T14,747.465
2026-10-22T15,735.454
2026-10-22T16,719.84
2026-10-22T17,701.424
2026-10-22T18,691.014
2026-10-22T19,645.774
2026-10-22T20,617.349
2026-10-22T21,539.68
2026-10-22T22,267.838
2026-10-22T23,192.571
2026-10-23T00,164.561
2026-10-23T01,159.756
2026-10-23T02,152.949
2026-10-23T03,149.346
2026-10-23T04,151.748
2026-10-23T05,179.375
2026-10-23T06,243.838
2026-10-23T07,262.656
2026-10-23T08,359.551
2026-10-23T09,488.477
2026-10-23T10,695.078
2026-10-23T11,765.147
2026-10-23T12,786.768
2026-10-23T13,771.553
2026-10-23T14,759.141
2026-10-23T15,752.735
2026-10-23T16,739.922
2026-10-23T17,720.303
2026-10-23T18,714.297
2026-10-23T19,681.465
2026-10-23T20,662.647
2026-10-23T21,584.17
2026-10-23T22,316.309
2026-10-23T23,216.211
2026-10-24T00,160.649
2026-10-24T01,157.146
2026-10-24T02,154.143
2026-10-24T03,152.641
2026-10-24T04,153.642
2026-10-24T05,158.146
2026-10-24T06,206.691
2026-10-24T07,234.717
2026-10-24T08,340.315
2026-10-24T09,449.917
2026-10-24T10,693.642
2026-10-24T11,759.203
2026-10-24T12,743.689
2026-10-24T13,749.694
2026-10-24T14,734.18
2026-10-24T15,749.694
2026-10-24T16,752.197
2026-10-24T17,736.682
2026-10-24T18,716.664
2026-10-24T19,699.147
2026-10-24T20,663.615
2026-10-24T21,604.56
2026-10-24T22,376.349
2026-10-24T23,191.677
2026-10-25T00,164.151
2026-10-25T01,154.142
2026-10-25T02,150.639
2026-10-25T03,148.637
2026-10-25T04,144.133
2026-10-25T05,149.137
2026-10-25T06,199.183
2026-10-25T07,199.183
2026-10-25T08,233.215
2026-10-25T09,301.277
2026-10-25T10,373.343
2026-10-25T11,462.425
2026-10-25T12,621.572
2026-10-25T13,738.179
2026-10-25T14,750.691
2026-10-25T15,772.711
2026-10-25T16,735.677
2026-10-25T17,713.657
2026-10-25T18,672.619
2026-10-25T19,690.635
2026-10-25T20,629.079
2026-10-25T21,417.384
2026-10-25T22,208.692
2026-10-25T23,152.64
2026-10-26T00,142.139
2026-10-26T01,140.637
2026-10-26T02,137.134
2026-10-26T03,139.636
2026-10-26T04,141.638
2026-10-26T05,180.176
2026-10-26T06,242.236
2026-10-26T07,260.754
2026-10-26T08,341.833
2026-10-26T09,476.965
2026-10-26T10,682.665
2026-10-26T11,764.745
2026-10-26T12,780.26
2026-10-26T13,782.763
2026-10-26T14,768.249
2026-10-26T15,752.734
2026-10-26T16,755.236
2026-10-26T17,734.215
2026-10-26T18,698.681
2026-10-26T19,694.176
2026-10-26T20,665.148
2026-10-26T21,552.538
2026-10-26T22,263.257
2026-10-26T23,190.185
2026-10-27T00,175.66
2026-10-27T01,162.648
2026-10-27T02,157.644
2026-10-27T03,151.638
2026-10-27T04,157.644
2026-10-27T05,186.17
2026-10-27T06,244.723
2026-10-27T07,289.264
2026-10-27T08,357.826
2026-10-27T09,500.456
2026-10-27T10,701.139
2026-10-27T11,778.71
2026-10-27T12,804.233
2026-10-27T13,812.24
2026-10-27T14,800.229
2026-10-27T15,780.211
2026-10-27T16,756.189
2026-10-27T17,721.157
2026-10-27T18,699.137
2026-10-27T19,660.602
2026-10-27T20,642.085
2026-10-27T21,553.004
2026-10-27T22,245.724
2026-10-27T23,182.666
2026-10-28T00,161.348
2026-10-28T01,151.739
2026-10-28T02,149.737
2026-10-28T03,146.134
2026-10-28T04,146.134
2026-10-28T05,186.971
2026-10-28T06,250.629
2026-10-28T07,260.238
2026-10-28T08,351.121
2026-10-28T09,469.629
2026-10-28T10,670.213
2026-10-28T11,759.494
2026-10-28T12,784.317
2026-10-28T13,781.114
2026-10-28T14,775.909
2026-10-28T15,763.098
2026-10-28T16,745.882
2026-10-28T17,717.456
2026-10-28T18,716.255
2026-10-28T19,684.226
2026-10-28T20,660.604
2026-10-28T21,579.33
2026-10-28T22,284.26
2026-10-28T23,178.163
2026-10-29T00,129.315
2026-10-29T01,125.311
2026-10-29T02,122.109
2026-10-29T03,138.924
2026-10-29T04,167.349
2026-10-29T05,197.375
2026-10-29T06,255.827
2026-10-29T07,265.436
2026-10-29T08,348.71
2026-10-29T09,490.436
2026-10-29T10,683.408
2026-10-29T11,741.059
2026-10-29T12,750.267
2026-10-29T13,749.066
2026-10-29T14,747.465
2026-10-29T15,735.454
2026-10-29T16,719.84
2026-10-29T17,701.424
2026-10-29T18,691.014
2026-10-29T19,645.774
2026-10-29T20,617.349
2026-10-29T21,539.68
2026-10-29T22,267.838
2026-10-29T23,192.571
2026-10-30T00,164.561
2026-10-30T01,159.756
2026-10-30T02,152.949
2026-10-30T03,149.346
2026-10-30T04,151.748
2026-10-30T05,179.375
2026-10-30T06,243.838
2026-10-30T07,262.656
2026-10-30T08,359.551
2026-10-30T09,488.477
2026-10-30T10,695.078
2026-10-30T11,765.147
2026-10-30T12,786.768
2026-10-30T13,771.553
2026-10-30T14,759.141
2026-10-30T15,752.735
2026-10-30T16,739.922
2026-10-30T17,720.303
2026-10-30T18,714.297
2026-10-30T19,681.465
2026-10-30T20,662.647
2026-10-30T21,584.17
2026-10-30T22,316.309
2026-10-30T23,216.211
2026-10-31T00,160.649
2026-10-31T01,157.146
2026-10-31T02,154.143
2026-10-31T03,152.641
2026-10-31T04,153.642
2026-10-31T05,158.146
2026-10-31T06,206.691
2026-10-31T07,234.717
2026-10-31T08,340.315
2026-10-31T09,449.917
2026-10-31T10,693.642
2026-10-31T11,759.203
2026-10-31T12,743.689
2026-10-31T13,749.694
2026-10-31T14,734.18
2026-10-31T15,749.694
2026-10-31T16,752.197
2026-10-31T17,736.682
2026-10-31T18,716.664
2026-10-31T19,699.147
2026-10-31T20,663.615
2026-10-31T21,604.56
2026-10-31T22,376.349
2026-10-31T23,191.677
2026-11-01T00,165.179
2026-11-01T01,160.333
2026-11-01T02,159.121
2026-11-01T03,158.718
2026-11-01T04,155.891
2026-11-01T05,167.603
2026-11-01T06,215.662
2026-11-01T07,223.739
2026-11-01T08,291.588
2026-11-01T09,373.168
2026-11-01T10,434.555
2026-11-01T11,562.175
2026-11-01T12,682.93
2026-11-01T13,845.282
2026-11-01T14,842.455
2026-11-01T15,829.532
2026-11-01T16,807.723
2026-11-01T17,804.492
2026-11-01T18,779.453
2026-11-01T19,770.568
2026-11-01T20,728.97
2026-11-01T21,506.039
2026-11-01T22,239.086
2026-11-01T23,181.738
2026-11-02T00,154.477
2026-11-02T01,152.458
2026-11-02T02,150.943
2026-11-02T03,149.429
2026-11-02T04,152.458
2026-11-02T05,191.329
2026-11-02T06,267.053
2026-11-02T07,281.693
2026-11-02T08,361.456
2026-11-02T09,481.099
2026-11-02T10,763.802
2026-11-02T11,828.925
2026-11-02T12,842.555
2026-11-02T13,830.944
2026-11-02T14,825.896
2026-11-02T15,803.683
2026-11-02T16,795.606
2026-11-02T17,793.587
2026-11-02T18,791.568
2026-11-02T19,737.046
2026-11-02T20,701.708
2026-11-02T21,639.11
2026-11-02T22,294.819
2026-11-02T23,194.358
2026-11-03T00,167.595
2026-11-03T01,162.547
2026-11-03T02,159.013
2026-11-03T03,161.033
2026-11-03T04,165.576
2026-11-03T05,205.96
2026-11-03T06,259.47
2026-11-03T07,290.263
2026-11-03T08,381.128
2026-11-03T09,509.348
2026-11-03T10,777.399
2026-11-03T11,858.673
2026-11-03T12,867.254
2026-11-03T13,859.682
2026-11-03T14,852.11
2026-11-03T15,848.072
2026-11-03T16,847.567
2026-11-03T17,864.73
2026-11-03T18,863.216
2026-11-03T19,820.308
2026-11-03T20,727.928
2026-11-03T21,666.847
2026-11-03T22,299.854
2026-11-03T23,202.427
2026-11-04T00,162.543
2026-11-04T01,156.485
2026-11-04T02,156.485
2026-11-04T03,159.514
2026-11-04T04,160.523
2026-11-04T05,205.45
2026-11-04T06,265.015
2026-11-04T07,291.769
2026-11-04T08,380.107
2026-11-04T09,511.858
2026-11-04T10,791.007
2026-11-04T11,874.298
2026-11-04T12,893.985
2026-11-04T13,891.965
2026-11-04T14,887.927
2026-11-04T15,865.716
2026-11-04T16,855.62
2026-11-04T17,827.352
2026-11-04T18,810.694
2026-11-04T19,776.368
2026-11-04T20,716.298
2026-11-04T21,630.989
2026-11-04T22,327.104
2026-11-04T23,202.926
2026-11-05T00,168.609
2026-11-05T01,163.056
2026-11-05T02,163.056
2026-11-05T03,158.008
2026-11-05T04,161.542
2026-11-05T05,200.917
2026-11-05T06,247.865
2026-11-05T07,270.582
2026-11-05T08,350.848
2026-11-05T09,480.586
2026-11-05T10,690.59
2026-11-05T11,735.014
2026-11-05T12,825.881
2026-11-05T13,899.584
2026-11-05T14,899.584
2026-11-05T15,870.81
2026-11-05T16,831.434
2026-11-05T17,798.621
2026-11-05T18,777.418
2026-11-05T19,740.567
2026-11-05T20,702.706
2026-11-05T21,614.867
2026-11-05T22,308.948
2026-11-05T23,199.908
2026-11-06T00,175.165
2026-11-06T01,173.651
2026-11-06T02,161.031
2026-11-06T03,159.012
2026-11-06T04,158.507
2026-11-06T05,203.939
2026-11-06T06,252.4
2026-11-06T07,281.173
2026-11-06T08,371.532
2026-11-06T09,524.486
2026-11-06T10,788.496
2026-11-06T11,863.712
2026-11-06T12,867.75
2026-11-06T13,869.769
2026-11-06T14,881.38
2026-11-06T15,875.827
2026-11-06T16,867.245
2026-11-06T17,845.539
2026-11-06T18,839.986
2026-11-06T19,814.746
2026-11-06T20,765.781
2026-11-06T21,675.421
2026-11-06T22,359.922
2026-11-06T23,213.53
2026-11-07T00,187.389
2026-11-07T01,178.504
2026-11-07T02,175.274
2026-11-07T03,172.447
2026-11-07T04,170.023
2026-11-07T05,174.466
2026-11-07T06,223.736
2026-11-07T07,247.564
2026-11-07T08,333.989
2026-11-07T09,485.435
2026-11-07T10,746.326
2026-11-07T11,838.405
2026-11-07T12,866.675
2026-11-07T13,893.733
2026-11-07T14,932.907
2026-11-07T15,932.504
2026-11-07T16,934.927
2026-11-07T17,923.619
2026-11-07T18,901.003
2026-11-07T19,867.887
2026-11-07T20,808.924
2026-11-07T21,701.094
2026-11-07T22,458.377
2026-11-07T23,208.794
2026-11-08T00,165.179
2026-11-08T01,160.333
2026-11-08T02,159.121
2026-11-08T03,158.718
2026-11-08T04,155.891
2026-11-08T05,167.603
2026-11-08T06,215.662
2026-11-08T07,223.739
2026-11-08T08,291.588
2026-11-08T09,373.168
2026-11-08T10,434.555
2026-11-08T11,562.175
2026-11-08T12,682.93
2026-11-08T13,845.282
2026-11-08T14,842.455
2026-11-08T15,829.532
2026-11-08T16,807.723
2026-11-08T17,804.492
2026-11-08T18,779.453
2026-11-08T19,770.568
2026-11-08T20,728.97
2026-11-08T21,506.039
2026-11-08T22,239.086
2026-11-08T23,181.738
2026-11-09T00,154.477
2026-11-09T01,152.458
2026-11-09T02,150.943
2026-11-09T03,149.429
2026-11-09T04,152.458
2026-11-09T05,191.329
2026-11-09T06,267.053
2026-11-09T07,281.693
2026-11-09T08,361.456
2026-11-09T09,481.099
2026-11-09T10,763.802
2026-11-09T11,828.925
2026-11-09T12,842.555
2026-11-09T13,830.944
2026-11-09T14,825.896
2026-11-09T15,803.683
2026-11-09T16,795.606
2026-11-09T17,793.587
2026-11-09T18,791.568
2026-11-09T19,737.046
2026-11-09T20,701.708
2026-11-09T21,639.11
2026-11-09T22,294.819
2026-11-09T23,194.358
2026-11-10T00,167.595
2026-11-10T01,162.547
2026-11-10T02,159.013
2026-11-10T03,161.033
2026-11-10T04,165.576
2026-11-10T05,205.96
2026-11-10T06,259.47
2026-11-10T07,290.263
2026-11-10T08,381.128
2026-11-10T09,509.348
2026-11-10T10,777.399
2026-11-10T11,858.673
2026-11-10T12,867.254
2026-11-10T13,859.682
2026-11-10T14,852.11
2026-11-10T15,848.072
2026-11-10T16,847.567
2026-11-10T17,864.73
2026-11-10T18,863.216
2026-11-10T19,820.308
2026-11-10T20,727.928
2026-11-10T21,666.847
2026-11-10T22,299.854
2026-11-10T23,202.427
2026-11-11T00,162.543
2026-11-11T01,156.485
2026-11-11T02,156.485
2026-11-11T03,159.514
2026-11-11T04,160.523
2026-11-11T05,205.45
2026-11-11T06,265.015
2026-11-11T07,291.769
2026-11-11T08,380.107
2026-11-11T09,511.858
2026-11-11T10,791.007
2026-11-11T11,874.298
2026-11-11T12,893.985
2026-11-11T13,891.965
2026-11-11T14,887.927
2026-11-11T15,865.716
2026-11-11T16,855.62
2026-11-11T17,827.352
2026-11-11T18,810.694
2026-11-11T19,776.368
2026-11-11T20,716.298
2026-11-11T21,630.989
2026-11-11T22,327.104
2026-11-11T23,202.926
2026-11-12T00,168.609
2026-11-12T01,163.056
2026-11-12T02,163.056
2026-11-12T03,158.008
2026-11-12T04,161.542
2026-11-12T05,200.917
2026-11-12T06,247.865
2026-11-12T07,270.582
2026-11-12T08,350.848
2026-11-12T09,480.586
2026-11-12T10,690.59
2026-11-12T11,735.014
2026-11-12T12,825.881
2026-11-12T13,899.584
2026-11-12T14,899.584
2026-11-12T15,870.81
2026-11-12T16,831.434
2026-11-12T17,798.621
2026-11-12T18,777.418
2026-11-12T19,740.567
2026-11-12T20,702.706
2026-11-12T21,614.867
2026-11-12T22,308.948
2026-11-12T23,199.908
2026-11-13T00,175.165
2026-11-13T01,173.651
2026-11-13T02,161.031
2026-11-13T03,159.012
2026-11-13T04,158.507
2026-11-13T05,203.939
2026-11-13T06,252.4
2026-11-13T07,281.173
2026-11-13T08,371.532
2026-11-13T09,524.486
2026-11-13T10,788.496
2026-11-13T11,863.712
2026-11-13T12,867.75
2026-11-13T13,869.769
2026-11-13T14,881.38
2026-11-13T15,875.827
2026-11-13T16,867.245
2026-11-13T17,845.539
2026-11-13T18,839.986
2026-11-13T19,814.746
2026-11-13T20,765.781
2026-11-13T21,675.421
2026-11-13T22,359.922
2026-11-13T23,213.53
2026-11-14T00,187.389
2026-11-14T01,178.504
2026-11-14T02,175.274
2026-11-14T03,172.447
2026-11-14T04,170.023
2026-11-14T05,174.466
2026-11-14T06,223.736
2026-11-14T07,247.564
2026-11-14T08,333.989
2026-11-14T09,485.435
2026-11-14T10,746.326
2026-11-14T11,838.405
2026-11-14T12,866.675
2026-11-14T13,893.733
2026-11-14T14,932.907
2026-11-14T15,932.504
2026-11-14T16,934.927
2026-11-14T17,923.619
2026-11-14T18,901.003
2026-11-14T19,867.887
2026-11-14T20,808.924
2026-11-14T21,701.094
2026-11-14T22,458.377
2026-11-14T23,208.794
2026-11-15T00,165.179
2026-11-15T01,160.333
2026-11-15T02,159.121
2026-11-15T03,158.718
2026-11-15T04,155.891
2026-11-15T05,167.603
2026-11-15T06,215.662
2026-11-15T07,223.739
2026-11-15T08,291.588
2026-11-15T09,373.168
2026-11-15T10,434.555
2026-11-15T11,562.175
2026-11-15T12,682.93
2026-11-15T13,845.282
2026-11-15T14,842.455
2026-11-15T15,829.532
2026-11-15T16,807.723
2026-11-15T17,804.492
2026-11-15T18,779.453
2026-11-15T19,770.568
2026-11-15T20,728.97
2026-11-15T21,506.039
2026-11-15T22,239.086
2026-11-15T23,181.738
2026-11-16T00,154.477
2026-11-16T01,152.458
2026-11-16T02,150.943
2026-11-16T03,149.429
2026-11-16T04,152.458
2026-11-16T05,191.329
2026-11-16T06,267.053
2026-11-16T07,281.693
2026-11-16T08,361.456
2026-11-16T09,481.099
2026-11-16T10,763.802
2026-11-16T11,828.925
2026-11-16T12,842.555
2026-11-16T13,830.944
2026-11-16T14,825.896
2026-11-16T15,803.683
2026-11-16T16,795.606
2026-11-16T17,793.587
2026-11-16T18,791.568
2026-11-16T19,737.046
2026-11-16T20,701.708
2026-11-16T21,639.11
2026-11-16T22,294.819
2026-11-16T23,194.358
2026-11-17T00,167.595
2026-11-17T01,162.547
2026-11-17T02,159.013
2026-11-17T03,161.033
2026-11-17T04,165.576
2026-11-17T05,205.96
2026-11-17T06,259.47
2026-11-17T07,290.263
2026-11-17T08,381.128
2026-11-17T09,509.348
2026-11-17T10,777.399
2026-11-17T11,858.673
2026-11-17T12,867.254
2026-11-17T13,859.682
2026-11-17T14,852.11
2026-11-17T15,848.072
2026-11-17T16,847.567
2026-11-17T17,864.73
2026-11-17T18,863.216
2026-11-17T19,820.308
2026-11-17T20,727.928
2026-11-17T21,666.847
2026-11-17T22,299.854
2026-11-17T23,202.427
2026-11-18T00,162.543
2026-11-18T01,156.485
2026-11-18T02,156.485
2026-11-18T03,159.514
2026-11-18T04,160.523
2026-11-18T05,205.45
2026-11-18T06,265.015
2026-11-18T07,291.769
2026-11-18T08,380.107
2026-11-18T09,511.858
2026-11-18T10,791.007
2026-11-18T11,874.298
2026-11-18T12,893.985
2026-11-18T13,891.965
2026-11-18T14,887.927
2026-11-18T15,865.716
2026-11-18T16,855.62
2026-11-18T17,827.352
2026-11-18T18,810.694
2026-11-18T19,776.368
2026-11-18T20,716.298
2026-11-18T21,630.989
2026-11-18T22,327.104
2026-11-18T23,202.926
2026-11-19T00,168.609
2026-11-19T01,163.056
2026-11-19T02,163.056
2026-11-19T03,158.008
2026-11-19T04,161.542
2026-11-19T05,200.917
2026-11-19T06,247.865
2026-11-19T07,270.582
2026-11-19T08,350.848
2026-11-19T09,480.586
2026-11-19T10,690.59
2026-11-19T11,735.014
2026-11-19T12,825.881
2026-11-19T13,899.584
2026-11-19T14,899.584
2026-11-19T15,870.81
2026-11-19T16,831.434
2026-11-19T17,798.621
2026-11-19T18,777.418
2026-11-19T19,740.567
2026-11-19T20,702.706
2026-11-19T21,614.867
2026-11-19T22,308.948
2026-11-19T23,199.908
2026-11-20T00,175.165
2026-11-20T01,173.651
2026-11-20T02,161.031
2026-11-20T03,159.012
2026-11-20T04,158.507
2026-11-20T05,203.939
2026-11-20T06,252.4
2026-11-20T07,281.173
2026-11-20T08,371.532
2026-11-20T09,524.486
2026-11-20T10,788.496
2026-11-20T11,863.712
2026-11-20T12,867.75
2026-11-20T13,869.769
2026-11-20T14,881.38
2026-11-20T15,875.827
2026-11-20T16,867.245
2026-11-20T17,845.539
2026-11-20T18,839.986
2026-11-20T19,814.746
2026-11-20T20,765.781
2026-11-20T21,675.421
2026-11-20T22,359.922
2026-11-20T23,213.53
2026-11-21T00,187.389
2026-11-21T01,178.504
2026-11-21T02,175.274
2026-11-21T03,172.447
2026-11-21T04,170.023
2026-11-21T05,174.466
2026-11-21T06,223.736
2026-11-21T07,247.564
2026-11-21T08,333.989
2026-11-21T09,485.435
2026-11-21T10,746.326
2026-11-21T11,838.405
2026-11-21T12,866.675
2026-11-21T13,893.733
2026-11-21T14,932.907
2026-11-21T15,932.504
2026-11-21T16,934.927
2026-11-21T17,923.619
2026-11-21T18,901.003
2026-11-21T19,867.887
2026-11-21T20,808.924
2026-11-21T21,701.094
2026-11-21T22,458.377
2026-11-21T23,208.794
2026-11-22T00,165.179
2026-11-22T01,160.333
2026-11-22T02,159.121
2026-11-22T03,158.718
2026-11-22T04,155.891
2026-11-22T05,167.603
2026-11-22T06,215.662
2026-11-22T07,223.739
2026-11-22T08,291.588
2026-11-22T09,373.168
2026-11-22T10,434.555
2026-11-22T11,562.175
2026-11-22T12,682.93
2026-11-22T13,845.282
2026-11-22T14,842.455
2026-11-22T15,829.532
2026-11-22T16,807.723
2026-11-22T17,804.492
2026-11-22T18,779.453
2026-11-22T19,770.568
2026-11-22T20,728.97
2026-11-22T21,506.039
2026-11-22T22,239.086
2026-11-22T23,181.738
2026-11-23T00,154.477
2026-11-23T01,152.458
2026-11-23T02,150.943
2026-11-23T03,149.429
2026-11-23T04,152.458
2026-11-23T05,191.329
2026-11-23T06,267.053
2026-11-23T07,281.693
2026-11-23T08,361.456
2026-11-23T09,481.099
2026-11-23T10,763.802
2026-11-23T11,828.925
2026-11-23T12,842.555
2026-11-23T13,830.944
2026-11-23T14,825.896
2026-11-23T15,803.683
2026-11-23T16,795.606
2026-11-23T17,793.587
2026-11-23T18,791.568
2026-11-23T19,737.046
2026-11-23T20,701.708
2026-11-23T21,639.11
2026-11-23T22,294.819
2026-11-23T23,194.358
2026-11-24T00,167.595
2026-11-24T01,162.547
2026-11-24T02,159.013
2026-11-24T03,161.033
2026-11-24T04,165.576
2026-11-24T05,205.96
2026-11-24T06,259.47
2026-11-24T07,290.263
2026-11-24T08,381.128
2026-11-24T09,509.348
2026-11-24T10,777.399
2026-11-24T11,858.673
2026-11-24T12,867.254
2026-11-24T13,859.682
2026-11-24T14,852.11
2026-11-24T15,848.072
2026-11-24T16,847.567
2026-11-24T17,864.73
2026-11-24T18,863.216
2026-11-24T19,820.308
2026-11-24T20,727.928
2026-11-24T21,666.847
2026-11-24T22,299.854
2026-11-24T23,202.427
2026-11-25T00,162.543
2026-11-25T01,156.485
2026-11-25T02,156.485
2026-11-25T03,159.514
2026-11-25T04,160.523
2026-11-25T05,205.45
2026-11-25T06,265.015
2026-11-25T07,291.769
2026-11-25T08,380.107
2026-11-25T09,511.858
2026-11-25T10,791.007
2026-11-25T11,874.298
2026-11-25T12,893.985
2026-11-25T13,891.965
2026-11-25T14,887.927
2026-11-25T15,865.716
2026-11-25T16,855.62
2026-11-25T17,827.352
2026-11-25T18,810.694
2026-11-25T19,776.368
2026-11-25T20,716.298
2026-11-25T21,630.989
2026-11-25T22,327.104
2026-11-25T23,202.926
2026-11-26T00,168.609
2026-11-26T01,163.056
2026-11-26T02,163.056
2026-11-26T03,158.008
2026-11-26T04,161.542
2026-11-26T05,200.917
2026-11-26T06,247.865
2026-11-26T07,270.582
2026-11-26T08,350.848
2026-11-26T09,480.586
2026-11-26T10,690.59
2026-11-26T11,735.014
2026-11-26T12,825.881
2026-11-26T13,899.584
2026-11-26T14,899.584
2026-11-26T15,870.81
2026-11-26T16,831.434
2026-11-26T17,798.621
2026-11-26T18,777.418
2026-11-26T19,740.567
2026-11-26T20,702.706
2026-11-26T21,614.867
2026-11-26T22,308.948
2026-11-26T23,199.908
2026-11-27T00,175.165
2026-11-27T01,173.651
2026-11-27T02,161.031
2026-11-27T03,159.012
2026-11-27T04,158.507
2026-11-27T05,203.939
2026-11-27T06,252.4
2026-11-27T07,281.173
2026-11-27T08,371.532
2026-11-27T09,524.486
2026-11-27T10,788.496
2026-11-27T11,863.712
2026-11-27T12,867.75
2026-11-27T13,869.769
2026-11-27T14,881.38
2026-11-27T15,875.827
2026-11-27T16,867.245
2026-11-27T17,845.539
2026-11-27T18,839.986
2026-11-27T19,814.746
2026-11-27T20,765.781
2026-11-27T21,675.421
2026-11-27T22,359.922
2026-11-27T23,213.53
2026-11-28T00,187.389
2026-11-28T01,178.504
2026-11-28T02,175.274
2026-11-28T03,172.447
2026-11-28T04,170.023
2026-11-28T05,174.466
2026-11-28T06,223.736
2026-11-28T07,247.564
2026-11-28T08,333.989
2026-11-28T09,485.435
2026-11-28T10,746.326
2026-11-28T11,838.405
2026-11-28T12,866.675
2026-11-28T13,893.733
2026-11-28T14,932.907
2026-11-28T15,932.504
2026-11-28T16,934.927
2026-11-28T17,923.619
2026-11-28T18,901.003
2026-11-28T19,867.887
2026-11-28T20,808.924
2026-11-28T21,701.094
2026-11-28T22,458.377
2026-11-28T23,208.794
2026-11-29T00,165.179
2026-11-29T01,160.333
2026-11-29T02,159.121
2026-11-29T03,158.718
2026-11-29T04,155.891
2026-11-29T05,167.603
2026-11-29T06,215.662
2026-11-29T07,223.739
2026-11-29T08,291.588
2026-11-29T09,373.168
2026-11-29T10,434.555
2026-11-29T11,562.175
2026-11-29T12,682.93
2026-11-29T13,845.282
2026-11-29T14,842.455
2026-11-29T15,829.532
2026-11-29T16,807.723
2026-11-29T17,804.492
2026-11-29T18,779.453
2026-11-29T19,770.568
2026-11-29T20,728.97
2026-11-29T21,506.039
2026-11-29T22,239.086
2026-11-29T23,181.738
2026-11-30T00,154.477
2026-11-30T01,152.458
2026-11-30T02,150.943
2026-11-30T03,149.429
2026-11-30T04,152.458
2026-11-30T05,191.329
2026-11-30T06,267.053
2026-11-30T07,281.693
2026-11-30T08,361.456
2026-11-30T09,481.099
2026-11-30T10,763.802
2026-11-30T11,828.925
2026-11-30T12,842.555
2026-11-30T13,830.944
2026-11-30T14,825.896
2026-11-30T15,803.683
2026-11-30T16,795.606
2026-11-30T17,793.587
2026-11-30T18,791.568
2026-11-30T19,737.046
2026-11-30T20,701.708
2026-11-30T21,639.11
2026-11-30T22,294.819
2026-11-30T23,194.358
2026-12-01T00,149.878
2026-12-01T01,147.153
2026-12-01T02,144.087
2026-12-01T03,141.703
2026-12-01T04,143.406
2026-12-01T05,178.831
2026-12-01T06,231.97
2026-12-01T07,277.955
2026-12-01T08,389.001
2026-12-01T09,579.073
2026-12-01T10,844.084
2026-12-01T11,897.563
2026-12-01T12,948.317
2026-12-01T13,941.505
2026-12-01T14,946.955
2026-12-01T15,944.23
2026-12-01T16,930.605
2026-12-01T17,906.76
2026-12-01T18,898.585
2026-12-01T19,866.225
2026-12-01T20,839.315
2026-12-01T21,781.408
2026-12-01T22,418.976
2026-12-01T23,190.413
2026-12-02T00,156.35
2026-12-02T01,153.966
2026-12-02T02,150.9
2026-12-02T03,147.834
2026-12-02T04,146.812
2026-12-02T05,175.425
2026-12-02T06,228.905
2026-12-02T07,253.43
2026-12-02T08,353.235
2026-12-02T09,528.32
2026-12-02T10,799.803
2026-12-02T11,845.789
2026-12-02T12,889.049
2026-12-02T13,878.489
2026-12-02T14,890.411
2026-12-02T15,874.742
2026-12-02T16,851.579
2026-12-02T17,814.791
2026-12-02T18,762.334
2026-12-02T19,582.48
2026-12-02T20,497.663
2026-12-02T21,449.975
2026-12-02T22,219.707
2026-12-02T23,156.009
2026-12-03T00,153.707
2026-12-03T01,148.172
2026-12-03T02,145.617
2026-12-03T03,142.211
2026-12-03T04,143.489
2026-12-03T05,171.59
2026-12-03T06,228.219
2026-12-03T07,259.301
2026-12-03T08,325.298
2026-12-03T09,432.595
2026-12-03T10,682.529
2026-12-03T11,760.447
2026-12-03T12,782.162
2026-12-03T13,787.697
2026-12-03T14,768.111
2026-12-03T15,761.298
2026-12-03T16,737.88
2026-12-03T17,717.017
2026-12-03T18,696.58
2026-12-03T19,665.498
2026-12-03T20,605.888
2026-12-03T21,525.415
2026-12-03T22,268.669
2026-12-03T23,168.61
2026-12-04T00,155.402
2026-12-04T01,149.867
2026-12-04T02,146.461
2026-12-04T03,145.183
2026-12-04T04,149.441
2026-12-04T05,178.818
2026-12-04T06,229.909
2026-12-04T07,269.93
2026-12-04T08,355.082
2026-12-04T09,520.702
2026-12-04T10,743.373
2026-12-04T11,835.762
2026-12-04T12,872.377
2026-12-04T13,896.646
2026-12-04T14,882.596
2026-12-04T15,873.229
2026-12-04T16,855.347
2026-12-04T17,840.871
2026-12-04T18,828.099
2026-12-04T19,820.861
2026-12-04T20,811.068
2026-12-04T21,698.243
2026-12-04T22,385.736
2026-12-04T23,194.997
2026-12-05T00,172.019
2026-12-05T01,164.78
2026-12-05T02,161.8
2026-12-05T03,159.245
2026-12-05T04,154.987
2026-12-05T05,152.858
2026-12-05T06,213.746
2026-12-05T07,283.15
2026-12-05T08,397.687
2026-12-05T09,635.277
2026-12-05T10,856.261
2026-12-05T11,917.575
2026-12-05T12,920.555
2026-12-05T13,915.02
2026-12-05T14,896.711
2026-12-05T15,879.68
2026-12-05T16,872.016
2026-12-05T17,864.777
2026-12-05T18,848.597
2026-12-05T19,830.288
2026-12-05T20,815.386
2026-12-05T21,748.111
2026-12-05T22,491.786
2026-12-05T23,222.688
2026-12-06T00,150.299
2026-12-06T01,148.17
2026-12-06T02,143.487
2026-12-06T03,141.784
2026-12-06T04,139.229
2026-12-06T05,147.744
2026-12-06T06,183.084
2026-12-06T07,207.353
2026-12-06T08,251.208
2026-12-06T09,380.218
2026-12-06T10,525.408
2026-12-06T11,627.595
2026-12-06T12,686.778
2026-12-06T13,826.007
2026-12-06T14,841.335
2026-12-06T15,826.858
2026-12-06T16,779.171
2026-12-06T17,783.003
2026-12-06T18,749.367
2026-12-06T19,731.484
2026-12-06T20,715.73
2026-12-06T21,578.205
2026-12-06T22,304.856
2026-12-06T23,165.627
2026-12-07T00,157.365
2026-12-07T01,147.487
2026-12-07T02,144.081
2026-12-07T03,139.653
2026-12-07T04,141.356
2026-12-07T05,174.737
2026-12-07T06,231.62
2026-12-07T07,261.594
2026-12-07T08,341.98
2026-12-07T09,507.179
2026-12-07T10,731.987
2026-12-07T11,831.788
2026-12-07T12,889.352
2026-12-07T13,898.549
2026-12-07T14,900.592
2026-12-07T15,910.13
2026-12-07T16,879.134
2026-12-07T17,863.465
2026-12-07T18,851.884
2026-12-07T19,814.757
2026-12-07T20,790.232
2026-12-07T21,672.719
2026-12-07T22,316.774
2026-12-07T23,167.584
2026-12-08T00,149.878
2026-12-08T01,147.153
2026-12-08T02,144.087
2026-12-08T03,141.703
2026-12-08T04,143.406
2026-12-08T05,178.831
2026-12-08T06,231.97
2026-12-08T07,277.955
2026-12-08T08,389.001
2026-12-08T09,579.073
2026-12-08T10,844.084
2026-12-08T11,897.563
2026-12-08T12,948.317
2026-12-08T13,941.505
2026-12-08T14,946.955
2026-12-08T15,944.23
2026-12-08T16,930.605
2026-12-08T17,906.76
2026-12-08T18,898.585
2026-12-08T19,866.225
2026-12-08T20,839.315
2026-12-08T21,781.408
2026-12-08T22,418.976
2026-12-08T23,190.413
2026-12-09T00,156.35
2026-12-09T01,153.966
2026-12-09T02,150.9
2026-12-09T03,147.834
2026-12-09T04,146.812
2026-12-09T05,175.425
2026-12-09T06,228.905
2026-12-09T07,253.43
2026-12-09T08,353.235
2026-12-09T09,528.32
2026-12-09T10,799.803
2026-12-09T11,845.789
2026-12-09T12,889.049
2026-12-09T13,878.489
2026-12-09T14,890.411
2026-12-09T15,874.742
2026-12-09T16,851.579
2026-12-09T17,814.791
2026-12-09T18,762.334
2026-12-09T19,582.48
2026-12-09T20,497.663
2026-12-09T21,449.975
2026-12-09T22,219.707
2026-12-09T23,156.009
2026-12-10T00,153.707
2026-12-10T01,148.172
2026-12-10T02,145.617
2026-12-10T03,142.211
2026-12-10T04,143.489
2026-12-10T05,171.59
2026-12-10T06,228.219
2026-12-10T07,259.301
2026-12-10T08,325.298
2026-12-10T09,432.595
2026-12-10T10,682.529
2026-12-10T11,760.447
2026-12-10T12,782.162
2026-12-10T13,787.697
2026-12-10T14,768.111
2026-12-10T15,761.298
2026-12-10T16,737.88
2026-12-10T17,717.017
2026-12-10T18,696.58
2026-12-10T19,665.498
2026-12-10T20,605.888
2026-12-10T21,525.415
2026-12-10T22,268.669
2026-12-10T23,168.61
2026-12-11T00,155.402
2026-12-11T01,149.867
2026-12-11T02,146.461
2026-12-11T03,145.183
2026-12-11T04,149.441
2026-12-11T05,178.818
2026-12-11T06,229.909
2026-12-11T07,269.93
2026-12-11T08,355.082
2026-12-11T09,520.702
2026-12-11T10,743.373
2026-12-11T11,835.762
2026-12-11T12,872.377
2026-12-11T13,896.646
2026-12-11T14,882.596
2026-12-11T15,873.229
2026-12-11T16,855.347
2026-12-11T17,840.871
2026-12-11T18,828.099
2026-12-11T19,820.861
2026-12-11T20,811.068
2026-12-11T21,698.243
2026-12-11T22,385.736
2026-12-11T23,194.997
2026-12-12T00,172.019
2026-12-12T01,164.78
2026-12-12T02,161.8
2026-12-12T03,159.245
2026-12-12T04,154.987
2026-12-12T05,152.858
2026-12-12T06,213.746
2026-12-12T07,283.15
2026-12-12T08,397.687
2026-12-12T09,635.277
2026-12-12T10,856.261
2026-12-12T11,917.575
2026-12-12T12,920.555
2026-12-12T13,915.02
2026-12-12T14,896.711
2026-12-12T15,879.68
2026-12-12T16,872.016
2026-12-12T17,864.777
2026-12-12T18,848.597
2026-12-12T19,830.288
2026-12-12T20,815.386
2026-12-12T21,748.111
2026-12-12T22,491.786
2026-12-12T23,222.688
2026-12-13T00,150.299
2026-12-13T01,148.17
2026-12-13T02,143.487
2026-12-13T03,141.784
2026-12-13T04,139.229
2026-12-13T05,147.744
2026-12-13T06,183.084
2026-12-13T07,207.353
2026-12-13T08,251.208
2026-12-13T09,380.218
2026-12-13T10,525.408
2026-12-13T11,627.595
2026-12-13T12,686.778
2026-12-13T13,826.007
2026-12-13T14,841.335
2026-12-13T15,826.858
2026-12-13T16,779.171
2026-12-13T17,783.003
2026-12-13T18,749.367
2026-12-13T19,731.484
2026-12-13T20,715.73
2026-12-13T21,578.205
2026-12-13T22,304.856
2026-12-13T23,165.627
2026-12-14T00,157.365
2026-12-14T01,147.487
2026-12-14T02,144.081
2026-12-14T03,139.653
2026-12-14T04,141.356
2026-12-14T05,174.737
2026-12-14T06,231.62
2026-12-14T07,261.594
2026-12-14T08,341.98
2026-12-14T09,507.179
2026-12-14T10,731.987
2026-12-14T11,831.788
2026-12-14T12,889.352
2026-12-14T13,898.549
2026-12-14T14,900.592
2026-12-14T15,910.13
2026-12-14T16,879.134
2026-12-14T17,863.465
2026-12-14T18,851.884
2026-12-14T19,814.757
2026-12-14T20,790.232
2026-12-14T21,672.719
2026-12-14T22,316.774
2026-12-14T23,167.584
2026-12-15T00,149.878
2026-12-15T01,147.153
2026-12-15T02,144.087
2026-12-15T03,141.703
2026-12-15T04,143.406
2026-12-15T05,178.831
2026-12-15T06,231.97
2026-12-15T07,277.955
2026-12-15T08,389.001
2026-12-15T09,579.073
2026-12-15T10,844.084
2026-12-15T11,897.563
2026-12-15T12,948.317
2026-12-15T13,941.505
2026-12-15T14,946.955
2026-12-15T15,944.23
2026-12-15T16,930.605
2026-12-15T17,906.76
2026-12-15T18,898.585
2026-12-15T19,866.225
2026-12-15T20,839.315
2026-12-15T21,781.408
2026-12-15T22,418.976
2026-12-15T23,190.413
2026-12-16T00,156.35
2026-12-16T01,153.966
2026-12-16T02,150.9
2026-12-16T03,147.834
2026-12-16T04,146.812
2026-12-16T05,175.425
2026-12-16T06,228.905
2026-12-16T07,253.43
2026-12-16T08,353.235
2026-12-16T09,528.32
2026-12-16T10,799.803
2026-12-16T11,845.789
2026-12-16T12,889.049
2026-12-16T13,878.489
2026-12-16T14,890.411
2026-12-16T15,874.742
2026-12-16T16,851.579
2026-12-16T17,814.791
2026-12-16T18,762.334
2026-12-16T19,582.48
2026-12-16T20,497.663
2026-12-16T21,449.975
2026-12-16T22,219.707
2026-12-16T23,156.009
2026-12-17T00,153.707
2026-12-17T01,148.172
2026-12-17T02,145.617
2026-12-17T03,142.211
2026-12-17T04,143.489
2026-12-17T05,171.59
2026-12-17T06,228.219
2026-12-17T07,259.301
2026-12-17T08,325.298
2026-12-17T09,432.595
2026-12-17T10,682.529
2026-12-17T11,760.447
2026-12-17T12,782.162
2026-12-17T13,787.697
2026-12-17T14,768.111
2026-12-17T15,761.298
2026-12-17T16,737.88
2026-12-17T17,717.017
2026-12-17T18,696.58
2026-12-17T19,665.498
2026-12-17T20,605.888
2026-12-17T21,525.415
2026-12-17T22,268.669
2026-12-17T23,168.61
2026-12-18T00,155.402
2026-12-18T01,149.867
2026-12-18T02,146.461
2026-12-18T03,145.183
2026-12-18T04,149.441
2026-12-18T05,178.818
2026-12-18T06,229.909
2026-12-18T07,269.93
2026-12-18T08,355.082
2026-12-18T09,520.702
2026-12-18T10,743.373
2026-12-18T11,835.762
2026-12-18T12,872.377
2026-12-18T13,896.646
2026-12-18T14,882.596
2026-12-18T15,873.229
2026-12-18T16,855.347
2026-12-18T17,840.871
2026-12-18T18,828.099
2026-12-18T19,820.861
2026-12-18T20,811.068
2026-12-18T21,698.243
2026-12-18T22,385.736
2026-12-18T23,194.997
2026-12-19T00,172.019
2026-12-19T01,164.78
2026-12-19T02,161.8
2026-12-19T03,159.245
2026-12-19T04,154.987
2026-12-19T05,152.858
2026-12-19T06,213.746
2026-12-19T07,283.15
2026-12-19T08,397.687
2026-12-19T09,635.277
2026-12-19T10,856.261
2026-12-19T11,917.575
2026-12-19T12,920.555
2026-12-19T13,915.02
2026-12-19T14,896.711
2026-12-19T15,879.68
2026-12-19T16,872.016
2026-12-19T17,864.777
2026-12-19T18,848.597
2026-12-19T19,830.288
2026-12-19T20,815.386
2026-12-19T21,748.111
2026-12-19T22,491.786
2026-12-19T23,222.688
2026-12-20T00,150.299
2026-12-20T01,148.17
2026-12-20T02,143.487
2026-12-20T03,141.784
2026-12-20T04,139.229
2026-12-20T05,147.744
2026-12-20T06,183.084
2026-12-20T07,207.353
2026-12-20T08,251.208
2026-12-20T09,380.218
2026-12-20T10,525.408
2026-12-20T11,627.595
2026-12-20T12,686.778
2026-12-20T13,826.007
2026-12-20T14,841.335
2026-12-20T15,826.858
2026-12-20T16,779.171
2026-12-20T17,783.003
2026-12-20T18,749.367
2026-12-20T19,731.484
2026-12-20T20,715.73
2026-12-20T21,578.205
2026-12-20T22,304.856
2026-12-20T23,165.627
2026-12-21T00,157.365
2026-12-21T01,147.487
2026-12-21T02,144.081
2026-12-21T03,139.653
2026-12-21T04,141.356
2026-12-21T05,174.737
2026-12-21T06,231.62
2026-12-21T07,261.594
2026-12-21T08,341.98
2026-12-21T09,507.179
2026-12-21T10,731.987
2026-12-21T11,831.788
2026-12-21T12,889.352
2026-12-21T13,898.549
2026-12-21T14,900.592
2026-12-21T15,910.13
2026-12-21T16,879.134
2026-12-21T17,863.465
2026-12-21T18,851.884
2026-12-21T19,814.757
2026-12-21T20,790.232
2026-12-21T21,672.719
2026-12-21T22,316.774
2026-12-21T23,167.584
2026-12-22T00,149.867
2026-12-22T01,147.142
2026-12-22T02,144.077
2026-12-22T03,141.692
2026-12-22T04,143.395
2026-12-22T05,178.818
2026-12-22T06,231.953
2026-12-22T07,277.935
2026-12-22T08,388.973
2026-12-22T09,579.031
2026-12-22T10,844.023
2026-12-22T11,897.498
2026-12-22T12,948.248
2026-12-22T13,941.436
2026-12-22T14,946.886
2026-12-22T15,944.161
2026-12-22T16,930.537
2026-12-22T17,906.694
2026-12-22T18,898.52
2026-12-22T19,866.162
2026-12-22T20,839.254
2026-12-22T21,781.351
2026-12-22T22,418.946
2026-12-22T23,190.399
2026-12-23T00,156.35
2026-12-23T01,153.966
2026-12-23T02,150.9
2026-12-23T03,147.834
2026-12-23T04,146.812
2026-12-23T05,175.425
2026-12-23T06,228.905
2026-12-23T07,253.43
2026-12-23T08,353.235
2026-12-23T09,528.32
2026-12-23T10,799.803
2026-12-23T11,845.789
2026-12-23T12,889.049
2026-12-23T13,878.489
2026-12-23T14,890.411
2026-12-23T15,874.742
2026-12-23T16,851.579
2026-12-23T17,814.791
2026-12-23T18,762.334
2026-12-23T19,582.48
2026-12-23T20,497.663
2026-12-23T21,449.975
2026-12-23T22,219.707
2026-12-23T23,156.009
2026-12-24T00,153.707
2026-12-24T01,148.172
2026-12-24T02,145.617
2026-12-24T03,142.211
2026-12-24T04,143.489
2026-12-24T05,171.59
2026-12-24T06,228.219
2026-12-24T07,259.301
2026-12-24T08,325.298
2026-12-24T09,432.595
2026-12-24T10,682.529
2026-12-24T11,760.447
2026-12-24T12,782.162
2026-12-24T13,787.697
2026-12-24T14,768.111
2026-12-24T15,761.298
2026-12-24T16,737.88
2026-12-24T17,717.017
2026-12-24T18,696.58
2026-12-24T19,665.498
2026-12-24T20,605.888
2026-12-24T21,525.415
2026-12-24T22,268.669
2026-12-24T23,168.61
2026-12-25T00,155.402
2026-12-25T01,149.867
2026-12-25T02,146.461
2026-12-25T03,145.183
2026-12-25T04,149.441
2026-12-25T05,178.818
2026-12-25T06,229.909
2026-12-25T07,269.93
2026-12-25T08,355.082
2026-12-25T09,520.702
2026-12-25T10,743.373
2026-12-25T11,835.762
2026-12-25T12,872.377
2026-12-25T13,896.646
2026-12-25T14,882.596
2026-12-25T15,873.229
2026-12-25T16,855.347
2026-12-25T17,840.871
2026-12-25T18,828.099
2026-12-25T19,820.861
2026-12-25T20,811.068
2026-12-25T21,698.243
2026-12-25T22,385.736
2026-12-25T23,194.997
2026-12-26T00,172.019
2026-12-26T01,164.78
2026-12-26T02,161.8
2026-12-26T03,159.245
2026-12-26T04,154.987
2026-12-26T05,152.858
2026-12-26T06,213.746
2026-12-26T07,283.15
2026-12-26T08,397.687
2026-12-26T09,635.277
2026-12-26T10,856.261
2026-12-26T11,917.575
2026-12-26T12,920.555
2026-12-26T13,915.02
2026-12-26T14,896.711
2026-12-26T15,879.68
2026-12-26T16,872.016
2026-12-26T17,864.777
2026-12-26T18,848.597
2026-12-26T19,830.288
2026-12-26T20,815.386
2026-12-26T21,748.111
2026-12-26T22,491.786
2026-12-26T23,222.688
2026-12-27T00,150.299
2026-12-27T01,148.17
2026-12-27T02,143.487
2026-12-27T03,141.784
2026-12-27T04,139.229
2026-12-27T05,147.744
2026-12-27T06,183.084
2026-12-27T07,207.353
2026-12-27T08,251.208
2026-12-27T09,380.218
2026-12-27T10,525.408
2026-12-27T11,627.595
2026-12-27T12,686.778
2026-12-27T13,826.007
2026-12-27T14,841.335
2026-12-27T15,826.858
2026-12-27T16,779.171
2026-12-27T17,783.003
2026-12-27T18,749.367
2026-12-27T19,731.484
2026-12-27T20,715.73
2026-12-27T21,578.205
2026-12-27T22,304.856
2026-12-27T23,165.627
2026-12-28T00,157.365
2026-12-28T01,147.487
2026-12-28T02,144.081
2026-12-28T03,139.653
2026-12-28T04,141.356
2026-12-28T05,174.737
2026-12-28T06,231.62
2026-12-28T07,261.594
2026-12-28T08,341.98
2026-12-28T09,507.179
2026-12-28T10,731.987
2026-12-28T11,831.788
2026-12-28T12,889.352
2026-12-28T13,898.549
2026-12-28T14,900.592
2026-12-28T15,910.13
2026-12-28T16,879.134
2026-12-28T17,863.465
2026-12-28T18,851.884
2026-12-28T19,814.757
2026-12-28T20,790.232
2026-12-28T21,672.719
2026-12-28T22,316.774
2026-12-28T23,167.584
2026-12-29T00,149.867
2026-12-29T01,147.142
2026-12-29T02,144.077
2026-12-29T03,141.692
2026-12-29T04,143.395
2026-12-29T05,178.818
2026-12-29T06,231.953
2026-12-29T07,277.935
2026-12-29T08,388.973
2026-12-29T09,579.031
2026-12-29T10,844.023
2026-12-29T11,897.498
2026-12-29T12,948.248
2026-12-29T13,941.436
2026-12-29T14,946.886
2026-12-29T15,944.161
2026-12-29T16,930.537
2026-12-29T17,906.694
2026-12-29T18,898.52
2026-12-29T19,866.162
2026-12-29T20,839.254
2026-12-29T21,781.351
2026-12-29T22,418.946
2026-12-29T23,190.399
2026-12-30T00,156.35
2026-12-30T01,153.966
2026-12-30T02,150.9
2026-12-30T03,147.834
2026-12-30T04,146.812
2026-12-30T05,175.425
2026-12-30T06,228.905
2026-12-30T07,253.43
2026-12-30T08,353.235
2026-12-30T09,528.32
2026-12-30T10,799.803
2026-12-30T11,845.789
2026-12-30T12,889.049
2026-12-30T13,878.489
2026-12-30T14,890.411
2026-12-30T15,874.742
2026-12-30T16,851.579
2026-12-30T17,814.791
2026-12-30T18,762.334
2026-12-30T19,582.48
2026-12-30T20,497.663
2026-12-30T21,449.975
2026-12-30T22,219.707
2026-12-30T23,156.009
2026-12-31T00,153.707
2026-12-31T01,148.172
2026-12-31T02,145.617
2026-12-31T03,142.211
2026-12-31T04,143.489
2026-12-31T05,171.59
2026-12-31T06,228.219
2026-12-31T07,259.301
2026-12-31T08,325.298
2026-12-31T09,432.595
2026-12-31T10,682.529
2026-12-31T11,760.447
2026-12-31T12,782.162
2026-12-31T13,787.697
2026-12-31T14,768.111
2026-12-31T15,761.298
2026-12-31T16,737.88
2026-12-31T17,717.017
2026-12-31T18,696.58
2026-12-31T19,665.498
2026-12-31T20,605.888
2026-12-31T21,525.415
2026-12-31T22,268.669
2026-12-31T23,168.61
