bucket,value
2026-01-01T00,1250.572
2026-01-01T01,1497.436
2026-01-01T02,1418.132
2026-01-01T03,1387.518
2026-01-01T04,1355.477
2026-01-01T05,1317.898
2026-01-01T06,1269.093
2026-01-01T07,1145.901
2026-01-01T08,1117.425
2026-01-01T09,1285.375
2026-01-01T10,1726.075
2026-01-01T11,1377.108
2026-01-01T12,1144.964
2026-01-01T13,956.641
2026-01-01T14,888.915
2026-01-01T15,850.733
2026-01-01T16,896.113
2026-01-01T17,889.934
2026-01-01T18,726.738
2026-01-01T19,662.86
2026-01-01T20,694.718
2026-01-01T21,698.121
2026-01-01T22,821.324
2026-01-01T23,1366.009
2026-01-02T00,694.692
2026-01-02T01,831.825
2026-01-02T02,787.772
2026-01-02T03,770.766
2026-01-02T04,752.967
2026-01-02T05,732.092
2026-01-02T06,704.981
2026-01-02T07,636.548
2026-01-02T08,620.729
2026-01-02T09,714.025
2026-01-02T10,958.834
2026-01-02T11,764.983
2026-01-02T12,636.027
2026-01-02T13,531.413
2026-01-02T14,493.792
2026-01-02T15,472.582
2026-01-02T16,497.791
2026-01-02T17,494.358
2026-01-02T18,403.702
2026-01-02T19,368.218
2026-01-02T20,385.915
2026-01-02T21,387.806
2026-01-02T22,456.245
2026-01-02T23,758.817
2026-01-03T00,1146.161
2026-01-03T01,1372.414
2026-01-03T02,1299.731
2026-01-03T03,1271.673
2026-01-03T04,1242.307
2026-01-03T05,1207.866
2026-01-03T06,1163.135
2026-01-03T07,1050.229
2026-01-03T08,1024.13
2026-01-03T09,1178.058
2026-01-03T10,1581.964
2026-01-03T11,1262.133
2026-01-03T12,1049.37
2026-01-03T13,876.77
2026-01-03T14,814.699
2026-01-03T15,779.704
2026-01-03T16,821.296
2026-01-03T17,815.633
2026-01-03T18,666.062
2026-01-03T19,607.517
2026-01-03T20,636.715
2026-01-03T21,639.835
2026-01-03T22,752.751
2026-01-03T23,1251.96
2026-01-04T00,716.14
2026-01-04T01,857.507
2026-01-04T02,812.094
2026-01-04T03,794.563
2026-01-04T04,776.214
2026-01-04T05,754.695
2026-01-04T06,726.746
2026-01-04T07,656.201
2026-01-04T08,639.894
2026-01-04T09,736.07
2026-01-04T10,988.437
2026-01-04T11,788.601
2026-01-04T12,655.664
2026-01-04T13,547.82
2026-01-04T14,509.037
2026-01-04T15,487.172
2026-01-04T16,513.159
2026-01-04T17,509.621
2026-01-04T18,416.166
2026-01-04T19,379.587
2026-01-04T20,397.83
2026-01-04T21,399.779
2026-01-04T22,470.332
2026-01-04T23,782.245
2026-01-05T00,1612.873
2026-01-05T01,1931.256
2026-01-05T02,1828.977
2026-01-05T03,1789.494
2026-01-05T04,1748.17
2026-01-05T05,1699.704
2026-01-05T06,1636.76
2026-01-05T07,1477.879
2026-01-05T08,1441.152
2026-01-05T09,1657.759
2026-01-05T10,2226.134
2026-01-05T11,1776.068
2026-01-05T12,1476.669
2026-01-05T13,1233.787
2026-01-05T14,1146.441
2026-01-05T15,1097.197
2026-01-05T16,1155.725
2026-01-05T17,1147.756
2026-01-05T18,937.28
2026-01-05T19,854.896
2026-01-05T20,895.983
2026-01-05T21,900.373
2026-01-05T22,1059.269
2026-01-05T23,1761.753
2026-01-06T00,1151.838
2026-01-06T01,1379.211
2026-01-06T02,1306.169
2026-01-06T03,1277.972
2026-01-06T04,1248.461
2026-01-06T05,1213.848
2026-01-06T06,1168.896
2026-01-06T07,1055.431
2026-01-06T08,1029.203
2026-01-06T09,1183.893
2026-01-06T10,1589.8
2026-01-06T11,1268.384
2026-01-06T12,1054.567
2026-01-06T13,881.113
2026-01-06T14,818.734
2026-01-06T15,783.566
2026-01-06T16,825.364
2026-01-06T17,819.673
2026-01-06T18,669.361
2026-01-06T19,610.526
2026-01-06T20,639.869
2026-01-06T21,643.004
2026-01-06T22,756.48
2026-01-06T23,1258.161
2026-01-07T00,1160.139
2026-01-07T01,1389.152
2026-01-07T02,1315.583
2026-01-07T03,1287.183
2026-01-07T04,1257.459
2026-01-07T05,1222.597
2026-01-07T06,1177.321
2026-01-07T07,1063.038
2026-01-07T08,1036.621
2026-01-07T09,1192.426
2026-01-07T10,1601.258
2026-01-07T11,1277.526
2026-01-07T12,1062.168
2026-01-07T13,887.463
2026-01-07T14,824.635
2026-01-07T15,789.214
2026-01-07T16,831.313
2026-01-07T17,825.581
2026-01-07T18,674.185
2026-01-07T19,614.926
2026-01-07T20,644.481
2026-01-07T21,647.638
2026-01-07T22,761.932
2026-01-07T23,1267.229
2026-01-08T00,1392.907
2026-01-08T01,1667.868
2026-01-08T02,1579.538
2026-01-08T03,1545.44
2026-01-08T04,1509.752
2026-01-08T05,1467.896
2026-01-08T06,1413.536
2026-01-08T07,1276.323
2026-01-08T08,1244.606
2026-01-08T09,1431.671
2026-01-08T10,1922.53
2026-01-08T11,1533.845
2026-01-08T12,1275.279
2026-01-08T13,1065.522
2026-01-08T14,990.088
2026-01-08T15,947.56
2026-01-08T16,998.105
2026-01-08T17,991.223
2026-01-08T18,809.452
2026-01-08T19,738.304
2026-01-08T20,773.788
2026-01-08T21,777.579
2026-01-08T22,914.804
2026-01-08T23,1521.483
2026-01-09T00,1203.777
2026-01-09T01,1441.403
2026-01-09T02,1365.067
2026-01-09T03,1335.598
2026-01-09T04,1304.757
2026-01-09T05,1268.584
2026-01-09T06,1221.605
2026-01-09T07,1103.023
2026-01-09T08,1075.612
2026-01-09T09,1237.277
2026-01-09T10,1661.487
2026-01-09T11,1325.578
2026-01-09T12,1102.12
2026-01-09T13,920.844
2026-01-09T14,855.652
2026-01-09T15,818.899
2026-01-09T16,862.582
2026-01-09T17,856.634
2026-01-09T18,699.544
2026-01-09T19,638.056
2026-01-09T20,668.722
2026-01-09T21,671.998
2026-01-09T22,790.591
2026-01-09T23,1314.894
2026-01-10T00,1308.454
2026-01-10T01,1566.744
2026-01-10T02,1483.77
2026-01-10T03,1451.739
2026-01-10T04,1418.215
2026-01-10T05,1378.896
2026-01-10T06,1327.832
2026-01-10T07,1198.939
2026-01-10T08,1169.144
2026-01-10T09,1344.868
2026-01-10T10,1805.966
2026-01-10T11,1440.847
2026-01-10T12,1197.958
2026-01-10T13,1000.918
2026-01-10T14,930.058
2026-01-10T15,890.108
2026-01-10T16,937.589
2026-01-10T17,931.124
2026-01-10T18,760.374
2026-01-10T19,693.54
2026-01-10T20,726.872
2026-01-10T21,730.433
2026-01-10T22,859.339
2026-01-10T23,1429.234
2026-01-11T00,1114.753
2026-01-11T01,1334.806
2026-01-11T02,1264.115
2026-01-11T03,1236.826
2026-01-11T04,1208.265
2026-01-11T05,1174.767
2026-01-11T06,1131.262
2026-01-11T07,1021.45
2026-01-11T08,996.066
2026-01-11T09,1145.776
2026-01-11T10,1538.614
2026-01-11T11,1227.547
2026-01-11T12,1020.614
2026-01-11T13,852.744
2026-01-11T14,792.374
2026-01-11T15,758.338
2026-01-11T16,798.791
2026-01-11T17,793.282
2026-01-11T18,647.81
2026-01-11T19,590.87
2026-01-11T20,619.268
2026-01-11T21,622.301
2026-01-11T22,732.124
2026-01-11T23,1217.653
2026-01-12T00,1495.298
2026-01-12T01,1790.472
2026-01-12T02,1695.649
2026-01-12T03,1659.044
2026-01-12T04,1620.733
2026-01-12T05,1575.8
2026-01-12T06,1517.444
2026-01-12T07,1370.145
2026-01-12T08,1336.096
2026-01-12T09,1536.912
2026-01-12T10,2063.854
2026-01-12T11,1646.597
2026-01-12T12,1369.024
2026-01-12T13,1143.847
2026-01-12T14,1062.868
2026-01-12T15,1017.214
2026-01-12T16,1071.475
2026-01-12T17,1064.087
2026-01-12T18,868.954
2026-01-12T19,792.576
2026-01-12T20,830.668
2026-01-12T21,834.738
2026-01-12T22,982.051
2026-01-12T23,1633.326
2026-01-13T00,1230.613
2026-01-13T01,1473.537
2026-01-13T02,1395.499
2026-01-13T03,1365.373
2026-01-13T04,1333.844
2026-01-13T05,1296.864
2026-01-13T06,1248.838
2026-01-13T07,1127.613
2026-01-13T08,1099.591
2026-01-13T09,1264.86
2026-01-13T10,1698.527
2026-01-13T11,1355.13
2026-01-13T12,1126.69
2026-01-13T13,941.373
2026-01-13T14,874.728
2026-01-13T15,837.155
2026-01-13T16,881.811
2026-01-13T17,875.731
2026-01-13T18,715.139
2026-01-13T19,652.28
2026-01-13T20,683.63
2026-01-13T21,686.979
2026-01-13T22,808.216
2026-01-13T23,1344.207
2026-01-14T00,1210.375
2026-01-14T01,1449.304
2026-01-14T02,1372.549
2026-01-14T03,1342.919
2026-01-14T04,1311.908
2026-01-14T05,1275.537
2026-01-14T06,1228.3
2026-01-14T07,1109.069
2026-01-14T08,1081.507
2026-01-14T09,1244.059
2026-01-14T10,1670.594
2026-01-14T11,1332.844
2026-01-14T12,1108.161
2026-01-14T13,925.891
2026-01-14T14,860.342
2026-01-14T15,823.387
2026-01-14T16,867.31
2026-01-14T17,861.329
2026-01-14T18,703.378
2026-01-14T19,641.553
2026-01-14T20,672.388
2026-01-14T21,675.681
2026-01-14T22,794.925
2026-01-14T23,1322.101
2026-01-15T00,1138.928
2026-01-15T01,1363.753
2026-01-15T02,1291.529
2026-01-15T03,1263.648
2026-01-15T04,1234.468
2026-01-15T05,1200.243
2026-01-15T06,1155.795
2026-01-15T07,1043.602
2026-01-15T08,1017.667
2026-01-15T09,1170.624
2026-01-15T10,1571.981
2026-01-15T11,1254.168
2026-01-15T12,1042.748
2026-01-15T13,871.237
2026-01-15T14,809.557
2026-01-15T15,774.784
2026-01-15T16,816.113
2026-01-15T17,810.486
2026-01-15T18,661.859
2026-01-15T19,603.683
2026-01-15T20,632.697
2026-01-15T21,635.797
2026-01-15T22,748.001
2026-01-15T23,1244.059
2026-01-16T00,1224.504
2026-01-16T01,1466.222
2026-01-16T02,1388.572
2026-01-16T03,1358.596
2026-01-16T04,1327.223
2026-01-16T05,1290.427
2026-01-16T06,1242.639
2026-01-16T07,1122.016
2026-01-16T08,1094.132
2026-01-16T09,1258.582
2026-01-16T10,1690.096
2026-01-16T11,1348.403
2026-01-16T12,1121.097
2026-01-16T13,936.7
2026-01-16T14,870.386
2026-01-16T15,832.999
2026-01-16T16,877.434
2026-01-16T17,871.384
2026-01-16T18,711.589
2026-01-16T19,649.043
2026-01-16T20,680.237
2026-01-16T21,683.569
2026-01-16T22,804.204
2026-01-16T23,1337.535
2026-01-17T00,1258.231
2026-01-17T01,1506.607
2026-01-17T02,1426.818
2026-01-17T03,1396.016
2026-01-17T04,1363.779
2026-01-17T05,1325.97
2026-01-17T06,1276.865
2026-01-17T07,1152.92
2026-01-17T08,1124.268
2026-01-17T09,1293.247
2026-01-17T10,1736.647
2026-01-17T11,1385.543
2026-01-17T12,1151.976
2026-01-17T13,962.5
2026-01-17T14,894.359
2026-01-17T15,855.943
2026-01-17T16,901.602
2026-01-17T17,895.385
2026-01-17T18,731.189
2026-01-17T19,666.919
2026-01-17T20,698.973
2026-01-17T21,702.397
2026-01-17T22,826.355
2026-01-17T23,1374.375
2026-01-18T00,831.089
2026-01-18T01,995.146
2026-01-18T02,942.444
2026-01-18T03,922.099
2026-01-18T04,900.805
2026-01-18T05,875.831
2026-01-18T06,843.397
2026-01-18T07,761.528
2026-01-18T08,742.603
2026-01-18T09,854.218
2026-01-18T10,1147.093
2026-01-18T11,915.181
2026-01-18T12,760.905
2026-01-18T13,635.752
2026-01-18T14,590.743
2026-01-18T15,565.369
2026-01-18T16,595.527
2026-01-18T17,591.421
2026-01-18T18,482.966
2026-01-18T19,440.515
2026-01-18T20,461.686
2026-01-18T21,463.948
2026-01-18T22,545.825
2026-01-18T23,907.804
2026-01-19T00,1187.5
2026-01-19T01,1421.914
2026-01-19T02,1346.61
2026-01-19T03,1317.54
2026-01-19T04,1287.115
2026-01-19T05,1251.431
2026-01-19T06,1205.087
2026-01-19T07,1088.109
2026-01-19T08,1061.069
2026-01-19T09,1220.548
2026-01-19T10,1639.023
2026-01-19T11,1307.655
2026-01-19T12,1087.219
2026-01-19T13,908.393
2026-01-19T14,844.083
2026-01-19T15,807.827
2026-01-19T16,850.919
2026-01-19T17,845.051
2026-01-19T18,690.085
2026-01-19T19,629.429
2026-01-19T20,659.68
2026-01-19T21,662.912
2026-01-19T22,779.902
2026-01-19T23,1297.116
2026-01-20T00,981.267
2026-01-20T01,1174.97
2026-01-20T02,1112.744
2026-01-20T03,1088.722
2026-01-20T04,1063.581
2026-01-20T05,1034.095
2026-01-20T06,995.8
2026-01-20T07,899.137
2026-01-20T08,876.792
2026-01-20T09,1008.575
2026-01-20T10,1354.373
2026-01-20T11,1080.555
2026-01-20T12,898.401
2026-01-20T13,750.632
2026-01-20T14,697.491
2026-01-20T15,667.531
2026-01-20T16,703.139
2026-01-20T17,698.291
2026-01-20T18,570.238
2026-01-20T19,520.116
2026-01-20T20,545.114
2026-01-20T21,547.784
2026-01-20T22,644.456
2026-01-20T23,1071.845
2026-01-21T00,952.754
2026-01-21T01,1140.828
2026-01-21T02,1080.411
2026-01-21T03,1057.087
2026-01-21T04,1032.677
2026-01-21T05,1004.047
2026-01-21T06,966.864
2026-01-21T07,873.01
2026-01-21T08,851.315
2026-01-21T09,979.269
2026-01-21T10,1315.019
2026-01-21T11,1049.157
2026-01-21T12,872.296
2026-01-21T13,728.821
2026-01-21T14,677.224
2026-01-21T15,648.135
2026-01-21T16,682.708
2026-01-21T17,678.0
2026-01-21T18,553.668
2026-01-21T19,505.003
2026-01-21T20,529.274
2026-01-21T21,531.867
2026-01-21T22,625.73
2026-01-21T23,1040.7
2026-01-22T00,1031.807
2026-01-22T01,1235.486
2026-01-22T02,1170.056
2026-01-22T03,1144.797
2026-01-22T04,1118.361
2026-01-22T05,1087.356
2026-01-22T06,1047.088
2026-01-22T07,945.447
2026-01-22T08,921.951
2026-01-22T09,1060.522
2026-01-22T10,1424.13
2026-01-22T11,1136.208
2026-01-22T12,944.673
2026-01-22T13,789.294
2026-01-22T14,733.415
2026-01-22T15,701.912
2026-01-22T16,739.354
2026-01-22T17,734.256
2026-01-22T18,599.608
2026-01-22T19,546.904
2026-01-22T20,573.189
2026-01-22T21,575.997
2026-01-22T22,677.648
2026-01-22T23,1127.05
2026-01-23T00,772.915
2026-01-23T01,925.489
2026-01-23T02,876.476
2026-01-23T03,857.555
2026-01-23T04,837.752
2026-01-23T05,814.526
2026-01-23T06,784.362
2026-01-23T07,708.224
2026-01-23T08,690.624
2026-01-23T09,794.425
2026-01-23T10,1066.8
2026-01-23T11,851.121
2026-01-23T12,707.644
2026-01-23T13,591.251
2026-01-23T14,549.393
2026-01-23T15,525.795
2026-01-23T16,553.842
2026-01-23T17,550.023
2026-01-23T18,449.16
2026-01-23T19,409.68
2026-01-23T20,429.37
2026-01-23T21,431.473
2026-01-23T22,507.619
2026-01-23T23,844.261
2026-01-24T00,1054.956
2026-01-24T01,1263.205
2026-01-24T02,1196.306
2026-01-24T03,1170.481
2026-01-24T04,1143.452
2026-01-24T05,1111.751
2026-01-24T06,1070.58
2026-01-24T07,966.658
2026-01-24T08,942.636
2026-01-24T09,1084.315
2026-01-24T10,1456.081
2026-01-24T11,1161.7
2026-01-24T12,965.867
2026-01-24T13,807.002
2026-01-24T14,749.87
2026-01-24T15,717.66
2026-01-24T16,755.942
2026-01-24T17,750.73
2026-01-24T18,613.06
2026-01-24T19,559.174
2026-01-24T20,586.049
2026-01-24T21,588.92
2026-01-24T22,692.852
2026-01-24T23,1152.336
2026-01-25T00,1046.351
2026-01-25T01,1252.902
2026-01-25T02,1186.549
2026-01-25T03,1160.934
2026-01-25T04,1134.125
2026-01-25T05,1102.683
2026-01-25T06,1061.848
2026-01-25T07,958.774
2026-01-25T08,934.947
2026-01-25T09,1075.471
2026-01-25T10,1444.204
2026-01-25T11,1152.224
2026-01-25T12,957.989
2026-01-25T13,800.42
2026-01-25T14,743.753
2026-01-25T15,711.806
2026-01-25T16,749.776
2026-01-25T17,744.606
2026-01-25T18,608.06
2026-01-25T19,554.614
2026-01-25T20,581.269
2026-01-25T21,584.117
2026-01-25T22,687.201
2026-01-25T23,1142.937
2026-01-26T00,1657.882
2026-01-26T01,1985.149
2026-01-26T02,1880.017
2026-01-26T03,1839.431
2026-01-26T04,1796.955
2026-01-26T05,1747.136
2026-01-26T06,1682.435
2026-01-26T07,1519.12
2026-01-26T08,1481.369
2026-01-26T09,1704.02
2026-01-26T10,2288.257
2026-01-26T11,1825.632
2026-01-26T12,1517.877
2026-01-26T13,1268.218
2026-01-26T14,1178.434
2026-01-26T15,1127.815
2026-01-26T16,1187.977
2026-01-26T17,1179.785
2026-01-26T18,963.435
2026-01-26T19,878.752
2026-01-26T20,920.987
2026-01-26T21,925.499
2026-01-26T22,1088.829
2026-01-26T23,1810.917
2026-01-27T00,1171.006
2026-01-27T01,1402.163
2026-01-27T02,1327.905
2026-01-27T03,1299.239
2026-01-27T04,1269.236
2026-01-27T05,1234.048
2026-01-27T06,1188.348
2026-01-27T07,1072.995
2026-01-27T08,1046.33
2026-01-27T09,1203.594
2026-01-27T10,1616.256
2026-01-27T11,1289.491
2026-01-27T12,1072.117
2026-01-27T13,895.775
2026-01-27T14,832.359
2026-01-27T15,796.606
2026-01-27T16,839.099
2026-01-27T17,833.313
2026-01-27T18,680.5
2026-01-27T19,620.686
2026-01-27T20,650.517
2026-01-27T21,653.704
2026-01-27T22,769.068
2026-01-27T23,1279.098
2026-01-28T00,957.233
2026-01-28T01,1146.191
2026-01-28T02,1085.489
2026-01-28T03,1062.056
2026-01-28T04,1037.531
2026-01-28T05,1008.767
2026-01-28T06,971.409
2026-01-28T07,877.114
2026-01-28T08,855.317
2026-01-28T09,983.872
2026-01-28T10,1321.2
2026-01-28T11,1054.088
2026-01-28T12,876.396
2026-01-28T13,732.247
2026-01-28T14,680.407
2026-01-28T15,651.181
2026-01-28T16,685.917
2026-01-28T17,681.188
2026-01-28T18,556.271
2026-01-28T19,507.377
2026-01-28T20,531.762
2026-01-28T21,534.367
2026-01-28T22,628.671
2026-01-28T23,1045.592
2026-01-29T00,1118.306
2026-01-29T01,1339.061
2026-01-29T02,1268.145
2026-01-29T03,1240.769
2026-01-29T04,1212.117
2026-01-29T05,1178.512
2026-01-29T06,1134.869
2026-01-29T07,1024.706
2026-01-29T08,999.242
2026-01-29T09,1149.429
2026-01-29T10,1543.519
2026-01-29T11,1231.46
2026-01-29T12,1023.868
2026-01-29T13,855.463
2026-01-29T14,794.9
2026-01-29T15,760.756
2026-01-29T16,801.337
2026-01-29T17,795.811
2026-01-29T18,649.875
2026-01-29T19,592.753
2026-01-29T20,621.242
2026-01-29T21,624.285
2026-01-29T22,734.458
2026-01-29T23,1221.534
2026-01-30T00,1093.505
2026-01-30T01,1309.364
2026-01-30T02,1240.02
2026-01-30T03,1213.251
2026-01-30T04,1185.234
2026-01-30T05,1152.375
2026-01-30T06,1109.7
2026-01-30T07,1001.981
2026-01-30T08,977.08
2026-01-30T09,1123.937
2026-01-30T10,1509.287
2026-01-30T11,1204.149
2026-01-30T12,1001.161
2026-01-30T13,836.49
2026-01-30T14,777.27
2026-01-30T15,743.884
2026-01-30T16,783.565
2026-01-30T17,778.162
2026-01-30T18,635.462
2026-01-30T19,579.607
2026-01-30T20,607.464
2026-01-30T21,610.44
2026-01-30T22,718.169
2026-01-30T23,1194.443
2026-01-31T00,1207.727
2026-01-31T01,1446.134
2026-01-31T02,1369.547
2026-01-31T03,1339.982
2026-01-31T04,1309.039
2026-01-31T05,1272.747
2026-01-31T06,1225.614
2026-01-31T07,1106.643
2026-01-31T08,1079.142
2026-01-31T09,1241.338
2026-01-31T10,1666.94
2026-01-31T11,1329.929
2026-01-31T12,1105.737
2026-01-31T13,923.866
2026-01-31T14,858.461
2026-01-31T15,821.587
2026-01-31T16,865.413
2026-01-31T17,859.445
2026-01-31T18,701.84
2026-01-31T19,640.15
2026-01-31T20,670.917
2026-01-31T21,674.204
2026-01-31T22,793.186
2026-01-31T23,1319.21
2026-02-01T00,852.451
2026-02-01T01,1020.726
2026-02-01T02,966.669
2026-02-01T03,945.801
2026-02-01T04,923.96
2026-02-01T05,898.344
2026-02-01T06,865.076
2026-02-01T07,781.103
2026-02-01T08,761.692
2026-02-01T09,876.175
2026-02-01T10,1176.578
2026-02-01T11,938.705
2026-02-01T12,780.464
2026-02-01T13,652.093
2026-02-01T14,605.928
2026-02-01T15,579.901
2026-02-01T16,610.835
2026-02-01T17,606.623
2026-02-01T18,495.38
2026-02-01T19,451.838
2026-02-01T20,473.554
2026-02-01T21,475.874
2026-02-01T22,559.855
2026-02-01T23,931.139
2026-02-02T00,1397.809
2026-02-02T01,1673.738
2026-02-02T02,1585.098
2026-02-02T03,1550.879
2026-02-02T04,1515.066
2026-02-02T05,1473.062
2026-02-02T06,1418.511
2026-02-02T07,1280.816
2026-02-02T08,1248.986
2026-02-02T09,1436.71
2026-02-02T10,1929.297
2026-02-02T11,1539.244
2026-02-02T12,1279.768
2026-02-02T13,1069.272
2026-02-02T14,993.572
2026-02-02T15,950.895
2026-02-02T16,1001.618
2026-02-02T17,994.712
2026-02-02T18,812.301
2026-02-02T19,740.902
2026-02-02T20,776.511
2026-02-02T21,780.315
2026-02-02T22,918.024
2026-02-02T23,1526.838
2026-02-03T00,1061.567
2026-02-03T01,1271.121
2026-02-03T02,1203.803
2026-02-03T03,1177.816
2026-02-03T04,1150.617
2026-02-03T05,1118.718
2026-02-03T06,1077.289
2026-02-03T07,972.716
2026-02-03T08,948.543
2026-02-03T09,1091.11
2026-02-03T10,1465.205
2026-02-03T11,1168.979
2026-02-03T12,971.92
2026-02-03T13,812.059
2026-02-03T14,754.569
2026-02-03T15,722.157
2026-02-03T16,760.679
2026-02-03T17,755.434
2026-02-03T18,616.902
2026-02-03T19,562.678
2026-02-03T20,589.722
2026-02-03T21,592.611
2026-02-03T22,697.194
2026-02-03T23,1159.557
2026-02-04T00,1158.284
2026-02-04T01,1386.931
2026-02-04T02,1313.48
2026-02-04T03,1285.125
2026-02-04T04,1255.448
2026-02-04T05,1220.642
2026-02-04T06,1175.439
2026-02-04T07,1061.338
2026-02-04T08,1034.963
2026-02-04T09,1190.519
2026-02-04T10,1598.698
2026-02-04T11,1275.483
2026-02-04T12,1060.47
2026-02-04T13,886.044
2026-02-04T14,823.316
2026-02-04T15,787.952
2026-02-04T16,829.984
2026-02-04T17,824.261
2026-02-04T18,673.107
2026-02-04T19,613.943
2026-02-04T20,643.45
2026-02-04T21,646.603
2026-02-04T22,760.714
2026-02-04T23,1265.203
2026-02-05T00,964.689
2026-02-05T01,1155.12
2026-02-05T02,1093.945
2026-02-05T03,1070.329
2026-02-05T04,1045.613
2026-02-05T05,1016.624
2026-02-05T06,978.976
2026-02-05T07,883.946
2026-02-05T08,861.98
2026-02-05T09,991.536
2026-02-05T10,1331.492
2026-02-05T11,1062.299
2026-02-05T12,883.223
2026-02-05T13,737.951
2026-02-05T14,685.707
2026-02-05T15,656.254
2026-02-05T16,691.26
2026-02-05T17,686.494
2026-02-05T18,560.604
2026-02-05T19,511.329
2026-02-05T20,535.904
2026-02-05T21,538.53
2026-02-05T22,633.568
2026-02-05T23,1053.737
2026-02-06T00,1229.74
2026-02-06T01,1472.492
2026-02-06T02,1394.509
2026-02-06T03,1364.405
2026-02-06T04,1332.898
2026-02-06T05,1295.945
2026-02-06T06,1247.953
2026-02-06T07,1126.813
2026-02-06T08,1098.811
2026-02-06T09,1263.963
2026-02-06T10,1697.323
2026-02-06T11,1354.169
2026-02-06T12,1125.891
2026-02-06T13,940.705
2026-02-06T14,874.108
2026-02-06T15,836.561
2026-02-06T16,881.186
2026-02-06T17,875.11
2026-02-06T18,714.632
2026-02-06T19,651.818
2026-02-06T20,683.145
2026-02-06T21,686.492
2026-02-06T22,807.643
2026-02-06T23,1343.254
2026-02-07T00,1360.529
2026-02-07T01,1629.099
2026-02-07T02,1542.822
2026-02-07T03,1509.516
2026-02-07T04,1474.658
2026-02-07T05,1433.775
2026-02-07T06,1380.679
2026-02-07T07,1246.655
2026-02-07T08,1215.675
2026-02-07T09,1398.392
2026-02-07T10,1877.842
2026-02-07T11,1498.192
2026-02-07T12,1245.635
2026-02-07T13,1040.754
2026-02-07T14,967.073
2026-02-07T15,925.534
2026-02-07T16,974.905
2026-02-07T17,968.182
2026-02-07T18,790.636
2026-02-07T19,721.142
2026-02-07T20,755.801
2026-02-07T21,759.504
2026-02-07T22,893.54
2026-02-07T23,1486.116
2026-02-08T00,1200.955
2026-02-08T01,1438.025
2026-02-08T02,1361.868
2026-02-08T03,1332.468
2026-02-08T04,1301.698
2026-02-08T05,1265.61
2026-02-08T06,1218.741
2026-02-08T07,1100.438
2026-02-08T08,1073.091
2026-02-08T09,1234.377
2026-02-08T10,1657.593
2026-02-08T11,1322.472
2026-02-08T12,1099.537
2026-02-08T13,918.686
2026-02-08T14,853.647
2026-02-08T15,816.98
2026-02-08T16,860.56
2026-02-08T17,854.626
2026-02-08T18,697.904
2026-02-08T19,636.561
2026-02-08T20,667.155
2026-02-08T21,670.423
2026-02-08T22,788.738
2026-02-08T23,1311.812
2026-02-09T00,1712.552
2026-02-09T01,2050.611
2026-02-09T02,1942.011
2026-02-09T03,1900.088
2026-02-09T04,1856.211
2026-02-09T05,1804.749
2026-02-09T06,1737.915
2026-02-09T07,1569.214
2026-02-09T08,1530.218
2026-02-09T09,1760.211
2026-02-09T10,2363.713
2026-02-09T11,1885.833
2026-02-09T12,1567.93
2026-02-09T13,1310.038
2026-02-09T14,1217.293
2026-02-09T15,1165.006
2026-02-09T16,1227.151
2026-02-09T17,1218.689
2026-02-09T18,995.205
2026-02-09T19,907.73
2026-02-09T20,951.357
2026-02-09T21,956.017
2026-02-09T22,1124.734
2026-02-09T23,1870.633
2026-02-10T00,1202.417
2026-02-10T01,1439.775
2026-02-10T02,1363.525
2026-02-10T03,1334.089
2026-02-10T04,1303.282
2026-02-10T05,1267.15
2026-02-10T06,1220.224
2026-02-10T07,1101.777
2026-02-10T08,1074.397
2026-02-10T09,1235.879
2026-02-10T10,1659.61
2026-02-10T11,1324.081
2026-02-10T12,1100.875
2026-02-10T13,919.804
2026-02-10T14,854.686
2026-02-10T15,817.974
2026-02-10T16,861.607
2026-02-10T17,855.666
2026-02-10T18,698.753
2026-02-10T19,637.335
2026-02-10T20,667.967
2026-02-10T21,671.239
2026-02-10T22,789.698
2026-02-10T23,1313.409
2026-02-11T00,1535.331
2026-02-11T01,1838.407
2026-02-11T02,1741.046
2026-02-11T03,1703.461
2026-02-11T04,1664.124
2026-02-11T05,1617.988
2026-02-11T06,1558.07
2026-02-11T07,1406.827
2026-02-11T08,1371.866
2026-02-11T09,1578.059
2026-02-11T10,2119.109
2026-02-11T11,1690.681
2026-02-11T12,1405.676
2026-02-11T13,1174.471
2026-02-11T14,1091.324
2026-02-11T15,1044.447
2026-02-11T16,1100.161
2026-02-11T17,1092.575
2026-02-11T18,892.218
2026-02-11T19,813.795
2026-02-11T20,852.908
2026-02-11T21,857.086
2026-02-11T22,1008.343
2026-02-11T23,1677.054
2026-02-12T00,1385.663
2026-02-12T01,1659.194
2026-02-12T02,1571.323
2026-02-12T03,1537.402
2026-02-12T04,1501.9
2026-02-12T05,1460.262
2026-02-12T06,1406.184
2026-02-12T07,1269.685
2026-02-12T08,1238.132
2026-02-12T09,1424.225
2026-02-12T10,1912.532
2026-02-12T11,1525.868
2026-02-12T12,1268.646
2026-02-12T13,1059.98
2026-02-12T14,984.938
2026-02-12T15,942.631
2026-02-12T16,992.914
2026-02-12T17,986.068
2026-02-12T18,805.242
2026-02-12T19,734.464
2026-02-12T20,769.763
2026-02-12T21,773.534
2026-02-12T22,910.046
2026-02-12T23,1513.57
2026-02-13T00,835.634
2026-02-13T01,1000.589
2026-02-13T02,947.598
2026-02-13T03,927.142
2026-02-13T04,905.732
2026-02-13T05,880.622
2026-02-13T06,848.01
2026-02-13T07,765.693
2026-02-13T08,746.665
2026-02-13T09,858.89
2026-02-13T10,1153.366
2026-02-13T11,920.186
2026-02-13T12,765.067
2026-02-13T13,639.229
2026-02-13T14,593.974
2026-02-13T15,568.461
2026-02-13T16,598.784
2026-02-13T17,594.655
2026-02-13T18,485.607
2026-02-13T19,442.924
2026-02-13T20,464.212
2026-02-13T21,466.486
2026-02-13T22,548.81
2026-02-13T23,912.769
2026-02-14T00,1249.187
2026-02-14T01,1495.778
2026-02-14T02,1416.562
2026-02-14T03,1385.982
2026-02-14T04,1353.976
2026-02-14T05,1316.439
2026-02-14T06,1267.688
2026-02-14T07,1144.633
2026-02-14T08,1116.187
2026-02-14T09,1283.952
2026-02-14T10,1724.164
2026-02-14T11,1375.584
2026-02-14T12,1143.696
2026-02-14T13,955.581
2026-02-14T14,887.931
2026-02-14T15,849.791
2026-02-14T16,895.121
2026-02-14T17,888.949
2026-02-14T18,725.933
2026-02-14T19,662.126
2026-02-14T20,693.949
2026-02-14T21,697.348
2026-02-14T22,820.415
2026-02-14T23,1364.496
2026-02-15T00,1055.881
2026-02-15T01,1264.313
2026-02-15T02,1197.355
2026-02-15T03,1171.507
2026-02-15T04,1144.454
2026-02-15T05,1112.726
2026-02-15T06,1071.519
2026-02-15T07,967.506
2026-02-15T08,943.462
2026-02-15T09,1085.266
2026-02-15T10,1457.357
2026-02-15T11,1162.718
2026-02-15T12,966.714
2026-02-15T13,807.709
2026-02-15T14,750.527
2026-02-15T15,718.289
2026-02-15T16,756.605
2026-02-15T17,751.388
2026-02-15T18,613.598
2026-02-15T19,559.665
2026-02-15T20,586.563
2026-02-15T21,589.437
2026-02-15T22,693.459
2026-02-15T23,1153.347
2026-02-16T00,1512.985
2026-02-16T01,1811.649
2026-02-16T02,1715.705
2026-02-16T03,1678.667
2026-02-16T04,1639.903
2026-02-16T05,1594.438
2026-02-16T06,1535.392
2026-02-16T07,1386.351
2026-02-16T08,1351.899
2026-02-16T09,1555.091
2026-02-16T10,2088.266
2026-02-16T11,1666.073
2026-02-16T12,1385.217
2026-02-16T13,1157.377
2026-02-16T14,1075.44
2026-02-16T15,1029.246
2026-02-16T16,1084.149
2026-02-16T17,1076.673
2026-02-16T18,879.232
2026-02-16T19,801.95
2026-02-16T20,840.494
2026-02-16T21,844.611
2026-02-16T22,993.666
2026-02-16T23,1652.645
2026-02-17T00,1181.391
2026-02-17T01,1414.599
2026-02-17T02,1339.682
2026-02-17T03,1310.762
2026-02-17T04,1280.493
2026-02-17T05,1244.993
2026-02-17T06,1198.888
2026-02-17T07,1082.511
2026-02-17T08,1055.61
2026-02-17T09,1214.269
2026-02-17T10,1630.59
2026-02-17T11,1300.928
2026-02-17T12,1081.625
2026-02-17T13,903.72
2026-02-17T14,839.741
2026-02-17T15,803.671
2026-02-17T16,846.541
2026-02-17T17,840.704
2026-02-17T18,686.535
2026-02-17T19,626.191
2026-02-17T20,656.287
2026-02-17T21,659.502
2026-02-17T22,775.889
2026-02-17T23,1290.443
2026-02-18T00,1057.429
2026-02-18T01,1266.166
2026-02-18T02,1199.11
2026-02-18T03,1173.224
2026-02-18T04,1146.132
2026-02-18T05,1114.357
2026-02-18T06,1073.089
2026-02-18T07,968.924
2026-02-18T08,944.845
2026-02-18T09,1086.857
2026-02-18T10,1459.494
2026-02-18T11,1164.423
2026-02-18T12,968.131
2026-02-18T13,808.893
2026-02-18T14,751.627
2026-02-18T15,719.342
2026-02-18T16,757.714
2026-02-18T17,752.489
2026-02-18T18,614.498
2026-02-18T19,560.485
2026-02-18T20,587.423
2026-02-18T21,590.301
2026-02-18T22,694.476
2026-02-18T23,1155.037
2026-02-19T00,1177.233
2026-02-19T01,1409.62
2026-02-19T02,1334.968
2026-02-19T03,1306.149
2026-02-19T04,1275.987
2026-02-19T05,1240.611
2026-02-19T06,1194.668
2026-02-19T07,1078.701
2026-02-19T08,1051.895
2026-02-19T09,1209.995
2026-02-19T10,1624.852
2026-02-19T11,1296.35
2026-02-19T12,1077.819
2026-02-19T13,900.54
2026-02-19T14,836.785
2026-02-19T15,800.842
2026-02-19T16,843.562
2026-02-19T17,837.745
2026-02-19T18,684.119
2026-02-19T19,623.987
2026-02-19T20,653.977
2026-02-19T21,657.181
2026-02-19T22,773.159
2026-02-19T23,1285.901
2026-02-20T00,864.496
2026-02-20T01,1035.148
2026-02-20T02,980.327
2026-02-20T03,959.164
2026-02-20T04,937.015
2026-02-20T05,911.037
2026-02-20T06,877.299
2026-02-20T07,792.139
2026-02-20T08,772.454
2026-02-20T09,888.554
2026-02-20T10,1193.202
2026-02-20T11,951.968
2026-02-20T12,791.491
2026-02-20T13,661.307
2026-02-20T14,614.489
2026-02-20T15,588.095
2026-02-20T16,619.465
2026-02-20T17,615.194
2026-02-20T18,502.379
2026-02-20T19,458.222
2026-02-20T20,480.245
2026-02-20T21,482.597
2026-02-20T22,567.765
2026-02-20T23,944.295
2026-02-21T00,1205.746
2026-02-21T01,1443.762
2026-02-21T02,1367.301
2026-02-21T03,1337.784
2026-02-21T04,1306.892
2026-02-21T05,1270.659
2026-02-21T06,1223.604
2026-02-21T07,1104.828
2026-02-21T08,1077.372
2026-02-21T09,1239.302
2026-02-21T10,1664.206
2026-02-21T11,1327.748
2026-02-21T12,1103.924
2026-02-21T13,922.351
2026-02-21T14,857.053
2026-02-21T15,820.239
2026-02-21T16,863.993
2026-02-21T17,858.035
2026-02-21T18,700.689
2026-02-21T19,639.1
2026-02-21T20,669.816
2026-02-21T21,673.098
2026-02-21T22,791.885
2026-02-21T23,1317.046
2026-02-22T00,879.619
2026-02-22T01,1053.256
2026-02-22T02,997.476
2026-02-22T03,975.943
2026-02-22T04,953.406
2026-02-22T05,926.974
2026-02-22T06,892.646
2026-02-22T07,805.996
2026-02-22T08,785.967
2026-02-22T09,904.098
2026-02-22T10,1214.075
2026-02-22T11,968.621
2026-02-22T12,805.337
2026-02-22T13,672.875
2026-02-22T14,625.239
2026-02-22T15,598.383
2026-02-22T16,630.302
2026-02-22T17,625.956
2026-02-22T18,511.168
2026-02-22T19,466.238
2026-02-22T20,488.646
2026-02-22T21,491.04
2026-02-22T22,577.698
2026-02-22T23,960.814
2026-02-23T00,1514.147
2026-02-23T01,1813.041
2026-02-23T02,1717.024
2026-02-23T03,1679.957
2026-02-23T04,1641.163
2026-02-23T05,1595.664
2026-02-23T06,1536.572
2026-02-23T07,1387.416
2026-02-23T08,1352.938
2026-02-23T09,1556.286
2026-02-23T10,2089.87
2026-02-23T11,1667.353
2026-02-23T12,1386.281
2026-02-23T13,1158.266
2026-02-23T14,1076.266
2026-02-23T15,1030.036
2026-02-23T16,1084.982
2026-02-23T17,1077.5
2026-02-23T18,879.908
2026-02-23T19,802.567
2026-02-23T20,841.139
2026-02-23T21,845.26
2026-02-23T22,994.43
2026-02-23T23,1653.914
2026-02-24T00,1242.216
2026-02-24T01,1487.431
2026-02-24T02,1408.657
2026-02-24T03,1378.248
2026-02-24T04,1346.421
2026-02-24T05,1309.093
2026-02-24T06,1260.614
2026-02-24T07,1138.245
2026-02-24T08,1109.959
2026-02-24T09,1276.787
2026-02-24T10,1714.543
2026-02-24T11,1367.908
2026-02-24T12,1137.314
2026-02-24T13,950.249
2026-02-24T14,882.976
2026-02-24T15,845.049
2026-02-24T16,890.126
2026-02-24T17,883.988
2026-02-24T18,721.882
2026-02-24T19,658.431
2026-02-24T20,690.076
2026-02-24T21,693.457
2026-02-24T22,815.837
2026-02-24T23,1356.882
2026-02-25T00,1357.72
2026-02-25T01,1625.735
2026-02-25T02,1539.637
2026-02-25T03,1506.4
2026-02-25T04,1471.614
2026-02-25T05,1430.815
2026-02-25T06,1377.828
2026-02-25T07,1244.082
2026-02-25T08,1213.165
2026-02-25T09,1395.505
2026-02-25T10,1873.964
2026-02-25T11,1495.098
2026-02-25T12,1243.064
2026-02-25T13,1038.605
2026-02-25T14,965.076
2026-02-25T15,923.623
2026-02-25T16,972.892
2026-02-25T17,966.183
2026-02-25T18,789.004
2026-02-25T19,719.653
2026-02-25T20,754.241
2026-02-25T21,757.936
2026-02-25T22,891.695
2026-02-25T23,1483.048
2026-02-26T00,1565.808
2026-02-26T01,1874.899
2026-02-26T02,1775.606
2026-02-26T03,1737.274
2026-02-26T04,1697.157
2026-02-26T05,1650.105
2026-02-26T06,1588.997
2026-02-26T07,1434.753
2026-02-26T08,1399.098
2026-02-26T09,1609.384
2026-02-26T10,2161.173
2026-02-26T11,1724.241
2026-02-26T12,1433.579
2026-02-26T13,1197.784
2026-02-26T14,1112.987
2026-02-26T15,1065.18
2026-02-26T16,1122.0
2026-02-26T17,1114.263
2026-02-26T18,909.929
2026-02-26T19,829.949
2026-02-26T20,869.838
2026-02-26T21,874.099
2026-02-26T22,1028.358
2026-02-26T23,1710.343
2026-02-27T00,1042.934
2026-02-27T01,1248.81
2026-02-27T02,1182.673
2026-02-27T03,1157.142
2026-02-27T04,1130.421
2026-02-27T05,1099.081
2026-02-27T06,1058.379
2026-02-27T07,955.642
2026-02-27T08,931.894
2026-02-27T09,1071.958
2026-02-27T10,1439.487
2026-02-27T11,1148.461
2026-02-27T12,954.86
2026-02-27T13,797.805
2026-02-27T14,741.324
2026-02-27T15,709.481
2026-02-27T16,747.327
2026-02-27T17,742.174
2026-02-27T18,606.074
2026-02-27T19,552.802
2026-02-27T20,579.371
2026-02-27T21,582.209
2026-02-27T22,684.956
2026-02-27T23,1139.204
2026-02-28T00,883.852
2026-02-28T01,1058.325
2026-02-28T02,1002.277
2026-02-28T03,980.64
2026-02-28T04,957.995
2026-02-28T05,931.436
2026-02-28T06,896.942
2026-02-28T07,809.876
2026-02-28T08,789.749
2026-02-28T09,908.45
2026-02-28T10,1219.918
2026-02-28T11,973.283
2026-02-28T12,809.213
2026-02-28T13,676.114
2026-02-28T14,628.248
2026-02-28T15,601.262
2026-02-28T16,633.336
2026-02-28T17,628.969
2026-02-28T18,513.628
2026-02-28T19,468.482
2026-02-28T20,490.998
2026-02-28T21,493.403
2026-02-28T22,580.478
2026-02-28T23,965.438
2026-03-01T00,1276.679
2026-03-01T01,1528.696
2026-03-01T02,1447.737
2026-03-01T03,1416.484
2026-03-01T04,1383.774
2026-03-01T05,1345.41
2026-03-01T06,1295.586
2026-03-01T07,1169.823
2026-03-01T08,1140.752
2026-03-01T09,1312.208
2026-03-01T10,1762.109
2026-03-01T11,1405.857
2026-03-01T12,1168.866
2026-03-01T13,976.611
2026-03-01T14,907.472
2026-03-01T15,868.492
2026-03-01T16,914.82
2026-03-01T17,908.512
2026-03-01T18,741.909
2026-03-01T19,676.697
2026-03-01T20,709.221
2026-03-01T21,712.695
2026-03-01T22,838.47
2026-03-01T23,1394.526
2026-03-02T00,1339.184
2026-03-02T01,1603.54
2026-03-02T02,1518.617
2026-03-02T03,1485.833
2026-03-02T04,1451.522
2026-03-02T05,1411.28
2026-03-02T06,1359.017
2026-03-02T07,1227.097
2026-03-02T08,1196.602
2026-03-02T09,1376.453
2026-03-02T10,1848.38
2026-03-02T11,1474.686
2026-03-02T12,1226.092
2026-03-02T13,1024.425
2026-03-02T14,951.901
2026-03-02T15,911.013
2026-03-02T16,959.609
2026-03-02T17,952.992
2026-03-02T18,778.232
2026-03-02T19,709.828
2026-03-02T20,743.943
2026-03-02T21,747.588
2026-03-02T22,879.521
2026-03-02T23,1462.8
2026-03-03T00,1366.527
2026-03-03T01,1636.28
2026-03-03T02,1549.624
2026-03-03T03,1516.171
2026-03-03T04,1481.159
2026-03-03T05,1440.096
2026-03-03T06,1386.765
2026-03-03T07,1252.151
2026-03-03T08,1221.034
2026-03-03T09,1404.557
2026-03-03T10,1886.12
2026-03-03T11,1504.796
2026-03-03T12,1251.127
2026-03-03T13,1045.342
2026-03-03T14,971.336
2026-03-03T15,929.614
2026-03-03T16,979.202
2026-03-03T17,972.45
2026-03-03T18,794.122
2026-03-03T19,724.321
2026-03-03T20,759.133
2026-03-03T21,762.852
2026-03-03T22,897.479
2026-03-03T23,1492.668
2026-03-04T00,1304.767
2026-03-04T01,1562.329
2026-03-04T02,1479.589
2026-03-04T03,1447.648
2026-03-04T04,1414.218
2026-03-04T05,1375.011
2026-03-04T06,1324.09
2026-03-04T07,1195.56
2026-03-04T08,1165.85
2026-03-04T09,1341.078
2026-03-04T10,1800.877
2026-03-04T11,1436.787
2026-03-04T12,1194.582
2026-03-04T13,998.098
2026-03-04T14,927.437
2026-03-04T15,887.6
2026-03-04T16,934.947
2026-03-04T17,928.5
2026-03-04T18,758.232
2026-03-04T19,691.585
2026-03-04T20,724.824
2026-03-04T21,728.375
2026-03-04T22,856.917
2026-03-04T23,1425.206
2026-03-05T00,1265.503
2026-03-05T01,1515.314
2026-03-05T02,1435.064
2026-03-05T03,1404.084
2026-03-05T04,1371.66
2026-03-05T05,1333.633
2026-03-05T06,1284.245
2026-03-05T07,1159.583
2026-03-05T08,1130.766
2026-03-05T09,1300.721
2026-03-05T10,1746.683
2026-03-05T11,1393.55
2026-03-05T12,1158.634
2026-03-05T13,968.062
2026-03-05T14,899.528
2026-03-05T15,860.89
2026-03-05T16,906.812
2026-03-05T17,900.559
2026-03-05T18,735.414
2026-03-05T19,670.774
2026-03-05T20,703.012
2026-03-05T21,706.456
2026-03-05T22,831.13
2026-03-05T23,1382.318
2026-03-06T00,1183.843
2026-03-06T01,1417.535
2026-03-06T02,1342.463
2026-03-06T03,1313.482
2026-03-06T04,1283.151
2026-03-06T05,1247.577
2026-03-06T06,1201.376
2026-03-06T07,1084.758
2026-03-06T08,1057.8
2026-03-06T09,1216.789
2026-03-06T10,1633.974
2026-03-06T11,1303.628
2026-03-06T12,1083.87
2026-03-06T13,905.596
2026-03-06T14,841.483
2026-03-06T15,805.339
2026-03-06T16,848.298
2026-03-06T17,842.448
2026-03-06T18,687.96
2026-03-06T19,627.49
2026-03-06T20,657.649
2026-03-06T21,660.87
2026-03-06T22,777.5
2026-03-06T23,1293.12
2026-03-07T00,1303.97
2026-03-07T01,1561.375
2026-03-07T02,1478.686
2026-03-07T03,1446.764
2026-03-07T04,1413.355
2026-03-07T05,1374.171
2026-03-07T06,1323.282
2026-03-07T07,1194.831
2026-03-07T08,1165.138
2026-03-07T09,1340.259
2026-03-07T10,1799.778
2026-03-07T11,1435.91
2026-03-07T12,1193.853
2026-03-07T13,997.489
2026-03-07T14,926.871
2026-03-07T15,887.058
2026-03-07T16,934.377
2026-03-07T17,927.934
2026-03-07T18,757.769
2026-03-07T19,691.163
2026-03-07T20,724.382
2026-03-07T21,727.931
2026-03-07T22,856.394
2026-03-07T23,1424.337
2026-03-08T00,946.299
2026-03-08T01,1133.1
2026-03-08T02,1073.091
2026-03-08T03,1049.926
2026-03-08T04,1025.681
2026-03-08T05,997.245
2026-03-08T06,960.314
2026-03-08T07,867.096
2026-03-08T08,845.548
2026-03-08T09,972.635
2026-03-08T10,1306.11
2026-03-08T11,1042.049
2026-03-08T12,866.386
2026-03-08T13,723.884
2026-03-08T14,672.636
2026-03-08T15,643.744
2026-03-08T16,678.083
2026-03-08T17,673.407
2026-03-08T18,549.918
2026-03-08T19,501.581
2026-03-08T20,525.688
2026-03-08T21,528.264
2026-03-08T22,621.491
2026-03-08T23,1033.65
2026-03-09T00,1634.517
2026-03-09T01,1957.172
2026-03-09T02,1853.521
2026-03-09T03,1813.508
2026-03-09T04,1771.63
2026-03-09T05,1722.513
2026-03-09T06,1658.724
2026-03-09T07,1497.711
2026-03-09T08,1460.491
2026-03-09T09,1680.005
2026-03-09T10,2256.007
2026-03-09T11,1799.902
2026-03-09T12,1496.485
2026-03-09T13,1250.344
2026-03-09T14,1161.825
2026-03-09T15,1111.921
2026-03-09T16,1171.234
2026-03-09T17,1163.158
2026-03-09T18,949.857
2026-03-09T19,866.368
2026-03-09T20,908.007
2026-03-09T21,912.455
2026-03-09T22,1073.484
2026-03-09T23,1785.395
2026-03-10T00,1283.751
2026-03-10T01,1537.164
2026-03-10T02,1455.757
2026-03-10T03,1424.33
2026-03-10T04,1391.44
2026-03-10T05,1352.863
2026-03-10T06,1302.763
2026-03-10T07,1176.303
2026-03-10T08,1147.071
2026-03-10T09,1319.477
2026-03-10T10,1771.87
2026-03-10T11,1413.645
2026-03-10T12,1175.341
2026-03-10T13,982.021
2026-03-10T14,912.499
2026-03-10T15,873.303
2026-03-10T16,919.888
2026-03-10T17,913.545
2026-03-10T18,746.019
2026-03-10T19,680.446
2026-03-10T20,713.149
2026-03-10T21,716.643
2026-03-10T22,843.115
2026-03-10T23,1402.251
2026-03-11T00,1203.263
2026-03-11T01,1440.789
2026-03-11T02,1364.485
2026-03-11T03,1335.029
2026-03-11T04,1304.2
2026-03-11T05,1268.043
2026-03-11T06,1221.084
2026-03-11T07,1102.553
2026-03-11T08,1075.153
2026-03-11T09,1236.75
2026-03-11T10,1660.779
2026-03-11T11,1325.013
2026-03-11T12,1101.65
2026-03-11T13,920.451
2026-03-11T14,855.288
2026-03-11T15,818.55
2026-03-11T16,862.214
2026-03-11T17,856.268
2026-03-11T18,699.246
2026-03-11T19,637.784
2026-03-11T20,668.437
2026-03-11T21,671.712
2026-03-11T22,790.254
2026-03-11T23,1314.334
2026-03-12T00,871.424
2026-03-12T01,1043.444
2026-03-12T02,988.184
2026-03-12T03,966.851
2026-03-12T04,944.525
2026-03-12T05,918.339
2026-03-12T06,884.33
2026-03-12T07,798.488
2026-03-12T08,778.645
2026-03-12T09,895.676
2026-03-12T10,1202.765
2026-03-12T11,959.598
2026-03-12T12,797.835
2026-03-12T13,666.607
2026-03-12T14,619.414
2026-03-12T15,592.808
2026-03-12T16,624.43
2026-03-12T17,620.125
2026-03-12T18,506.406
2026-03-12T19,461.894
2026-03-12T20,484.094
2026-03-12T21,486.465
2026-03-12T22,572.316
2026-03-12T23,951.863
2026-03-13T00,1033.861
2026-03-13T01,1237.946
2026-03-13T02,1172.385
2026-03-13T03,1147.076
2026-03-13T04,1120.588
2026-03-13T05,1089.521
2026-03-13T06,1049.173
2026-03-13T07,947.329
2026-03-13T08,923.787
2026-03-13T09,1062.633
2026-03-13T10,1426.965
2026-03-13T11,1138.47
2026-03-13T12,946.554
2026-03-13T13,790.865
2026-03-13T14,734.875
2026-03-13T15,703.31
2026-03-13T16,740.827
2026-03-13T17,735.718
2026-03-13T18,600.802
2026-03-13T19,547.993
2026-03-13T20,574.331
2026-03-13T21,577.144
2026-03-13T22,678.998
2026-03-13T23,1129.294
2026-03-14T00,1060.102
2026-03-14T01,1269.367
2026-03-14T02,1202.142
2026-03-14T03,1176.19
2026-03-14T04,1149.03
2026-03-14T05,1117.174
2026-03-14T06,1075.802
2026-03-14T07,971.374
2026-03-14T08,947.234
2026-03-14T09,1089.604
2026-03-14T10,1463.183
2026-03-14T11,1167.366
2026-03-14T12,970.579
2026-03-14T13,810.938
2026-03-14T14,753.528
2026-03-14T15,721.161
2026-03-14T16,759.63
2026-03-14T17,754.392
2026-03-14T18,616.051
2026-03-14T19,561.902
2026-03-14T20,588.908
2026-03-14T21,591.793
2026-03-14T22,696.232
2026-03-14T23,1157.957
2026-03-15T00,1240.479
2026-03-15T01,1485.351
2026-03-15T02,1406.687
2026-03-15T03,1376.32
2026-03-15T04,1344.538
2026-03-15T05,1307.262
2026-03-15T06,1258.851
2026-03-15T07,1136.653
2026-03-15T08,1108.406
2026-03-15T09,1275.001
2026-03-15T10,1712.145
2026-03-15T11,1365.994
2026-03-15T12,1135.723
2026-03-15T13,948.92
2026-03-15T14,881.741
2026-03-15T15,843.867
2026-03-15T16,888.881
2026-03-15T17,882.752
2026-03-15T18,720.872
2026-03-15T19,657.51
2026-03-15T20,689.111
2026-03-15T21,692.487
2026-03-15T22,814.696
2026-03-15T23,1354.984
2026-03-16T00,1748.778
2026-03-16T01,2093.989
2026-03-16T02,1983.092
2026-03-16T03,1940.282
2026-03-16T04,1895.476
2026-03-16T05,1842.926
2026-03-16T06,1774.678
2026-03-16T07,1602.409
2026-03-16T08,1562.588
2026-03-16T09,1797.446
2026-03-16T10,2413.714
2026-03-16T11,1925.725
2026-03-16T12,1601.098
2026-03-16T13,1337.75
2026-03-16T14,1243.043
2026-03-16T15,1189.65
2026-03-16T16,1253.11
2026-03-16T17,1244.469
2026-03-16T18,1016.258
2026-03-16T19,926.932
2026-03-16T20,971.482
2026-03-16T21,976.241
2026-03-16T22,1148.526
2026-03-16T23,1910.204
2026-03-17T00,1330.497
2026-03-17T01,1593.139
2026-03-17T02,1508.767
2026-03-17T03,1476.196
2026-03-17T04,1442.107
2026-03-17T05,1402.127
2026-03-17T06,1350.202
2026-03-17T07,1219.137
2026-03-17T08,1188.841
2026-03-17T09,1367.525
2026-03-17T10,1836.391
2026-03-17T11,1465.121
2026-03-17T12,1218.14
2026-03-17T13,1017.781
2026-03-17T14,945.726
2026-03-17T15,905.104
2026-03-17T16,953.385
2026-03-17T17,946.811
2026-03-17T18,773.184
2026-03-17T19,705.224
2026-03-17T20,739.118
2026-03-17T21,742.739
2026-03-17T22,873.816
2026-03-17T23,1453.312
2026-03-18T00,964.902
2026-03-18T01,1155.374
2026-03-18T02,1094.186
2026-03-18T03,1070.565
2026-03-18T04,1045.844
2026-03-18T05,1016.849
2026-03-18T06,979.192
2026-03-18T07,884.141
2026-03-18T08,862.17
2026-03-18T09,991.755
2026-03-18T10,1331.785
2026-03-18T11,1062.534
2026-03-18T12,883.418
2026-03-18T13,738.114
2026-03-18T14,685.859
2026-03-18T15,656.398
2026-03-18T16,691.413
2026-03-18T17,686.645
2026-03-18T18,560.728
2026-03-18T19,511.442
2026-03-18T20,536.022
2026-03-18T21,538.648
2026-03-18T22,633.708
2026-03-18T23,1053.969
2026-03-19T00,777.511
2026-03-19T01,930.992
2026-03-19T02,881.687
2026-03-19T03,862.654
2026-03-19T04,842.733
2026-03-19T05,819.369
2026-03-19T06,789.026
2026-03-19T07,712.435
2026-03-19T08,694.73
2026-03-19T09,799.149
2026-03-19T10,1073.143
2026-03-19T11,856.182
2026-03-19T12,711.852
2026-03-19T13,594.767
2026-03-19T14,552.66
2026-03-19T15,528.921
2026-03-19T16,557.135
2026-03-19T17,553.294
2026-03-19T18,451.83
2026-03-19T19,412.116
2026-03-19T20,431.923
2026-03-19T21,434.039
2026-03-19T22,510.637
2026-03-19T23,849.281
2026-03-20T00,1257.212
2026-03-20T01,1505.386
2026-03-20T02,1425.662
2026-03-20T03,1394.885
2026-03-20T04,1362.674
2026-03-20T05,1324.895
2026-03-20T06,1275.831
2026-03-20T07,1151.986
2026-03-20T08,1123.358
2026-03-20T09,1292.199
2026-03-20T10,1735.24
2026-03-20T11,1384.42
2026-03-20T12,1151.043
2026-03-20T13,961.72
2026-03-20T14,893.634
2026-03-20T15,855.249
2026-03-20T16,900.871
2026-03-20T17,894.659
2026-03-20T18,730.596
2026-03-20T19,666.379
2026-03-20T20,698.406
2026-03-20T21,701.828
2026-03-20T22,825.685
2026-03-20T23,1373.262
2026-03-21T00,1031.738
2026-03-21T01,1235.404
2026-03-21T02,1169.977
2026-03-21T03,1144.72
2026-03-21T04,1118.286
2026-03-21T05,1087.283
2026-03-21T06,1047.018
2026-03-21T07,945.383
2026-03-21T08,921.89
2026-03-21T09,1060.451
2026-03-21T10,1424.034
2026-03-21T11,1136.132
2026-03-21T12,944.61
2026-03-21T13,789.241
2026-03-21T14,733.366
2026-03-21T15,701.865
2026-03-21T16,739.305
2026-03-21T17,734.207
2026-03-21T18,599.568
2026-03-21T19,546.868
2026-03-21T20,573.151
2026-03-21T21,575.959
2026-03-21T22,677.603
2026-03-21T23,1126.975
2026-03-22T00,822.092
2026-03-22T01,984.374
2026-03-22T02,932.242
2026-03-22T03,912.117
2026-03-22T04,891.054
2026-03-22T05,866.35
2026-03-22T06,834.267
2026-03-22T07,753.284
2026-03-22T08,734.565
2026-03-22T09,844.97
2026-03-22T10,1134.675
2026-03-22T11,905.274
2026-03-22T12,752.668
2026-03-22T13,628.87
2026-03-22T14,584.348
2026-03-22T15,559.248
2026-03-22T16,589.08
2026-03-22T17,585.019
2026-03-22T18,477.738
2026-03-22T19,435.746
2026-03-22T20,456.689
2026-03-22T21,458.926
2026-03-22T22,539.916
2026-03-22T23,897.977
2026-03-23T00,1067.787
2026-03-23T01,1278.569
2026-03-23T02,1210.856
2026-03-23T03,1184.717
2026-03-23T04,1157.359
2026-03-23T05,1125.272
2026-03-23T06,1083.601
2026-03-23T07,978.415
2026-03-23T08,954.1
2026-03-23T09,1097.503
2026-03-23T10,1473.79
2026-03-23T11,1175.828
2026-03-23T12,977.614
2026-03-23T13,816.817
2026-03-23T14,758.99
2026-03-23T15,726.388
2026-03-23T16,765.136
2026-03-23T17,759.86
2026-03-23T18,620.517
2026-03-23T19,565.975
2026-03-23T20,593.177
2026-03-23T21,596.083
2026-03-23T22,701.278
2026-03-23T23,1166.351
2026-03-24T00,984.089
2026-03-24T01,1178.349
2026-03-24T02,1115.945
2026-03-24T03,1091.854
2026-03-24T04,1066.641
2026-03-24T05,1037.069
2026-03-24T06,998.664
2026-03-24T07,901.723
2026-03-24T08,879.314
2026-03-24T09,1011.476
2026-03-24T10,1358.269
2026-03-24T11,1083.662
2026-03-24T12,900.985
2026-03-24T13,752.791
2026-03-24T14,699.497
2026-03-24T15,669.451
2026-03-24T16,705.162
2026-03-24T17,700.299
2026-03-24T18,571.878
2026-03-24T19,521.612
2026-03-24T20,546.681
2026-03-24T21,549.36
2026-03-24T22,646.31
2026-03-24T23,1074.928
2026-03-25T00,852.406
2026-03-25T01,1020.672
2026-03-25T02,966.618
2026-03-25T03,945.751
2026-03-25T04,923.911
2026-03-25T05,898.297
2026-03-25T06,865.03
2026-03-25T07,781.062
2026-03-25T08,761.651
2026-03-25T09,876.128
2026-03-25T10,1176.516
2026-03-25T11,938.655
2026-03-25T12,780.422
2026-03-25T13,652.059
2026-03-25T14,605.896
2026-03-25T15,579.871
2026-03-25T16,610.803
2026-03-25T17,606.591
2026-03-25T18,495.354
2026-03-25T19,451.814
2026-03-25T20,473.529
2026-03-25T21,475.849
2026-03-25T22,559.825
2026-03-25T23,931.09
2026-03-26T00,940.922
2026-03-26T01,1126.661
2026-03-26T02,1066.993
2026-03-26T03,1043.96
2026-03-26T04,1019.852
2026-03-26T05,991.578
2026-03-26T06,954.857
2026-03-26T07,862.169
2026-03-26T08,840.743
2026-03-26T09,967.108
2026-03-26T10,1298.688
2026-03-26T11,1036.128
2026-03-26T12,861.463
2026-03-26T13,719.77
2026-03-26T14,668.814
2026-03-26T15,640.086
2026-03-26T16,674.23
2026-03-26T17,669.581
2026-03-26T18,546.793
2026-03-26T19,498.731
2026-03-26T20,522.701
2026-03-26T21,525.262
2026-03-26T22,617.959
2026-03-26T23,1027.776
2026-03-27T00,817.427
2026-03-27T01,978.788
2026-03-27T02,926.951
2026-03-27T03,906.941
2026-03-27T04,885.997
2026-03-27T05,861.434
2026-03-27T06,829.533
2026-03-27T07,749.01
2026-03-27T08,730.396
2026-03-27T09,840.175
2026-03-27T10,1128.236
2026-03-27T11,900.137
2026-03-27T12,748.397
2026-03-27T13,625.301
2026-03-27T14,581.032
2026-03-27T15,556.075
2026-03-27T16,585.738
2026-03-27T17,581.699
2026-03-27T18,475.027
2026-03-27T19,433.273
2026-03-27T20,454.097
2026-03-27T21,456.322
2026-03-27T22,536.852
2026-03-27T23,892.881
2026-03-28T00,820.137
2026-03-28T01,982.033
2026-03-28T02,930.025
2026-03-28T03,909.948
2026-03-28T04,888.935
2026-03-28T05,864.29
2026-03-28T06,832.283
2026-03-28T07,751.493
2026-03-28T08,732.818
2026-03-28T09,842.961
2026-03-28T10,1131.977
2026-03-28T11,903.121
2026-03-28T12,750.878
2026-03-28T13,627.374
2026-03-28T14,582.959
2026-03-28T15,557.919
2026-03-28T16,587.68
2026-03-28T17,583.627
2026-03-28T18,476.601
2026-03-28T19,434.71
2026-03-28T20,455.603
2026-03-28T21,457.835
2026-03-28T22,538.632
2026-03-28T23,895.842
2026-03-29T00,948.248
2026-03-29T01,1135.433
2026-03-29T02,1075.301
2026-03-29T03,1052.087
2026-03-29T04,1027.792
2026-03-29T05,999.298
2026-03-29T06,962.291
2026-03-29T07,868.881
2026-03-29T08,847.289
2026-03-29T09,974.637
2026-03-29T10,1308.799
2026-03-29T11,1044.194
2026-03-29T12,868.17
2026-03-29T13,725.374
2026-03-29T14,674.021
2026-03-29T15,645.069
2026-03-29T16,679.479
2026-03-29T17,674.794
2026-03-29T18,551.05
2026-03-29T19,502.614
2026-03-29T20,526.771
2026-03-29T21,529.351
2026-03-29T22,622.77
2026-03-29T23,1035.778
2026-03-30T00,1046.631
2026-03-30T01,1253.237
2026-03-30T02,1186.866
2026-03-30T03,1161.244
2026-03-30T04,1134.429
2026-03-30T05,1102.978
2026-03-30T06,1062.132
2026-03-30T07,959.03
2026-03-30T08,935.197
2026-03-30T09,1075.758
2026-03-30T10,1444.59
2026-03-30T11,1152.532
2026-03-30T12,958.245
2026-03-30T13,800.634
2026-03-30T14,743.952
2026-03-30T15,711.997
2026-03-30T16,749.977
2026-03-30T17,744.805
2026-03-30T18,608.223
2026-03-30T19,554.762
2026-03-30T20,581.425
2026-03-30T21,584.273
2026-03-30T22,687.384
2026-03-30T23,1143.243
2026-03-31T00,884.856
2026-03-31T01,1059.527
2026-03-31T02,1003.415
2026-03-31T03,981.754
2026-03-31T04,959.083
2026-03-31T05,932.493
2026-03-31T06,897.96
2026-03-31T07,810.795
2026-03-31T08,790.646
2026-03-31T09,909.481
2026-03-31T10,1221.303
2026-03-31T11,974.388
2026-03-31T12,810.132
2026-03-31T13,676.881
2026-03-31T14,628.961
2026-03-31T15,601.945
2026-03-31T16,634.055
2026-03-31T17,629.683
2026-03-31T18,514.211
2026-03-31T19,469.014
2026-03-31T20,491.555
2026-03-31T21,493.963
2026-03-31T22,581.137
2026-03-31T23,966.534
2026-04-01T00,897.534
2026-04-01T01,1074.708
2026-04-01T02,1017.792
2026-04-01T03,995.82
2026-04-01T04,972.824
2026-04-01T05,945.854
2026-04-01T06,910.826
2026-04-01T07,822.412
2026-04-01T08,801.974
2026-04-01T09,922.512
2026-04-01T10,1238.802
2026-04-01T11,988.349
2026-04-01T12,821.739
2026-04-01T13,686.58
2026-04-01T14,637.973
2026-04-01T15,610.57
2026-04-01T16,643.139
2026-04-01T17,638.705
2026-04-01T18,521.579
2026-04-01T19,475.734
2026-04-01T20,498.598
2026-04-01T21,501.041
2026-04-01T22,589.463
2026-04-01T23,980.383
2026-04-02T00,1064.948
2026-04-02T01,1275.17
2026-04-02T02,1207.637
2026-04-02T03,1181.567
2026-04-02T04,1154.282
2026-04-02T05,1122.281
2026-04-02T06,1080.72
2026-04-02T07,975.814
2026-04-02T08,951.564
2026-04-02T09,1094.585
2026-04-02T10,1469.872
2026-04-02T11,1172.703
2026-04-02T12,975.015
2026-04-02T13,814.645
2026-04-02T14,756.972
2026-04-02T15,724.457
2026-04-02T16,763.102
2026-04-02T17,757.84
2026-04-02T18,618.867
2026-04-02T19,564.471
2026-04-02T20,591.6
2026-04-02T21,594.498
2026-04-02T22,699.414
2026-04-02T23,1163.251
2026-04-03T00,1055.382
2026-04-03T01,1263.715
2026-04-03T02,1196.789
2026-04-03T03,1170.953
2026-04-03T04,1143.913
2026-04-03T05,1112.2
2026-04-03T06,1071.012
2026-04-03T07,967.048
2026-04-03T08,943.016
2026-04-03T09,1084.753
2026-04-03T10,1456.668
2026-04-03T11,1162.168
2026-04-03T12,966.257
2026-04-03T13,807.327
2026-04-03T14,750.172
2026-04-03T15,717.95
2026-04-03T16,756.247
2026-04-03T17,751.033
2026-04-03T18,613.308
2026-04-03T19,559.4
2026-04-03T20,586.286
2026-04-03T21,589.158
2026-04-03T22,693.131
2026-04-03T23,1152.801
2026-04-04T00,1118.331
2026-04-04T01,1339.09
2026-04-04T02,1268.173
2026-04-04T03,1240.796
2026-04-04T04,1212.143
2026-04-04T05,1178.538
2026-04-04T06,1134.893
2026-04-04T07,1024.729
2026-04-04T08,999.263
2026-04-04T09,1149.454
2026-04-04T10,1543.553
2026-04-04T11,1231.487
2026-04-04T12,1023.89
2026-04-04T13,855.481
2026-04-04T14,794.917
2026-04-04T15,760.772
2026-04-04T16,801.354
2026-04-04T17,795.829
2026-04-04T18,649.889
2026-04-04T19,592.766
2026-04-04T20,621.255
2026-04-04T21,624.299
2026-04-04T22,734.474
2026-04-04T23,1221.561
2026-04-05T00,942.369
2026-04-05T01,1128.394
2026-04-05T02,1068.634
2026-04-05T03,1045.565
2026-04-05T04,1021.421
2026-04-05T05,993.103
2026-04-05T06,956.326
2026-04-05T07,863.495
2026-04-05T08,842.036
2026-04-05T09,968.595
2026-04-05T10,1300.685
2026-04-05T11,1037.721
2026-04-05T12,862.788
2026-04-05T13,720.877
2026-04-05T14,669.842
2026-04-05T15,641.07
2026-04-05T16,675.267
2026-04-05T17,670.61
2026-04-05T18,547.634
2026-04-05T19,499.498
2026-04-05T20,523.505
2026-04-05T21,526.07
2026-04-05T22,618.909
2026-04-05T23,1029.357
2026-04-06T00,1184.671
2026-04-06T01,1418.526
2026-04-06T02,1343.401
2026-04-06T03,1314.4
2026-04-06T04,1284.048
2026-04-06T05,1248.449
2026-04-06T06,1202.216
2026-04-06T07,1085.516
2026-04-06T08,1058.54
2026-04-06T09,1217.64
2026-04-06T10,1635.117
2026-04-06T11,1304.539
2026-04-06T12,1084.628
2026-04-06T13,906.229
2026-04-06T14,842.072
2026-04-06T15,805.902
2026-04-06T16,848.891
2026-04-06T17,843.037
2026-04-06T18,688.441
2026-04-06T19,627.929
2026-04-06T20,658.108
2026-04-06T21,661.332
2026-04-06T22,778.043
2026-04-06T23,1294.024
2026-04-07T00,949.245
2026-04-07T01,1136.627
2026-04-07T02,1076.432
2026-04-07T03,1053.194
2026-04-07T04,1028.874
2026-04-07T05,1000.349
2026-04-07T06,963.304
2026-04-07T07,869.795
2026-04-07T08,848.18
2026-04-07T09,975.662
2026-04-07T10,1310.176
2026-04-07T11,1045.293
2026-04-07T12,869.084
2026-04-07T13,726.137
2026-04-07T14,674.73
2026-04-07T15,645.748
2026-04-07T16,680.194
2026-04-07T17,675.504
2026-04-07T18,551.629
2026-04-07T19,503.143
2026-04-07T20,527.325
2026-04-07T21,529.908
2026-04-07T22,623.425
2026-04-07T23,1036.868
2026-04-08T00,973.817
2026-04-08T01,1166.049
2026-04-08T02,1104.296
2026-04-08T03,1080.457
2026-04-08T04,1055.507
2026-04-08T05,1026.244
2026-04-08T06,988.239
2026-04-08T07,892.31
2026-04-08T08,870.136
2026-04-08T09,1000.918
2026-04-08T10,1344.09
2026-04-08T11,1072.351
2026-04-08T12,891.58
2026-04-08T13,744.934
2026-04-08T14,692.196
2026-04-08T15,662.463
2026-04-08T16,697.801
2026-04-08T17,692.989
2026-04-08T18,565.909
2026-04-08T19,516.167
2026-04-08T20,540.975
2026-04-08T21,543.625
2026-04-08T22,639.563
2026-04-08T23,1063.708
2026-04-09T00,951.933
2026-04-09T01,1139.845
2026-04-09T02,1079.479
2026-04-09T03,1056.176
2026-04-09T04,1031.786
2026-04-09T05,1003.181
2026-04-09T06,966.031
2026-04-09T07,872.258
2026-04-09T08,850.581
2026-04-09T09,978.425
2026-04-09T10,1313.885
2026-04-09T11,1048.252
2026-04-09T12,871.544
2026-04-09T13,728.193
2026-04-09T14,676.64
2026-04-09T15,647.576
2026-04-09T16,682.12
2026-04-09T17,677.416
2026-04-09T18,553.191
2026-04-09T19,504.567
2026-04-09T20,528.818
2026-04-09T21,531.408
2026-04-09T22,625.19
2026-04-09T23,1039.803
2026-04-10T00,1018.181
2026-04-10T01,1219.171
2026-04-10T02,1154.604
2026-04-10T03,1129.679
2026-04-10T04,1103.592
2026-04-10T05,1072.996
2026-04-10T06,1033.26
2026-04-10T07,932.961
2026-04-10T08,909.776
2026-04-10T09,1046.517
2026-04-10T10,1405.323
2026-04-10T11,1121.204
2026-04-10T12,932.198
2026-04-10T13,778.87
2026-04-10T14,723.73
2026-04-10T15,692.643
2026-04-10T16,729.591
2026-04-10T17,724.56
2026-04-10T18,591.69
2026-04-10T19,539.682
2026-04-10T20,565.62
2026-04-10T21,568.391
2026-04-10T22,668.7
2026-04-10T23,1112.167
2026-04-11T00,935.439
2026-04-11T01,1120.095
2026-04-11T02,1060.775
2026-04-11T03,1037.876
2026-04-11T04,1013.909
2026-04-11T05,985.799
2026-04-11T06,949.292
2026-04-11T07,857.144
2026-04-11T08,835.843
2026-04-11T09,961.471
2026-04-11T10,1291.119
2026-04-11T11,1030.089
2026-04-11T12,856.443
2026-04-11T13,715.575
2026-04-11T14,664.916
2026-04-11T15,636.355
2026-04-11T16,670.301
2026-04-11T17,665.678
2026-04-11T18,543.606
2026-04-11T19,495.825
2026-04-11T20,519.655
2026-04-11T21,522.201
2026-04-11T22,614.358
2026-04-11T23,1021.786
2026-04-12T00,891.386
2026-04-12T01,1067.346
2026-04-12T02,1010.82
2026-04-12T03,988.998
2026-04-12T04,966.16
2026-04-12T05,939.374
2026-04-12T06,904.587
2026-04-12T07,816.778
2026-04-12T08,796.481
2026-04-12T09,916.192
2026-04-12T10,1230.316
2026-04-12T11,981.579
2026-04-12T12,816.11
2026-04-12T13,681.877
2026-04-12T14,633.603
2026-04-12T15,606.387
2026-04-12T16,638.734
2026-04-12T17,634.329
2026-04-12T18,518.006
2026-04-12T19,472.475
2026-04-12T20,495.183
2026-04-12T21,497.608
2026-04-12T22,585.425
2026-04-12T23,973.667
2026-04-13T00,969.314
2026-04-13T01,1160.657
2026-04-13T02,1099.189
2026-04-13T03,1075.461
2026-04-13T04,1050.626
2026-04-13T05,1021.498
2026-04-13T06,983.67
2026-04-13T07,888.184
2026-04-13T08,866.112
2026-04-13T09,996.29
2026-04-13T10,1337.875
2026-04-13T11,1067.392
2026-04-13T12,887.458
2026-04-13T13,741.489
2026-04-13T14,688.995
2026-04-13T15,659.4
2026-04-13T16,694.574
2026-04-13T17,689.785
2026-04-13T18,563.292
2026-04-13T19,513.78
2026-04-13T20,538.473
2026-04-13T21,541.111
2026-04-13T22,636.606
2026-04-13T23,1058.789
2026-04-14T00,1008.214
2026-04-14T01,1207.237
2026-04-14T02,1143.302
2026-04-14T03,1118.621
2026-04-14T04,1092.79
2026-04-14T05,1062.493
2026-04-14T06,1023.146
2026-04-14T07,923.829
2026-04-14T08,900.871
2026-04-14T09,1036.273
2026-04-14T10,1391.567
2026-04-14T11,1110.229
2026-04-14T12,923.073
2026-04-14T13,771.246
2026-04-14T14,716.646
2026-04-14T15,685.863
2026-04-14T16,722.449
2026-04-14T17,717.467
2026-04-14T18,585.898
2026-04-14T19,534.399
2026-04-14T20,560.083
2026-04-14T21,562.827
2026-04-14T22,662.154
2026-04-14T23,1101.28
2026-04-15T00,1044.656
2026-04-15T01,1250.872
2026-04-15T02,1184.627
2026-04-15T03,1159.053
2026-04-15T04,1132.288
2026-04-15T05,1100.897
2026-04-15T06,1060.128
2026-04-15T07,957.22
2026-04-15T08,933.433
2026-04-15T09,1073.729
2026-04-15T10,1441.865
2026-04-15T11,1150.358
2026-04-15T12,956.437
2026-04-15T13,799.123
2026-04-15T14,742.549
2026-04-15T15,710.653
2026-04-15T16,748.562
2026-04-15T17,743.4
2026-04-15T18,607.075
2026-04-15T19,553.715
2026-04-15T20,580.328
2026-04-15T21,583.17
2026-04-15T22,686.087
2026-04-15T23,1141.086
2026-04-16T00,1083.368
2026-04-16T01,1297.226
2026-04-16T02,1228.526
2026-04-16T03,1202.005
2026-04-16T04,1174.248
2026-04-16T05,1141.693
2026-04-16T06,1099.413
2026-04-16T07,992.693
2026-04-16T08,968.023
2026-04-16T09,1113.518
2026-04-16T10,1495.296
2026-04-16T11,1192.987
2026-04-16T12,991.88
2026-04-16T13,828.736
2026-04-16T14,770.066
2026-04-16T15,736.988
2026-04-16T16,776.302
2026-04-16T17,770.949
2026-04-16T18,629.572
2026-04-16T19,574.234
2026-04-16T20,601.833
2026-04-16T21,604.781
2026-04-16T22,711.512
2026-04-16T23,1183.371
2026-04-17T00,858.81
2026-04-17T01,1028.34
2026-04-17T02,973.88
2026-04-17T03,952.856
2026-04-17T04,930.852
2026-04-17T05,905.046
2026-04-17T06,871.529
2026-04-17T07,786.93
2026-04-17T08,767.374
2026-04-17T09,882.711
2026-04-17T10,1185.355
2026-04-17T11,945.707
2026-04-17T12,786.286
2026-04-17T13,656.958
2026-04-17T14,610.448
2026-04-17T15,584.227
2026-04-17T16,615.392
2026-04-17T17,611.148
2026-04-17T18,499.076
2026-04-17T19,455.208
2026-04-17T20,477.086
2026-04-17T21,479.424
2026-04-17T22,564.031
2026-04-17T23,938.085
2026-04-18T00,1000.068
2026-04-18T01,1197.483
2026-04-18T02,1134.065
2026-04-18T03,1109.583
2026-04-18T04,1083.96
2026-04-18T05,1053.908
2026-04-18T06,1014.879
2026-04-18T07,916.365
2026-04-18T08,893.592
2026-04-18T09,1027.9
2026-04-18T10,1380.323
2026-04-18T11,1101.258
2026-04-18T12,915.615
2026-04-18T13,765.015
2026-04-18T14,710.855
2026-04-18T15,680.321
2026-04-18T16,716.612
2026-04-18T17,711.67
2026-04-18T18,581.164
2026-04-18T19,530.081
2026-04-18T20,555.558
2026-04-18T21,558.28
2026-04-18T22,656.804
2026-04-18T23,1092.382
2026-04-19T00,936.148
2026-04-19T01,1120.944
2026-04-19T02,1061.58
2026-04-19T03,1038.663
2026-04-19T04,1014.678
2026-04-19T05,986.547
2026-04-19T06,950.012
2026-04-19T07,857.794
2026-04-19T08,836.477
2026-04-19T09,962.201
2026-04-19T10,1292.098
2026-04-19T11,1030.87
2026-04-19T12,857.092
2026-04-19T13,716.118
2026-04-19T14,665.42
2026-04-19T15,636.838
2026-04-19T16,670.809
2026-04-19T17,666.183
2026-04-19T18,544.018
2026-04-19T19,496.201
2026-04-19T20,520.049
2026-04-19T21,522.597
2026-04-19T22,614.824
2026-04-19T23,1022.561
2026-04-20T00,1094.9
2026-04-20T01,1311.035
2026-04-20T02,1241.603
2026-04-20T03,1214.8
2026-04-20T04,1186.747
2026-04-20T05,1153.846
2026-04-20T06,1111.116
2026-04-20T07,1003.259
2026-04-20T08,978.328
2026-04-20T09,1125.371
2026-04-20T10,1511.213
2026-04-20T11,1205.686
2026-04-20T12,1002.439
2026-04-20T13,837.558
2026-04-20T14,778.263
2026-04-20T15,744.833
2026-04-20T16,784.565
2026-04-20T17,779.155
2026-04-20T18,636.273
2026-04-20T19,580.347
2026-04-20T20,608.239
2026-04-20T21,611.219
2026-04-20T22,719.086
2026-04-20T23,1195.968
2026-04-21T00,1170.375
2026-04-21T01,1401.409
2026-04-21T02,1327.191
2026-04-21T03,1298.54
2026-04-21T04,1268.554
2026-04-21T05,1233.384
2026-04-21T06,1187.709
2026-04-21T07,1072.417
2026-04-21T08,1045.767
2026-04-21T09,1202.947
2026-04-21T10,1615.386
2026-04-21T11,1288.798
2026-04-21T12,1071.54
2026-04-21T13,895.293
2026-04-21T14,831.911
2026-04-21T15,796.177
2026-04-21T16,838.648
2026-04-21T17,832.865
2026-04-21T18,680.134
2026-04-21T19,620.352
2026-04-21T20,650.167
2026-04-21T21,653.352
2026-04-21T22,768.655
2026-04-21T23,1278.41
2026-04-22T00,1623.76
2026-04-22T01,1944.292
2026-04-22T02,1841.323
2026-04-22T03,1801.573
2026-04-22T04,1759.971
2026-04-22T05,1711.178
2026-04-22T06,1647.808
2026-04-22T07,1487.855
2026-04-22T08,1450.88
2026-04-22T09,1668.949
2026-04-22T10,2241.161
2026-04-22T11,1788.057
2026-04-22T12,1486.637
2026-04-22T13,1242.116
2026-04-22T14,1154.18
2026-04-22T15,1104.603
2026-04-22T16,1163.526
2026-04-22T17,1155.503
2026-04-22T18,943.607
2026-04-22T19,860.666
2026-04-22T20,902.032
2026-04-22T21,906.451
2026-04-22T22,1066.419
2026-04-22T23,1773.646
2026-04-23T00,1578.111
2026-04-23T01,1889.631
2026-04-23T02,1789.557
2026-04-23T03,1750.925
2026-04-23T04,1710.492
2026-04-23T05,1663.071
2026-04-23T06,1601.483
2026-04-23T07,1446.026
2026-04-23T08,1410.091
2026-04-23T09,1622.029
2026-04-23T10,2178.154
2026-04-23T11,1737.789
2026-04-23T12,1444.843
2026-04-23T13,1207.196
2026-04-23T14,1121.732
2026-04-23T15,1073.549
2026-04-23T16,1130.816
2026-04-23T17,1123.018
2026-04-23T18,917.079
2026-04-23T19,836.47
2026-04-23T20,876.672
2026-04-23T21,880.967
2026-04-23T22,1036.439
2026-04-23T23,1723.782
2026-04-24T00,1348.033
2026-04-24T01,1614.136
2026-04-24T02,1528.652
2026-04-24T03,1495.652
2026-04-24T04,1461.114
2026-04-24T05,1420.607
2026-04-24T06,1367.998
2026-04-24T07,1235.206
2026-04-24T08,1204.51
2026-04-24T09,1385.549
2026-04-24T10,1860.595
2026-04-24T11,1484.432
2026-04-24T12,1234.195
2026-04-24T13,1031.195
2026-04-24T14,958.191
2026-04-24T15,917.033
2026-04-24T16,965.951
2026-04-24T17,959.29
2026-04-24T18,783.375
2026-04-24T19,714.519
2026-04-24T20,748.86
2026-04-24T21,752.528
2026-04-24T22,885.333
2026-04-24T23,1472.467
2026-04-25T00,942.843
2026-04-25T01,1128.961
2026-04-25T02,1069.172
2026-04-25T03,1046.091
2026-04-25T04,1021.934
2026-04-25T05,993.602
2026-04-25T06,956.807
2026-04-25T07,863.929
2026-04-25T08,842.46
2026-04-25T09,969.082
2026-04-25T10,1301.339
2026-04-25T11,1038.243
2026-04-25T12,863.222
2026-04-25T13,721.24
2026-04-25T14,670.179
2026-04-25T15,641.392
2026-04-25T16,675.606
2026-04-25T17,670.948
2026-04-25T18,547.909
2026-04-25T19,499.75
2026-04-25T20,523.768
2026-04-25T21,526.334
2026-04-25T22,619.221
2026-04-25T23,1029.875
2026-04-26T00,1159.267
2026-04-26T01,1388.107
2026-04-26T02,1314.593
2026-04-26T03,1286.214
2026-04-26T04,1256.513
2026-04-26T05,1221.677
2026-04-26T06,1176.435
2026-04-26T07,1062.238
2026-04-26T08,1035.841
2026-04-26T09,1191.529
2026-04-26T10,1600.053
2026-04-26T11,1276.565
2026-04-26T12,1061.369
2026-04-26T13,886.796
2026-04-26T14,824.014
2026-04-26T15,788.62
2026-04-26T16,830.687
2026-04-26T17,824.959
2026-04-26T18,673.678
2026-04-26T19,614.464
2026-04-26T20,643.996
2026-04-26T21,647.151
2026-04-26T22,761.359
2026-04-26T23,1266.276
2026-04-27T00,1307.527
2026-04-27T01,1565.634
2026-04-27T02,1482.719
2026-04-27T03,1450.71
2026-04-27T04,1417.21
2026-04-27T05,1377.919
2026-04-27T06,1326.892
2026-04-27T07,1198.09
2026-04-27T08,1168.316
2026-04-27T09,1343.915
2026-04-27T10,1804.687
2026-04-27T11,1439.827
2026-04-27T12,1197.109
2026-04-27T13,1000.209
2026-04-27T14,929.399
2026-04-27T15,889.478
2026-04-27T16,936.925
2026-04-27T17,930.465
2026-04-27T18,759.836
2026-04-27T19,693.048
2026-04-27T20,726.358
2026-04-27T21,729.916
2026-04-27T22,858.73
2026-04-27T23,1428.221
2026-04-28T00,1470.668
2026-04-28T01,1760.98
2026-04-28T02,1667.719
2026-04-28T03,1631.717
2026-04-28T04,1594.037
2026-04-28T05,1549.844
2026-04-28T06,1492.449
2026-04-28T07,1347.576
2026-04-28T08,1314.088
2026-04-28T09,1511.597
2026-04-28T10,2029.859
2026-04-28T11,1619.475
2026-04-28T12,1346.474
2026-04-28T13,1125.006
2026-04-28T14,1045.361
2026-04-28T15,1000.459
2026-04-28T16,1053.826
2026-04-28T17,1046.56
2026-04-28T18,854.641
2026-04-28T19,779.521
2026-04-28T20,816.986
2026-04-28T21,820.988
2026-04-28T22,965.875
2026-04-28T23,1606.422
2026-04-29T00,1345.125
2026-04-29T01,1610.653
2026-04-29T02,1525.354
2026-04-29T03,1492.425
2026-04-29T04,1457.962
2026-04-29T05,1417.541
2026-04-29T06,1365.046
2026-04-29T07,1232.54
2026-04-29T08,1201.911
2026-04-29T09,1382.559
2026-04-29T10,1856.58
2026-04-29T11,1481.228
2026-04-29T12,1231.532
2026-04-29T13,1028.97
2026-04-29T14,956.124
2026-04-29T15,915.054
2026-04-29T16,963.866
2026-04-29T17,957.22
2026-04-29T18,781.685
2026-04-29T19,712.977
2026-04-29T20,747.244
2026-04-29T21,750.904
2026-04-29T22,883.423
2026-04-29T23,1469.29
2026-04-30T00,1082.04
2026-04-30T01,1295.635
2026-04-30T02,1227.019
2026-04-30T03,1200.53
2026-04-30T04,1172.808
2026-04-30T05,1140.293
2026-04-30T06,1098.065
2026-04-30T07,991.475
2026-04-30T08,966.836
2026-04-30T09,1112.152
2026-04-30T10,1493.462
2026-04-30T11,1191.524
2026-04-30T12,990.664
2026-04-30T13,827.72
2026-04-30T14,769.121
2026-04-30T15,736.084
2026-04-30T16,775.349
2026-04-30T17,770.003
2026-04-30T18,628.799
2026-04-30T19,573.53
2026-04-30T20,601.095
2026-04-30T21,604.039
2026-04-30T22,710.639
2026-04-30T23,1181.92
2026-05-01T00,888.895
2026-05-01T01,1064.363
2026-05-01T02,1007.995
2026-05-01T03,986.235
2026-05-01T04,963.46
2026-05-01T05,936.75
2026-05-01T06,902.059
2026-05-01T07,814.496
2026-05-01T08,794.255
2026-05-01T09,913.632
2026-05-01T10,1226.878
2026-05-01T11,978.836
2026-05-01T12,813.829
2026-05-01T13,679.971
2026-05-01T14,631.832
2026-05-01T15,604.693
2026-05-01T16,636.949
2026-05-01T17,632.557
2026-05-01T18,516.558
2026-05-01T19,471.154
2026-05-01T20,493.799
2026-05-01T21,496.218
2026-05-01T22,583.79
2026-05-01T23,970.946
2026-05-02T00,724.028
2026-05-02T01,866.951
2026-05-02T02,821.038
2026-05-02T03,803.314
2026-05-02T04,784.763
2026-05-02T05,763.007
2026-05-02T06,734.75
2026-05-02T07,663.428
2026-05-02T08,646.941
2026-05-02T09,744.177
2026-05-02T10,999.324
2026-05-02T11,797.287
2026-05-02T12,662.885
2026-05-02T13,553.854
2026-05-02T14,514.644
2026-05-02T15,492.538
2026-05-02T16,518.811
2026-05-02T17,515.234
2026-05-02T18,420.75
2026-05-02T19,383.767
2026-05-02T20,402.212
2026-05-02T21,404.182
2026-05-02T22,475.512
2026-05-02T23,790.861
2026-05-03T00,537.478
2026-05-03T01,643.577
2026-05-03T02,609.493
2026-05-03T03,596.336
2026-05-03T04,582.565
2026-05-03T05,566.414
2026-05-03T06,545.438
2026-05-03T07,492.492
2026-05-03T08,480.253
2026-05-03T09,552.436
2026-05-03T10,741.843
2026-05-03T11,591.862
2026-05-03T12,492.089
2026-05-03T13,411.151
2026-05-03T14,382.043
2026-05-03T15,365.633
2026-05-03T16,385.137
2026-05-03T17,382.481
2026-05-03T18,312.342
2026-05-03T19,284.888
2026-05-03T20,298.58
2026-05-03T21,300.043
2026-05-03T22,352.994
2026-05-03T23,587.091
2026-05-04T00,633.843
2026-05-04T01,758.964
2026-05-04T02,718.77
2026-05-04T03,703.253
2026-05-04T04,687.014
2026-05-04T05,667.967
2026-05-04T06,643.23
2026-05-04T07,580.792
2026-05-04T08,566.359
2026-05-04T09,651.483
2026-05-04T10,874.849
2026-05-04T11,697.977
2026-05-04T12,580.316
2026-05-04T13,484.866
2026-05-04T14,450.54
2026-05-04T15,431.188
2026-05-04T16,454.188
2026-05-04T17,451.057
2026-05-04T18,368.342
2026-05-04T19,335.966
2026-05-04T20,352.113
2026-05-04T21,353.838
2026-05-04T22,416.282
2026-05-04T23,692.352
2026-05-05T00,1215.467
2026-05-05T01,1455.401
2026-05-05T02,1378.324
2026-05-05T03,1348.569
2026-05-05T04,1317.427
2026-05-05T05,1280.903
2026-05-05T06,1233.468
2026-05-05T07,1113.735
2026-05-05T08,1086.057
2026-05-05T09,1249.293
2026-05-05T10,1677.623
2026-05-05T11,1338.452
2026-05-05T12,1112.823
2026-05-05T13,929.787
2026-05-05T14,863.962
2026-05-05T15,826.852
2026-05-05T16,870.958
2026-05-05T17,864.953
2026-05-05T18,706.337
2026-05-05T19,644.252
2026-05-05T20,675.216
2026-05-05T21,678.524
2026-05-05T22,798.269
2026-05-05T23,1327.664
2026-05-06T00,798.133
2026-05-06T01,955.685
2026-05-06T02,905.072
2026-05-06T03,885.534
2026-05-06T04,865.085
2026-05-06T05,841.101
2026-05-06T06,809.953
2026-05-06T07,731.331
2026-05-06T08,713.156
2026-05-06T09,820.345
2026-05-06T10,1101.606
2026-05-06T11,878.89
2026-05-06T12,730.732
2026-05-06T13,610.542
2026-05-06T14,567.318
2026-05-06T15,542.95
2026-05-06T16,571.912
2026-05-06T17,567.969
2026-05-06T18,463.814
2026-05-06T19,423.046
2026-05-06T20,443.379
2026-05-06T21,445.551
2026-05-06T22,524.181
2026-05-06T23,871.806
2026-05-07T00,476.955
2026-05-07T01,571.106
2026-05-07T02,540.861
2026-05-07T03,529.185
2026-05-07T04,516.965
2026-05-07T05,502.633
2026-05-07T06,484.019
2026-05-07T07,437.035
2026-05-07T08,426.174
2026-05-07T09,490.229
2026-05-07T10,658.307
2026-05-07T11,525.215
2026-05-07T12,436.677
2026-05-07T13,364.853
2026-05-07T14,339.023
2026-05-07T15,324.461
2026-05-07T16,341.768
2026-05-07T17,339.412
2026-05-07T18,277.17
2026-05-07T19,252.808
2026-05-07T20,264.958
2026-05-07T21,266.256
2026-05-07T22,313.245
2026-05-07T23,520.982
2026-05-08T00,1207.786
2026-05-08T01,1446.204
2026-05-08T02,1369.614
2026-05-08T03,1340.047
2026-05-08T04,1309.103
2026-05-08T05,1272.809
2026-05-08T06,1225.674
2026-05-08T07,1106.697
2026-05-08T08,1079.195
2026-05-08T09,1241.399
2026-05-08T10,1667.022
2026-05-08T11,1329.994
2026-05-08T12,1105.791
2026-05-08T13,923.911
2026-05-08T14,858.503
2026-05-08T15,821.627
2026-05-08T16,865.455
2026-05-08T17,859.487
2026-05-08T18,701.874
2026-05-08T19,640.181
2026-05-08T20,670.95
2026-05-08T21,674.237
2026-05-08T22,793.225
2026-05-08T23,1319.274
2026-05-09T00,776.588
2026-05-09T01,929.888
2026-05-09T02,880.641
2026-05-09T03,861.63
2026-05-09T04,841.733
2026-05-09T05,818.397
2026-05-09T06,788.09
2026-05-09T07,711.589
2026-05-09T08,693.906
2026-05-09T09,798.201
2026-05-09T10,1071.87
2026-05-09T11,855.166
2026-05-09T12,711.007
2026-05-09T13,594.061
2026-05-09T14,552.004
2026-05-09T15,528.294
2026-05-09T16,556.474
2026-05-09T17,552.637
2026-05-09T18,451.294
2026-05-09T19,411.627
2026-05-09T20,431.411
2026-05-09T21,433.524
2026-05-09T22,510.031
2026-05-09T23,848.273
2026-05-10T00,735.185
2026-05-10T01,880.311
2026-05-10T02,833.69
2026-05-10T03,815.693
2026-05-10T04,796.857
2026-05-10T05,774.765
2026-05-10T06,746.073
2026-05-10T07,673.652
2026-05-10T08,656.911
2026-05-10T09,755.645
2026-05-10T10,1014.724
2026-05-10T11,809.573
2026-05-10T12,673.1
2026-05-10T13,562.389
2026-05-10T14,522.575
2026-05-10T15,500.128
2026-05-10T16,526.806
2026-05-10T17,523.174
2026-05-10T18,427.234
2026-05-10T19,389.681
2026-05-10T20,408.41
2026-05-10T21,410.411
2026-05-10T22,482.839
2026-05-10T23,803.048
2026-05-11T00,668.875
2026-05-11T01,800.912
2026-05-11T02,758.496
2026-05-11T03,742.122
2026-05-11T04,724.984
2026-05-11T05,704.885
2026-05-11T06,678.781
2026-05-11T07,612.892
2026-05-11T08,597.661
2026-05-11T09,687.49
2026-05-11T10,923.201
2026-05-11T11,736.554
2026-05-11T12,612.39
2026-05-11T13,511.664
2026-05-11T14,475.441
2026-05-11T15,455.019
2026-05-11T16,479.291
2026-05-11T17,475.986
2026-05-11T18,388.7
2026-05-11T19,354.534
2026-05-11T20,371.574
2026-05-11T21,373.394
2026-05-11T22,439.29
2026-05-11T23,730.617
2026-05-12T00,2019.132
2026-05-12T01,2417.71
2026-05-12T02,2289.669
2026-05-12T03,2240.241
2026-05-12T04,2188.509
2026-05-12T05,2127.834
2026-05-12T06,2049.035
2026-05-12T07,1850.134
2026-05-12T08,1804.157
2026-05-12T09,2075.323
2026-05-12T10,2786.864
2026-05-12T11,2223.434
2026-05-12T12,1848.62
2026-05-12T13,1544.56
2026-05-12T14,1435.212
2026-05-12T15,1373.565
2026-05-12T16,1446.835
2026-05-12T17,1436.858
2026-05-12T18,1173.366
2026-05-12T19,1070.231
2026-05-12T20,1121.668
2026-05-12T21,1127.163
2026-05-12T22,1326.083
2026-05-12T23,2205.513
2026-05-13T00,1790.913
2026-05-13T01,2144.441
2026-05-13T02,2030.873
2026-05-13T03,1987.031
2026-05-13T04,1941.146
2026-05-13T05,1887.33
2026-05-13T06,1817.437
2026-05-13T07,1641.017
2026-05-13T08,1600.237
2026-05-13T09,1840.754
2026-05-13T10,2471.87
2026-05-13T11,1972.124
2026-05-13T12,1639.675
2026-05-13T13,1369.982
2026-05-13T14,1272.993
2026-05-13T15,1218.313
2026-05-13T16,1283.302
2026-05-13T17,1274.453
2026-05-13T18,1040.743
2026-05-13T19,949.265
2026-05-13T20,994.889
2026-05-13T21,999.762
2026-05-13T22,1176.199
2026-05-13T23,1956.228
2026-05-14T00,1227.046
2026-05-14T01,1469.266
2026-05-14T02,1391.455
2026-05-14T03,1361.416
2026-05-14T04,1329.978
2026-05-14T05,1293.106
2026-05-14T06,1245.219
2026-05-14T07,1124.345
2026-05-14T08,1096.404
2026-05-14T09,1261.195
2026-05-14T10,1693.605
2026-05-14T11,1351.203
2026-05-14T12,1123.425
2026-05-14T13,938.644
2026-05-14T14,872.193
2026-05-14T15,834.729
2026-05-14T16,879.256
2026-05-14T17,873.193
2026-05-14T18,713.066
2026-05-14T19,650.39
2026-05-14T20,681.649
2026-05-14T21,684.988
2026-05-14T22,805.874
2026-05-14T23,1340.312
2026-05-15T00,1456.016
2026-05-15T01,1743.434
2026-05-15T02,1651.103
2026-05-15T03,1615.459
2026-05-15T04,1578.155
2026-05-15T05,1534.402
2026-05-15T06,1477.579
2026-05-15T07,1334.15
2026-05-15T08,1300.995
2026-05-15T09,1496.536
2026-05-15T10,2009.635
2026-05-15T11,1603.34
2026-05-15T12,1333.058
2026-05-15T13,1113.797
2026-05-15T14,1034.946
2026-05-15T15,990.491
2026-05-15T16,1043.327
2026-05-15T17,1036.132
2026-05-15T18,846.126
2026-05-15T19,771.754
2026-05-15T20,808.846
2026-05-15T21,812.808
2026-05-15T22,956.251
2026-05-15T23,1590.417
2026-05-16T00,943.148
2026-05-16T01,1129.326
2026-05-16T02,1069.517
2026-05-16T03,1046.429
2026-05-16T04,1022.265
2026-05-16T05,993.923
2026-05-16T06,957.116
2026-05-16T07,864.208
2026-05-16T08,842.732
2026-05-16T09,969.395
2026-05-16T10,1301.76
2026-05-16T11,1038.578
2026-05-16T12,863.501
2026-05-16T13,721.473
2026-05-16T14,670.396
2026-05-16T15,641.6
2026-05-16T16,675.825
2026-05-16T17,671.165
2026-05-16T18,548.086
2026-05-16T19,499.911
2026-05-16T20,523.938
2026-05-16T21,526.504
2026-05-16T22,619.421
2026-05-16T23,1030.207
2026-05-17T00,857.787
2026-05-17T01,1027.114
2026-05-17T02,972.719
2026-05-17T03,951.72
2026-05-17T04,929.743
2026-05-17T05,903.967
2026-05-17T06,870.49
2026-05-17T07,785.991
2026-05-17T08,766.459
2026-05-17T09,881.658
2026-05-17T10,1183.942
2026-05-17T11,944.58
2026-05-17T12,785.348
2026-05-17T13,656.175
2026-05-17T14,609.72
2026-05-17T15,583.531
2026-05-17T16,614.658
2026-05-17T17,610.42
2026-05-17T18,498.481
2026-05-17T19,454.666
2026-05-17T20,476.518
2026-05-17T21,478.852
2026-05-17T22,563.359
2026-05-17T23,936.967
2026-05-18T00,1110.278
2026-05-18T01,1329.448
2026-05-18T02,1259.041
2026-05-18T03,1231.862
2026-05-18T04,1203.415
2026-05-18T05,1170.052
2026-05-18T06,1126.722
2026-05-18T07,1017.35
2026-05-18T08,992.068
2026-05-18T09,1141.177
2026-05-18T10,1532.438
2026-05-18T11,1222.62
2026-05-18T12,1016.518
2026-05-18T13,849.321
2026-05-18T14,789.193
2026-05-18T15,755.294
2026-05-18T16,795.584
2026-05-18T17,790.098
2026-05-18T18,645.21
2026-05-18T19,588.498
2026-05-18T20,616.782
2026-05-18T21,619.804
2026-05-18T22,729.185
2026-05-18T23,1212.765
2026-05-19T00,907.427
2026-05-19T01,1086.553
2026-05-19T02,1029.01
2026-05-19T03,1006.796
2026-05-19T04,983.547
2026-05-19T05,956.279
2026-05-19T06,920.866
2026-05-19T07,831.477
2026-05-19T08,810.814
2026-05-19T09,932.68
2026-05-19T10,1252.456
2026-05-19T11,999.243
2026-05-19T12,830.796
2026-05-19T13,694.147
2026-05-19T14,645.005
2026-05-19T15,617.299
2026-05-19T16,650.228
2026-05-19T17,645.745
2026-05-19T18,527.328
2026-05-19T19,480.977
2026-05-19T20,504.094
2026-05-19T21,506.563
2026-05-19T22,595.961
2026-05-19T23,991.189
2026-05-20T00,1638.485
2026-05-20T01,1961.923
2026-05-20T02,1858.02
2026-05-20T03,1817.91
2026-05-20T04,1775.93
2026-05-20T05,1726.695
2026-05-20T06,1662.751
2026-05-20T07,1501.347
2026-05-20T08,1464.037
2026-05-20T09,1684.083
2026-05-20T10,2261.484
2026-05-20T11,1804.272
2026-05-20T12,1500.118
2026-05-20T13,1253.379
2026-05-20T14,1164.646
2026-05-20T15,1114.62
2026-05-20T16,1174.077
2026-05-20T17,1165.981
2026-05-20T18,952.163
2026-05-20T19,868.471
2026-05-20T20,910.211
2026-05-20T21,914.67
2026-05-20T22,1076.089
2026-05-20T23,1789.729
2026-05-21T00,1557.074
2026-05-21T01,1864.442
2026-05-21T02,1765.702
2026-05-21T03,1727.585
2026-05-21T04,1687.691
2026-05-21T05,1640.902
2026-05-21T06,1580.135
2026-05-21T07,1426.75
2026-05-21T08,1391.294
2026-05-21T09,1600.407
2026-05-21T10,2149.119
2026-05-21T11,1714.624
2026-05-21T12,1425.583
2026-05-21T13,1191.104
2026-05-21T14,1106.779
2026-05-21T15,1059.239
2026-05-21T16,1115.742
2026-05-21T17,1108.048
2026-05-21T18,904.854
2026-05-21T19,825.32
2026-05-21T20,864.986
2026-05-21T21,869.224
2026-05-21T22,1022.623
2026-05-21T23,1700.804
2026-05-22T00,1229.047
2026-05-22T01,1471.662
2026-05-22T02,1393.723
2026-05-22T03,1363.636
2026-05-22T04,1332.146
2026-05-22T05,1295.214
2026-05-22T06,1247.249
2026-05-22T07,1126.178
2026-05-22T08,1098.191
2026-05-22T09,1263.251
2026-05-22T10,1696.366
2026-05-22T11,1353.405
2026-05-22T12,1125.256
2026-05-22T13,940.175
2026-05-22T14,873.615
2026-05-22T15,836.09
2026-05-22T16,880.689
2026-05-22T17,874.616
2026-05-22T18,714.229
2026-05-22T19,651.45
2026-05-22T20,682.76
2026-05-22T21,686.105
2026-05-22T22,807.187
2026-05-22T23,1342.497
2026-05-23T00,868.556
2026-05-23T01,1040.009
2026-05-23T02,984.931
2026-05-23T03,963.668
2026-05-23T04,941.415
2026-05-23T05,915.315
2026-05-23T06,881.419
2026-05-23T07,795.859
2026-05-23T08,776.081
2026-05-23T09,892.727
2026-05-23T10,1198.806
2026-05-23T11,956.439
2026-05-23T12,795.208
2026-05-23T13,664.413
2026-05-23T14,617.375
2026-05-23T15,590.857
2026-05-23T16,622.375
2026-05-23T17,618.083
2026-05-23T18,504.739
2026-05-23T19,460.374
2026-05-23T20,482.5
2026-05-23T21,484.864
2026-05-23T22,570.432
2026-05-23T23,948.73
2026-05-24T00,888.082
2026-05-24T01,1063.39
2026-05-24T02,1007.073
2026-05-24T03,985.333
2026-05-24T04,962.579
2026-05-24T05,935.893
2026-05-24T06,901.234
2026-05-24T07,813.751
2026-05-24T08,793.529
2026-05-24T09,912.797
2026-05-24T10,1225.756
2026-05-24T11,977.941
2026-05-24T12,813.085
2026-05-24T13,679.349
2026-05-24T14,631.254
2026-05-24T15,604.14
2026-05-24T16,636.366
2026-05-24T17,631.978
2026-05-24T18,516.086
2026-05-24T19,470.723
2026-05-24T20,493.347
2026-05-24T21,495.764
2026-05-24T22,583.256
2026-05-24T23,970.058
2026-05-25T00,669.157
2026-05-25T01,801.249
2026-05-25T02,758.815
2026-05-25T03,742.434
2026-05-25T04,725.289
2026-05-25T05,705.182
2026-05-25T06,679.067
2026-05-25T07,613.149
2026-05-25T08,597.912
2026-05-25T09,687.779
2026-05-25T10,923.589
2026-05-25T11,736.864
2026-05-25T12,612.648
2026-05-25T13,511.88
2026-05-25T14,475.641
2026-05-25T15,455.21
2026-05-25T16,479.493
2026-05-25T17,476.186
2026-05-25T18,388.863
2026-05-25T19,354.683
2026-05-25T20,371.73
2026-05-25T21,373.551
2026-05-25T22,439.475
2026-05-25T23,730.925
2026-05-26T00,819.928
2026-05-26T01,981.783
2026-05-26T02,929.788
2026-05-26T03,909.716
2026-05-26T04,888.708
2026-05-26T05,864.07
2026-05-26T06,832.071
2026-05-26T07,751.302
2026-05-26T08,732.631
2026-05-26T09,842.746
2026-05-26T10,1131.688
2026-05-26T11,902.891
2026-05-26T12,750.687
2026-05-26T13,627.214
2026-05-26T14,582.81
2026-05-26T15,557.776
2026-05-26T16,587.53
2026-05-26T17,583.479
2026-05-26T18,476.48
2026-05-26T19,434.599
2026-05-26T20,455.487
2026-05-26T21,457.718
2026-05-26T22,538.495
2026-05-26T23,895.613
2026-05-27T00,1556.72
2026-05-27T01,1864.018
2026-05-27T02,1765.3
2026-05-27T03,1727.191
2026-05-27T04,1687.307
2026-05-27T05,1640.528
2026-05-27T06,1579.775
2026-05-27T07,1426.425
2026-05-27T08,1390.977
2026-05-27T09,1600.043
2026-05-27T10,2148.63
2026-05-27T11,1714.233
2026-05-27T12,1425.258
2026-05-27T13,1190.832
2026-05-27T14,1106.527
2026-05-27T15,1058.997
2026-05-27T16,1115.488
2026-05-27T17,1107.796
2026-05-27T18,904.648
2026-05-27T19,825.132
2026-05-27T20,864.789
2026-05-27T21,869.026
2026-05-27T22,1022.39
2026-05-27T23,1700.417
2026-05-28T00,637.466
2026-05-28T01,763.303
2026-05-28T02,722.879
2026-05-28T03,707.273
2026-05-28T04,690.941
2026-05-28T05,671.785
2026-05-28T06,646.907
2026-05-28T07,584.112
2026-05-28T08,569.596
2026-05-28T09,655.207
2026-05-28T10,879.85
2026-05-28T11,701.967
2026-05-28T12,583.634
2026-05-28T13,487.638
2026-05-28T14,453.115
2026-05-28T15,433.652
2026-05-28T16,456.785
2026-05-28T17,453.635
2026-05-28T18,370.447
2026-05-28T19,337.886
2026-05-28T20,354.125
2026-05-28T21,355.86
2026-05-28T22,418.662
2026-05-28T23,696.309
2026-05-29T00,892.85
2026-05-29T01,1069.099
2026-05-29T02,1012.48
2026-05-29T03,990.623
2026-05-29T04,967.748
2026-05-29T05,940.918
2026-05-29T06,906.073
2026-05-29T07,818.12
2026-05-29T08,797.789
2026-05-29T09,917.698
2026-05-29T10,1232.337
2026-05-29T11,983.191
2026-05-29T12,817.451
2026-05-29T13,682.997
2026-05-29T14,634.644
2026-05-29T15,607.383
2026-05-29T16,639.783
2026-05-29T17,635.372
2026-05-29T18,518.857
2026-05-29T19,473.251
2026-05-29T20,495.996
2026-05-29T21,498.426
2026-05-29T22,586.387
2026-05-29T23,975.267
2026-05-30T00,741.028
2026-05-30T01,887.307
2026-05-30T02,840.316
2026-05-30T03,822.176
2026-05-30T04,803.19
2026-05-30T05,780.922
2026-05-30T06,752.003
2026-05-30T07,679.005
2026-05-30T08,662.131
2026-05-30T09,761.65
2026-05-30T10,1022.788
2026-05-30T11,816.007
2026-05-30T12,678.45
2026-05-30T13,566.859
2026-05-30T14,526.728
2026-05-30T15,504.103
2026-05-30T16,530.993
2026-05-30T17,527.332
2026-05-30T18,430.629
2026-05-30T19,392.778
2026-05-30T20,411.656
2026-05-30T21,413.673
2026-05-30T22,486.677
2026-05-30T23,809.43
2026-05-31T00,974.423
2026-05-31T01,1166.774
2026-05-31T02,1104.983
2026-05-31T03,1081.129
2026-05-31T04,1056.163
2026-05-31T05,1026.882
2026-05-31T06,988.854
2026-05-31T07,892.865
2026-05-31T08,870.677
2026-05-31T09,1001.54
2026-05-31T10,1344.926
2026-05-31T11,1073.018
2026-05-31T12,892.135
2026-05-31T13,745.397
2026-05-31T14,692.626
2026-05-31T15,662.875
2026-05-31T16,698.235
2026-05-31T17,693.42
2026-05-31T18,566.261
2026-05-31T19,516.488
2026-05-31T20,541.311
2026-05-31T21,543.963
2026-05-31T22,639.961
2026-05-31T23,1064.369
2026-06-01T00,859.345
2026-06-01T01,1028.981
2026-06-01T02,974.487
2026-06-01T03,953.45
2026-06-01T04,931.432
2026-06-01T05,905.609
2026-06-01T06,872.072
2026-06-01T07,787.42
2026-06-01T08,767.852
2026-06-01T09,883.261
2026-06-01T10,1186.093
2026-06-01T11,946.297
2026-06-01T12,786.776
2026-06-01T13,657.367
2026-06-01T14,610.828
2026-06-01T15,584.591
2026-06-01T16,615.775
2026-06-01T17,611.529
2026-06-01T18,499.386
2026-06-01T19,455.492
2026-06-01T20,477.384
2026-06-01T21,479.722
2026-06-01T22,564.383
2026-06-01T23,938.669
2026-06-02T00,1252.747
2026-06-02T01,1500.04
2026-06-02T02,1420.598
2026-06-02T03,1389.931
2026-06-02T04,1357.834
2026-06-02T05,1320.19
2026-06-02T06,1271.3
2026-06-02T07,1147.894
2026-06-02T08,1119.368
2026-06-02T09,1287.61
2026-06-02T10,1729.077
2026-06-02T11,1379.503
2026-06-02T12,1146.955
2026-06-02T13,958.304
2026-06-02T14,890.461
2026-06-02T15,852.212
2026-06-02T16,897.672
2026-06-02T17,891.482
2026-06-02T18,728.001
2026-06-02T19,664.012
2026-06-02T20,695.926
2026-06-02T21,699.335
2026-06-02T22,822.753
2026-06-02T23,1368.384
2026-06-03T00,852.96
2026-06-03T01,1021.335
2026-06-03T02,967.245
2026-06-03T03,946.365
2026-06-03T04,924.511
2026-06-03T05,898.88
2026-06-03T06,865.592
2026-06-03T07,781.569
2026-06-03T08,762.146
2026-06-03T09,876.697
2026-06-03T10,1177.28
2026-06-03T11,939.265
2026-06-03T12,780.929
2026-06-03T13,652.482
2026-06-03T14,606.289
2026-06-03T15,580.247
2026-06-03T16,611.199
2026-06-03T17,606.985
2026-06-03T18,495.676
2026-06-03T19,452.107
2026-06-03T20,473.836
2026-06-03T21,476.158
2026-06-03T22,560.189
2026-06-03T23,931.694
2026-06-04T00,887.399
2026-06-04T01,1062.572
2026-06-04T02,1006.299
2026-06-04T03,984.575
2026-06-04T04,961.839
2026-06-04T05,935.173
2026-06-04T06,900.541
2026-06-04T07,813.125
2026-06-04T08,792.918
2026-06-04T09,912.095
2026-06-04T10,1224.814
2026-06-04T11,977.189
2026-06-04T12,812.46
2026-06-04T13,678.827
2026-06-04T14,630.769
2026-06-04T15,603.675
2026-06-04T16,635.877
2026-06-04T17,631.492
2026-06-04T18,515.689
2026-06-04T19,470.362
2026-06-04T20,492.968
2026-06-04T21,495.383
2026-06-04T22,582.807
2026-06-04T23,969.312
2026-06-05T00,876.546
2026-06-05T01,1049.577
2026-06-05T02,993.992
2026-06-05T03,972.534
2026-06-05T04,950.076
2026-06-05T05,923.736
2026-06-05T06,889.528
2026-06-05T07,803.181
2026-06-05T08,783.221
2026-06-05T09,900.94
2026-06-05T10,1209.834
2026-06-05T11,965.238
2026-06-05T12,802.524
2026-06-05T13,670.525
2026-06-05T14,623.055
2026-06-05T15,596.292
2026-06-05T16,628.1
2026-06-05T17,623.769
2026-06-05T18,509.382
2026-06-05T19,464.609
2026-06-05T20,486.939
2026-06-05T21,489.325
2026-06-05T22,575.68
2026-06-05T23,957.458
2026-06-06T00,775.3
2026-06-06T01,928.345
2026-06-06T02,879.18
2026-06-06T03,860.201
2026-06-06T04,840.337
2026-06-06T05,817.04
2026-06-06T06,786.782
2026-06-06T07,710.409
2026-06-06T08,692.755
2026-06-06T09,796.877
2026-06-06T10,1070.092
2026-06-06T11,853.747
2026-06-06T12,709.828
2026-06-06T13,593.076
2026-06-06T14,551.089
2026-06-06T15,527.417
2026-06-06T16,555.551
2026-06-06T17,551.721
2026-06-06T18,450.546
2026-06-06T19,410.944
2026-06-06T20,430.695
2026-06-06T21,432.805
2026-06-06T22,509.185
2026-06-06T23,846.866
2026-06-07T00,631.906
2026-06-07T01,756.645
2026-06-07T02,716.573
2026-06-07T03,701.104
2026-06-07T04,684.914
2026-06-07T05,665.926
2026-06-07T06,641.265
2026-06-07T07,579.017
2026-06-07T08,564.628
2026-06-07T09,649.492
2026-06-07T10,872.175
2026-06-07T11,695.844
2026-06-07T12,578.543
2026-06-07T13,483.384
2026-06-07T14,449.163
2026-06-07T15,429.87
2026-06-07T16,452.8
2026-06-07T17,449.678
2026-06-07T18,367.216
2026-06-07T19,334.939
2026-06-07T20,351.037
2026-06-07T21,352.756
2026-06-07T22,415.01
2026-06-07T23,690.236
2026-06-08T00,946.482
2026-06-08T01,1133.318
2026-06-08T02,1073.298
2026-06-08T03,1050.128
2026-06-08T04,1025.879
2026-06-08T05,997.437
2026-06-08T06,960.499
2026-06-08T07,867.263
2026-06-08T08,845.711
2026-06-08T09,972.822
2026-06-08T10,1306.362
2026-06-08T11,1042.25
2026-06-08T12,866.554
2026-06-08T13,724.023
2026-06-08T14,672.766
2026-06-08T15,643.868
2026-06-08T16,678.214
2026-06-08T17,673.537
2026-06-08T18,550.024
2026-06-08T19,501.678
2026-06-08T20,525.79
2026-06-08T21,528.366
2026-06-08T22,621.611
2026-06-08T23,1033.849
2026-06-09T00,1387.756
2026-06-09T01,1661.7
2026-06-09T02,1573.697
2026-06-09T03,1539.725
2026-06-09T04,1504.169
2026-06-09T05,1462.468
2026-06-09T06,1408.309
2026-06-09T07,1271.603
2026-06-09T08,1240.003
2026-06-09T09,1426.377
2026-06-09T10,1915.421
2026-06-09T11,1528.173
2026-06-09T12,1270.563
2026-06-09T13,1061.581
2026-06-09T14,986.426
2026-06-09T15,944.055
2026-06-09T16,994.414
2026-06-09T17,987.557
2026-06-09T18,806.459
2026-06-09T19,735.573
2026-06-09T20,770.926
2026-06-09T21,774.703
2026-06-09T22,911.421
2026-06-09T23,1515.856
2026-06-10T00,1402.609
2026-06-10T01,1679.485
2026-06-10T02,1590.54
2026-06-10T03,1556.204
2026-06-10T04,1520.268
2026-06-10T05,1478.12
2026-06-10T06,1423.381
2026-06-10T07,1285.213
2026-06-10T08,1253.274
2026-06-10T09,1441.643
2026-06-10T10,1935.921
2026-06-10T11,1544.529
2026-06-10T12,1284.162
2026-06-10T13,1072.943
2026-06-10T14,996.984
2026-06-10T15,954.159
2026-06-10T16,1005.057
2026-06-10T17,998.127
2026-06-10T18,815.09
2026-06-10T19,743.446
2026-06-10T20,779.177
2026-06-10T21,782.995
2026-06-10T22,921.176
2026-06-10T23,1532.08
2026-06-11T00,1216.501
2026-06-11T01,1456.639
2026-06-11T02,1379.496
2026-06-11T03,1349.716
2026-06-11T04,1318.548
2026-06-11T05,1281.993
2026-06-11T06,1234.517
2026-06-11T07,1114.682
2026-06-11T08,1086.981
2026-06-11T09,1250.355
2026-06-11T10,1679.049
2026-06-11T11,1339.59
2026-06-11T12,1113.77
2026-06-11T13,930.577
2026-06-11T14,864.697
2026-06-11T15,827.555
2026-06-11T16,871.699
2026-06-11T17,865.688
2026-06-11T18,706.938
2026-06-11T19,644.8
2026-06-11T20,675.791
2026-06-11T21,679.101
2026-06-11T22,798.948
2026-06-11T23,1328.793
2026-06-12T00,488.536
2026-06-12T01,584.973
2026-06-12T02,553.993
2026-06-12T03,542.034
2026-06-12T04,529.517
2026-06-12T05,514.837
2026-06-12T06,495.771
2026-06-12T07,447.646
2026-06-12T08,436.522
2026-06-12T09,502.132
2026-06-12T10,674.291
2026-06-12T11,537.967
2026-06-12T12,447.28
2026-06-12T13,373.712
2026-06-12T14,347.255
2026-06-12T15,332.339
2026-06-12T16,350.067
2026-06-12T17,347.653
2026-06-12T18,283.9
2026-06-12T19,258.946
2026-06-12T20,271.391
2026-06-12T21,272.721
2026-06-12T22,320.85
2026-06-12T23,533.631
2026-06-13T00,427.381
2026-06-13T01,511.746
2026-06-13T02,484.644
2026-06-13T03,474.182
2026-06-13T04,463.232
2026-06-13T05,450.389
2026-06-13T06,433.71
2026-06-13T07,391.61
2026-06-13T08,381.878
2026-06-13T09,439.275
2026-06-13T10,589.883
2026-06-13T11,470.624
2026-06-13T12,391.289
2026-06-13T13,326.93
2026-06-13T14,303.785
2026-06-13T15,290.736
2026-06-13T16,306.245
2026-06-13T17,304.133
2026-06-13T18,248.361
2026-06-13T19,226.531
2026-06-13T20,237.419
2026-06-13T21,238.582
2026-06-13T22,280.686
2026-06-13T23,466.831
2026-06-14T00,778.471
2026-06-14T01,932.142
2026-06-14T02,882.776
2026-06-14T03,863.719
2026-06-14T04,843.774
2026-06-14T05,820.381
2026-06-14T06,790.001
2026-06-14T07,713.315
2026-06-14T08,695.588
2026-06-14T09,800.136
2026-06-14T10,1074.469
2026-06-14T11,857.239
2026-06-14T12,712.731
2026-06-14T13,595.501
2026-06-14T14,553.343
2026-06-14T15,529.574
2026-06-14T16,557.824
2026-06-14T17,553.977
2026-06-14T18,452.389
2026-06-14T19,412.625
2026-06-14T20,432.457
2026-06-14T21,434.575
2026-06-14T22,511.268
2026-06-14T23,850.33
2026-06-15T00,712.339
2026-06-15T01,852.955
2026-06-15T02,807.783
2026-06-15T03,790.345
2026-06-15T04,772.094
2026-06-15T05,750.689
2026-06-15T06,722.889
2026-06-15T07,652.718
2026-06-15T08,636.497
2026-06-15T09,732.163
2026-06-15T10,983.191
2026-06-15T11,784.416
2026-06-15T12,652.183
2026-06-15T13,544.913
2026-06-15T14,506.335
2026-06-15T15,484.586
2026-06-15T16,510.436
2026-06-15T17,506.916
2026-06-15T18,413.957
2026-06-15T19,377.572
2026-06-15T20,395.719
2026-06-15T21,397.657
2026-06-15T22,467.835
2026-06-15T23,778.093
2026-06-16T00,1620.663
2026-06-16T01,1940.583
2026-06-16T02,1837.811
2026-06-16T03,1798.137
2026-06-16T04,1756.614
2026-06-16T05,1707.914
2026-06-16T06,1644.665
2026-06-16T07,1485.017
2026-06-16T08,1448.113
2026-06-16T09,1665.766
2026-06-16T10,2236.886
2026-06-16T11,1784.647
2026-06-16T12,1483.802
2026-06-16T13,1239.747
2026-06-16T14,1151.978
2026-06-16T15,1102.496
2026-06-16T16,1161.307
2026-06-16T17,1153.299
2026-06-16T18,941.807
2026-06-16T19,859.025
2026-06-16T20,900.311
2026-06-16T21,904.721
2026-06-16T22,1064.385
2026-06-16T23,1770.262
2026-06-17T00,1702.146
2026-06-17T01,2038.151
2026-06-17T02,1930.211
2026-06-17T03,1888.543
2026-06-17T04,1844.932
2026-06-17T05,1793.783
2026-06-17T06,1727.355
2026-06-17T07,1559.68
2026-06-17T08,1520.92
2026-06-17T09,1749.516
2026-06-17T10,2349.351
2026-06-17T11,1874.374
2026-06-17T12,1558.403
2026-06-17T13,1302.078
2026-06-17T14,1209.897
2026-06-17T15,1157.927
2026-06-17T16,1219.694
2026-06-17T17,1211.284
2026-06-17T18,989.158
2026-06-17T19,902.214
2026-06-17T20,945.576
2026-06-17T21,950.209
2026-06-17T22,1117.9
2026-06-17T23,1859.267
2026-06-18T00,603.687
2026-06-18T01,722.856
2026-06-18T02,684.573
2026-06-18T03,669.795
2026-06-18T04,654.328
2026-06-18T05,636.187
2026-06-18T06,612.628
2026-06-18T07,553.16
2026-06-18T08,539.413
2026-06-18T09,620.488
2026-06-18T10,833.226
2026-06-18T11,664.77
2026-06-18T12,552.707
2026-06-18T13,461.798
2026-06-18T14,429.105
2026-06-18T15,410.673
2026-06-18T16,432.58
2026-06-18T17,429.597
2026-06-18T18,350.817
2026-06-18T19,319.982
2026-06-18T20,335.36
2026-06-18T21,337.003
2026-06-18T22,396.477
2026-06-18T23,659.412
2026-06-19T00,1097.432
2026-06-19T01,1314.066
2026-06-19T02,1244.473
2026-06-19T03,1217.608
2026-06-19T04,1189.491
2026-06-19T05,1156.513
2026-06-19T06,1113.685
2026-06-19T07,1005.579
2026-06-19T08,980.589
2026-06-19T09,1127.973
2026-06-19T10,1514.707
2026-06-19T11,1208.473
2026-06-19T12,1004.756
2026-06-19T13,839.494
2026-06-19T14,780.062
2026-06-19T15,746.555
2026-06-19T16,786.379
2026-06-19T17,780.956
2026-06-19T18,637.744
2026-06-19T19,581.689
2026-06-19T20,609.645
2026-06-19T21,612.632
2026-06-19T22,720.748
2026-06-19T23,1198.733
2026-06-20T00,785.939
2026-06-20T01,941.084
2026-06-20T02,891.245
2026-06-20T03,872.005
2026-06-20T04,851.868
2026-06-20T05,828.251
2026-06-20T06,797.579
2026-06-20T07,720.157
2026-06-20T08,702.261
2026-06-20T09,807.811
2026-06-20T10,1084.776
2026-06-20T11,865.463
2026-06-20T12,719.568
2026-06-20T13,601.214
2026-06-20T14,558.651
2026-06-20T15,534.654
2026-06-20T16,563.175
2026-06-20T17,559.291
2026-06-20T18,456.728
2026-06-20T19,416.583
2026-06-20T20,436.605
2026-06-20T21,438.744
2026-06-20T22,516.172
2026-06-20T23,858.487
2026-06-21T00,858.281
2026-06-21T01,1027.706
2026-06-21T02,973.279
2026-06-21T03,952.268
2026-06-21T04,930.278
2026-06-21T05,904.487
2026-06-21T06,870.992
2026-06-21T07,786.444
2026-06-21T08,766.9
2026-06-21T09,882.166
2026-06-21T10,1184.624
2026-06-21T11,945.124
2026-06-21T12,785.801
2026-06-21T13,656.553
2026-06-21T14,610.072
2026-06-21T15,583.867
2026-06-21T16,615.012
2026-06-21T17,610.771
2026-06-21T18,498.768
2026-06-21T19,454.928
2026-06-21T20,476.792
2026-06-21T21,479.128
2026-06-21T22,563.684
2026-06-21T23,937.506
2026-06-22T00,887.049
2026-06-22T01,1062.154
2026-06-22T02,1005.903
2026-06-22T03,984.188
2026-06-22T04,961.46
2026-06-22T05,934.805
2026-06-22T06,900.187
2026-06-22T07,812.805
2026-06-22T08,792.606
2026-06-22T09,911.736
2026-06-22T10,1224.331
2026-06-22T11,976.804
2026-06-22T12,812.14
2026-06-22T13,678.56
2026-06-22T14,630.521
2026-06-22T15,603.437
2026-06-22T16,635.627
2026-06-22T17,631.244
2026-06-22T18,515.486
2026-06-22T19,470.176
2026-06-22T20,492.774
2026-06-22T21,495.188
2026-06-22T22,582.578
2026-06-22T23,968.931
2026-06-23T00,1548.394
2026-06-23T01,1854.048
2026-06-23T02,1755.858
2026-06-23T03,1717.953
2026-06-23T04,1678.282
2026-06-23T05,1631.754
2026-06-23T06,1571.325
2026-06-23T07,1418.796
2026-06-23T08,1383.538
2026-06-23T09,1591.485
2026-06-23T10,2137.138
2026-06-23T11,1705.065
2026-06-23T12,1417.635
2026-06-23T13,1184.463
2026-06-23T14,1100.609
2026-06-23T15,1053.333
2026-06-23T16,1109.521
2026-06-23T17,1101.871
2026-06-23T18,899.809
2026-06-23T19,820.719
2026-06-23T20,860.164
2026-06-23T21,864.378
2026-06-23T22,1016.922
2026-06-23T23,1691.322
2026-06-24T00,652.861
2026-06-24T01,781.736
2026-06-24T02,740.336
2026-06-24T03,724.354
2026-06-24T04,707.627
2026-06-24T05,688.009
2026-06-24T06,662.53
2026-06-24T07,598.218
2026-06-24T08,583.352
2026-06-24T09,671.03
2026-06-24T10,901.098
2026-06-24T11,718.919
2026-06-24T12,597.728
2026-06-24T13,499.414
2026-06-24T14,464.058
2026-06-24T15,444.125
2026-06-24T16,467.816
2026-06-24T17,464.59
2026-06-24T18,379.393
2026-06-24T19,346.046
2026-06-24T20,362.677
2026-06-24T21,364.454
2026-06-24T22,428.772
2026-06-24T23,713.125
2026-06-25T00,1449.545
2026-06-25T01,1735.687
2026-06-25T02,1643.766
2026-06-25T03,1608.281
2026-06-25T04,1571.142
2026-06-25T05,1527.584
2026-06-25T06,1471.013
2026-06-25T07,1328.221
2026-06-25T08,1295.214
2026-06-25T09,1489.886
2026-06-25T10,2000.704
2026-06-25T11,1596.215
2026-06-25T12,1327.134
2026-06-25T13,1108.848
2026-06-25T14,1030.347
2026-06-25T15,986.089
2026-06-25T16,1038.69
2026-06-25T17,1031.528
2026-06-25T18,842.366
2026-06-25T19,768.325
2026-06-25T20,805.252
2026-06-25T21,809.197
2026-06-25T22,952.002
2026-06-25T23,1583.349
2026-06-26T00,828.737
2026-06-26T01,992.33
2026-06-26T02,939.777
2026-06-26T03,919.489
2026-06-26T04,898.256
2026-06-26T05,873.353
2026-06-26T06,841.01
2026-06-26T07,759.373
2026-06-26T08,740.502
2026-06-26T09,851.8
2026-06-26T10,1143.846
2026-06-26T11,912.591
2026-06-26T12,758.752
2026-06-26T13,633.952
2026-06-26T14,589.071
2026-06-26T15,563.769
2026-06-26T16,593.842
2026-06-26T17,589.747
2026-06-26T18,481.599
2026-06-26T19,439.268
2026-06-26T20,460.38
2026-06-26T21,462.635
2026-06-26T22,544.28
2026-06-26T23,905.235
2026-06-27T00,616.542
2026-06-27T01,738.248
2026-06-27T02,699.151
2026-06-27T03,684.058
2026-06-27T04,668.261
2026-06-27T05,649.734
2026-06-27T06,625.673
2026-06-27T07,564.939
2026-06-27T08,550.9
2026-06-27T09,633.7
2026-06-27T10,850.969
2026-06-27T11,678.926
2026-06-27T12,564.476
2026-06-27T13,471.632
2026-06-27T14,438.242
2026-06-27T15,419.418
2026-06-27T16,441.791
2026-06-27T17,438.745
2026-06-27T18,358.288
2026-06-27T19,326.795
2026-06-27T20,342.502
2026-06-27T21,344.179
2026-06-27T22,404.92
2026-06-27T23,673.454
2026-06-28T00,632.294
2026-06-28T01,757.109
2026-06-28T02,717.013
2026-06-28T03,701.535
2026-06-28T04,685.335
2026-06-28T05,666.334
2026-06-28T06,641.658
2026-06-28T07,579.372
2026-06-28T08,564.974
2026-06-28T09,649.891
2026-06-28T10,872.711
2026-06-28T11,696.272
2026-06-28T12,578.898
2026-06-28T13,483.681
2026-06-28T14,449.439
2026-06-28T15,430.134
2026-06-28T16,453.078
2026-06-28T17,449.954
2026-06-28T18,367.441
2026-06-28T19,335.144
2026-06-28T20,351.252
2026-06-28T21,352.973
2026-06-28T22,415.265
2026-06-28T23,690.659
2026-06-29T00,759.237
2026-06-29T01,909.111
2026-06-29T02,860.965
2026-06-29T03,842.379
2026-06-29T04,822.926
2026-06-29T05,800.111
2026-06-29T06,770.481
2026-06-29T07,695.69
2026-06-29T08,678.402
2026-06-29T09,780.366
2026-06-29T10,1047.921
2026-06-29T11,836.059
2026-06-29T12,695.121
2026-06-29T13,580.788
2026-06-29T14,539.671
2026-06-29T15,516.49
2026-06-29T16,544.041
2026-06-29T17,540.289
2026-06-29T18,441.211
2026-06-29T19,402.43
2026-06-29T20,421.771
2026-06-29T21,423.838
2026-06-29T22,498.636
2026-06-29T23,829.32
2026-06-30T00,1535.373
2026-06-30T01,1838.457
2026-06-30T02,1741.093
2026-06-30T03,1703.507
2026-06-30T04,1664.169
2026-06-30T05,1618.032
2026-06-30T06,1558.112
2026-06-30T07,1406.865
2026-06-30T08,1371.903
2026-06-30T09,1578.102
2026-06-30T10,2119.166
2026-06-30T11,1690.726
2026-06-30T12,1405.714
2026-06-30T13,1174.503
2026-06-30T14,1091.353
2026-06-30T15,1044.475
2026-06-30T16,1100.191
2026-06-30T17,1092.605
2026-06-30T18,892.242
2026-06-30T19,813.817
2026-06-30T20,852.931
2026-06-30T21,857.109
2026-06-30T22,1008.37
2026-06-30T23,1677.099
2026-07-01T00,1354.372
2026-07-01T01,1621.726
2026-07-01T02,1535.84
2026-07-01T03,1502.685
2026-07-01T04,1467.985
2026-07-01T05,1427.286
2026-07-01T06,1374.43
2026-07-01T07,1241.014
2026-07-01T08,1210.173
2026-07-01T09,1392.064
2026-07-01T10,1869.343
2026-07-01T11,1491.412
2026-07-01T12,1239.998
2026-07-01T13,1036.044
2026-07-01T14,962.697
2026-07-01T15,921.345
2026-07-01T16,970.493
2026-07-01T17,963.801
2026-07-01T18,787.058
2026-07-01T19,717.878
2026-07-01T20,752.381
2026-07-01T21,756.067
2026-07-01T22,889.496
2026-07-01T23,1479.391
2026-07-02T00,534.736
2026-07-02T01,640.293
2026-07-02T02,606.383
2026-07-02T03,593.293
2026-07-02T04,579.592
2026-07-02T05,563.524
2026-07-02T06,542.655
2026-07-02T07,489.979
2026-07-02T08,477.803
2026-07-02T09,549.617
2026-07-02T10,738.058
2026-07-02T11,588.842
2026-07-02T12,489.578
2026-07-02T13,409.053
2026-07-02T14,380.094
2026-07-02T15,363.767
2026-07-02T16,383.172
2026-07-02T17,380.53
2026-07-02T18,310.748
2026-07-02T19,283.434
2026-07-02T20,297.056
2026-07-02T21,298.512
2026-07-02T22,351.192
2026-07-02T23,584.096
2026-07-03T00,1377.812
2026-07-03T01,1649.793
2026-07-03T02,1562.421
2026-07-03T03,1528.692
2026-07-03T04,1493.391
2026-07-03T05,1451.988
2026-07-03T06,1398.217
2026-07-03T07,1262.492
2026-07-03T08,1231.118
2026-07-03T09,1416.156
2026-07-03T10,1901.696
2026-07-03T11,1517.223
2026-07-03T12,1261.459
2026-07-03T13,1053.974
2026-07-03T14,979.358
2026-07-03T15,937.291
2026-07-03T16,987.289
2026-07-03T17,980.481
2026-07-03T18,800.68
2026-07-03T19,730.303
2026-07-03T20,765.402
2026-07-03T21,769.152
2026-07-03T22,904.89
2026-07-03T23,1504.994
2026-07-04T00,604.857
2026-07-04T01,724.256
2026-07-04T02,685.9
2026-07-04T03,671.093
2026-07-04T04,655.596
2026-07-04T05,637.42
2026-07-04T06,613.815
2026-07-04T07,554.231
2026-07-04T08,540.458
2026-07-04T09,621.69
2026-07-04T10,834.841
2026-07-04T11,666.058
2026-07-04T12,553.778
2026-07-04T13,462.693
2026-07-04T14,429.936
2026-07-04T15,411.469
2026-07-04T16,433.418
2026-07-04T17,430.429
2026-07-04T18,351.497
2026-07-04T19,320.601
2026-07-04T20,336.01
2026-07-04T21,337.656
2026-07-04T22,397.245
2026-07-04T23,660.69
2026-07-05T00,679.008
2026-07-05T01,813.045
2026-07-05T02,769.987
2026-07-05T03,753.365
2026-07-05T04,735.968
2026-07-05T05,715.564
2026-07-05T06,689.065
2026-07-05T07,622.177
2026-07-05T08,606.715
2026-07-05T09,697.905
2026-07-05T10,937.187
2026-07-05T11,747.713
2026-07-05T12,621.668
2026-07-05T13,519.416
2026-07-05T14,482.644
2026-07-05T15,461.912
2026-07-05T16,486.552
2026-07-05T17,483.197
2026-07-05T18,394.588
2026-07-05T19,359.905
2026-07-05T20,377.203
2026-07-05T21,379.051
2026-07-05T22,445.945
2026-07-05T23,741.686
2026-07-06T00,716.335
2026-07-06T01,857.741
2026-07-06T02,812.315
2026-07-06T03,794.779
2026-07-06T04,776.426
2026-07-06T05,754.9
2026-07-06T06,726.944
2026-07-06T07,656.379
2026-07-06T08,640.068
2026-07-06T09,736.271
2026-07-06T10,988.707
2026-07-06T11,788.816
2026-07-06T12,655.842
2026-07-06T13,547.97
2026-07-06T14,509.176
2026-07-06T15,487.305
2026-07-06T16,513.299
2026-07-06T17,509.76
2026-07-06T18,416.28
2026-07-06T19,379.69
2026-07-06T20,397.939
2026-07-06T21,399.888
2026-07-06T22,470.46
2026-07-06T23,782.458
2026-07-07T00,1359.24
2026-07-07T01,1627.556
2026-07-07T02,1541.361
2026-07-07T03,1508.087
2026-07-07T04,1473.262
2026-07-07T05,1432.417
2026-07-07T06,1379.371
2026-07-07T07,1245.475
2026-07-07T08,1214.523
2026-07-07T09,1397.068
2026-07-07T10,1876.063
2026-07-07T11,1496.773
2026-07-07T12,1244.456
2026-07-07T13,1039.768
2026-07-07T14,966.157
2026-07-07T15,924.657
2026-07-07T16,973.981
2026-07-07T17,967.265
2026-07-07T18,789.888
2026-07-07T19,720.459
2026-07-07T20,755.085
2026-07-07T21,758.785
2026-07-07T22,892.693
2026-07-07T23,1484.708
2026-07-08T00,1226.083
2026-07-08T01,1468.113
2026-07-08T02,1390.362
2026-07-08T03,1360.347
2026-07-08T04,1328.934
2026-07-08T05,1292.091
2026-07-08T06,1244.241
2026-07-08T07,1123.462
2026-07-08T08,1095.543
2026-07-08T09,1260.204
2026-07-08T10,1692.275
2026-07-08T11,1350.142
2026-07-08T12,1122.543
2026-07-08T13,937.907
2026-07-08T14,871.508
2026-07-08T15,834.073
2026-07-08T16,878.565
2026-07-08T17,872.507
2026-07-08T18,712.507
2026-07-08T19,649.879
2026-07-08T20,681.114
2026-07-08T21,684.45
2026-07-08T22,805.241
2026-07-08T23,1339.259
2026-07-09T00,797.867
2026-07-09T01,955.367
2026-07-09T02,904.771
2026-07-09T03,885.239
2026-07-09T04,864.797
2026-07-09T05,840.822
2026-07-09T06,809.684
2026-07-09T07,731.087
2026-07-09T08,712.919
2026-07-09T09,820.072
2026-07-09T10,1101.24
2026-07-09T11,878.598
2026-07-09T12,730.489
2026-07-09T13,610.339
2026-07-09T14,567.129
2026-07-09T15,542.769
2026-07-09T16,571.722
2026-07-09T17,567.78
2026-07-09T18,463.66
2026-07-09T19,422.906
2026-07-09T20,443.231
2026-07-09T21,445.403
2026-07-09T22,524.007
2026-07-09T23,871.516
2026-07-10T00,931.586
2026-07-10T01,1115.482
2026-07-10T02,1056.407
2026-07-10T03,1033.601
2026-07-10T04,1009.733
2026-07-10T05,981.739
2026-07-10T06,945.383
2026-07-10T07,853.614
2026-07-10T08,832.401
2026-07-10T09,957.512
2026-07-10T10,1285.802
2026-07-10T11,1025.847
2026-07-10T12,852.916
2026-07-10T13,712.629
2026-07-10T14,662.178
2026-07-10T15,633.735
2026-07-10T16,667.54
2026-07-10T17,662.937
2026-07-10T18,541.367
2026-07-10T19,493.783
2026-07-10T20,517.515
2026-07-10T21,520.05
2026-07-10T22,611.828
2026-07-10T23,1017.579
2026-07-11T00,1036.193
2026-07-11T01,1240.738
2026-07-11T02,1175.029
2026-07-11T03,1149.663
2026-07-11T04,1123.115
2026-07-11T05,1091.977
2026-07-11T06,1051.539
2026-07-11T07,949.465
2026-07-11T08,925.87
2026-07-11T09,1065.03
2026-07-11T10,1430.183
2026-07-11T11,1141.038
2026-07-11T12,948.688
2026-07-11T13,792.649
2026-07-11T14,736.533
2026-07-11T15,704.896
2026-07-11T16,742.497
2026-07-11T17,737.377
2026-07-11T18,602.157
2026-07-11T19,549.229
2026-07-11T20,575.626
2026-07-11T21,578.446
2026-07-11T22,680.529
2026-07-11T23,1131.841
2026-07-12T00,713.091
2026-07-12T01,853.856
2026-07-12T02,808.636
2026-07-12T03,791.179
2026-07-12T04,772.909
2026-07-12T05,751.481
2026-07-12T06,723.652
2026-07-12T07,653.407
2026-07-12T08,637.169
2026-07-12T09,732.936
2026-07-12T10,984.229
2026-07-12T11,785.244
2026-07-12T12,652.872
2026-07-12T13,545.488
2026-07-12T14,506.87
2026-07-12T15,485.098
2026-07-12T16,510.975
2026-07-12T17,507.451
2026-07-12T18,414.395
2026-07-12T19,377.971
2026-07-12T20,396.136
2026-07-12T21,398.077
2026-07-12T22,468.329
2026-07-12T23,778.915
2026-07-13T00,878.201
2026-07-13T01,1051.559
2026-07-13T02,995.869
2026-07-13T03,974.37
2026-07-13T04,951.87
2026-07-13T05,925.48
2026-07-13T06,891.207
2026-07-13T07,804.697
2026-07-13T08,784.7
2026-07-13T09,902.641
2026-07-13T10,1212.119
2026-07-13T11,967.06
2026-07-13T12,804.039
2026-07-13T13,671.791
2026-07-13T14,624.231
2026-07-13T15,597.418
2026-07-13T16,629.286
2026-07-13T17,624.947
2026-07-13T18,510.344
2026-07-13T19,465.486
2026-07-13T20,487.858
2026-07-13T21,490.248
2026-07-13T22,576.766
2026-07-13T23,959.266
2026-07-14T00,1061.145
2026-07-14T01,1270.615
2026-07-14T02,1203.324
2026-07-14T03,1177.347
2026-07-14T04,1150.16
2026-07-14T05,1118.273
2026-07-14T06,1076.86
2026-07-14T07,972.329
2026-07-14T08,948.166
2026-07-14T09,1090.676
2026-07-14T10,1464.622
2026-07-14T11,1168.514
2026-07-14T12,971.533
2026-07-14T13,811.736
2026-07-14T14,754.269
2026-07-14T15,721.87
2026-07-14T16,760.377
2026-07-14T17,755.134
2026-07-14T18,616.657
2026-07-14T19,562.455
2026-07-14T20,589.487
2026-07-14T21,592.375
2026-07-14T22,696.916
2026-07-14T23,1159.096
2026-07-15T00,765.964
2026-07-15T01,917.166
2026-07-15T02,868.593
2026-07-15T03,849.843
2026-07-15T04,830.218
2026-07-15T05,807.201
2026-07-15T06,777.308
2026-07-15T07,701.854
2026-07-15T08,684.413
2026-07-15T09,787.281
2026-07-15T10,1057.206
2026-07-15T11,843.467
2026-07-15T12,701.28
2026-07-15T13,585.934
2026-07-15T14,544.452
2026-07-15T15,521.066
2026-07-15T16,548.861
2026-07-15T17,545.077
2026-07-15T18,445.12
2026-07-15T19,405.996
2026-07-15T20,425.509
2026-07-15T21,427.593
2026-07-15T22,503.054
2026-07-15T23,836.668
2026-07-16T00,979.671
2026-07-16T01,1173.059
2026-07-16T02,1110.935
2026-07-16T03,1086.952
2026-07-16T04,1061.852
2026-07-16T05,1032.413
2026-07-16T06,994.18
2026-07-16T07,897.675
2026-07-16T08,875.367
2026-07-16T09,1006.935
2026-07-16T10,1352.171
2026-07-16T11,1078.798
2026-07-16T12,896.94
2026-07-16T13,749.412
2026-07-16T14,696.357
2026-07-16T15,666.446
2026-07-16T16,701.996
2026-07-16T17,697.155
2026-07-16T18,569.311
2026-07-16T19,519.27
2026-07-16T20,544.227
2026-07-16T21,546.893
2026-07-16T22,643.408
2026-07-16T23,1070.102
2026-07-17T00,830.452
2026-07-17T01,994.384
2026-07-17T02,941.722
2026-07-17T03,921.392
2026-07-17T04,900.115
2026-07-17T05,875.16
2026-07-17T06,842.751
2026-07-17T07,760.945
2026-07-17T08,742.034
2026-07-17T09,853.563
2026-07-17T10,1146.214
2026-07-17T11,914.479
2026-07-17T12,760.322
2026-07-17T13,635.264
2026-07-17T14,590.291
2026-07-17T15,564.935
2026-07-17T16,595.071
2026-07-17T17,590.968
2026-07-17T18,482.596
2026-07-17T19,440.177
2026-07-17T20,461.333
2026-07-17T21,463.593
2026-07-17T22,545.407
2026-07-17T23,907.109
2026-07-18T00,674.442
2026-07-18T01,807.577
2026-07-18T02,764.808
2026-07-18T03,748.298
2026-07-18T04,731.018
2026-07-18T05,710.751
2026-07-18T06,684.43
2026-07-18T07,617.992
2026-07-18T08,602.635
2026-07-18T09,693.211
2026-07-18T10,930.884
2026-07-18T11,742.684
2026-07-18T12,617.487
2026-07-18T13,515.923
2026-07-18T14,479.398
2026-07-18T15,458.806
2026-07-18T16,483.28
2026-07-18T17,479.947
2026-07-18T18,391.934
2026-07-18T19,357.485
2026-07-18T20,374.666
2026-07-18T21,376.501
2026-07-18T22,442.946
2026-07-18T23,736.698
2026-07-19T00,700.865
2026-07-19T01,839.216
2026-07-19T02,794.771
2026-07-19T03,777.614
2026-07-19T04,759.657
2026-07-19T05,738.597
2026-07-19T06,711.244
2026-07-19T07,642.204
2026-07-19T08,626.244
2026-07-19T09,720.369
2026-07-19T10,967.354
2026-07-19T11,771.78
2026-07-19T12,641.678
2026-07-19T13,536.135
2026-07-19T14,498.179
2026-07-19T15,476.781
2026-07-19T16,502.214
2026-07-19T17,498.751
2026-07-19T18,407.289
2026-07-19T19,371.49
2026-07-19T20,389.344
2026-07-19T21,391.252
2026-07-19T22,460.299
2026-07-19T23,765.56
2026-07-20T00,790.855
2026-07-20T01,946.97
2026-07-20T02,896.819
2026-07-20T03,877.459
2026-07-20T04,857.196
2026-07-20T05,833.432
2026-07-20T06,802.567
2026-07-20T07,724.662
2026-07-20T08,706.653
2026-07-20T09,812.864
2026-07-20T10,1091.561
2026-07-20T11,870.876
2026-07-20T12,724.069
2026-07-20T13,604.974
2026-07-20T14,562.145
2026-07-20T15,537.999
2026-07-20T16,566.697
2026-07-20T17,562.79
2026-07-20T18,459.585
2026-07-20T19,419.189
2026-07-20T20,439.336
2026-07-20T21,441.488
2026-07-20T22,519.401
2026-07-20T23,863.857
2026-07-21T00,1049.94
2026-07-21T01,1257.199
2026-07-21T02,1190.618
2026-07-21T03,1164.916
2026-07-21T04,1138.015
2026-07-21T05,1106.465
2026-07-21T06,1065.49
2026-07-21T07,962.062
2026-07-21T08,938.154
2026-07-21T09,1079.16
2026-07-21T10,1449.158
2026-07-21T11,1156.176
2026-07-21T12,961.275
2026-07-21T13,803.165
2026-07-21T14,746.304
2026-07-21T15,714.248
2026-07-21T16,752.348
2026-07-21T17,747.16
2026-07-21T18,610.146
2026-07-21T19,556.516
2026-07-21T20,583.263
2026-07-21T21,586.12
2026-07-21T22,689.558
2026-07-21T23,1146.857
2026-07-22T00,940.667
2026-07-22T01,1126.356
2026-07-22T02,1066.705
2026-07-22T03,1043.677
2026-07-22T04,1019.576
2026-07-22T05,991.31
2026-07-22T06,954.599
2026-07-22T07,861.935
2026-07-22T08,840.516
2026-07-22T09,966.846
2026-07-22T10,1298.336
2026-07-22T11,1035.847
2026-07-22T12,861.23
2026-07-22T13,719.575
2026-07-22T14,668.633
2026-07-22T15,639.912
2026-07-22T16,674.047
2026-07-22T17,669.399
2026-07-22T18,546.645
2026-07-22T19,498.596
2026-07-22T20,522.56
2026-07-22T21,525.12
2026-07-22T22,617.792
2026-07-22T23,1027.498
2026-07-23T00,909.452
2026-07-23T01,1088.978
2026-07-23T02,1031.307
2026-07-23T03,1009.043
2026-07-23T04,985.742
2026-07-23T05,958.413
2026-07-23T06,922.921
2026-07-23T07,833.333
2026-07-23T08,812.623
2026-07-23T09,934.762
2026-07-23T10,1255.252
2026-07-23T11,1001.473
2026-07-23T12,832.651
2026-07-23T13,695.697
2026-07-23T14,646.444
2026-07-23T15,618.677
2026-07-23T16,651.679
2026-07-23T17,647.186
2026-07-23T18,528.505
2026-07-23T19,482.051
2026-07-23T20,505.219
2026-07-23T21,507.694
2026-07-23T22,597.291
2026-07-23T23,993.401
2026-07-24T00,702.545
2026-07-24T01,841.228
2026-07-24T02,796.677
2026-07-24T03,779.479
2026-07-24T04,761.479
2026-07-24T05,740.367
2026-07-24T06,712.95
2026-07-24T07,643.743
2026-07-24T08,627.746
2026-07-24T09,722.097
2026-07-24T10,969.673
2026-07-24T11,773.631
2026-07-24T12,643.217
2026-07-24T13,537.421
2026-07-24T14,499.374
2026-07-24T15,477.924
2026-07-24T16,503.418
2026-07-24T17,499.946
2026-07-24T18,408.266
2026-07-24T19,372.381
2026-07-24T20,390.278
2026-07-24T21,392.19
2026-07-24T22,461.403
2026-07-24T23,767.395
2026-07-25T00,662.648
2026-07-25T01,793.455
2026-07-25T02,751.434
2026-07-25T03,735.213
2026-07-25T04,718.235
2026-07-25T05,698.323
2026-07-25T06,672.462
2026-07-25T07,607.186
2026-07-25T08,592.097
2026-07-25T09,681.089
2026-07-25T10,914.606
2026-07-25T11,729.697
2026-07-25T12,606.689
2026-07-25T13,506.901
2026-07-25T14,471.015
2026-07-25T15,450.783
2026-07-25T16,474.829
2026-07-25T17,471.555
2026-07-25T18,385.081
2026-07-25T19,351.234
2026-07-25T20,368.114
2026-07-25T21,369.918
2026-07-25T22,435.2
2026-07-25T23,723.815
2026-07-26T00,687.083
2026-07-26T01,822.714
2026-07-26T02,779.143
2026-07-26T03,762.323
2026-07-26T04,744.72
2026-07-26T05,724.073
2026-07-26T06,697.259
2026-07-26T07,629.575
2026-07-26T08,613.93
2026-07-26T09,706.204
2026-07-26T10,948.332
2026-07-26T11,756.604
2026-07-26T12,629.06
2026-07-26T13,525.593
2026-07-26T14,488.383
2026-07-26T15,467.405
2026-07-26T16,492.338
2026-07-26T17,488.943
2026-07-26T18,399.281
2026-07-26T19,364.185
2026-07-26T20,381.688
2026-07-26T21,383.558
2026-07-26T22,451.248
2026-07-26T23,750.506
2026-07-27T00,916.53
2026-07-27T01,1097.454
2026-07-27T02,1039.334
2026-07-27T03,1016.897
2026-07-27T04,993.415
2026-07-27T05,965.873
2026-07-27T06,930.104
2026-07-27T07,839.819
2026-07-27T08,818.948
2026-07-27T09,942.037
2026-07-27T10,1265.022
2026-07-27T11,1009.268
2026-07-27T12,839.131
2026-07-27T13,701.112
2026-07-27T14,651.476
2026-07-27T15,623.493
2026-07-27T16,656.752
2026-07-27T17,652.223
2026-07-27T18,532.618
2026-07-27T19,485.803
2026-07-27T20,509.151
2026-07-27T21,511.645
2026-07-27T22,601.94
2026-07-27T23,1001.133
2026-07-28T00,1435.918
2026-07-28T01,1719.37
2026-07-28T02,1628.313
2026-07-28T03,1593.161
2026-07-28T04,1556.372
2026-07-28T05,1513.223
2026-07-28T06,1457.184
2026-07-28T07,1315.735
2026-07-28T08,1283.038
2026-07-28T09,1475.88
2026-07-28T10,1981.896
2026-07-28T11,1581.209
2026-07-28T12,1314.658
2026-07-28T13,1098.424
2026-07-28T14,1020.66
2026-07-28T15,976.819
2026-07-28T16,1028.926
2026-07-28T17,1021.831
2026-07-28T18,834.447
2026-07-28T19,761.102
2026-07-28T20,797.682
2026-07-28T21,801.589
2026-07-28T22,943.052
2026-07-28T23,1568.464
2026-07-29T00,1251.717
2026-07-29T01,1498.807
2026-07-29T02,1419.431
2026-07-29T03,1388.789
2026-07-29T04,1356.719
2026-07-29T05,1319.105
2026-07-29T06,1270.255
2026-07-29T07,1146.951
2026-07-29T08,1118.448
2026-07-29T09,1286.552
2026-07-29T10,1727.656
2026-07-29T11,1378.37
2026-07-29T12,1146.012
2026-07-29T13,957.517
2026-07-29T14,889.729
2026-07-29T15,851.512
2026-07-29T16,896.934
2026-07-29T17,890.749
2026-07-29T18,727.403
2026-07-29T19,663.467
2026-07-29T20,695.354
2026-07-29T21,698.76
2026-07-29T22,822.076
2026-07-29T23,1367.26
2026-07-30T00,1482.973
2026-07-30T01,1775.714
2026-07-30T02,1681.673
2026-07-30T03,1645.369
2026-07-30T04,1607.374
2026-07-30T05,1562.811
2026-07-30T06,1504.936
2026-07-30T07,1358.851
2026-07-30T08,1325.083
2026-07-30T09,1524.244
2026-07-30T10,2046.843
2026-07-30T11,1633.025
2026-07-30T12,1357.74
2026-07-30T13,1134.419
2026-07-30T14,1054.107
2026-07-30T15,1008.83
2026-07-30T16,1062.644
2026-07-30T17,1055.316
2026-07-30T18,861.792
2026-07-30T19,786.043
2026-07-30T20,823.822
2026-07-30T21,827.857
2026-07-30T22,973.956
2026-07-30T23,1619.863
2026-07-31T00,1285.711
2026-07-31T01,1539.511
2026-07-31T02,1457.98
2026-07-31T03,1426.505
2026-07-31T04,1393.564
2026-07-31T05,1354.929
2026-07-31T06,1304.752
2026-07-31T07,1178.099
2026-07-31T08,1148.823
2026-07-31T09,1321.492
2026-07-31T10,1774.575
2026-07-31T11,1415.803
2026-07-31T12,1177.135
2026-07-31T13,983.521
2026-07-31T14,913.892
2026-07-31T15,874.637
2026-07-31T16,921.293
2026-07-31T17,914.94
2026-07-31T18,747.158
2026-07-31T19,681.485
2026-07-31T20,714.238
2026-07-31T21,717.737
2026-07-31T22,844.402
2026-07-31T23,1404.392
2026-08-01T00,884.749
2026-08-01T01,1059.399
2026-08-01T02,1003.294
2026-08-01T03,981.635
2026-08-01T04,958.967
2026-08-01T05,932.381
2026-08-01T06,897.852
2026-08-01T07,810.697
2026-08-01T08,790.551
2026-08-01T09,909.371
2026-08-01T10,1221.156
2026-08-01T11,974.271
2026-08-01T12,810.034
2026-08-01T13,676.8
2026-08-01T14,628.886
2026-08-01T15,601.873
2026-08-01T16,633.978
2026-08-01T17,629.607
2026-08-01T18,514.149
2026-08-01T19,468.957
2026-08-01T20,491.496
2026-08-01T21,493.904
2026-08-01T22,581.067
2026-08-01T23,966.418
2026-08-02T00,615.814
2026-08-02T01,737.376
2026-08-02T02,698.325
2026-08-02T03,683.25
2026-08-02T04,667.472
2026-08-02T05,648.967
2026-08-02T06,624.934
2026-08-02T07,564.271
2026-08-02T08,550.249
2026-08-02T09,632.952
2026-08-02T10,849.964
2026-08-02T11,678.124
2026-08-02T12,563.81
2026-08-02T13,471.075
2026-08-02T14,437.725
2026-08-02T15,418.923
2026-08-02T16,441.269
2026-08-02T17,438.227
2026-08-02T18,357.864
2026-08-02T19,326.409
2026-08-02T20,342.097
2026-08-02T21,343.773
2026-08-02T22,404.441
2026-08-02T23,672.658
2026-08-03T00,609.83
2026-08-03T01,730.211
2026-08-03T02,691.539
2026-08-03T03,676.611
2026-08-03T04,660.986
2026-08-03T05,642.661
2026-08-03T06,618.862
2026-08-03T07,558.788
2026-08-03T08,544.902
2026-08-03T09,626.801
2026-08-03T10,841.705
2026-08-03T11,671.534
2026-08-03T12,558.331
2026-08-03T13,466.497
2026-08-03T14,433.471
2026-08-03T15,414.852
2026-08-03T16,436.982
2026-08-03T17,433.968
2026-08-03T18,354.387
2026-08-03T19,323.238
2026-08-03T20,338.773
2026-08-03T21,340.432
2026-08-03T22,400.511
2026-08-03T23,666.122
2026-08-04T00,1099.465
2026-08-04T01,1316.501
2026-08-04T02,1246.779
2026-08-04T03,1219.864
2026-08-04T04,1191.695
2026-08-04T05,1158.656
2026-08-04T06,1115.748
2026-08-04T07,1007.442
2026-08-04T08,982.406
2026-08-04T09,1130.063
2026-08-04T10,1517.514
2026-08-04T11,1210.712
2026-08-04T12,1006.618
2026-08-04T13,841.05
2026-08-04T14,781.507
2026-08-04T15,747.938
2026-08-04T16,787.836
2026-08-04T17,782.403
2026-08-04T18,638.926
2026-08-04T19,582.766
2026-08-04T20,610.775
2026-08-04T21,613.767
2026-08-04T22,722.084
2026-08-04T23,1200.954
2026-08-05T00,1086.525
2026-08-05T01,1301.006
2026-08-05T02,1232.105
2026-08-05T03,1205.507
2026-08-05T04,1177.669
2026-08-05T05,1145.02
2026-08-05T06,1102.616
2026-08-05T07,995.585
2026-08-05T08,970.844
2026-08-05T09,1116.763
2026-08-05T10,1499.653
2026-08-05T11,1196.463
2026-08-05T12,994.77
2026-08-05T13,831.151
2026-08-05T14,772.309
2026-08-05T15,739.136
2026-08-05T16,778.563
2026-08-05T17,773.195
2026-08-05T18,631.406
2026-08-05T19,575.907
2026-08-05T20,603.587
2026-08-05T21,606.543
2026-08-05T22,713.585
2026-08-05T23,1186.819
2026-08-06T00,1147.811
2026-08-06T01,1374.39
2026-08-06T02,1301.603
2026-08-06T03,1273.504
2026-08-06T04,1244.096
2026-08-06T05,1209.605
2026-08-06T06,1164.81
2026-08-06T07,1051.742
2026-08-06T08,1025.605
2026-08-06T09,1179.754
2026-08-06T10,1584.242
2026-08-06T11,1263.95
2026-08-06T12,1050.881
2026-08-06T13,878.033
2026-08-06T14,815.872
2026-08-06T15,780.827
2026-08-06T16,822.479
2026-08-06T17,816.807
2026-08-06T18,667.021
2026-08-06T19,608.392
2026-08-06T20,637.632
2026-08-06T21,640.756
2026-08-06T22,753.835
2026-08-06T23,1253.763
2026-08-07T00,1049.11
2026-08-07T01,1256.205
2026-08-07T02,1189.677
2026-08-07T03,1163.994
2026-08-07T04,1137.115
2026-08-07T05,1105.59
2026-08-07T06,1064.647
2026-08-07T07,961.301
2026-08-07T08,937.412
2026-08-07T09,1078.306
2026-08-07T10,1448.012
2026-08-07T11,1155.262
2026-08-07T12,960.515
2026-08-07T13,802.53
2026-08-07T14,745.714
2026-08-07T15,713.683
2026-08-07T16,751.753
2026-08-07T17,746.569
2026-08-07T18,609.663
2026-08-07T19,556.076
2026-08-07T20,582.802
2026-08-07T21,585.657
2026-08-07T22,689.012
2026-08-07T23,1145.95
2026-08-08T00,726.563
2026-08-08T01,869.987
2026-08-08T02,823.913
2026-08-08T03,806.126
2026-08-08T04,787.511
2026-08-08T05,765.678
2026-08-08T06,737.323
2026-08-08T07,665.751
2026-08-08T08,649.206
2026-08-08T09,746.783
2026-08-08T10,1002.823
2026-08-08T11,800.079
2026-08-08T12,665.206
2026-08-08T13,555.793
2026-08-08T14,516.446
2026-08-08T15,494.262
2026-08-08T16,520.628
2026-08-08T17,517.038
2026-08-08T18,422.223
2026-08-08T19,385.111
2026-08-08T20,403.62
2026-08-08T21,405.598
2026-08-08T22,477.177
2026-08-08T23,793.63
2026-08-09T00,574.294
2026-08-09T01,687.66
2026-08-09T02,651.242
2026-08-09T03,637.183
2026-08-09T04,622.469
2026-08-09T05,605.212
2026-08-09T06,582.799
2026-08-09T07,526.227
2026-08-09T08,513.149
2026-08-09T09,590.276
2026-08-09T10,792.657
2026-08-09T11,632.403
2026-08-09T12,525.796
2026-08-09T13,439.313
2026-08-09T14,408.212
2026-08-09T15,390.678
2026-08-09T16,411.518
2026-08-09T17,408.68
2026-08-09T18,333.736
2026-08-09T19,304.402
2026-08-09T20,319.032
2026-08-09T21,320.595
2026-08-09T22,377.173
2026-08-09T23,627.306
2026-08-10T00,616.547
2026-08-10T01,738.253
2026-08-10T02,699.156
2026-08-10T03,684.063
2026-08-10T04,668.266
2026-08-10T05,649.739
2026-08-10T06,625.678
2026-08-10T07,564.943
2026-08-10T08,550.903
2026-08-10T09,633.705
2026-08-10T10,850.975
2026-08-10T11,678.931
2026-08-10T12,564.481
2026-08-10T13,471.635
2026-08-10T14,438.245
2026-08-10T15,419.421
2026-08-10T16,441.794
2026-08-10T17,438.748
2026-08-10T18,358.29
2026-08-10T19,326.798
2026-08-10T20,342.504
2026-08-10T21,344.182
2026-08-10T22,404.922
2026-08-10T23,673.458
2026-08-11T00,978.69
2026-08-11T01,1171.885
2026-08-11T02,1109.822
2026-08-11T03,1085.864
2026-08-11T04,1060.789
2026-08-11T05,1031.379
2026-08-11T06,993.185
2026-08-11T07,896.776
2026-08-11T08,874.49
2026-08-11T09,1005.927
2026-08-11T10,1350.817
2026-08-11T11,1077.717
2026-08-11T12,896.042
2026-08-11T13,748.661
2026-08-11T14,695.66
2026-08-11T15,665.778
2026-08-11T16,701.293
2026-08-11T17,696.457
2026-08-11T18,568.741
2026-08-11T19,518.75
2026-08-11T20,543.682
2026-08-11T21,546.346
2026-08-11T22,642.764
2026-08-11T23,1069.031
2026-08-12T00,784.09
2026-08-12T01,938.87
2026-08-12T02,889.148
2026-08-12T03,869.954
2026-08-12T04,849.865
2026-08-12T05,826.303
2026-08-12T06,795.703
2026-08-12T07,718.464
2026-08-12T08,700.609
2026-08-12T09,805.911
2026-08-12T10,1082.224
2026-08-12T11,863.427
2026-08-12T12,717.876
2026-08-12T13,599.8
2026-08-12T14,557.337
2026-08-12T15,533.397
2026-08-12T16,561.85
2026-08-12T17,557.976
2026-08-12T18,455.654
2026-08-12T19,415.603
2026-08-12T20,435.578
2026-08-12T21,437.712
2026-08-12T22,514.958
2026-08-12T23,856.468
2026-08-13T00,1062.981
2026-08-13T01,1272.814
2026-08-13T02,1205.407
2026-08-13T03,1179.385
2026-08-13T04,1152.15
2026-08-13T05,1120.208
2026-08-13T06,1078.724
2026-08-13T07,974.012
2026-08-13T08,949.807
2026-08-13T09,1092.563
2026-08-13T10,1467.157
2026-08-13T11,1170.537
2026-08-13T12,973.215
2026-08-13T13,813.141
2026-08-13T14,755.574
2026-08-13T15,723.119
2026-08-13T16,761.693
2026-08-13T17,756.441
2026-08-13T18,617.724
2026-08-13T19,563.428
2026-08-13T20,590.507
2026-08-13T21,593.4
2026-08-13T22,698.122
2026-08-13T23,1161.102
2026-08-14T00,1136.309
2026-08-14T01,1360.617
2026-08-14T02,1288.559
2026-08-14T03,1260.742
2026-08-14T04,1231.629
2026-08-14T05,1197.483
2026-08-14T06,1153.138
2026-08-14T07,1041.202
2026-08-14T08,1015.327
2026-08-14T09,1167.932
2026-08-14T10,1568.366
2026-08-14T11,1251.284
2026-08-14T12,1040.35
2026-08-14T13,869.234
2026-08-14T14,807.696
2026-08-14T15,773.002
2026-08-14T16,814.237
2026-08-14T17,808.622
2026-08-14T18,660.337
2026-08-14T19,602.295
2026-08-14T20,631.242
2026-08-14T21,634.335
2026-08-14T22,746.281
2026-08-14T23,1241.198
2026-08-15T00,1168.929
2026-08-15T01,1399.676
2026-08-15T02,1325.55
2026-08-15T03,1296.934
2026-08-15T04,1266.985
2026-08-15T05,1231.86
2026-08-15T06,1186.241
2026-08-15T07,1071.092
2026-08-15T08,1044.474
2026-08-15T09,1201.46
2026-08-15T10,1613.389
2026-08-15T11,1287.205
2026-08-15T12,1070.215
2026-08-15T13,894.187
2026-08-15T14,830.882
2026-08-15T15,795.193
2026-08-15T16,837.611
2026-08-15T17,831.835
2026-08-15T18,679.293
2026-08-15T19,619.585
2026-08-15T20,649.363
2026-08-15T21,652.545
2026-08-15T22,767.704
2026-08-15T23,1276.83
2026-08-16T00,781.222
2026-08-16T01,935.436
2026-08-16T02,885.896
2026-08-16T03,866.771
2026-08-16T04,846.756
2026-08-16T05,823.28
2026-08-16T06,792.792
2026-08-16T07,715.835
2026-08-16T08,698.046
2026-08-16T09,802.963
2026-08-16T10,1078.265
2026-08-16T11,860.269
2026-08-16T12,715.25
2026-08-16T13,597.606
2026-08-16T14,555.298
2026-08-16T15,531.446
2026-08-16T16,559.795
2026-08-16T17,555.935
2026-08-16T18,453.987
2026-08-16T19,414.083
2026-08-16T20,433.985
2026-08-16T21,436.111
2026-08-16T22,513.075
2026-08-16T23,853.335
2026-08-17T00,1030.451
2026-08-17T01,1233.863
2026-08-17T02,1168.518
2026-08-17T03,1143.292
2026-08-17T04,1116.891
2026-08-17T05,1085.927
2026-08-17T06,1045.712
2026-08-17T07,944.204
2026-08-17T08,920.74
2026-08-17T09,1059.128
2026-08-17T10,1422.258
2026-08-17T11,1134.715
2026-08-17T12,943.432
2026-08-17T13,788.256
2026-08-17T14,732.451
2026-08-17T15,700.99
2026-08-17T16,738.383
2026-08-17T17,733.291
2026-08-17T18,598.82
2026-08-17T19,546.186
2026-08-17T20,572.436
2026-08-17T21,575.241
2026-08-17T22,676.758
2026-08-17T23,1125.569
2026-08-18T00,1013.916
2026-08-18T01,1214.064
2026-08-18T02,1149.768
2026-08-18T03,1124.947
2026-08-18T04,1098.97
2026-08-18T05,1068.502
2026-08-18T06,1028.932
2026-08-18T07,929.053
2026-08-18T08,905.966
2026-08-18T09,1042.133
2026-08-18T10,1399.437
2026-08-18T11,1116.507
2026-08-18T12,928.293
2026-08-18T13,775.608
2026-08-18T14,720.698
2026-08-18T15,689.742
2026-08-18T16,726.535
2026-08-18T17,721.525
2026-08-18T18,589.211
2026-08-18T19,537.422
2026-08-18T20,563.251
2026-08-18T21,566.01
2026-08-18T22,665.899
2026-08-18T23,1107.508
2026-08-19T00,1027.396
2026-08-19T01,1230.204
2026-08-19T02,1165.053
2026-08-19T03,1139.903
2026-08-19T04,1113.58
2026-08-19T05,1082.707
2026-08-19T06,1042.611
2026-08-19T07,941.405
2026-08-19T08,918.01
2026-08-19T09,1055.988
2026-08-19T10,1418.041
2026-08-19T11,1131.351
2026-08-19T12,940.634
2026-08-19T13,785.919
2026-08-19T14,730.28
2026-08-19T15,698.911
2026-08-19T16,736.194
2026-08-19T17,731.117
2026-08-19T18,597.045
2026-08-19T19,544.566
2026-08-19T20,570.739
2026-08-19T21,573.535
2026-08-19T22,674.751
2026-08-19T23,1122.232
2026-08-20T00,1118.426
2026-08-20T01,1339.204
2026-08-20T02,1268.281
2026-08-20T03,1240.901
2026-08-20T04,1212.246
2026-08-20T05,1178.638
2026-08-20T06,1134.99
2026-08-20T07,1024.816
2026-08-20T08,999.348
2026-08-20T09,1149.552
2026-08-20T10,1543.684
2026-08-20T11,1231.592
2026-08-20T12,1023.977
2026-08-20T13,855.554
2026-08-20T14,794.985
2026-08-20T15,760.837
2026-08-20T16,801.423
2026-08-20T17,795.896
2026-08-20T18,649.945
2026-08-20T19,592.816
2026-08-20T20,621.308
2026-08-20T21,624.352
2026-08-20T22,734.536
2026-08-20T23,1221.665
2026-08-21T00,1093.624
2026-08-21T01,1309.506
2026-08-21T02,1240.156
2026-08-21T03,1213.384
2026-08-21T04,1185.364
2026-08-21T05,1152.501
2026-08-21T06,1109.821
2026-08-21T07,1002.09
2026-08-21T08,977.187
2026-08-21T09,1124.059
2026-08-21T10,1509.452
2026-08-21T11,1204.28
2026-08-21T12,1001.27
2026-08-21T13,836.582
2026-08-21T14,777.355
2026-08-21T15,743.965
2026-08-21T16,783.65
2026-08-21T17,778.247
2026-08-21T18,635.532
2026-08-21T19,579.67
2026-08-21T20,607.53
2026-08-21T21,610.506
2026-08-21T22,718.247
2026-08-21T23,1194.574
2026-08-22T00,925.812
2026-08-22T01,1108.568
2026-08-22T02,1049.859
2026-08-22T03,1027.195
2026-08-22T04,1003.475
2026-08-22T05,975.654
2026-08-22T06,939.523
2026-08-22T07,848.323
2026-08-22T08,827.242
2026-08-22T09,951.577
2026-08-22T10,1277.833
2026-08-22T11,1019.489
2026-08-22T12,847.629
2026-08-22T13,708.212
2026-08-22T14,658.073
2026-08-22T15,629.807
2026-08-22T16,663.403
2026-08-22T17,658.828
2026-08-22T18,538.012
2026-08-22T19,490.722
2026-08-22T20,514.307
2026-08-22T21,516.827
2026-08-22T22,608.035
2026-08-22T23,1011.271
2026-08-23T00,607.551
2026-08-23T01,727.482
2026-08-23T02,688.955
2026-08-23T03,674.082
2026-08-23T04,658.516
2026-08-23T05,640.259
2026-08-23T06,616.549
2026-08-23T07,556.7
2026-08-23T08,542.866
2026-08-23T09,624.459
2026-08-23T10,838.56
2026-08-23T11,669.025
2026-08-23T12,556.245
2026-08-23T13,464.754
2026-08-23T14,431.851
2026-08-23T15,413.302
2026-08-23T16,435.349
2026-08-23T17,432.347
2026-08-23T18,353.063
2026-08-23T19,322.03
2026-08-23T20,337.507
2026-08-23T21,339.16
2026-08-23T22,399.015
2026-08-23T23,663.633
2026-08-24T00,773.227
2026-08-24T01,925.863
2026-08-24T02,876.829
2026-08-24T03,857.901
2026-08-24T04,838.09
2026-08-24T05,814.855
2026-08-24T06,784.679
2026-08-24T07,708.509
2026-08-24T08,690.902
2026-08-24T09,794.746
2026-08-24T10,1067.23
2026-08-24T11,851.465
2026-08-24T12,707.93
2026-08-24T13,591.49
2026-08-24T14,549.615
2026-08-24T15,526.007
2026-08-24T16,554.066
2026-08-24T17,550.245
2026-08-24T18,449.341
2026-08-24T19,409.845
2026-08-24T20,429.543
2026-08-24T21,431.647
2026-08-24T22,507.824
2026-08-24T23,844.602
2026-08-25T00,1094.613
2026-08-25T01,1310.69
2026-08-25T02,1241.277
2026-08-25T03,1214.48
2026-08-25T04,1186.435
2026-08-25T05,1153.543
2026-08-25T06,1110.824
2026-08-25T07,1002.996
2026-08-25T08,978.07
2026-08-25T09,1125.075
2026-08-25T10,1510.816
2026-08-25T11,1205.369
2026-08-25T12,1002.175
2026-08-25T13,837.338
2026-08-25T14,778.058
2026-08-25T15,744.637
2026-08-25T16,784.359
2026-08-25T17,778.95
2026-08-25T18,636.106
2026-08-25T19,580.194
2026-08-25T20,608.079
2026-08-25T21,611.058
2026-08-25T22,718.897
2026-08-25T23,1195.654
2026-08-26T00,1165.784
2026-08-26T01,1395.91
2026-08-26T02,1321.983
2026-08-26T03,1293.445
2026-08-26T04,1263.576
2026-08-26T05,1228.545
2026-08-26T06,1183.049
2026-08-26T07,1068.21
2026-08-26T08,1041.664
2026-08-26T09,1198.227
2026-08-26T10,1609.048
2026-08-26T11,1283.741
2026-08-26T12,1067.336
2026-08-26T13,891.781
2026-08-26T14,828.647
2026-08-26T15,793.053
2026-08-26T16,835.357
2026-08-26T17,829.597
2026-08-26T18,677.465
2026-08-26T19,617.918
2026-08-26T20,647.616
2026-08-26T21,650.789
2026-08-26T22,765.639
2026-08-26T23,1273.394
2026-08-27T00,923.328
2026-08-27T01,1105.593
2026-08-27T02,1047.042
2026-08-27T03,1024.438
2026-08-27T04,1000.782
2026-08-27T05,973.036
2026-08-27T06,937.002
2026-08-27T07,846.047
2026-08-27T08,825.022
2026-08-27T09,949.024
2026-08-27T10,1274.404
2026-08-27T11,1016.753
2026-08-27T12,845.355
2026-08-27T13,706.311
2026-08-27T14,656.308
2026-08-27T15,628.117
2026-08-27T16,661.622
2026-08-27T17,657.06
2026-08-27T18,536.568
2026-08-27T19,489.405
2026-08-27T20,512.927
2026-08-27T21,515.44
2026-08-27T22,606.404
2026-08-27T23,1008.558
2026-08-28T00,1002.048
2026-08-28T01,1199.853
2026-08-28T02,1136.31
2026-08-28T03,1111.779
2026-08-28T04,1086.106
2026-08-28T05,1055.995
2026-08-28T06,1016.889
2026-08-28T07,918.179
2026-08-28T08,895.361
2026-08-28T09,1029.935
2026-08-28T10,1383.056
2026-08-28T11,1103.438
2026-08-28T12,917.427
2026-08-28T13,766.529
2026-08-28T14,712.263
2026-08-28T15,681.668
2026-08-28T16,718.03
2026-08-28T17,713.079
2026-08-28T18,582.315
2026-08-28T19,531.131
2026-08-28T20,556.658
2026-08-28T21,559.385
2026-08-28T22,658.104
2026-08-28T23,1094.545
2026-08-29T00,758.039
2026-08-29T01,907.677
2026-08-29T02,859.606
2026-08-29T03,841.05
2026-08-29T04,821.628
2026-08-29T05,798.849
2026-08-29T06,769.266
2026-08-29T07,694.593
2026-08-29T08,677.331
2026-08-29T09,779.135
2026-08-29T10,1046.267
2026-08-29T11,834.74
2026-08-29T12,694.024
2026-08-29T13,579.871
2026-08-29T14,538.819
2026-08-29T15,515.675
2026-08-29T16,543.183
2026-08-29T17,539.437
2026-08-29T18,440.515
2026-08-29T19,401.795
2026-08-29T20,421.106
2026-08-29T21,423.169
2026-08-29T22,497.849
2026-08-29T23,828.012
2026-08-30T00,692.485
2026-08-30T01,829.182
2026-08-30T02,785.269
2026-08-30T03,768.317
2026-08-30T04,750.574
2026-08-30T05,729.766
2026-08-30T06,702.74
2026-08-30T07,634.525
2026-08-30T08,618.757
2026-08-30T09,711.756
2026-08-30T10,955.787
2026-08-30T11,762.552
2026-08-30T12,634.006
2026-08-30T13,529.725
2026-08-30T14,492.223
2026-08-30T15,471.08
2026-08-30T16,496.209
2026-08-30T17,492.787
2026-08-30T18,402.42
2026-08-30T19,367.048
2026-08-30T20,384.689
2026-08-30T21,386.574
2026-08-30T22,454.796
2026-08-30T23,756.406
2026-08-31T00,626.723
2026-08-31T01,750.439
2026-08-31T02,710.696
2026-08-31T03,695.354
2026-08-31T04,679.296
2026-08-31T05,660.464
2026-08-31T06,636.005
2026-08-31T07,574.268
2026-08-31T08,559.996
2026-08-31T09,644.165
2026-08-31T10,865.021
2026-08-31T11,690.137
2026-08-31T12,573.798
2026-08-31T13,479.42
2026-08-31T14,445.479
2026-08-31T15,426.344
2026-08-31T16,449.086
2026-08-31T17,445.99
2026-08-31T18,364.204
2026-08-31T19,332.192
2026-08-31T20,348.157
2026-08-31T21,349.863
2026-08-31T22,411.606
2026-08-31T23,684.574
2026-09-01T00,1395.787
2026-09-01T01,1671.316
2026-09-01T02,1582.804
2026-09-01T03,1548.635
2026-09-01T04,1512.873
2026-09-01T05,1470.931
2026-09-01T06,1416.458
2026-09-01T07,1278.962
2026-09-01T08,1247.179
2026-09-01T09,1434.631
2026-09-01T10,1926.505
2026-09-01T11,1537.017
2026-09-01T12,1277.915
2026-09-01T13,1067.724
2026-09-01T14,992.134
2026-09-01T15,949.518
2026-09-01T16,1000.169
2026-09-01T17,993.272
2026-09-01T18,811.125
2026-09-01T19,739.83
2026-09-01T20,775.388
2026-09-01T21,779.186
2026-09-01T22,916.695
2026-09-01T23,1524.628
2026-09-02T00,1308.905
2026-09-02T01,1567.284
2026-09-02T02,1484.282
2026-09-02T03,1452.239
2026-09-02T04,1418.704
2026-09-02T05,1379.372
2026-09-02T06,1328.29
2026-09-02T07,1199.352
2026-09-02T08,1169.547
2026-09-02T09,1345.332
2026-09-02T10,1806.589
2026-09-02T11,1441.344
2026-09-02T12,1198.371
2026-09-02T13,1001.264
2026-09-02T14,930.379
2026-09-02T15,890.415
2026-09-02T16,937.913
2026-09-02T17,931.446
2026-09-02T18,760.637
2026-09-02T19,693.779
2026-09-02T20,727.123
2026-09-02T21,730.685
2026-09-02T22,859.635
2026-09-02T23,1429.727
2026-09-03T00,1251.705
2026-09-03T01,1498.792
2026-09-03T02,1419.417
2026-09-03T03,1388.775
2026-09-03T04,1356.705
2026-09-03T05,1319.092
2026-09-03T06,1270.242
2026-09-03T07,1146.939
2026-09-03T08,1118.437
2026-09-03T09,1286.539
2026-09-03T10,1727.639
2026-09-03T11,1378.356
2026-09-03T12,1146.001
2026-09-03T13,957.507
2026-09-03T14,889.72
2026-09-03T15,851.503
2026-09-03T16,896.925
2026-09-03T17,890.74
2026-09-03T18,727.396
2026-09-03T19,663.46
2026-09-03T20,695.347
2026-09-03T21,698.754
2026-09-03T22,822.068
2026-09-03T23,1367.246
2026-09-04T00,1379.297
2026-09-04T01,1651.572
2026-09-04T02,1564.105
2026-09-04T03,1530.34
2026-09-04T04,1495.001
2026-09-04T05,1453.554
2026-09-04T06,1399.725
2026-09-04T07,1263.853
2026-09-04T08,1232.445
2026-09-04T09,1417.683
2026-09-04T10,1903.746
2026-09-04T11,1518.859
2026-09-04T12,1262.819
2026-09-04T13,1055.111
2026-09-04T14,980.414
2026-09-04T15,938.301
2026-09-04T16,988.353
2026-09-04T17,981.538
2026-09-04T18,801.543
2026-09-04T19,731.09
2026-09-04T20,766.227
2026-09-04T21,769.981
2026-09-04T22,905.866
2026-09-04T23,1506.617
2026-09-05T00,1280.124
2026-09-05T01,1532.822
2026-09-05T02,1451.644
2026-09-05T03,1420.307
2026-09-05T04,1387.509
2026-09-05T05,1349.042
2026-09-05T06,1299.083
2026-09-05T07,1172.98
2026-09-05T08,1143.831
2026-09-05T09,1315.75
2026-09-05T10,1766.865
2026-09-05T11,1409.651
2026-09-05T12,1172.021
2026-09-05T13,979.247
2026-09-05T14,909.921
2026-09-05T15,870.836
2026-09-05T16,917.29
2026-09-05T17,910.964
2026-09-05T18,743.911
2026-09-05T19,678.524
2026-09-05T20,711.135
2026-09-05T21,714.619
2026-09-05T22,840.733
2026-09-05T23,1398.289
2026-09-06T00,688.027
2026-09-06T01,823.844
2026-09-06T02,780.213
2026-09-06T03,763.37
2026-09-06T04,745.742
2026-09-06T05,725.068
2026-09-06T06,698.216
2026-09-06T07,630.44
2026-09-06T08,614.773
2026-09-06T09,707.174
2026-09-06T10,949.634
2026-09-06T11,757.643
2026-09-06T12,629.924
2026-09-06T13,526.315
2026-09-06T14,489.054
2026-09-06T15,468.047
2026-09-06T16,493.014
2026-09-06T17,489.615
2026-09-06T18,399.829
2026-09-06T19,364.685
2026-09-06T20,382.213
2026-09-06T21,384.085
2026-09-06T22,451.868
2026-09-06T23,751.537
2026-09-07T00,858.724
2026-09-07T01,1028.237
2026-09-07T02,973.782
2026-09-07T03,952.76
2026-09-07T04,930.759
2026-09-07T05,904.955
2026-09-07T06,871.442
2026-09-07T07,786.851
2026-09-07T08,767.297
2026-09-07T09,882.622
2026-09-07T10,1185.236
2026-09-07T11,945.612
2026-09-07T12,786.207
2026-09-07T13,656.892
2026-09-07T14,610.387
2026-09-07T15,584.168
2026-09-07T16,615.33
2026-09-07T17,611.087
2026-09-07T18,499.025
2026-09-07T19,455.163
2026-09-07T20,477.039
2026-09-07T21,479.375
2026-09-07T22,563.975
2026-09-07T23,937.991
2026-09-08T00,1077.173
2026-09-08T01,1289.808
2026-09-08T02,1221.5
2026-09-08T03,1195.131
2026-09-08T04,1167.532
2026-09-08T05,1135.164
2026-09-08T06,1093.126
2026-09-08T07,987.016
2026-09-08T08,962.487
2026-09-08T09,1107.15
2026-09-08T10,1486.745
2026-09-08T11,1186.164
2026-09-08T12,986.208
2026-09-08T13,823.997
2026-09-08T14,765.662
2026-09-08T15,732.774
2026-09-08T16,771.862
2026-09-08T17,766.54
2026-09-08T18,625.971
2026-09-08T19,570.95
2026-09-08T20,598.391
2026-09-08T21,601.323
2026-09-08T22,707.443
2026-09-08T23,1176.604
2026-09-09T00,1135.664
2026-09-09T01,1359.845
2026-09-09T02,1287.828
2026-09-09T03,1260.027
2026-09-09T04,1230.93
2026-09-09T05,1196.804
2026-09-09T06,1152.483
2026-09-09T07,1040.611
2026-09-09T08,1014.751
2026-09-09T09,1167.269
2026-09-09T10,1567.476
2026-09-09T11,1250.574
2026-09-09T12,1039.759
2026-09-09T13,868.74
2026-09-09T14,807.237
2026-09-09T15,772.563
2026-09-09T16,813.774
2026-09-09T17,808.163
2026-09-09T18,659.962
2026-09-09T19,601.953
2026-09-09T20,630.884
2026-09-09T21,633.975
2026-09-09T22,745.857
2026-09-09T23,1240.494
2026-09-10T00,371.1
2026-09-10T01,444.355
2026-09-10T02,420.822
2026-09-10T03,411.738
2026-09-10T04,402.23
2026-09-10T05,391.079
2026-09-10T06,376.596
2026-09-10T07,340.04
2026-09-10T08,331.589
2026-09-10T09,381.427
2026-09-10T10,512.203
2026-09-10T11,408.649
2026-09-10T12,339.761
2026-09-10T13,283.877
2026-09-10T14,263.78
2026-09-10T15,252.45
2026-09-10T16,265.916
2026-09-10T17,264.083
2026-09-10T18,215.655
2026-09-10T19,196.7
2026-09-10T20,206.153
2026-09-10T21,207.163
2026-09-10T22,243.723
2026-09-10T23,405.355
2026-09-11T00,1349.575
2026-09-11T01,1615.983
2026-09-11T02,1530.401
2026-09-11T03,1497.363
2026-09-11T04,1462.786
2026-09-11T05,1422.231
2026-09-11T06,1369.562
2026-09-11T07,1236.618
2026-09-11T08,1205.887
2026-09-11T09,1387.133
2026-09-11T10,1862.723
2026-09-11T11,1486.129
2026-09-11T12,1235.607
2026-09-11T13,1032.374
2026-09-11T14,959.287
2026-09-11T15,918.082
2026-09-11T16,967.055
2026-09-11T17,960.387
2026-09-11T18,784.271
2026-09-11T19,715.336
2026-09-11T20,749.716
2026-09-11T21,753.389
2026-09-11T22,886.346
2026-09-11T23,1474.151
2026-09-12T00,1166.217
2026-09-12T01,1396.429
2026-09-12T02,1322.475
2026-09-12T03,1293.926
2026-09-12T04,1264.046
2026-09-12T05,1229.002
2026-09-12T06,1183.489
2026-09-12T07,1068.607
2026-09-12T08,1042.051
2026-09-12T09,1198.673
2026-09-12T10,1609.647
2026-09-12T11,1284.219
2026-09-12T12,1067.733
2026-09-12T13,892.112
2026-09-12T14,828.955
2026-09-12T15,793.348
2026-09-12T16,835.668
2026-09-12T17,829.906
2026-09-12T18,677.717
2026-09-12T19,618.148
2026-09-12T20,647.857
2026-09-12T21,651.031
2026-09-12T22,765.924
2026-09-12T23,1273.868
2026-09-13T00,689.328
2026-09-13T01,825.402
2026-09-13T02,781.689
2026-09-13T03,764.814
2026-09-13T04,747.153
2026-09-13T05,726.439
2026-09-13T06,699.537
2026-09-13T07,631.633
2026-09-13T08,615.936
2026-09-13T09,708.512
2026-09-13T10,951.431
2026-09-13T11,759.077
2026-09-13T12,631.116
2026-09-13T13,527.31
2026-09-13T14,489.979
2026-09-13T15,468.933
2026-09-13T16,493.947
2026-09-13T17,490.541
2026-09-13T18,400.585
2026-09-13T19,365.375
2026-09-13T20,382.936
2026-09-13T21,384.812
2026-09-13T22,452.723
2026-09-13T23,752.958
2026-09-14T00,463.64
2026-09-14T01,555.163
2026-09-14T02,525.762
2026-09-14T03,514.412
2026-09-14T04,502.533
2026-09-14T05,488.601
2026-09-14T06,470.506
2026-09-14T07,424.834
2026-09-14T08,414.277
2026-09-14T09,476.543
2026-09-14T10,639.929
2026-09-14T11,510.552
2026-09-14T12,424.486
2026-09-14T13,354.667
2026-09-14T14,329.558
2026-09-14T15,315.403
2026-09-14T16,332.227
2026-09-14T17,329.936
2026-09-14T18,269.432
2026-09-14T19,245.75
2026-09-14T20,257.561
2026-09-14T21,258.823
2026-09-14T22,304.5
2026-09-14T23,506.437
2026-09-15T00,305.871
2026-09-15T01,366.25
2026-09-15T02,346.854
2026-09-15T03,339.366
2026-09-15T04,331.529
2026-09-15T05,322.338
2026-09-15T06,310.401
2026-09-15T07,280.27
2026-09-15T08,273.305
2026-09-15T09,314.383
2026-09-15T10,422.172
2026-09-15T11,336.82
2026-09-15T12,280.041
2026-09-15T13,233.98
2026-09-15T14,217.415
2026-09-15T15,208.076
2026-09-15T16,219.176
2026-09-15T17,217.664
2026-09-15T18,177.749
2026-09-15T19,162.125
2026-09-15T20,169.917
2026-09-15T21,170.75
2026-09-15T22,200.883
2026-09-15T23,334.105
2026-09-16T00,335.524
2026-09-16T01,401.757
2026-09-16T02,380.48
2026-09-16T03,372.266
2026-09-16T04,363.67
2026-09-16T05,353.588
2026-09-16T06,340.493
2026-09-16T07,307.441
2026-09-16T08,299.801
2026-09-16T09,344.862
2026-09-16T10,463.1
2026-09-16T11,369.474
2026-09-16T12,307.19
2026-09-16T13,256.663
2026-09-16T14,238.493
2026-09-16T15,228.249
2026-09-16T16,240.424
2026-09-16T17,238.766
2026-09-16T18,194.981
2026-09-16T19,177.843
2026-09-16T20,186.39
2026-09-16T21,187.304
2026-09-16T22,220.359
2026-09-16T23,366.496
2026-09-17T00,385.694
2026-09-17T01,461.83
2026-09-17T02,437.372
2026-09-17T03,427.93
2026-09-17T04,418.048
2026-09-17T05,406.458
2026-09-17T06,391.406
2026-09-17T07,353.412
2026-09-17T08,344.629
2026-09-17T09,396.427
2026-09-17T10,532.345
2026-09-17T11,424.719
2026-09-17T12,353.123
2026-09-17T13,295.041
2026-09-17T14,274.154
2026-09-17T15,262.378
2026-09-17T16,276.374
2026-09-17T17,274.468
2026-09-17T18,224.136
2026-09-17T19,204.435
2026-09-17T20,214.261
2026-09-17T21,215.31
2026-09-17T22,253.308
2026-09-17T23,421.296
2026-09-18T00,1471.523
2026-09-18T01,1762.003
2026-09-18T02,1668.688
2026-09-18T03,1632.665
2026-09-18T04,1594.963
2026-09-18T05,1550.745
2026-09-18T06,1493.317
2026-09-18T07,1348.36
2026-09-18T08,1314.852
2026-09-18T09,1512.475
2026-09-18T10,2031.039
2026-09-18T11,1620.417
2026-09-18T12,1347.256
2026-09-18T13,1125.66
2026-09-18T14,1045.969
2026-09-18T15,1001.04
2026-09-18T16,1054.439
2026-09-18T17,1047.168
2026-09-18T18,855.138
2026-09-18T19,779.974
2026-09-18T20,817.461
2026-09-18T21,821.466
2026-09-18T22,966.436
2026-09-18T23,1607.356
2026-09-19T00,599.177
2026-09-19T01,717.455
2026-09-19T02,679.459
2026-09-19T03,664.791
2026-09-19T04,649.439
2026-09-19T05,631.434
2026-09-19T06,608.051
2026-09-19T07,549.027
2026-09-19T08,535.383
2026-09-19T09,615.852
2026-09-19T10,827.001
2026-09-19T11,659.803
2026-09-19T12,548.578
2026-09-19T13,458.348
2026-09-19T14,425.899
2026-09-19T15,407.605
2026-09-19T16,429.348
2026-09-19T17,426.387
2026-09-19T18,348.196
2026-09-19T19,317.591
2026-09-19T20,332.855
2026-09-19T21,334.485
2026-09-19T22,393.515
2026-09-19T23,654.485
2026-09-20T00,790.544
2026-09-20T01,946.598
2026-09-20T02,896.466
2026-09-20T03,877.114
2026-09-20T04,856.859
2026-09-20T05,833.104
2026-09-20T06,802.252
2026-09-20T07,724.377
2026-09-20T08,706.375
2026-09-20T09,812.544
2026-09-20T10,1091.131
2026-09-20T11,870.533
2026-09-20T12,723.784
2026-09-20T13,604.736
2026-09-20T14,561.924
2026-09-20T15,537.787
2026-09-20T16,566.474
2026-09-20T17,562.568
2026-09-20T18,459.404
2026-09-20T19,419.024
2026-09-20T20,439.163
2026-09-20T21,441.314
2026-09-20T22,519.197
2026-09-20T23,863.517
2026-09-21T00,710.051
2026-09-21T01,850.216
2026-09-21T02,805.189
2026-09-21T03,787.806
2026-09-21T04,769.614
2026-09-21T05,748.278
2026-09-21T06,720.567
2026-09-21T07,650.621
2026-09-21T08,634.453
2026-09-21T09,729.811
2026-09-21T10,980.033
2026-09-21T11,781.896
2026-09-21T12,650.089
2026-09-21T13,543.162
2026-09-21T14,504.709
2026-09-21T15,483.03
2026-09-21T16,508.796
2026-09-21T17,505.288
2026-09-21T18,412.628
2026-09-21T19,376.359
2026-09-21T20,394.448
2026-09-21T21,396.38
2026-09-21T22,466.332
2026-09-21T23,775.594
2026-09-22T00,412.17
2026-09-22T01,493.533
2026-09-22T02,467.396
2026-09-22T03,457.306
2026-09-22T04,446.746
2026-09-22T05,434.36
2026-09-22T06,418.275
2026-09-22T07,377.673
2026-09-22T08,368.287
2026-09-22T09,423.641
2026-09-22T10,568.889
2026-09-22T11,453.875
2026-09-22T12,377.363
2026-09-22T13,315.295
2026-09-22T14,292.973
2026-09-22T15,280.389
2026-09-22T16,295.346
2026-09-22T17,293.309
2026-09-22T18,239.522
2026-09-22T19,218.469
2026-09-22T20,228.969
2026-09-22T21,230.091
2026-09-22T22,270.697
2026-09-22T23,450.217
2026-09-23T00,1160.876
2026-09-23T01,1390.034
2026-09-23T02,1316.419
2026-09-23T03,1288.0
2026-09-23T04,1258.258
2026-09-23T05,1223.374
2026-09-23T06,1178.069
2026-09-23T07,1063.713
2026-09-23T08,1037.279
2026-09-23T09,1193.183
2026-09-23T10,1602.275
2026-09-23T11,1278.337
2026-09-23T12,1062.843
2026-09-23T13,888.027
2026-09-23T14,825.159
2026-09-23T15,789.715
2026-09-23T16,831.841
2026-09-23T17,826.105
2026-09-23T18,674.613
2026-09-23T19,615.317
2026-09-23T20,644.89
2026-09-23T21,648.049
2026-09-23T22,762.416
2026-09-23T23,1268.034
2026-09-24T00,972.484
2026-09-24T01,1164.454
2026-09-24T02,1102.785
2026-09-24T03,1078.978
2026-09-24T04,1054.062
2026-09-24T05,1024.84
2026-09-24T06,986.887
2026-09-24T07,891.089
2026-09-24T08,868.945
2026-09-24T09,999.548
2026-09-24T10,1342.251
2026-09-24T11,1070.883
2026-09-24T12,890.36
2026-09-24T13,743.914
2026-09-24T14,691.248
2026-09-24T15,661.557
2026-09-24T16,696.846
2026-09-24T17,692.041
2026-09-24T18,565.134
2026-09-24T19,515.461
2026-09-24T20,540.235
2026-09-24T21,542.881
2026-09-24T22,638.688
2026-09-24T23,1062.252
2026-09-25T00,1380.662
2026-09-25T01,1653.206
2026-09-25T02,1565.653
2026-09-25T03,1531.854
2026-09-25T04,1496.48
2026-09-25T05,1454.992
2026-09-25T06,1401.11
2026-09-25T07,1265.103
2026-09-25T08,1233.664
2026-09-25T09,1419.085
2026-09-25T10,1905.629
2026-09-25T11,1520.362
2026-09-25T12,1264.068
2026-09-25T13,1056.155
2026-09-25T14,981.384
2026-09-25T15,939.23
2026-09-25T16,989.331
2026-09-25T17,982.509
2026-09-25T18,802.336
2026-09-25T19,731.813
2026-09-25T20,766.986
2026-09-25T21,770.743
2026-09-25T22,906.762
2026-09-25T23,1508.107
2026-09-26T00,1317.434
2026-09-26T01,1577.497
2026-09-26T02,1493.953
2026-09-26T03,1461.702
2026-09-26T04,1427.948
2026-09-26T05,1388.36
2026-09-26T06,1336.945
2026-09-26T07,1207.168
2026-09-26T08,1177.168
2026-09-26T09,1354.098
2026-09-26T10,1818.361
2026-09-26T11,1450.736
2026-09-26T12,1206.18
2026-09-26T13,1007.788
2026-09-26T14,936.441
2026-09-26T15,896.217
2026-09-26T16,944.024
2026-09-26T17,937.515
2026-09-26T18,765.593
2026-09-26T19,698.3
2026-09-26T20,731.861
2026-09-26T21,735.447
2026-09-26T22,865.237
2026-09-26T23,1439.043
2026-09-27T00,1356.212
2026-09-27T01,1623.93
2026-09-27T02,1537.927
2026-09-27T03,1504.727
2026-09-27T04,1469.979
2026-09-27T05,1429.226
2026-09-27T06,1376.298
2026-09-27T07,1242.7
2026-09-27T08,1211.818
2026-09-27T09,1393.955
2026-09-27T10,1871.883
2026-09-27T11,1493.438
2026-09-27T12,1241.683
2026-09-27T13,1037.452
2026-09-27T14,964.005
2026-09-27T15,922.597
2026-09-27T16,971.811
2026-09-27T17,965.11
2026-09-27T18,788.128
2026-09-27T19,718.854
2026-09-27T20,753.403
2026-09-27T21,757.094
2026-09-27T22,890.705
2026-09-27T23,1481.401
2026-09-28T00,1166.87
2026-09-28T01,1397.211
2026-09-28T02,1323.216
2026-09-28T03,1294.651
2026-09-28T04,1264.754
2026-09-28T05,1229.69
2026-09-28T06,1184.152
2026-09-28T07,1069.206
2026-09-28T08,1042.635
2026-09-28T09,1199.344
2026-09-28T10,1610.548
2026-09-28T11,1284.938
2026-09-28T12,1068.331
2026-09-28T13,892.612
2026-09-28T14,829.419
2026-09-28T15,793.792
2026-09-28T16,836.136
2026-09-28T17,830.37
2026-09-28T18,678.097
2026-09-28T19,618.494
2026-09-28T20,648.22
2026-09-28T21,651.395
2026-09-28T22,766.353
2026-09-28T23,1274.581
2026-09-29T00,375.59
2026-09-29T01,449.732
2026-09-29T02,425.915
2026-09-29T03,416.72
2026-09-29T04,407.097
2026-09-29T05,395.811
2026-09-29T06,381.153
2026-09-29T07,344.154
2026-09-29T08,335.602
2026-09-29T09,386.043
2026-09-29T10,518.401
2026-09-29T11,413.594
2026-09-29T12,343.873
2026-09-29T13,287.313
2026-09-29T14,266.972
2026-09-29T15,255.505
2026-09-29T16,269.134
2026-09-29T17,267.278
2026-09-29T18,218.265
2026-09-29T19,199.08
2026-09-29T20,208.648
2026-09-29T21,209.67
2026-09-29T22,246.672
2026-09-29T23,410.26
2026-09-30T00,1287.64
2026-09-30T01,1541.821
2026-09-30T02,1460.167
2026-09-30T03,1428.645
2026-09-30T04,1395.655
2026-09-30T05,1356.962
2026-09-30T06,1306.71
2026-09-30T07,1179.867
2026-09-30T08,1150.546
2026-09-30T09,1323.474
2026-09-30T10,1777.238
2026-09-30T11,1417.927
2026-09-30T12,1178.901
2026-09-30T13,984.996
2026-09-30T14,915.263
2026-09-30T15,875.949
2026-09-30T16,922.675
2026-09-30T17,916.313
2026-09-30T18,748.279
2026-09-30T19,682.507
2026-09-30T20,715.31
2026-09-30T21,718.814
2026-09-30T22,845.669
2026-09-30T23,1406.499
2026-10-01T00,1546.887
2026-10-01T01,1852.244
2026-10-01T02,1754.15
2026-10-01T03,1716.282
2026-10-01T04,1676.649
2026-10-01T05,1630.166
2026-10-01T06,1569.797
2026-10-01T07,1417.416
2026-10-01T08,1382.192
2026-10-01T09,1589.937
2026-10-01T10,2135.059
2026-10-01T11,1703.406
2026-10-01T12,1416.256
2026-10-01T13,1183.311
2026-10-01T14,1099.538
2026-10-01T15,1052.308
2026-10-01T16,1108.442
2026-10-01T17,1100.799
2026-10-01T18,898.934
2026-10-01T19,819.92
2026-10-01T20,859.327
2026-10-01T21,863.537
2026-10-01T22,1015.932
2026-10-01T23,1689.676
2026-10-02T00,1530.618
2026-10-02T01,1832.763
2026-10-02T02,1735.701
2026-10-02T03,1698.231
2026-10-02T04,1659.015
2026-10-02T05,1613.021
2026-10-02T06,1553.286
2026-10-02T07,1402.508
2026-10-02T08,1367.654
2026-10-02T09,1573.214
2026-10-02T10,2112.603
2026-10-02T11,1685.49
2026-10-02T12,1401.36
2026-10-02T13,1170.865
2026-10-02T14,1087.973
2026-10-02T15,1041.241
2026-10-02T16,1096.784
2026-10-02T17,1089.221
2026-10-02T18,889.479
2026-10-02T19,811.297
2026-10-02T20,850.289
2026-10-02T21,854.454
2026-10-02T22,1005.247
2026-10-02T23,1671.905
2026-10-03T00,1602.614
2026-10-03T01,1918.971
2026-10-03T02,1817.343
2026-10-03T03,1778.111
2026-10-03T04,1737.05
2026-10-03T05,1688.893
2026-10-03T06,1626.348
2026-10-03T07,1468.478
2026-10-03T08,1431.985
2026-10-03T09,1647.214
2026-10-03T10,2211.974
2026-10-03T11,1764.771
2026-10-03T12,1467.276
2026-10-03T13,1225.939
2026-10-03T14,1139.148
2026-10-03T15,1090.218
2026-10-03T16,1148.373
2026-10-03T17,1140.455
2026-10-03T18,931.318
2026-10-03T19,849.458
2026-10-03T20,890.284
2026-10-03T21,894.646
2026-10-03T22,1052.531
2026-10-03T23,1750.547
2026-10-04T00,1316.627
2026-10-04T01,1576.53
2026-10-04T02,1493.038
2026-10-04T03,1460.807
2026-10-04T04,1427.073
2026-10-04T05,1387.509
2026-10-04T06,1336.126
2026-10-04T07,1206.428
2026-10-04T08,1176.447
2026-10-04T09,1353.268
2026-10-04T10,1817.247
2026-10-04T11,1449.847
2026-10-04T12,1205.441
2026-10-04T13,1007.17
2026-10-04T14,935.867
2026-10-04T15,895.668
2026-10-04T16,943.446
2026-10-04T17,936.94
2026-10-04T18,765.124
2026-10-04T19,697.872
2026-10-04T20,731.413
2026-10-04T21,734.996
2026-10-04T22,864.707
2026-10-04T23,1438.161
2026-10-05T00,788.474
2026-10-05T01,944.12
2026-10-05T02,894.12
2026-10-05T03,874.818
2026-10-05T04,854.616
2026-10-05T05,830.923
2026-10-05T06,800.152
2026-10-05T07,722.481
2026-10-05T08,704.526
2026-10-05T09,810.417
2026-10-05T10,1088.275
2026-10-05T11,868.255
2026-10-05T12,721.889
2026-10-05T13,603.153
2026-10-05T14,560.453
2026-10-05T15,536.379
2026-10-05T16,564.991
2026-10-05T17,561.095
2026-10-05T18,458.202
2026-10-05T19,417.927
2026-10-05T20,438.013
2026-10-05T21,440.159
2026-10-05T22,517.838
2026-10-05T23,861.256
2026-10-06T00,1579.426
2026-10-06T01,1891.206
2026-10-06T02,1791.049
2026-10-06T03,1752.384
2026-10-06T04,1711.918
2026-10-06T05,1664.457
2026-10-06T06,1602.818
2026-10-06T07,1447.231
2026-10-06T08,1411.266
2026-10-06T09,1623.381
2026-10-06T10,2179.97
2026-10-06T11,1739.238
2026-10-06T12,1446.047
2026-10-06T13,1208.202
2026-10-06T14,1122.667
2026-10-06T15,1074.444
2026-10-06T16,1131.758
2026-10-06T17,1123.954
2026-10-06T18,917.843
2026-10-06T19,837.167
2026-10-06T20,877.403
2026-10-06T21,881.701
2026-10-06T22,1037.302
2026-10-06T23,1725.219
2026-10-07T00,859.976
2026-10-07T01,1029.736
2026-10-07T02,975.202
2026-10-07T03,954.15
2026-10-07T04,932.116
2026-10-07T05,906.274
2026-10-07T06,872.713
2026-10-07T07,787.998
2026-10-07T08,768.416
2026-10-07T09,883.909
2026-10-07T10,1186.964
2026-10-07T11,946.991
2026-10-07T12,787.353
2026-10-07T13,657.85
2026-10-07T14,611.277
2026-10-07T15,585.02
2026-10-07T16,616.227
2026-10-07T17,611.978
2026-10-07T18,499.753
2026-10-07T19,455.826
2026-10-07T20,477.734
2026-10-07T21,480.075
2026-10-07T22,564.797
2026-10-07T23,939.359
2026-10-08T00,832.16
2026-10-08T01,996.429
2026-10-08T02,943.658
2026-10-08T03,923.287
2026-10-08T04,901.966
2026-10-08T05,876.96
2026-10-08T06,844.484
2026-10-08T07,762.51
2026-10-08T08,743.561
2026-10-08T09,855.318
2026-10-08T10,1148.571
2026-10-08T11,916.36
2026-10-08T12,761.886
2026-10-08T13,636.571
2026-10-08T14,591.505
2026-10-08T15,566.097
2026-10-08T16,596.295
2026-10-08T17,592.183
2026-10-08T18,483.588
2026-10-08T19,441.082
2026-10-08T20,462.281
2026-10-08T21,464.546
2026-10-08T22,546.528
2026-10-08T23,908.974
2026-10-09T00,1046.575
2026-10-09T01,1253.17
2026-10-09T02,1186.803
2026-10-09T03,1161.182
2026-10-09T04,1134.368
2026-10-09T05,1102.919
2026-10-09T06,1062.075
2026-10-09T07,958.979
2026-10-09T08,935.147
2026-10-09T09,1075.701
2026-10-09T10,1444.513
2026-10-09T11,1152.471
2026-10-09T12,958.194
2026-10-09T13,800.591
2026-10-09T14,743.913
2026-10-09T15,711.959
2026-10-09T16,749.937
2026-10-09T17,744.766
2026-10-09T18,608.19
2026-10-09T19,554.732
2026-10-09T20,581.394
2026-10-09T21,584.242
2026-10-09T22,687.348
2026-10-09T23,1143.182
2026-10-10T00,757.074
2026-10-10T01,906.521
2026-10-10T02,858.512
2026-10-10T03,839.979
2026-10-10T04,820.582
2026-10-10T05,797.832
2026-10-10T06,768.286
2026-10-10T07,693.708
2026-10-10T08,676.469
2026-10-10T09,778.143
2026-10-10T10,1044.935
2026-10-10T11,833.677
2026-10-10T12,693.141
2026-10-10T13,579.133
2026-10-10T14,538.133
2026-10-10T15,515.018
2026-10-10T16,542.491
2026-10-10T17,538.75
2026-10-10T18,439.954
2026-10-10T19,401.283
2026-10-10T20,420.57
2026-10-10T21,422.63
2026-10-10T22,497.215
2026-10-10T23,826.957
2026-10-11T00,734.333
2026-10-11T01,879.291
2026-10-11T02,832.724
2026-10-11T03,814.748
2026-10-11T04,795.933
2026-10-11T05,773.867
2026-10-11T06,745.209
2026-10-11T07,672.871
2026-10-11T08,656.149
2026-10-11T09,754.769
2026-10-11T10,1013.548
2026-10-11T11,808.635
2026-10-11T12,672.32
2026-10-11T13,561.737
2026-10-11T14,521.969
2026-10-11T15,499.548
2026-10-11T16,526.196
2026-10-11T17,522.567
2026-10-11T18,426.739
2026-10-11T19,389.23
2026-10-11T20,407.937
2026-10-11T21,409.935
2026-10-11T22,482.28
2026-10-11T23,802.118
2026-10-12T00,878.475
2026-10-12T01,1051.887
2026-10-12T02,996.179
2026-10-12T03,974.674
2026-10-12T04,952.167
2026-10-12T05,925.769
2026-10-12T06,891.485
2026-10-12T07,804.948
2026-10-12T08,784.945
2026-10-12T09,902.923
2026-10-12T10,1212.497
2026-10-12T11,967.362
2026-10-12T12,804.29
2026-10-12T13,672.0
2026-10-12T14,624.426
2026-10-12T15,597.604
2026-10-12T16,629.483
2026-10-12T17,625.142
2026-10-12T18,510.503
2026-10-12T19,465.631
2026-10-12T20,488.011
2026-10-12T21,490.401
2026-10-12T22,576.946
2026-10-12T23,959.565
2026-10-13T00,1460.8
2026-10-13T01,1749.163
2026-10-13T02,1656.528
2026-10-13T03,1620.767
2026-10-13T04,1583.34
2026-10-13T05,1539.444
2026-10-13T06,1482.434
2026-10-13T07,1338.534
2026-10-13T08,1305.27
2026-10-13T09,1501.453
2026-10-13T10,2016.238
2026-10-13T11,1608.608
2026-10-13T12,1337.438
2026-10-13T13,1117.457
2026-10-13T14,1038.346
2026-10-13T15,993.745
2026-10-13T16,1046.755
2026-10-13T17,1039.537
2026-10-13T18,848.906
2026-10-13T19,774.29
2026-10-13T20,811.504
2026-10-13T21,815.479
2026-10-13T22,959.393
2026-10-13T23,1595.642
2026-10-14T00,394.259
2026-10-14T01,472.086
2026-10-14T02,447.085
2026-10-14T03,437.433
2026-10-14T04,427.332
2026-10-14T05,415.484
2026-10-14T06,400.098
2026-10-14T07,361.26
2026-10-14T08,352.283
2026-10-14T09,405.231
2026-10-14T10,544.168
2026-10-14T11,434.151
2026-10-14T12,360.965
2026-10-14T13,301.593
2026-10-14T14,280.242
2026-10-14T15,268.204
2026-10-14T16,282.511
2026-10-14T17,280.563
2026-10-14T18,229.113
2026-10-14T19,208.975
2026-10-14T20,219.019
2026-10-14T21,220.092
2026-10-14T22,258.933
2026-10-14T23,430.652
2026-10-15T00,336.028
2026-10-15T01,402.36
2026-10-15T02,381.052
2026-10-15T03,372.825
2026-10-15T04,364.216
2026-10-15T05,354.119
2026-10-15T06,341.005
2026-10-15T07,307.903
2026-10-15T08,300.252
2026-10-15T09,345.38
2026-10-15T10,463.796
2026-10-15T11,370.028
2026-10-15T12,307.651
2026-10-15T13,257.049
2026-10-15T14,238.851
2026-10-15T15,228.591
2026-10-15T16,240.785
2026-10-15T17,239.125
2026-10-15T18,195.274
2026-10-15T19,178.11
2026-10-15T20,186.67
2026-10-15T21,187.585
2026-10-15T22,220.689
2026-10-15T23,367.046
2026-10-16T00,1642.199
2026-10-16T01,1966.37
2026-10-16T02,1862.232
2026-10-16T03,1822.031
2026-10-16T04,1779.956
2026-10-16T05,1730.609
2026-10-16T06,1666.52
2026-10-16T07,1504.75
2026-10-16T08,1467.355
2026-10-16T09,1687.9
2026-10-16T10,2266.61
2026-10-16T11,1808.361
2026-10-16T12,1503.518
2026-10-16T13,1256.22
2026-10-16T14,1167.286
2026-10-16T15,1117.146
2026-10-16T16,1176.738
2026-10-16T17,1168.624
2026-10-16T18,954.321
2026-10-16T19,870.44
2026-10-16T20,912.274
2026-10-16T21,916.744
2026-10-16T22,1078.529
2026-10-16T23,1793.786
2026-10-17T00,794.1
2026-10-17T01,950.856
2026-10-17T02,900.499
2026-10-17T03,881.059
2026-10-17T04,860.713
2026-10-17T05,836.851
2026-10-17T06,805.86
2026-10-17T07,727.635
2026-10-17T08,709.553
2026-10-17T09,816.199
2026-10-17T10,1096.039
2026-10-17T11,874.449
2026-10-17T12,727.04
2026-10-17T13,607.456
2026-10-17T14,564.451
2026-10-17T15,540.206
2026-10-17T16,569.022
2026-10-17T17,565.099
2026-10-17T18,461.471
2026-10-17T19,420.909
2026-10-17T20,441.138
2026-10-17T21,443.299
2026-10-17T22,521.532
2026-10-17T23,867.401
2026-10-18T00,632.567
2026-10-18T01,757.436
2026-10-18T02,717.323
2026-10-18T03,701.838
2026-10-18T04,685.631
2026-10-18T05,666.622
2026-10-18T06,641.935
2026-10-18T07,579.622
2026-10-18T08,565.218
2026-10-18T09,650.171
2026-10-18T10,873.087
2026-10-18T11,696.572
2026-10-18T12,579.148
2026-10-18T13,483.89
2026-10-18T14,449.633
2026-10-18T15,430.319
2026-10-18T16,453.274
2026-10-18T17,450.149
2026-10-18T18,367.6
2026-10-18T19,335.289
2026-10-18T20,351.404
2026-10-18T21,353.125
2026-10-18T22,415.444
2026-10-18T23,690.958
2026-10-19T00,1315.866
2026-10-19T01,1575.619
2026-10-19T02,1492.175
2026-10-19T03,1459.963
2026-10-19T04,1426.249
2026-10-19T05,1386.708
2026-10-19T06,1335.354
2026-10-19T07,1205.731
2026-10-19T08,1175.767
2026-10-19T09,1352.486
2026-10-19T10,1816.197
2026-10-19T11,1449.01
2026-10-19T12,1204.744
2026-10-19T13,1006.588
2026-10-19T14,935.326
2026-10-19T15,895.151
2026-10-19T16,942.901
2026-10-19T17,936.399
2026-10-19T18,764.682
2026-10-19T19,697.469
2026-10-19T20,730.99
2026-10-19T21,734.571
2026-10-19T22,864.207
2026-10-19T23,1437.33
2026-10-20T00,540.583
2026-10-20T01,647.295
2026-10-20T02,613.014
2026-10-20T03,599.781
2026-10-20T04,585.931
2026-10-20T05,569.686
2026-10-20T06,548.589
2026-10-20T07,495.338
2026-10-20T08,483.028
2026-10-20T09,555.628
2026-10-20T10,746.129
2026-10-20T11,595.281
2026-10-20T12,494.932
2026-10-20T13,413.526
2026-10-20T14,384.25
2026-10-20T15,367.745
2026-10-20T16,387.362
2026-10-20T17,384.691
2026-10-20T18,314.146
2026-10-20T19,286.534
2026-10-20T20,300.305
2026-10-20T21,301.776
2026-10-20T22,355.033
2026-10-20T23,590.483
2026-10-21T00,1502.69
2026-10-21T01,1799.323
2026-10-21T02,1704.032
2026-10-21T03,1667.245
2026-10-21T04,1628.745
2026-10-21T05,1583.59
2026-10-21T06,1524.945
2026-10-21T07,1376.918
2026-10-21T08,1342.701
2026-10-21T09,1544.51
2026-10-21T10,2074.057
2026-10-21T11,1654.737
2026-10-21T12,1375.792
2026-10-21T13,1149.502
2026-10-21T14,1068.122
2026-10-21T15,1022.243
2026-10-21T16,1076.772
2026-10-21T17,1069.347
2026-10-21T18,873.25
2026-10-21T19,796.494
2026-10-21T20,834.775
2026-10-21T21,838.864
2026-10-21T22,986.905
2026-10-21T23,1641.4
2026-10-22T00,1586.6
2026-10-22T01,1899.797
2026-10-22T02,1799.184
2026-10-22T03,1760.344
2026-10-22T04,1719.694
2026-10-22T05,1672.017
2026-10-22T06,1610.098
2026-10-22T07,1453.805
2026-10-22T08,1417.677
2026-10-22T09,1630.755
2026-10-22T10,2189.872
2026-10-22T11,1747.137
2026-10-22T12,1452.615
2026-10-22T13,1213.69
2026-10-22T14,1127.766
2026-10-22T15,1079.324
2026-10-22T16,1136.899
2026-10-22T17,1129.059
2026-10-22T18,922.012
2026-10-22T19,840.97
2026-10-22T20,881.388
2026-10-22T21,885.706
2026-10-22T22,1042.014
2026-10-22T23,1733.055
2026-10-23T00,1526.134
2026-10-23T01,1827.394
2026-10-23T02,1730.616
2026-10-23T03,1693.256
2026-10-23T04,1654.155
2026-10-23T05,1608.295
2026-10-23T06,1548.736
2026-10-23T07,1398.4
2026-10-23T08,1363.648
2026-10-23T09,1568.606
2026-10-23T10,2106.414
2026-10-23T11,1680.553
2026-10-23T12,1397.255
2026-10-23T13,1167.435
2026-10-23T14,1084.786
2026-10-23T15,1038.191
2026-10-23T16,1093.571
2026-10-23T17,1086.03
2026-10-23T18,886.874
2026-10-23T19,808.92
2026-10-23T20,847.798
2026-10-23T21,851.951
2026-10-23T22,1002.302
2026-10-23T23,1667.008
2026-10-24T00,1566.231
2026-10-24T01,1875.407
2026-10-24T02,1776.086
2026-10-24T03,1737.744
2026-10-24T04,1697.616
2026-10-24T05,1650.552
2026-10-24T06,1589.427
2026-10-24T07,1435.141
2026-10-24T08,1399.476
2026-10-24T09,1609.819
2026-10-24T10,2161.758
2026-10-24T11,1724.707
2026-10-24T12,1433.967
2026-10-24T13,1198.108
2026-10-24T14,1113.288
2026-10-24T15,1065.468
2026-10-24T16,1122.303
2026-10-24T17,1114.564
2026-10-24T18,910.175
2026-10-24T19,830.174
2026-10-24T20,870.073
2026-10-24T21,874.335
2026-10-24T22,1028.637
2026-10-24T23,1710.806
2026-10-25T00,854.071
2026-10-25T01,1022.665
2026-10-25T02,968.505
2026-10-25T03,947.598
2026-10-25T04,925.716
2026-10-25T05,900.051
2026-10-25T06,866.72
2026-10-25T07,782.587
2026-10-25T08,763.139
2026-10-25T09,877.84
2026-10-25T10,1178.814
2026-10-25T11,940.489
2026-10-25T12,781.947
2026-10-25T13,653.332
2026-10-25T14,607.079
2026-10-25T15,581.003
2026-10-25T16,611.996
2026-10-25T17,607.776
2026-10-25T18,496.321
2026-10-25T19,452.696
2026-10-25T20,474.454
2026-10-25T21,476.778
2026-10-25T22,560.919
2026-10-25T23,932.908
2026-10-26T00,1552.78
2026-10-26T01,1859.3
2026-10-26T02,1760.833
2026-10-26T03,1722.82
2026-10-26T04,1683.037
2026-10-26T05,1636.376
2026-10-26T06,1575.777
2026-10-26T07,1422.816
2026-10-26T08,1387.457
2026-10-26T09,1595.993
2026-10-26T10,2143.192
2026-10-26T11,1709.895
2026-10-26T12,1421.651
2026-10-26T13,1187.819
2026-10-26T14,1103.727
2026-10-26T15,1056.317
2026-10-26T16,1112.665
2026-10-26T17,1104.992
2026-10-26T18,902.358
2026-10-26T19,823.044
2026-10-26T20,862.601
2026-10-26T21,866.826
2026-10-26T22,1019.802
2026-10-26T23,1696.113
2026-10-27T00,1511.658
2026-10-27T01,1810.061
2026-10-27T02,1714.201
2026-10-27T03,1677.195
2026-10-27T04,1638.465
2026-10-27T05,1593.04
2026-10-27T06,1534.046
2026-10-27T07,1385.135
2026-10-27T08,1350.713
2026-10-27T09,1553.727
2026-10-27T10,2086.434
2026-10-27T11,1664.612
2026-10-27T12,1384.002
2026-10-27T13,1156.362
2026-10-27T14,1074.497
2026-10-27T15,1028.343
2026-10-27T16,1083.198
2026-10-27T17,1075.729
2026-10-27T18,878.461
2026-10-27T19,801.247
2026-10-27T20,839.756
2026-10-27T21,843.87
2026-10-27T22,992.795
2026-10-27T23,1651.195
2026-10-28T00,1241.414
2026-10-28T01,1486.47
2026-10-28T02,1407.747
2026-10-28T03,1377.357
2026-10-28T04,1345.551
2026-10-28T05,1308.247
2026-10-28T06,1259.799
2026-10-28T07,1137.51
2026-10-28T08,1109.242
2026-10-28T09,1275.962
2026-10-28T10,1713.435
2026-10-28T11,1367.024
2026-10-28T12,1136.579
2026-10-28T13,949.635
2026-10-28T14,882.405
2026-10-28T15,844.502
2026-10-28T16,889.551
2026-10-28T17,883.417
2026-10-28T18,721.416
2026-10-28T19,658.005
2026-10-28T20,689.63
2026-10-28T21,693.009
2026-10-28T22,815.31
2026-10-28T23,1356.005
2026-10-29T00,720.284
2026-10-29T01,862.469
2026-10-29T02,816.793
2026-10-29T03,799.16
2026-10-29T04,780.706
2026-10-29T05,759.061
2026-10-29T06,730.951
2026-10-29T07,659.998
2026-10-29T08,643.596
2026-10-29T09,740.329
2026-10-29T10,994.157
2026-10-29T11,793.164
2026-10-29T12,659.457
2026-10-29T13,550.99
2026-10-29T14,511.983
2026-10-29T15,489.991
2026-10-29T16,516.129
2026-10-29T17,512.57
2026-10-29T18,418.574
2026-10-29T19,381.783
2026-10-29T20,400.132
2026-10-29T21,402.092
2026-10-29T22,473.053
2026-10-29T23,786.771
2026-10-30T00,598.767
2026-10-30T01,716.965
2026-10-30T02,678.995
2026-10-30T03,664.337
2026-10-30T04,648.996
2026-10-30T05,631.003
2026-10-30T06,607.635
2026-10-30T07,548.652
2026-10-30T08,535.017
2026-10-30T09,615.431
2026-10-30T10,826.436
2026-10-30T11,659.353
2026-10-30T12,548.203
2026-10-30T13,458.035
2026-10-30T14,425.608
2026-10-30T15,407.326
2026-10-30T16,429.055
2026-10-30T17,426.096
2026-10-30T18,347.958
2026-10-30T19,317.374
2026-10-30T20,332.627
2026-10-30T21,334.257
2026-10-30T22,393.246
2026-10-30T23,654.038
2026-10-31T00,817.443
2026-10-31T01,978.807
2026-10-31T02,926.969
2026-10-31T03,906.958
2026-10-31T04,886.015
2026-10-31T05,861.451
2026-10-31T06,829.549
2026-10-31T07,749.024
2026-10-31T08,730.41
2026-10-31T09,840.192
2026-10-31T10,1128.258
2026-10-31T11,900.154
2026-10-31T12,748.411
2026-10-31T13,625.313
2026-10-31T14,581.044
2026-10-31T15,556.086
2026-10-31T16,585.749
2026-10-31T17,581.71
2026-10-31T18,475.036
2026-10-31T19,433.282
2026-10-31T20,454.106
2026-10-31T21,456.33
2026-10-31T22,536.863
2026-10-31T23,892.899
2026-11-01T00,793.499
2026-11-01T01,950.136
2026-11-01T02,899.818
2026-11-01T03,880.393
2026-11-01T04,860.062
2026-11-01T05,836.218
2026-11-01T06,805.251
2026-11-01T07,727.085
2026-11-01T08,709.016
2026-11-01T09,815.582
2026-11-01T10,1095.21
2026-11-01T11,873.788
2026-11-01T12,726.49
2026-11-01T13,606.997
2026-11-01T14,564.024
2026-11-01T15,539.797
2026-11-01T16,568.592
2026-11-01T17,564.671
2026-11-01T18,461.121
2026-11-01T19,420.59
2026-11-01T20,440.805
2026-11-01T21,442.964
2026-11-01T22,521.138
2026-11-01T23,866.745
2026-11-02T00,910.726
2026-11-02T01,1090.505
2026-11-02T02,1032.752
2026-11-02T03,1010.457
2026-11-02T04,987.124
2026-11-02T05,959.757
2026-11-02T06,924.214
2026-11-02T07,834.5
2026-11-02T08,813.762
2026-11-02T09,936.072
2026-11-02T10,1257.011
2026-11-02T11,1002.877
2026-11-02T12,833.818
2026-11-02T13,696.672
2026-11-02T14,647.35
2026-11-02T15,619.544
2026-11-02T16,652.593
2026-11-02T17,648.093
2026-11-02T18,529.245
2026-11-02T19,482.726
2026-11-02T20,505.927
2026-11-02T21,508.405
2026-11-02T22,598.128
2026-11-02T23,994.793
2026-11-03T00,2048.378
2026-11-03T01,2452.73
2026-11-03T02,2322.835
2026-11-03T03,2272.69
2026-11-03T04,2220.209
2026-11-03T05,2158.656
2026-11-03T06,2078.715
2026-11-03T07,1876.933
2026-11-03T08,1830.29
2026-11-03T09,2105.384
2026-11-03T10,2827.231
2026-11-03T11,2255.64
2026-11-03T12,1875.397
2026-11-03T13,1566.933
2026-11-03T14,1456.001
2026-11-03T15,1393.46
2026-11-03T16,1467.792
2026-11-03T17,1457.671
2026-11-03T18,1190.362
2026-11-03T19,1085.733
2026-11-03T20,1137.916
2026-11-03T21,1143.49
2026-11-03T22,1345.291
2026-11-03T23,2237.459
2026-11-04T00,1793.975
2026-11-04T01,2148.108
2026-11-04T02,2034.345
2026-11-04T03,1990.428
2026-11-04T04,1944.465
2026-11-04T05,1890.556
2026-11-04T06,1820.544
2026-11-04T07,1643.823
2026-11-04T08,1602.973
2026-11-04T09,1843.901
2026-11-04T10,2476.097
2026-11-04T11,1975.495
2026-11-04T12,1642.478
2026-11-04T13,1372.324
2026-11-04T14,1275.17
2026-11-04T15,1220.396
2026-11-04T16,1285.496
2026-11-04T17,1276.632
2026-11-04T18,1042.523
2026-11-04T19,950.888
2026-11-04T20,996.589
2026-11-04T21,1001.472
2026-11-04T22,1178.209
2026-11-04T23,1959.573
2026-11-05T00,493.33
2026-11-05T01,590.714
2026-11-05T02,559.43
2026-11-05T03,547.353
2026-11-05T04,534.713
2026-11-05T05,519.889
2026-11-05T06,500.636
2026-11-05T07,452.039
2026-11-05T08,440.806
2026-11-05T09,507.059
2026-11-05T10,680.908
2026-11-05T11,543.247
2026-11-05T12,451.669
2026-11-05T13,377.379
2026-11-05T14,350.662
2026-11-05T15,335.6
2026-11-05T16,353.502
2026-11-05T17,351.064
2026-11-05T18,286.686
2026-11-05T19,261.487
2026-11-05T20,274.055
2026-11-05T21,275.397
2026-11-05T22,323.999
2026-11-05T23,538.868
2026-11-06T00,804.41
2026-11-06T01,963.201
2026-11-06T02,912.19
2026-11-06T03,892.498
2026-11-06T04,871.888
2026-11-06T05,847.716
2026-11-06T06,816.323
2026-11-06T07,737.082
2026-11-06T08,718.765
2026-11-06T09,826.796
2026-11-06T10,1110.27
2026-11-06T11,885.802
2026-11-06T12,736.479
2026-11-06T13,615.343
2026-11-06T14,571.78
2026-11-06T15,547.22
2026-11-06T16,576.41
2026-11-06T17,572.435
2026-11-06T18,467.462
2026-11-06T19,426.374
2026-11-06T20,446.866
2026-11-06T21,449.055
2026-11-06T22,528.303
2026-11-06T23,878.663
2026-11-07T00,483.343
2026-11-07T01,578.756
2026-11-07T02,548.105
2026-11-07T03,536.273
2026-11-07T04,523.889
2026-11-07T05,509.365
2026-11-07T06,490.502
2026-11-07T07,442.889
2026-11-07T08,431.882
2026-11-07T09,496.795
2026-11-07T10,667.125
2026-11-07T11,532.25
2026-11-07T12,442.526
2026-11-07T13,369.74
2026-11-07T14,343.564
2026-11-07T15,328.806
2026-11-07T16,346.346
2026-11-07T17,343.958
2026-11-07T18,280.883
2026-11-07T19,256.194
2026-11-07T20,268.507
2026-11-07T21,269.822
2026-11-07T22,317.44
2026-11-07T23,527.96
2026-11-08T00,1050.625
2026-11-08T01,1258.019
2026-11-08T02,1191.395
2026-11-08T03,1165.676
2026-11-08T04,1138.758
2026-11-08T05,1107.187
2026-11-08T06,1066.185
2026-11-08T07,962.69
2026-11-08T08,938.766
2026-11-08T09,1079.864
2026-11-08T10,1450.103
2026-11-08T11,1156.93
2026-11-08T12,961.902
2026-11-08T13,803.689
2026-11-08T14,746.791
2026-11-08T15,714.714
2026-11-08T16,752.839
2026-11-08T17,747.648
2026-11-08T18,610.544
2026-11-08T19,556.879
2026-11-08T20,583.643
2026-11-08T21,586.503
2026-11-08T22,690.007
2026-11-08T23,1147.606
2026-11-09T00,1910.901
2026-11-09T01,2288.115
2026-11-09T02,2166.937
2026-11-09T03,2120.158
2026-11-09T04,2071.199
2026-11-09T05,2013.777
2026-11-09T06,1939.202
2026-11-09T07,1750.963
2026-11-09T08,1707.45
2026-11-09T09,1964.081
2026-11-09T10,2637.481
2026-11-09T11,2104.252
2026-11-09T12,1749.53
2026-11-09T13,1461.768
2026-11-09T14,1358.282
2026-11-09T15,1299.938
2026-11-09T16,1369.281
2026-11-09T17,1359.839
2026-11-09T18,1110.471
2026-11-09T19,1012.864
2026-11-09T20,1061.544
2026-11-09T21,1066.745
2026-11-09T22,1255.002
2026-11-09T23,2087.292
2026-11-10T00,1931.174
2026-11-10T01,2312.389
2026-11-10T02,2189.926
2026-11-10T03,2142.65
2026-11-10T04,2093.172
2026-11-10T05,2035.141
2026-11-10T06,1959.774
2026-11-10T07,1769.538
2026-11-10T08,1725.564
2026-11-10T09,1984.917
2026-11-10T10,2665.462
2026-11-10T11,2126.576
2026-11-10T12,1768.09
2026-11-10T13,1477.275
2026-11-10T14,1372.691
2026-11-10T15,1313.729
2026-11-10T16,1383.807
2026-11-10T17,1374.265
2026-11-10T18,1122.252
2026-11-10T19,1023.609
2026-11-10T20,1072.806
2026-11-10T21,1078.061
2026-11-10T22,1268.316
2026-11-10T23,2109.435
2026-11-11T00,2092.901
2026-11-11T01,2506.042
2026-11-11T02,2373.323
2026-11-11T03,2322.088
2026-11-11T04,2268.466
2026-11-11T05,2205.575
2026-11-11T06,2123.897
2026-11-11T07,1917.73
2026-11-11T08,1870.072
2026-11-11T09,2151.146
2026-11-11T10,2888.683
2026-11-11T11,2304.668
2026-11-11T12,1916.16
2026-11-11T13,1600.991
2026-11-11T14,1487.648
2026-11-11T15,1423.748
2026-11-11T16,1499.695
2026-11-11T17,1489.354
2026-11-11T18,1216.236
2026-11-11T19,1109.332
2026-11-11T20,1162.649
2026-11-11T21,1168.345
2026-11-11T22,1374.532
2026-11-11T23,2286.092
2026-11-12T00,2030.28
2026-11-12T01,2431.06
2026-11-12T02,2302.312
2026-11-12T03,2252.61
2026-11-12T04,2200.592
2026-11-12T05,2139.583
2026-11-12T06,2060.349
2026-11-12T07,1860.35
2026-11-12T08,1814.119
2026-11-12T09,2086.782
2026-11-12T10,2802.252
2026-11-12T11,2235.71
2026-11-12T12,1858.828
2026-11-12T13,1553.089
2026-11-12T14,1443.137
2026-11-12T15,1381.149
2026-11-12T16,1454.824
2026-11-12T17,1444.792
2026-11-12T18,1179.845
2026-11-12T19,1076.141
2026-11-12T20,1127.862
2026-11-12T21,1133.387
2026-11-12T22,1333.405
2026-11-12T23,2217.69
2026-11-13T00,2165.588
2026-11-13T01,2593.077
2026-11-13T02,2455.749
2026-11-13T03,2402.735
2026-11-13T04,2347.251
2026-11-13T05,2282.176
2026-11-13T06,2197.661
2026-11-13T07,1984.333
2026-11-13T08,1935.02
2026-11-13T09,2225.856
2026-11-13T10,2989.008
2026-11-13T11,2384.709
2026-11-13T12,1982.709
2026-11-13T13,1656.594
2026-11-13T14,1539.315
2026-11-13T15,1473.195
2026-11-13T16,1551.78
2026-11-13T17,1541.08
2026-11-13T18,1258.476
2026-11-13T19,1147.86
2026-11-13T20,1203.028
2026-11-13T21,1208.921
2026-11-13T22,1422.27
2026-11-13T23,2365.488
2026-11-14T00,832.359
2026-11-14T01,996.668
2026-11-14T02,943.884
2026-11-14T03,923.508
2026-11-14T04,902.182
2026-11-14T05,877.17
2026-11-14T06,844.686
2026-11-14T07,762.692
2026-11-14T08,743.739
2026-11-14T09,855.523
2026-11-14T10,1148.846
2026-11-14T11,916.58
2026-11-14T12,762.068
2026-11-14T13,636.724
2026-11-14T14,591.646
2026-11-14T15,566.233
2026-11-14T16,596.438
2026-11-14T17,592.325
2026-11-14T18,483.704
2026-11-14T19,441.188
2026-11-14T20,462.392
2026-11-14T21,464.657
2026-11-14T22,546.659
2026-11-14T23,909.192
2026-11-15T00,1230.123
2026-11-15T01,1472.95
2026-11-15T02,1394.944
2026-11-15T03,1364.83
2026-11-15T04,1333.313
2026-11-15T05,1296.348
2026-11-15T06,1248.341
2026-11-15T07,1127.164
2026-11-15T08,1099.153
2026-11-15T09,1264.357
2026-11-15T10,1697.851
2026-11-15T11,1354.591
2026-11-15T12,1126.242
2026-11-15T13,940.998
2026-11-15T14,874.38
2026-11-15T15,836.822
2026-11-15T16,881.46
2026-11-15T17,875.382
2026-11-15T18,714.854
2026-11-15T19,652.021
2026-11-15T20,683.358
2026-11-15T21,686.706
2026-11-15T22,807.894
2026-11-15T23,1343.673
2026-11-16T00,1070.779
2026-11-16T01,1282.152
2026-11-16T02,1214.25
2026-11-16T03,1188.037
2026-11-16T04,1160.602
2026-11-16T05,1128.426
2026-11-16T06,1086.637
2026-11-16T07,981.157
2026-11-16T08,956.774
2026-11-16T09,1100.578
2026-11-16T10,1477.92
2026-11-16T11,1179.124
2026-11-16T12,980.354
2026-11-16T13,819.106
2026-11-16T14,761.117
2026-11-16T15,728.424
2026-11-16T16,767.28
2026-11-16T17,761.99
2026-11-16T18,622.256
2026-11-16T19,567.561
2026-11-16T20,594.839
2026-11-16T21,597.753
2026-11-16T22,703.244
2026-11-16T23,1169.62
2026-11-17T00,1637.428
2026-11-17T01,1960.658
2026-11-17T02,1856.822
2026-11-17T03,1816.738
2026-11-17T04,1774.785
2026-11-17T05,1725.581
2026-11-17T06,1661.678
2026-11-17T07,1500.379
2026-11-17T08,1463.093
2026-11-17T09,1682.997
2026-11-17T10,2260.026
2026-11-17T11,1803.108
2026-11-17T12,1499.151
2026-11-17T13,1252.571
2026-11-17T14,1163.895
2026-11-17T15,1113.901
2026-11-17T16,1173.32
2026-11-17T17,1165.23
2026-11-17T18,951.549
2026-11-17T19,867.911
2026-11-17T20,909.624
2026-11-17T21,914.08
2026-11-17T22,1075.396
2026-11-17T23,1788.575
2026-11-18T00,799.32
2026-11-18T01,957.107
2026-11-18T02,906.419
2026-11-18T03,886.852
2026-11-18T04,866.372
2026-11-18T05,842.353
2026-11-18T06,811.158
2026-11-18T07,732.419
2026-11-18T08,714.218
2026-11-18T09,821.565
2026-11-18T10,1103.245
2026-11-18T11,880.198
2026-11-18T12,731.82
2026-11-18T13,611.45
2026-11-18T14,568.162
2026-11-18T15,543.758
2026-11-18T16,572.763
2026-11-18T17,568.814
2026-11-18T18,464.505
2026-11-18T19,423.676
2026-11-18T20,444.039
2026-11-18T21,446.214
2026-11-18T22,524.961
2026-11-18T23,873.104
2026-11-19T00,1086.424
2026-11-19T01,1300.885
2026-11-19T02,1231.99
2026-11-19T03,1205.395
2026-11-19T04,1177.559
2026-11-19T05,1144.913
2026-11-19T06,1102.514
2026-11-19T07,995.492
2026-11-19T08,970.753
2026-11-19T09,1116.658
2026-11-19T10,1499.513
2026-11-19T11,1196.351
2026-11-19T12,994.678
2026-11-19T13,831.073
2026-11-19T14,772.237
2026-11-19T15,739.067
2026-11-19T16,778.491
2026-11-19T17,773.123
2026-11-19T18,631.347
2026-11-19T19,575.854
2026-11-19T20,603.53
2026-11-19T21,606.487
2026-11-19T22,713.519
2026-11-19T23,1186.709
2026-11-20T00,790.052
2026-11-20T01,946.01
2026-11-20T02,895.909
2026-11-20T03,876.569
2026-11-20T04,856.327
2026-11-20T05,832.586
2026-11-20T06,801.753
2026-11-20T07,723.927
2026-11-20T08,705.936
2026-11-20T09,812.039
2026-11-20T10,1090.453
2026-11-20T11,869.992
2026-11-20T12,723.334
2026-11-20T13,604.361
2026-11-20T14,561.575
2026-11-20T15,537.453
2026-11-20T16,566.122
2026-11-20T17,562.219
2026-11-20T18,459.119
2026-11-20T19,418.764
2026-11-20T20,438.89
2026-11-20T21,441.04
2026-11-20T22,518.874
2026-11-20T23,862.98
2026-11-21T00,704.409
2026-11-21T01,843.46
2026-11-21T02,798.791
2026-11-21T03,781.547
2026-11-21T04,763.499
2026-11-21T05,742.332
2026-11-21T06,714.842
2026-11-21T07,645.452
2026-11-21T08,629.412
2026-11-21T09,724.013
2026-11-21T10,972.246
2026-11-21T11,775.684
2026-11-21T12,644.924
2026-11-21T13,538.847
2026-11-21T14,500.699
2026-11-21T15,479.192
2026-11-21T16,504.754
2026-11-21T17,501.273
2026-11-21T18,409.349
2026-11-21T19,373.369
2026-11-21T20,391.314
2026-11-21T21,393.231
2026-11-21T22,462.627
2026-11-21T23,769.432
2026-11-22T00,620.949
2026-11-22T01,743.525
2026-11-22T02,704.149
2026-11-22T03,688.948
2026-11-22T04,673.038
2026-11-22T05,654.379
2026-11-22T06,630.146
2026-11-22T07,568.977
2026-11-22T08,554.838
2026-11-22T09,638.23
2026-11-22T10,857.052
2026-11-22T11,683.779
2026-11-22T12,568.512
2026-11-22T13,475.003
2026-11-22T14,441.375
2026-11-22T15,422.416
2026-11-22T16,444.949
2026-11-22T17,441.881
2026-11-22T18,360.849
2026-11-22T19,329.131
2026-11-22T20,344.95
2026-11-22T21,346.64
2026-11-22T22,407.814
2026-11-22T23,678.268
2026-11-23T00,895.417
2026-11-23T01,1072.173
2026-11-23T02,1015.391
2026-11-23T03,993.471
2026-11-23T04,970.53
2026-11-23T05,943.623
2026-11-23T06,908.678
2026-11-23T07,820.472
2026-11-23T08,800.083
2026-11-23T09,920.336
2026-11-23T10,1235.881
2026-11-23T11,986.018
2026-11-23T12,819.801
2026-11-23T13,684.961
2026-11-23T14,636.468
2026-11-23T15,609.13
2026-11-23T16,641.623
2026-11-23T17,637.198
2026-11-23T18,520.349
2026-11-23T19,474.612
2026-11-23T20,497.422
2026-11-23T21,499.859
2026-11-23T22,588.073
2026-11-23T23,978.071
2026-11-24T00,2002.578
2026-11-24T01,2397.889
2026-11-24T02,2270.897
2026-11-24T03,2221.874
2026-11-24T04,2170.566
2026-11-24T05,2110.389
2026-11-24T06,2032.236
2026-11-24T07,1834.966
2026-11-24T08,1789.366
2026-11-24T09,2058.309
2026-11-24T10,2764.016
2026-11-24T11,2205.205
2026-11-24T12,1833.465
2026-11-24T13,1531.897
2026-11-24T14,1423.446
2026-11-24T15,1362.303
2026-11-24T16,1434.973
2026-11-24T17,1425.078
2026-11-24T18,1163.747
2026-11-24T19,1061.457
2026-11-24T20,1112.472
2026-11-24T21,1117.922
2026-11-24T22,1315.211
2026-11-24T23,2187.431
2026-11-25T00,933.172
2026-11-25T01,1117.381
2026-11-25T02,1058.205
2026-11-25T03,1035.361
2026-11-25T04,1011.452
2026-11-25T05,983.411
2026-11-25T06,946.993
2026-11-25T07,855.068
2026-11-25T08,833.818
2026-11-25T09,959.142
2026-11-25T10,1287.991
2026-11-25T11,1027.594
2026-11-25T12,854.368
2026-11-25T13,713.842
2026-11-25T14,663.305
2026-11-25T15,634.814
2026-11-25T16,668.677
2026-11-25T17,664.066
2026-11-25T18,542.289
2026-11-25T19,494.624
2026-11-25T20,518.396
2026-11-25T21,520.936
2026-11-25T22,612.869
2026-11-25T23,1019.311
2026-11-26T00,652.74
2026-11-26T01,781.592
2026-11-26T02,740.199
2026-11-26T03,724.22
2026-11-26T04,707.496
2026-11-26T05,687.882
2026-11-26T06,662.408
2026-11-26T07,598.107
2026-11-26T08,583.244
2026-11-26T09,670.906
2026-11-26T10,900.931
2026-11-26T11,718.787
2026-11-26T12,597.618
2026-11-26T13,499.322
2026-11-26T14,463.972
2026-11-26T15,444.043
2026-11-26T16,467.73
2026-11-26T17,464.504
2026-11-26T18,379.323
2026-11-26T19,345.982
2026-11-26T20,362.61
2026-11-26T21,364.387
2026-11-26T22,428.693
2026-11-26T23,712.993
2026-11-27T00,742.977
2026-11-27T01,889.642
2026-11-27T02,842.527
2026-11-27T03,824.338
2026-11-27T04,805.303
2026-11-27T05,782.976
2026-11-27T06,753.981
2026-11-27T07,680.791
2026-11-27T08,663.873
2026-11-27T09,763.654
2026-11-27T10,1025.479
2026-11-27T11,818.154
2026-11-27T12,680.234
2026-11-27T13,568.35
2026-11-27T14,528.113
2026-11-27T15,505.429
2026-11-27T16,532.39
2026-11-27T17,528.719
2026-11-27T18,431.762
2026-11-27T19,393.812
2026-11-27T20,412.739
2026-11-27T21,414.761
2026-11-27T22,487.957
2026-11-27T23,811.56
2026-11-28T00,808.718
2026-11-28T01,968.36
2026-11-28T02,917.076
2026-11-28T03,897.278
2026-11-28T04,876.558
2026-11-28T05,852.256
2026-11-28T06,820.695
2026-11-28T07,741.03
2026-11-28T08,722.615
2026-11-28T09,831.224
2026-11-28T10,1116.216
2026-11-28T11,890.547
2026-11-28T12,740.424
2026-11-28T13,618.639
2026-11-28T14,574.842
2026-11-28T15,550.151
2026-11-28T16,579.497
2026-11-28T17,575.501
2026-11-28T18,469.966
2026-11-28T19,428.657
2026-11-28T20,449.259
2026-11-28T21,451.46
2026-11-28T22,531.133
2026-11-28T23,883.369
2026-11-29T00,714.891
2026-11-29T01,856.011
2026-11-29T02,810.678
2026-11-29T03,793.177
2026-11-29T04,774.861
2026-11-29T05,753.378
2026-11-29T06,725.479
2026-11-29T07,655.056
2026-11-29T08,638.778
2026-11-29T09,734.787
2026-11-29T10,986.714
2026-11-29T11,787.226
2026-11-29T12,654.52
2026-11-29T13,546.865
2026-11-29T14,508.15
2026-11-29T15,486.323
2026-11-29T16,512.265
2026-11-29T17,508.732
2026-11-29T18,415.441
2026-11-29T19,378.925
2026-11-29T20,397.137
2026-11-29T21,399.082
2026-11-29T22,469.511
2026-11-29T23,780.881
2026-11-30T00,743.379
2026-11-30T01,890.122
2026-11-30T02,842.982
2026-11-30T03,824.784
2026-11-30T04,805.738
2026-11-30T05,783.399
2026-11-30T06,754.388
2026-11-30T07,681.159
2026-11-30T08,664.232
2026-11-30T09,764.066
2026-11-30T10,1026.033
2026-11-30T11,818.596
2026-11-30T12,680.602
2026-11-30T13,568.657
2026-11-30T14,528.398
2026-11-30T15,505.702
2026-11-30T16,532.677
2026-11-30T17,529.004
2026-11-30T18,431.995
2026-11-30T19,394.024
2026-11-30T20,412.962
2026-11-30T21,414.985
2026-11-30T22,488.221
2026-11-30T23,811.998
2026-12-01T00,1703.345
2026-12-01T01,2039.587
2026-12-01T02,1931.571
2026-12-01T03,1889.873
2026-12-01T04,1846.232
2026-12-01T05,1795.047
2026-12-01T06,1728.572
2026-12-01T07,1560.779
2026-12-01T08,1521.992
2026-12-01T09,1750.749
2026-12-01T10,2351.006
2026-12-01T11,1875.695
2026-12-01T12,1559.501
2026-12-01T13,1302.995
2026-12-01T14,1210.749
2026-12-01T15,1158.743
2026-12-01T16,1220.554
2026-12-01T17,1212.138
2026-12-01T18,989.855
2026-12-01T19,902.85
2026-12-01T20,946.243
2026-12-01T21,950.878
2026-12-01T22,1118.687
2026-12-01T23,1860.577
2026-12-02T00,1497.391
2026-12-02T01,1792.978
2026-12-02T02,1698.022
2026-12-02T03,1661.366
2026-12-02T04,1623.001
2026-12-02T05,1578.005
2026-12-02T06,1519.568
2026-12-02T07,1372.063
2026-12-02T08,1337.966
2026-12-02T09,1539.063
2026-12-02T10,2066.743
2026-12-02T11,1648.902
2026-12-02T12,1370.94
2026-12-02T13,1145.448
2026-12-02T14,1064.356
2026-12-02T15,1018.638
2026-12-02T16,1072.975
2026-12-02T17,1065.576
2026-12-02T18,870.17
2026-12-02T19,793.685
2026-12-02T20,831.831
2026-12-02T21,835.906
2026-12-02T22,983.425
2026-12-02T23,1635.612
2026-12-03T00,1529.048
2026-12-03T01,1830.883
2026-12-03T02,1733.92
2026-12-03T03,1696.489
2026-12-03T04,1657.313
2026-12-03T05,1611.366
2026-12-03T06,1551.693
2026-12-03T07,1401.069
2026-12-03T08,1366.252
2026-12-03T09,1571.601
2026-12-03T10,2110.436
2026-12-03T11,1683.761
2026-12-03T12,1399.923
2026-12-03T13,1169.664
2026-12-03T14,1086.857
2026-12-03T15,1040.173
2026-12-03T16,1095.659
2026-12-03T17,1088.104
2026-12-03T18,888.567
2026-12-03T19,810.464
2026-12-03T20,849.417
2026-12-03T21,853.578
2026-12-03T22,1004.216
2026-12-03T23,1670.19
2026-12-04T00,1434.071
2026-12-04T01,1717.158
2026-12-04T02,1626.218
2026-12-04T03,1591.112
2026-12-04T04,1554.369
2026-12-04T05,1511.276
2026-12-04T06,1455.31
2026-12-04T07,1314.042
2026-12-04T08,1281.387
2026-12-04T09,1473.981
2026-12-04T10,1979.346
2026-12-04T11,1579.175
2026-12-04T12,1312.967
2026-12-04T13,1097.011
2026-12-04T14,1019.347
2026-12-04T15,975.562
2026-12-04T16,1027.602
2026-12-04T17,1020.516
2026-12-04T18,833.374
2026-12-04T19,760.123
2026-12-04T20,796.655
2026-12-04T21,800.558
2026-12-04T22,941.839
2026-12-04T23,1566.447
2026-12-05T00,1541.914
2026-12-05T01,1846.289
2026-12-05T02,1748.51
2026-12-05T03,1710.764
2026-12-05T04,1671.259
2026-12-05T05,1624.925
2026-12-05T06,1564.75
2026-12-05T07,1412.859
2026-12-05T08,1377.748
2026-12-05T09,1584.825
2026-12-05T10,2128.194
2026-12-05T11,1697.929
2026-12-05T12,1411.703
2026-12-05T13,1179.506
2026-12-05T14,1096.003
2026-12-05T15,1048.925
2026-12-05T16,1104.878
2026-12-05T17,1097.259
2026-12-05T18,896.044
2026-12-05T19,817.284
2026-12-05T20,856.564
2026-12-05T21,860.76
2026-12-05T22,1012.666
2026-12-05T23,1684.244
2026-12-06T00,1003.493
2026-12-06T01,1201.583
2026-12-06T02,1137.948
2026-12-06T03,1113.382
2026-12-06T04,1087.672
2026-12-06T05,1057.517
2026-12-06T06,1018.355
2026-12-06T07,919.503
2026-12-06T08,896.652
2026-12-06T09,1031.42
2026-12-06T10,1385.05
2026-12-06T11,1105.03
2026-12-06T12,918.75
2026-12-06T13,767.635
2026-12-06T14,713.29
2026-12-06T15,682.651
2026-12-06T16,719.066
2026-12-06T17,714.107
2026-12-06T18,583.154
2026-12-06T19,531.897
2026-12-06T20,557.461
2026-12-06T21,560.192
2026-12-06T22,659.053
2026-12-06T23,1096.123
2026-12-07T00,1138.367
2026-12-07T01,1363.081
2026-12-07T02,1290.893
2026-12-07T03,1263.026
2026-12-07T04,1233.86
2026-12-07T05,1199.652
2026-12-07T06,1155.226
2026-12-07T07,1043.088
2026-12-07T08,1017.166
2026-12-07T09,1170.047
2026-12-07T10,1571.207
2026-12-07T11,1253.55
2026-12-07T12,1042.234
2026-12-07T13,870.808
2026-12-07T14,809.159
2026-12-07T15,774.402
2026-12-07T16,815.711
2026-12-07T17,810.087
2026-12-07T18,661.532
2026-12-07T19,603.386
2026-12-07T20,632.386
2026-12-07T21,635.484
2026-12-07T22,747.633
2026-12-07T23,1243.446
2026-12-08T00,1348.153
2026-12-08T01,1614.279
2026-12-08T02,1528.788
2026-12-08T03,1495.785
2026-12-08T04,1461.244
2026-12-08T05,1420.732
2026-12-08T06,1368.119
2026-12-08T07,1235.315
2026-12-08T08,1204.616
2026-12-08T09,1385.671
2026-12-08T10,1860.759
2026-12-08T11,1484.563
2026-12-08T12,1234.304
2026-12-08T13,1031.286
2026-12-08T14,958.276
2026-12-08T15,917.114
2026-12-08T16,966.036
2026-12-08T17,959.375
2026-12-08T18,783.444
2026-12-08T19,714.582
2026-12-08T20,748.926
2026-12-08T21,752.595
2026-12-08T22,885.411
2026-12-08T23,1472.597
2026-12-09T00,1439.229
2026-12-09T01,1723.334
2026-12-09T02,1632.067
2026-12-09T03,1596.834
2026-12-09T04,1559.96
2026-12-09T05,1516.712
2026-12-09T06,1460.544
2026-12-09T07,1318.768
2026-12-09T08,1285.996
2026-12-09T09,1479.282
2026-12-09T10,1986.465
2026-12-09T11,1584.855
2026-12-09T12,1317.689
2026-12-09T13,1100.956
2026-12-09T14,1023.014
2026-12-09T15,979.071
2026-12-09T16,1031.298
2026-12-09T17,1024.187
2026-12-09T18,836.371
2026-12-09T19,762.856
2026-12-09T20,799.521
2026-12-09T21,803.437
2026-12-09T22,945.227
2026-12-09T23,1572.08
2026-12-10T00,1274.434
2026-12-10T01,1526.008
2026-12-10T02,1445.191
2026-12-10T03,1413.993
2026-12-10T04,1381.341
2026-12-10T05,1343.045
2026-12-10T06,1293.308
2026-12-10T07,1167.766
2026-12-10T08,1138.746
2026-12-10T09,1309.901
2026-12-10T10,1759.01
2026-12-10T11,1403.385
2026-12-10T12,1166.811
2026-12-10T13,974.894
2026-12-10T14,905.876
2026-12-10T15,866.965
2026-12-10T16,913.212
2026-12-10T17,906.915
2026-12-10T18,740.604
2026-12-10T19,675.508
2026-12-10T20,707.974
2026-12-10T21,711.442
2026-12-10T22,836.996
2026-12-10T23,1392.073
2026-12-11T00,1425.323
2026-12-11T01,1706.683
2026-12-11T02,1616.298
2026-12-11T03,1581.405
2026-12-11T04,1544.887
2026-12-11T05,1502.057
2026-12-11T06,1446.432
2026-12-11T07,1306.026
2026-12-11T08,1273.57
2026-12-11T09,1464.989
2026-12-11T10,1967.272
2026-12-11T11,1569.541
2026-12-11T12,1304.957
2026-12-11T13,1090.319
2026-12-11T14,1013.129
2026-12-11T15,969.611
2026-12-11T16,1021.333
2026-12-11T17,1014.291
2026-12-11T18,828.29
2026-12-11T19,755.486
2026-12-11T20,791.796
2026-12-11T21,795.674
2026-12-11T22,936.094
2026-12-11T23,1556.891
2026-12-12T00,1130.904
2026-12-12T01,1354.146
2026-12-12T02,1282.431
2026-12-12T03,1254.746
2026-12-12T04,1225.771
2026-12-12T05,1191.788
2026-12-12T06,1147.653
2026-12-12T07,1036.25
2026-12-12T08,1010.498
2026-12-12T09,1162.377
2026-12-12T10,1560.907
2026-12-12T11,1245.333
2026-12-12T12,1035.402
2026-12-12T13,865.099
2026-12-12T14,803.854
2026-12-12T15,769.326
2026-12-12T16,810.364
2026-12-12T17,804.776
2026-12-12T18,657.196
2026-12-12T19,599.43
2026-12-12T20,628.24
2026-12-12T21,631.318
2026-12-12T22,742.732
2026-12-12T23,1235.295
2026-12-13T00,1210.104
2026-12-13T01,1448.98
2026-12-13T02,1372.243
2026-12-13T03,1342.619
2026-12-13T04,1311.615
2026-12-13T05,1275.252
2026-12-13T06,1228.026
2026-12-13T07,1108.821
2026-12-13T08,1081.266
2026-12-13T09,1243.781
2026-12-13T10,1670.221
2026-12-13T11,1332.547
2026-12-13T12,1107.914
2026-12-13T13,925.685
2026-12-13T14,860.15
2026-12-13T15,823.204
2026-12-13T16,867.116
2026-12-13T17,861.137
2026-12-13T18,703.221
2026-12-13T19,641.41
2026-12-13T20,672.237
2026-12-13T21,675.531
2026-12-13T22,794.747
2026-12-13T23,1321.806
2026-12-14T00,1655.194
2026-12-14T01,1981.93
2026-12-14T02,1876.968
2026-12-14T03,1836.449
2026-12-14T04,1794.041
2026-12-14T05,1744.303
2026-12-14T06,1679.707
2026-12-14T07,1516.657
2026-12-14T08,1478.967
2026-12-14T09,1701.257
2026-12-14T10,2284.546
2026-12-14T11,1822.671
2026-12-14T12,1515.416
2026-12-14T13,1266.161
2026-12-14T14,1176.523
2026-12-14T15,1125.987
2026-12-14T16,1186.05
2026-12-14T17,1177.872
2026-12-14T18,961.873
2026-12-14T19,877.328
2026-12-14T20,919.494
2026-12-14T21,923.998
2026-12-14T22,1087.063
2026-12-14T23,1807.98
2026-12-15T00,1761.912
2026-12-15T01,2109.715
2026-12-15T02,1997.985
2026-12-15T03,1954.853
2026-12-15T04,1909.711
2026-12-15T05,1856.767
2026-12-15T06,1788.006
2026-12-15T07,1614.443
2026-12-15T08,1574.323
2026-12-15T09,1810.945
2026-12-15T10,2431.842
2026-12-15T11,1940.187
2026-12-15T12,1613.122
2026-12-15T13,1347.797
2026-12-15T14,1252.379
2026-12-15T15,1198.584
2026-12-15T16,1262.52
2026-12-15T17,1253.815
2026-12-15T18,1023.89
2026-12-15T19,933.893
2026-12-15T20,978.777
2026-12-15T21,983.572
2026-12-15T22,1157.151
2026-12-15T23,1924.549
2026-12-16T00,1496.131
2026-12-16T01,1791.469
2026-12-16T02,1696.594
2026-12-16T03,1659.968
2026-12-16T04,1621.636
2026-12-16T05,1576.678
2026-12-16T06,1518.289
2026-12-16T07,1370.908
2026-12-16T08,1336.84
2026-12-16T09,1537.768
2026-12-16T10,2065.004
2026-12-16T11,1647.515
2026-12-16T12,1369.786
2026-12-16T13,1144.485
2026-12-16T14,1063.46
2026-12-16T15,1017.781
2026-12-16T16,1072.072
2026-12-16T17,1064.68
2026-12-16T18,869.438
2026-12-16T19,793.017
2026-12-16T20,831.131
2026-12-16T21,835.203
2026-12-16T22,982.598
2026-12-16T23,1634.236
2026-12-17T00,1390.638
2026-12-17T01,1665.151
2026-12-17T02,1576.966
2026-12-17T03,1542.922
2026-12-17T04,1507.293
2026-12-17T05,1465.505
2026-12-17T06,1411.233
2026-12-17T07,1274.244
2026-12-17T08,1242.578
2026-12-17T09,1429.339
2026-12-17T10,1919.399
2026-12-17T11,1531.347
2026-12-17T12,1273.202
2026-12-17T13,1063.786
2026-12-17T14,988.475
2026-12-17T15,946.016
2026-12-17T16,996.48
2026-12-17T17,989.608
2026-12-17T18,808.134
2026-12-17T19,737.101
2026-12-17T20,772.527
2026-12-17T21,776.312
2026-12-17T22,913.314
2026-12-17T23,1519.004
2026-12-18T00,1408.908
2026-12-18T01,1687.028
2026-12-18T02,1597.683
2026-12-18T03,1563.193
2026-12-18T04,1527.096
2026-12-18T05,1484.759
2026-12-18T06,1429.774
2026-12-18T07,1290.985
2026-12-18T08,1258.903
2026-12-18T09,1448.117
2026-12-18T10,1944.616
2026-12-18T11,1551.466
2026-12-18T12,1289.929
2026-12-18T13,1077.762
2026-12-18T14,1001.461
2026-12-18T15,958.445
2026-12-18T16,1009.571
2026-12-18T17,1002.61
2026-12-18T18,818.751
2026-12-18T19,746.785
2026-12-18T20,782.677
2026-12-18T21,786.511
2026-12-18T22,925.313
2026-12-18T23,1538.961
2026-12-19T00,1220.837
2026-12-19T01,1461.831
2026-12-19T02,1384.413
2026-12-19T03,1354.527
2026-12-19T04,1323.248
2026-12-19T05,1286.562
2026-12-19T06,1238.917
2026-12-19T07,1118.655
2026-12-19T08,1090.856
2026-12-19T09,1254.812
2026-12-19T10,1685.034
2026-12-19T11,1344.365
2026-12-19T12,1117.74
2026-12-19T13,933.894
2026-12-19T14,867.779
2026-12-19T15,830.505
2026-12-19T16,874.806
2026-12-19T17,868.774
2026-12-19T18,709.458
2026-12-19T19,647.099
2026-12-19T20,678.199
2026-12-19T21,681.522
2026-12-19T22,801.796
2026-12-19T23,1333.529
2026-12-20T00,968.524
2026-12-20T01,1159.712
2026-12-20T02,1098.294
2026-12-20T03,1074.584
2026-12-20T04,1049.77
2026-12-20T05,1020.666
2026-12-20T06,982.868
2026-12-20T07,887.461
2026-12-20T08,865.406
2026-12-20T09,995.478
2026-12-20T10,1336.785
2026-12-20T11,1066.522
2026-12-20T12,886.734
2026-12-20T13,740.885
2026-12-20T14,688.433
2026-12-20T15,658.863
2026-12-20T16,694.008
2026-12-20T17,689.223
2026-12-20T18,562.833
2026-12-20T19,513.362
2026-12-20T20,538.035
2026-12-20T21,540.67
2026-12-20T22,636.087
2026-12-20T23,1057.926
2026-12-21T00,974.912
2026-12-21T01,1167.361
2026-12-21T02,1105.538
2026-12-21T03,1081.672
2026-12-21T04,1056.694
2026-12-21T05,1027.398
2026-12-21T06,989.351
2026-12-21T07,893.314
2026-12-21T08,871.114
2026-12-21T09,1002.044
2026-12-21T10,1345.602
2026-12-21T11,1073.557
2026-12-21T12,892.583
2026-12-21T13,745.771
2026-12-21T14,692.974
2026-12-21T15,663.208
2026-12-21T16,698.586
2026-12-21T17,693.769
2026-12-21T18,566.545
2026-12-21T19,516.748
2026-12-21T20,541.583
2026-12-21T21,544.236
2026-12-21T22,640.282
2026-12-21T23,1064.904
2026-12-22T00,864.433
2026-12-22T01,1035.072
2026-12-22T02,980.255
2026-12-22T03,959.094
2026-12-22T04,936.946
2026-12-22T05,910.97
2026-12-22T06,877.235
2026-12-22T07,792.081
2026-12-22T08,772.397
2026-12-22T09,888.489
2026-12-22T10,1193.115
2026-12-22T11,951.899
2026-12-22T12,791.433
2026-12-22T13,661.259
2026-12-22T14,614.444
2026-12-22T15,588.052
2026-12-22T16,619.42
2026-12-22T17,615.149
2026-12-22T18,502.343
2026-12-22T19,458.188
2026-12-22T20,480.21
2026-12-22T21,482.562
2026-12-22T22,567.724
2026-12-22T23,944.226
2026-12-23T00,1258.609
2026-12-23T01,1507.06
2026-12-23T02,1427.246
2026-12-23T03,1396.436
2026-12-23T04,1364.189
2026-12-23T05,1326.368
2026-12-23T06,1277.249
2026-12-23T07,1153.266
2026-12-23T08,1124.606
2026-12-23T09,1293.636
2026-12-23T10,1737.169
2026-12-23T11,1385.959
2026-12-23T12,1152.322
2026-12-23T13,962.789
2026-12-23T14,894.628
2026-12-23T15,856.2
2026-12-23T16,901.873
2026-12-23T17,895.654
2026-12-23T18,731.408
2026-12-23T19,667.12
2026-12-23T20,699.183
2026-12-23T21,702.608
2026-12-23T22,826.603
2026-12-23T23,1374.788
2026-12-24T00,1364.366
2026-12-24T01,1633.693
2026-12-24T02,1547.173
2026-12-24T03,1513.773
2026-12-24T04,1478.817
2026-12-24T05,1437.818
2026-12-24T06,1384.572
2026-12-24T07,1250.171
2026-12-24T08,1219.103
2026-12-24T09,1402.335
2026-12-24T10,1883.137
2026-12-24T11,1502.416
2026-12-24T12,1249.148
2026-12-24T13,1043.689
2026-12-24T14,969.8
2026-12-24T15,928.144
2026-12-24T16,977.654
2026-12-24T17,970.912
2026-12-24T18,792.866
2026-12-24T19,723.176
2026-12-24T20,757.933
2026-12-24T21,761.646
2026-12-24T22,896.059
2026-12-24T23,1490.307
2026-12-25T00,1180.61
2026-12-25T01,1413.663
2026-12-25T02,1338.796
2026-12-25T03,1309.895
2026-12-25T04,1279.646
2026-12-25T05,1244.169
2026-12-25T06,1198.095
2026-12-25T07,1081.795
2026-12-25T08,1054.911
2026-12-25T09,1213.466
2026-12-25T10,1629.512
2026-12-25T11,1300.067
2026-12-25T12,1080.91
2026-12-25T13,903.122
2026-12-25T14,839.185
2026-12-25T15,803.139
2026-12-25T16,845.981
2026-12-25T17,840.148
2026-12-25T18,686.081
2026-12-25T19,625.777
2026-12-25T20,655.853
2026-12-25T21,659.065
2026-12-25T22,775.376
2026-12-25T23,1289.589
2026-12-26T00,1512.985
2026-12-26T01,1811.649
2026-12-26T02,1715.705
2026-12-26T03,1678.667
2026-12-26T04,1639.903
2026-12-26T05,1594.438
2026-12-26T06,1535.392
2026-12-26T07,1386.351
2026-12-26T08,1351.899
2026-12-26T09,1555.09
2026-12-26T10,2088.265
2026-12-26T11,1666.073
2026-12-26T12,1385.216
2026-12-26T13,1157.377
2026-12-26T14,1075.44
2026-12-26T15,1029.245
2026-12-26T16,1084.149
2026-12-26T17,1076.673
2026-12-26T18,879.232
2026-12-26T19,801.95
2026-12-26T20,840.493
2026-12-26T21,844.611
2026-12-26T22,993.666
2026-12-26T23,1652.644
2026-12-27T00,1592.837
2026-12-27T01,1907.264
2026-12-27T02,1806.256
2026-12-27T03,1767.263
2026-12-27T04,1726.453
2026-12-27T05,1678.589
2026-12-27T06,1616.427
2026-12-27T07,1459.52
2026-12-27T08,1423.249
2026-12-27T09,1637.165
2026-12-27T10,2198.479
2026-12-27T11,1754.005
2026-12-27T12,1458.325
2026-12-27T13,1218.461
2026-12-27T14,1132.199
2026-12-27T15,1083.567
2026-12-27T16,1141.368
2026-12-27T17,1133.497
2026-12-27T18,925.636
2026-12-27T19,844.276
2026-12-27T20,884.853
2026-12-27T21,889.188
2026-12-27T22,1046.11
2026-12-27T23,1739.868
2026-12-28T00,1189.449
2026-12-28T01,1424.248
2026-12-28T02,1348.82
2026-12-28T03,1319.702
2026-12-28T04,1289.227
2026-12-28T05,1253.485
2026-12-28T06,1207.065
2026-12-28T07,1089.895
2026-12-28T08,1062.81
2026-12-28T09,1222.551
2026-12-28T10,1641.712
2026-12-28T11,1309.801
2026-12-28T12,1089.003
2026-12-28T13,909.884
2026-12-28T14,845.469
2026-12-28T15,809.152
2026-12-28T16,852.315
2026-12-28T17,846.438
2026-12-28T18,691.218
2026-12-28T19,630.462
2026-12-28T20,660.763
2026-12-28T21,664.0
2026-12-28T22,781.182
2026-12-28T23,1299.244
2026-12-29T00,1153.799
2026-12-29T01,1381.56
2026-12-29T02,1308.394
2026-12-29T03,1280.148
2026-12-29T04,1250.587
2026-12-29T05,1215.916
2026-12-29T06,1170.887
2026-12-29T07,1057.229
2026-12-29T08,1030.956
2026-12-29T09,1185.909
2026-12-29T10,1592.507
2026-12-29T11,1270.544
2026-12-29T12,1056.364
2026-12-29T13,882.613
2026-12-29T14,820.128
2026-12-29T15,784.901
2026-12-29T16,826.77
2026-12-29T17,821.069
2026-12-29T18,670.501
2026-12-29T19,611.566
2026-12-29T20,640.959
2026-12-29T21,644.099
2026-12-29T22,757.768
2026-12-29T23,1260.304
2026-12-30T00,1143.512
2026-12-30T01,1369.242
2026-12-30T02,1296.727
2026-12-30T03,1268.734
2026-12-30T04,1239.436
2026-12-30T05,1205.074
2026-12-30T06,1160.447
2026-12-30T07,1047.802
2026-12-30T08,1021.763
2026-12-30T09,1175.335
2026-12-30T10,1578.308
2026-12-30T11,1259.216
2026-12-30T12,1046.945
2026-12-30T13,874.744
2026-12-30T14,812.816
2026-12-30T15,777.902
2026-12-30T16,819.398
2026-12-30T17,813.748
2026-12-30T18,664.522
2026-12-30T19,606.113
2026-12-30T20,635.244
2026-12-30T21,638.356
2026-12-30T22,751.012
2026-12-30T23,1249.066
2026-12-31T00,1638.179
2026-12-31T01,1961.556
2026-12-31T02,1857.673
2026-12-31T03,1817.57
2026-12-31T04,1775.599
2026-12-31T05,1726.372
2026-12-31T06,1662.44
2026-12-31T07,1501.066
2026-12-31T08,1463.763
2026-12-31T09,1683.769
2026-12-31T10,2261.061
2026-12-31T11,1803.935
2026-12-31T12,1499.838
2026-12-31T13,1253.145
2026-12-31T14,1164.428
2026-12-31T15,1114.412
2026-12-31T16,1173.858
2026-12-31T17,1165.764
2026-12-31T18,951.985
2026-12-31T19,868.309
2026-12-31T20,910.041
2026-12-31T21,914.499
2026-12-31T22,1075.889
2026-12-31T23,1789.395
