bucket,value
2026-01-01T00,1594.209
2026-01-01T01,1908.907
2026-01-01T02,1807.812
2026-01-01T03,1768.786
2026-01-01T04,1727.941
2026-01-01T05,1680.035
2026-01-01T06,1617.819
2026-01-01T07,1460.777
2026-01-01T08,1424.475
2026-01-01T09,1638.575
2026-01-01T10,2200.373
2026-01-01T11,1755.516
2026-01-01T12,1459.582
2026-01-01T13,1219.51
2026-01-01T14,1133.174
2026-01-01T15,1084.5
2026-01-01T16,1142.351
2026-01-01T17,1134.474
2026-01-01T18,926.434
2026-01-01T19,845.003
2026-01-01T20,885.615
2026-01-01T21,889.954
2026-01-01T22,1047.011
2026-01-01T23,1741.366
2026-01-02T00,1920.138
2026-01-02T01,2299.175
2026-01-02T02,2177.412
2026-01-02T03,2130.407
2026-01-02T04,2081.211
2026-01-02T05,2023.512
2026-01-02T06,1948.576
2026-01-02T07,1759.427
2026-01-02T08,1715.703
2026-01-02T09,1973.575
2026-01-02T10,2650.231
2026-01-02T11,2114.424
2026-01-02T12,1757.987
2026-01-02T13,1468.834
2026-01-02T14,1364.847
2026-01-02T15,1306.222
2026-01-02T16,1375.9
2026-01-02T17,1366.412
2026-01-02T18,1115.839
2026-01-02T19,1017.76
2026-01-02T20,1066.676
2026-01-02T21,1071.901
2026-01-02T22,1261.068
2026-01-02T23,2097.382
2026-01-03T00,2032.664
2026-01-03T01,2433.914
2026-01-03T02,2305.015
2026-01-03T03,2255.255
2026-01-03T04,2203.176
2026-01-03T05,2142.096
2026-01-03T06,2062.768
2026-01-03T07,1862.534
2026-01-03T08,1816.249
2026-01-03T09,2089.233
2026-01-03T10,2805.542
2026-01-03T11,2238.336
2026-01-03T12,1861.01
2026-01-03T13,1554.912
2026-01-03T14,1444.831
2026-01-03T15,1382.77
2026-01-03T16,1456.532
2026-01-03T17,1446.488
2026-01-03T18,1181.231
2026-01-03T19,1077.404
2026-01-03T20,1129.186
2026-01-03T21,1134.718
2026-01-03T22,1334.971
2026-01-03T23,2220.294
2026-01-04T00,1950.962
2026-01-04T01,2336.084
2026-01-04T02,2212.366
2026-01-04T03,2164.606
2026-01-04T04,2114.62
2026-01-04T05,2055.995
2026-01-04T06,1979.856
2026-01-04T07,1787.67
2026-01-04T08,1743.245
2026-01-04T09,2005.257
2026-01-04T10,2692.774
2026-01-04T11,2148.366
2026-01-04T12,1786.208
2026-01-04T13,1492.413
2026-01-04T14,1386.757
2026-01-04T15,1327.19
2026-01-04T16,1397.987
2026-01-04T17,1388.347
2026-01-04T18,1133.751
2026-01-04T19,1034.098
2026-01-04T20,1083.799
2026-01-04T21,1089.108
2026-01-04T22,1281.312
2026-01-04T23,2131.05
2026-01-05T00,1772.034
2026-01-05T01,2121.835
2026-01-05T02,2009.464
2026-01-05T03,1966.084
2026-01-05T04,1920.683
2026-01-05T05,1867.434
2026-01-05T06,1798.278
2026-01-05T07,1623.718
2026-01-05T08,1583.367
2026-01-05T09,1821.349
2026-01-05T10,2445.813
2026-01-05T11,1951.334
2026-01-05T12,1622.39
2026-01-05T13,1355.54
2026-01-05T14,1259.574
2026-01-05T15,1205.47
2026-01-05T16,1269.774
2026-01-05T17,1261.018
2026-01-05T18,1029.772
2026-01-05T19,939.258
2026-01-05T20,984.401
2026-01-05T21,989.223
2026-01-05T22,1163.799
2026-01-05T23,1935.606
2026-01-06T00,1890.37
2026-01-06T01,2263.53
2026-01-06T02,2143.655
2026-01-06T03,2097.378
2026-01-06T04,2048.945
2026-01-06T05,1992.14
2026-01-06T06,1918.366
2026-01-06T07,1732.149
2026-01-06T08,1689.104
2026-01-06T09,1942.978
2026-01-06T10,2609.143
2026-01-06T11,2081.643
2026-01-06T12,1730.732
2026-01-06T13,1446.062
2026-01-06T14,1343.687
2026-01-06T15,1285.971
2026-01-06T16,1354.569
2026-01-06T17,1345.228
2026-01-06T18,1098.54
2026-01-06T19,1001.981
2026-01-06T20,1050.138
2026-01-06T21,1055.283
2026-01-06T22,1241.517
2026-01-06T23,2064.865
2026-01-07T00,1846.794
2026-01-07T01,2211.353
2026-01-07T02,2094.241
2026-01-07T03,2049.031
2026-01-07T04,2001.714
2026-01-07T05,1946.219
2026-01-07T06,1874.145
2026-01-07T07,1692.221
2026-01-07T08,1650.168
2026-01-07T09,1898.19
2026-01-07T10,2548.999
2026-01-07T11,2033.659
2026-01-07T12,1690.837
2026-01-07T13,1412.728
2026-01-07T14,1312.714
2026-01-07T15,1256.328
2026-01-07T16,1323.344
2026-01-07T17,1314.219
2026-01-07T18,1073.217
2026-01-07T19,978.885
2026-01-07T20,1025.931
2026-01-07T21,1030.957
2026-01-07T22,1212.899
2026-01-07T23,2017.267
2026-01-08T00,2051.171
2026-01-08T01,2456.074
2026-01-08T02,2326.002
2026-01-08T03,2275.789
2026-01-08T04,2223.236
2026-01-08T05,2161.599
2026-01-08T06,2081.549
2026-01-08T07,1879.492
2026-01-08T08,1832.785
2026-01-08T09,2108.255
2026-01-08T10,2831.086
2026-01-08T11,2258.715
2026-01-08T12,1877.954
2026-01-08T13,1569.069
2026-01-08T14,1457.986
2026-01-08T15,1395.36
2026-01-08T16,1469.793
2026-01-08T17,1459.658
2026-01-08T18,1191.985
2026-01-08T19,1087.214
2026-01-08T20,1139.467
2026-01-08T21,1145.049
2026-01-08T22,1347.125
2026-01-08T23,2240.51
2026-01-09T00,1948.069
2026-01-09T01,2332.619
2026-01-09T02,2209.085
2026-01-09T03,2161.396
2026-01-09T04,2111.484
2026-01-09T05,2052.946
2026-01-09T06,1976.92
2026-01-09T07,1785.019
2026-01-09T08,1740.66
2026-01-09T09,2002.283
2026-01-09T10,2688.781
2026-01-09T11,2145.18
2026-01-09T12,1783.559
2026-01-09T13,1490.2
2026-01-09T14,1384.7
2026-01-09T15,1325.222
2026-01-09T16,1395.914
2026-01-09T17,1386.288
2026-01-09T18,1132.07
2026-01-09T19,1032.565
2026-01-09T20,1082.191
2026-01-09T21,1087.493
2026-01-09T22,1279.412
2026-01-09T23,2127.89
2026-01-10T00,2101.472
2026-01-10T01,2516.305
2026-01-10T02,2383.042
2026-01-10T03,2331.598
2026-01-10T04,2277.756
2026-01-10T05,2214.608
2026-01-10T06,2132.595
2026-01-10T07,1925.583
2026-01-10T08,1877.731
2026-01-10T09,2159.955
2026-01-10T10,2900.513
2026-01-10T11,2314.106
2026-01-10T12,1924.007
2026-01-10T13,1607.548
2026-01-10T14,1493.741
2026-01-10T15,1429.579
2026-01-10T16,1505.837
2026-01-10T17,1495.453
2026-01-10T18,1221.217
2026-01-10T19,1113.875
2026-01-10T20,1167.41
2026-01-10T21,1173.129
2026-01-10T22,1380.161
2026-01-10T23,2295.454
2026-01-11T00,6141.169
2026-01-11T01,7353.442
2026-01-11T02,6964.007
2026-01-11T03,6813.67
2026-01-11T04,6656.327
2026-01-11T05,6471.788
2026-01-11T06,6232.12
2026-01-11T07,5627.166
2026-01-11T08,5487.325
2026-01-11T09,6312.076
2026-01-11T10,8476.22
2026-01-11T11,6762.552
2026-01-11T12,5622.561
2026-01-11T13,4697.765
2026-01-11T14,4365.184
2026-01-11T15,4177.683
2026-01-11T16,4400.534
2026-01-11T17,4370.19
2026-01-11T18,3568.783
2026-01-11T19,3255.098
2026-01-11T20,3411.543
2026-01-11T21,3428.256
2026-01-11T22,4033.268
2026-01-11T23,6708.045
2026-01-12T00,1709.093
2026-01-12T01,2046.469
2026-01-12T02,1938.089
2026-01-12T03,1896.25
2026-01-12T04,1852.461
2026-01-12T05,1801.104
2026-01-12T06,1734.404
2026-01-12T07,1566.045
2026-01-12T08,1527.127
2026-01-12T09,1756.656
2026-01-12T10,2358.939
2026-01-12T11,1882.024
2026-01-12T12,1564.763
2026-01-12T13,1307.392
2026-01-12T14,1214.834
2026-01-12T15,1162.653
2026-01-12T16,1224.672
2026-01-12T17,1216.228
2026-01-12T18,993.195
2026-01-12T19,905.896
2026-01-12T20,949.435
2026-01-12T21,954.087
2026-01-12T22,1122.462
2026-01-12T23,1866.855
2026-01-13T00,1891.563
2026-01-13T01,2264.959
2026-01-13T02,2145.008
2026-01-13T03,2098.702
2026-01-13T04,2050.239
2026-01-13T05,1993.398
2026-01-13T06,1919.577
2026-01-13T07,1733.243
2026-01-13T08,1690.17
2026-01-13T09,1944.205
2026-01-13T10,2610.79
2026-01-13T11,2082.957
2026-01-13T12,1731.825
2026-01-13T13,1446.975
2026-01-13T14,1344.536
2026-01-13T15,1286.783
2026-01-13T16,1355.424
2026-01-13T17,1346.078
2026-01-13T18,1099.233
2026-01-13T19,1002.614
2026-01-13T20,1050.801
2026-01-13T21,1055.949
2026-01-13T22,1242.301
2026-01-13T23,2066.168
2026-01-14T00,3105.697
2026-01-14T01,3718.764
2026-01-14T02,3521.82
2026-01-14T03,3445.792
2026-01-14T04,3366.221
2026-01-14T05,3272.896
2026-01-14T06,3151.692
2026-01-14T07,2845.756
2026-01-14T08,2775.036
2026-01-14T09,3192.127
2026-01-14T10,4286.572
2026-01-14T11,3419.941
2026-01-14T12,2843.427
2026-01-14T13,2375.742
2026-01-14T14,2207.55
2026-01-14T15,2112.727
2026-01-14T16,2225.427
2026-01-14T17,2210.081
2026-01-14T18,1804.796
2026-01-14T19,1646.16
2026-01-14T20,1725.277
2026-01-14T21,1733.729
2026-01-14T22,2039.694
2026-01-14T23,3392.376
2026-01-15T00,1734.035
2026-01-15T01,2076.335
2026-01-15T02,1966.373
2026-01-15T03,1923.924
2026-01-15T04,1879.496
2026-01-15T05,1827.389
2026-01-15T06,1759.716
2026-01-15T07,1588.9
2026-01-15T08,1549.414
2026-01-15T09,1782.293
2026-01-15T10,2393.365
2026-01-15T11,1909.49
2026-01-15T12,1587.6
2026-01-15T13,1326.472
2026-01-15T14,1232.564
2026-01-15T15,1179.62
2026-01-15T16,1242.545
2026-01-15T17,1233.977
2026-01-15T18,1007.69
2026-01-15T19,919.117
2026-01-15T20,963.291
2026-01-15T21,968.01
2026-01-15T22,1138.843
2026-01-15T23,1894.099
2026-01-16T00,1845.216
2026-01-16T01,2209.464
2026-01-16T02,2092.451
2026-01-16T03,2047.28
2026-01-16T04,2000.004
2026-01-16T05,1944.556
2026-01-16T06,1872.544
2026-01-16T07,1690.775
2026-01-16T08,1648.758
2026-01-16T09,1896.568
2026-01-16T10,2546.821
2026-01-16T11,2031.921
2026-01-16T12,1689.392
2026-01-16T13,1411.521
2026-01-16T14,1311.592
2026-01-16T15,1255.254
2026-01-16T16,1322.213
2026-01-16T17,1313.096
2026-01-16T18,1072.3
2026-01-16T19,978.048
2026-01-16T20,1025.055
2026-01-16T21,1030.076
2026-01-16T22,1211.862
2026-01-16T23,2015.544
2026-01-17T00,1968.954
2026-01-17T01,2357.627
2026-01-17T02,2232.768
2026-01-17T03,2184.568
2026-01-17T04,2134.122
2026-01-17T05,2074.955
2026-01-17T06,1998.114
2026-01-17T07,1804.156
2026-01-17T08,1759.321
2026-01-17T09,2023.749
2026-01-17T10,2717.607
2026-01-17T11,2168.179
2026-01-17T12,1802.68
2026-01-17T13,1506.176
2026-01-17T14,1399.546
2026-01-17T15,1339.43
2026-01-17T16,1410.879
2026-01-17T17,1401.151
2026-01-17T18,1144.207
2026-01-17T19,1043.635
2026-01-17T20,1093.794
2026-01-17T21,1099.152
2026-01-17T22,1293.128
2026-01-17T23,2150.703
2026-01-18T00,1940.404
2026-01-18T01,2323.441
2026-01-18T02,2200.393
2026-01-18T03,2152.891
2026-01-18T04,2103.176
2026-01-18T05,2044.868
2026-01-18T06,1969.141
2026-01-18T07,1777.996
2026-01-18T08,1733.811
2026-01-18T09,1994.405
2026-01-18T10,2678.201
2026-01-18T11,2136.74
2026-01-18T12,1776.541
2026-01-18T13,1484.336
2026-01-18T14,1379.252
2026-01-18T15,1320.008
2026-01-18T16,1390.421
2026-01-18T17,1380.834
2026-01-18T18,1127.616
2026-01-18T19,1028.502
2026-01-18T20,1077.933
2026-01-18T21,1083.214
2026-01-18T22,1274.378
2026-01-18T23,2119.518
2026-01-19T00,1489.382
2026-01-19T01,1783.387
2026-01-19T02,1688.939
2026-01-19T03,1652.479
2026-01-19T04,1614.32
2026-01-19T05,1569.564
2026-01-19T06,1511.439
2026-01-19T07,1364.723
2026-01-19T08,1330.809
2026-01-19T09,1530.831
2026-01-19T10,2055.688
2026-01-19T11,1640.082
2026-01-19T12,1363.607
2026-01-19T13,1139.321
2026-01-19T14,1058.662
2026-01-19T15,1013.189
2026-01-19T16,1067.236
2026-01-19T17,1059.876
2026-01-19T18,865.516
2026-01-19T19,789.44
2026-01-19T20,827.382
2026-01-19T21,831.435
2026-01-19T22,978.165
2026-01-19T23,1626.863
2026-01-20T00,1707.63
2026-01-20T01,2044.718
2026-01-20T02,1936.43
2026-01-20T03,1894.627
2026-01-20T04,1850.876
2026-01-20T05,1799.563
2026-01-20T06,1732.92
2026-01-20T07,1564.705
2026-01-20T08,1525.821
2026-01-20T09,1755.153
2026-01-20T10,2356.921
2026-01-20T11,1880.413
2026-01-20T12,1563.425
2026-01-20T13,1306.273
2026-01-20T14,1213.795
2026-01-20T15,1161.658
2026-01-20T16,1223.624
2026-01-20T17,1215.187
2026-01-20T18,992.345
2026-01-20T19,905.121
2026-01-20T20,948.623
2026-01-20T21,953.27
2026-01-20T22,1121.501
2026-01-20T23,1865.257
2026-01-21T00,1721.212
2026-01-21T01,2060.981
2026-01-21T02,1951.832
2026-01-21T03,1909.696
2026-01-21T04,1865.597
2026-01-21T05,1813.876
2026-01-21T06,1746.703
2026-01-21T07,1577.15
2026-01-21T08,1537.956
2026-01-21T09,1769.113
2026-01-21T10,2375.666
2026-01-21T11,1895.369
2026-01-21T12,1575.859
2026-01-21T13,1316.663
2026-01-21T14,1223.449
2026-01-21T15,1170.897
2026-01-21T16,1233.356
2026-01-21T17,1224.852
2026-01-21T18,1000.238
2026-01-21T19,912.32
2026-01-21T20,956.168
2026-01-21T21,960.852
2026-01-21T22,1130.421
2026-01-21T23,1880.093
2026-01-22T00,1800.96
2026-01-22T01,2156.471
2026-01-22T02,2042.266
2026-01-22T03,1998.178
2026-01-22T04,1952.036
2026-01-22T05,1897.917
2026-01-22T06,1827.633
2026-01-22T07,1650.223
2026-01-22T08,1609.214
2026-01-22T09,1851.08
2026-01-22T10,2485.737
2026-01-22T11,1983.187
2026-01-22T12,1648.873
2026-01-22T13,1377.667
2026-01-22T14,1280.135
2026-01-22T15,1225.148
2026-01-22T16,1290.501
2026-01-22T17,1281.603
2026-01-22T18,1046.582
2026-01-22T19,954.59
2026-01-22T20,1000.47
2026-01-22T21,1005.371
2026-01-22T22,1182.797
2026-01-22T23,1967.202
2026-01-23T00,1807.768
2026-01-23T01,2164.623
2026-01-23T02,2049.985
2026-01-23T03,2005.731
2026-01-23T04,1959.414
2026-01-23T05,1905.092
2026-01-23T06,1834.541
2026-01-23T07,1656.461
2026-01-23T08,1615.297
2026-01-23T09,1858.077
2026-01-23T10,2495.134
2026-01-23T11,1990.683
2026-01-23T12,1655.106
2026-01-23T13,1382.875
2026-01-23T14,1284.974
2026-01-23T15,1229.779
2026-01-23T16,1295.379
2026-01-23T17,1286.447
2026-01-23T18,1050.538
2026-01-23T19,958.199
2026-01-23T20,1004.252
2026-01-23T21,1009.171
2026-01-23T22,1187.268
2026-01-23T23,1974.638
2026-01-24T00,1955.005
2026-01-24T01,2340.924
2026-01-24T02,2216.95
2026-01-24T03,2169.091
2026-01-24T04,2119.002
2026-01-24T05,2060.255
2026-01-24T06,1983.958
2026-01-24T07,1791.375
2026-01-24T08,1746.857
2026-01-24T09,2009.412
2026-01-24T10,2698.354
2026-01-24T11,2152.818
2026-01-24T12,1789.909
2026-01-24T13,1495.505
2026-01-24T14,1389.63
2026-01-24T15,1329.94
2026-01-24T16,1400.884
2026-01-24T17,1391.224
2026-01-24T18,1136.101
2026-01-24T19,1036.241
2026-01-24T20,1086.044
2026-01-24T21,1091.365
2026-01-24T22,1283.967
2026-01-24T23,2135.466
2026-01-25T00,2101.014
2026-01-25T01,2515.756
2026-01-25T02,2382.523
2026-01-25T03,2331.09
2026-01-25T04,2277.26
2026-01-25T05,2214.125
2026-01-25T06,2132.13
2026-01-25T07,1925.163
2026-01-25T08,1877.321
2026-01-25T09,2159.485
2026-01-25T10,2899.881
2026-01-25T11,2313.601
2026-01-25T12,1923.588
2026-01-25T13,1607.197
2026-01-25T14,1493.415
2026-01-25T15,1429.267
2026-01-25T16,1505.509
2026-01-25T17,1495.127
2026-01-25T18,1220.95
2026-01-25T19,1113.633
2026-01-25T20,1167.156
2026-01-25T21,1172.873
2026-01-25T22,1379.86
2026-01-25T23,2294.953
2026-01-26T00,1550.056
2026-01-26T01,1856.038
2026-01-26T02,1757.743
2026-01-26T03,1719.798
2026-01-26T04,1680.084
2026-01-26T05,1633.505
2026-01-26T06,1573.012
2026-01-26T07,1420.319
2026-01-26T08,1385.023
2026-01-26T09,1593.193
2026-01-26T10,2139.432
2026-01-26T11,1706.895
2026-01-26T12,1419.157
2026-01-26T13,1185.735
2026-01-26T14,1101.79
2026-01-26T15,1054.464
2026-01-26T16,1110.713
2026-01-26T17,1103.054
2026-01-26T18,900.775
2026-01-26T19,821.6
2026-01-26T20,861.087
2026-01-26T21,865.306
2026-01-26T22,1018.013
2026-01-26T23,1693.138
2026-01-27T00,1804.99
2026-01-27T01,2161.297
2026-01-27T02,2046.836
2026-01-27T03,2002.649
2026-01-27T04,1956.404
2026-01-27T05,1902.164
2026-01-27T06,1831.722
2026-01-27T07,1653.916
2026-01-27T08,1612.815
2026-01-27T09,1855.222
2026-01-27T10,2491.3
2026-01-27T11,1987.625
2026-01-27T12,1652.563
2026-01-27T13,1380.75
2026-01-27T14,1282.999
2026-01-27T15,1227.889
2026-01-27T16,1293.389
2026-01-27T17,1284.47
2026-01-27T18,1048.924
2026-01-27T19,956.727
2026-01-27T20,1002.708
2026-01-27T21,1007.621
2026-01-27T22,1185.444
2026-01-27T23,1971.604
2026-01-28T00,1674.642
2026-01-28T01,2005.218
2026-01-28T02,1899.023
2026-01-28T03,1858.027
2026-01-28T04,1815.121
2026-01-28T05,1764.799
2026-01-28T06,1699.444
2026-01-28T07,1534.478
2026-01-28T08,1496.345
2026-01-28T09,1721.247
2026-01-28T10,2311.39
2026-01-28T11,1844.088
2026-01-28T12,1533.223
2026-01-28T13,1281.039
2026-01-28T14,1190.347
2026-01-28T15,1139.217
2026-01-28T16,1199.987
2026-01-28T17,1191.712
2026-01-28T18,973.175
2026-01-28T19,887.636
2026-01-28T20,930.298
2026-01-28T21,934.855
2026-01-28T22,1099.836
2026-01-28T23,1829.224
2026-01-29T00,1649.595
2026-01-29T01,1975.226
2026-01-29T02,1870.619
2026-01-29T03,1830.237
2026-01-29T04,1787.973
2026-01-29T05,1738.403
2026-01-29T06,1674.025
2026-01-29T07,1511.527
2026-01-29T08,1473.964
2026-01-29T09,1695.503
2026-01-29T10,2276.819
2026-01-29T11,1816.506
2026-01-29T12,1510.29
2026-01-29T13,1261.878
2026-01-29T14,1172.543
2026-01-29T15,1122.178
2026-01-29T16,1182.038
2026-01-29T17,1173.888
2026-01-29T18,958.62
2026-01-29T19,874.36
2026-01-29T20,916.383
2026-01-29T21,920.872
2026-01-29T22,1083.386
2026-01-29T23,1801.865
2026-01-30T00,1853.675
2026-01-30T01,2219.593
2026-01-30T02,2102.044
2026-01-30T03,2056.666
2026-01-30T04,2009.173
2026-01-30T05,1953.471
2026-01-30T06,1881.129
2026-01-30T07,1698.527
2026-01-30T08,1656.317
2026-01-30T09,1905.263
2026-01-30T10,2558.497
2026-01-30T11,2041.236
2026-01-30T12,1697.137
2026-01-30T13,1417.992
2026-01-30T14,1317.605
2026-01-30T15,1261.009
2026-01-30T16,1328.275
2026-01-30T17,1319.116
2026-01-30T18,1077.216
2026-01-30T19,982.532
2026-01-30T20,1029.754
2026-01-30T21,1034.799
2026-01-30T22,1217.418
2026-01-30T23,2024.784
2026-01-31T00,2124.005
2026-01-31T01,2543.285
2026-01-31T02,2408.594
2026-01-31T03,2356.598
2026-01-31T04,2302.179
2026-01-31T05,2238.353
2026-01-31T06,2155.461
2026-01-31T07,1946.23
2026-01-31T08,1897.864
2026-01-31T09,2183.115
2026-01-31T10,2931.613
2026-01-31T11,2338.918
2026-01-31T12,1944.637
2026-01-31T13,1624.784
2026-01-31T14,1509.757
2026-01-31T15,1444.907
2026-01-31T16,1521.983
2026-01-31T17,1511.488
2026-01-31T18,1234.311
2026-01-31T19,1125.819
2026-01-31T20,1179.927
2026-01-31T21,1185.708
2026-01-31T22,1394.959
2026-01-31T23,2320.066
2026-02-01T00,2432.935
2026-02-01T01,2913.199
2026-02-01T02,2758.917
2026-02-01T03,2699.359
2026-02-01T04,2637.025
2026-02-01T05,2563.916
2026-02-01T06,2468.967
2026-02-01T07,2229.304
2026-02-01T08,2173.903
2026-02-01T09,2500.643
2026-02-01T10,3358.008
2026-02-01T11,2679.107
2026-02-01T12,2227.479
2026-02-01T13,1861.105
2026-02-01T14,1729.347
2026-02-01T15,1655.065
2026-02-01T16,1743.351
2026-02-01T17,1731.33
2026-02-01T18,1413.838
2026-02-01T19,1289.566
2026-02-01T20,1351.545
2026-02-01T21,1358.166
2026-02-01T22,1597.852
2026-02-01T23,2657.514
2026-02-02T00,1862.407
2026-02-02T01,2230.047
2026-02-02T02,2111.945
2026-02-02T03,2066.353
2026-02-02T04,2018.636
2026-02-02T05,1962.672
2026-02-02T06,1889.989
2026-02-02T07,1706.527
2026-02-02T08,1664.118
2026-02-02T09,1914.237
2026-02-02T10,2570.547
2026-02-02T11,2050.851
2026-02-02T12,1705.13
2026-02-02T13,1424.671
2026-02-02T14,1323.811
2026-02-02T15,1266.948
2026-02-02T16,1334.531
2026-02-02T17,1325.329
2026-02-02T18,1082.29
2026-02-02T19,987.16
2026-02-02T20,1034.604
2026-02-02T21,1039.673
2026-02-02T22,1223.152
2026-02-02T23,2034.321
2026-02-03T00,2133.959
2026-02-03T01,2555.204
2026-02-03T02,2419.882
2026-02-03T03,2367.642
2026-02-03T04,2312.968
2026-02-03T05,2248.843
2026-02-03T06,2165.563
2026-02-03T07,1955.351
2026-02-03T08,1906.758
2026-02-03T09,2193.346
2026-02-03T10,2945.352
2026-02-03T11,2349.879
2026-02-03T12,1953.751
2026-02-03T13,1632.399
2026-02-03T14,1516.832
2026-02-03T15,1451.679
2026-02-03T16,1529.116
2026-02-03T17,1518.572
2026-02-03T18,1240.095
2026-02-03T19,1131.095
2026-02-03T20,1185.457
2026-02-03T21,1191.265
2026-02-03T22,1401.497
2026-02-03T23,2330.939
2026-02-04T00,1955.097
2026-02-04T01,2341.034
2026-02-04T02,2217.054
2026-02-04T03,2169.193
2026-02-04T04,2119.102
2026-02-04T05,2060.352
2026-02-04T06,1984.052
2026-02-04T07,1791.459
2026-02-04T08,1746.94
2026-02-04T09,2009.506
2026-02-04T10,2698.481
2026-02-04T11,2152.919
2026-02-04T12,1789.993
2026-02-04T13,1495.576
2026-02-04T14,1389.696
2026-02-04T15,1330.003
2026-02-04T16,1400.95
2026-02-04T17,1391.289
2026-02-04T18,1136.154
2026-02-04T19,1036.29
2026-02-04T20,1086.096
2026-02-04T21,1091.416
2026-02-04T22,1284.027
2026-02-04T23,2135.567
2026-02-05T00,2153.098
2026-02-05T01,2578.121
2026-02-05T02,2441.585
2026-02-05T03,2388.877
2026-02-05T04,2333.713
2026-02-05T05,2269.013
2026-02-05T06,2184.985
2026-02-05T07,1972.888
2026-02-05T08,1923.86
2026-02-05T09,2213.018
2026-02-05T10,2971.768
2026-02-05T11,2370.955
2026-02-05T12,1971.274
2026-02-05T13,1647.039
2026-02-05T14,1530.436
2026-02-05T15,1464.698
2026-02-05T16,1542.83
2026-02-05T17,1532.191
2026-02-05T18,1251.218
2026-02-05T19,1141.239
2026-02-05T20,1196.089
2026-02-05T21,1201.949
2026-02-05T22,1414.066
2026-02-05T23,2351.845
2026-02-06T00,2046.732
2026-02-06T01,2450.759
2026-02-06T02,2320.967
2026-02-06T03,2270.863
2026-02-06T04,2218.424
2026-02-06T05,2156.92
2026-02-06T06,2077.044
2026-02-06T07,1875.424
2026-02-06T08,1828.818
2026-02-06T09,2103.692
2026-02-06T10,2824.958
2026-02-06T11,2253.827
2026-02-06T12,1873.89
2026-02-06T13,1565.673
2026-02-06T14,1454.831
2026-02-06T15,1392.34
2026-02-06T16,1466.612
2026-02-06T17,1456.499
2026-02-06T18,1189.406
2026-02-06T19,1084.861
2026-02-06T20,1137.001
2026-02-06T21,1142.571
2026-02-06T22,1344.21
2026-02-06T23,2235.66
2026-02-07T00,2265.825
2026-02-07T01,2713.101
2026-02-07T02,2569.417
2026-02-07T03,2513.949
2026-02-07T04,2455.896
2026-02-07T05,2387.809
2026-02-07T06,2299.382
2026-02-07T07,2076.18
2026-02-07T08,2024.585
2026-02-07T09,2328.882
2026-02-07T10,3127.358
2026-02-07T11,2495.088
2026-02-07T12,2074.481
2026-02-07T13,1733.272
2026-02-07T14,1610.564
2026-02-07T15,1541.384
2026-02-07T16,1623.606
2026-02-07T17,1612.411
2026-02-07T18,1316.726
2026-02-07T19,1200.99
2026-02-07T20,1258.712
2026-02-07T21,1264.878
2026-02-07T22,1488.101
2026-02-07T23,2474.978
2026-02-08T00,2314.895
2026-02-08T01,2771.857
2026-02-08T02,2625.061
2026-02-08T03,2568.392
2026-02-08T04,2509.082
2026-02-08T05,2439.52
2026-02-08T06,2349.178
2026-02-08T07,2121.143
2026-02-08T08,2068.43
2026-02-08T09,2379.317
2026-02-08T10,3195.085
2026-02-08T11,2549.123
2026-02-08T12,2119.407
2026-02-08T13,1770.808
2026-02-08T14,1645.443
2026-02-08T15,1574.765
2026-02-08T16,1658.768
2026-02-08T17,1647.33
2026-02-08T18,1345.242
2026-02-08T19,1226.999
2026-02-08T20,1285.971
2026-02-08T21,1292.27
2026-02-08T22,1520.328
2026-02-08T23,2528.577
2026-02-09T00,1977.365
2026-02-09T01,2367.698
2026-02-09T02,2242.306
2026-02-09T03,2193.9
2026-02-09T04,2143.238
2026-02-09T05,2083.819
2026-02-09T06,2006.649
2026-02-09T07,1811.863
2026-02-09T08,1766.837
2026-02-09T09,2032.394
2026-02-09T10,2729.216
2026-02-09T11,2177.44
2026-02-09T12,1810.38
2026-02-09T13,1512.61
2026-02-09T14,1405.524
2026-02-09T15,1345.151
2026-02-09T16,1416.906
2026-02-09T17,1407.136
2026-02-09T18,1149.095
2026-02-09T19,1048.093
2026-02-09T20,1098.466
2026-02-09T21,1103.847
2026-02-09T22,1298.652
2026-02-09T23,2159.89
2026-02-10T00,2019.868
2026-02-10T01,2418.591
2026-02-10T02,2290.504
2026-02-10T03,2241.057
2026-02-10T04,2189.306
2026-02-10T05,2128.61
2026-02-10T06,2049.782
2026-02-10T07,1850.809
2026-02-10T08,1804.814
2026-02-10T09,2076.08
2026-02-10T10,2787.88
2026-02-10T11,2224.244
2026-02-10T12,1849.294
2026-02-10T13,1545.123
2026-02-10T14,1435.735
2026-02-10T15,1374.065
2026-02-10T16,1447.362
2026-02-10T17,1437.382
2026-02-10T18,1173.794
2026-02-10T19,1070.621
2026-02-10T20,1122.077
2026-02-10T21,1127.574
2026-02-10T22,1326.566
2026-02-10T23,2206.316
2026-02-11T00,1915.259
2026-02-11T01,2293.333
2026-02-11T02,2171.879
2026-02-11T03,2124.993
2026-02-11T04,2075.922
2026-02-11T05,2018.369
2026-02-11T06,1943.624
2026-02-11T07,1754.956
2026-02-11T08,1711.343
2026-02-11T09,1968.56
2026-02-11T10,2643.496
2026-02-11T11,2109.051
2026-02-11T12,1753.519
2026-02-11T13,1465.101
2026-02-11T14,1361.379
2026-02-11T15,1302.902
2026-02-11T16,1372.403
2026-02-11T17,1362.94
2026-02-11T18,1113.003
2026-02-11T19,1015.174
2026-02-11T20,1063.965
2026-02-11T21,1069.177
2026-02-11T22,1257.864
2026-02-11T23,2092.052
2026-02-12T00,2003.589
2026-02-12T01,2399.099
2026-02-12T02,2272.044
2026-02-12T03,2222.996
2026-02-12T04,2171.662
2026-02-12T05,2111.455
2026-02-12T06,2033.262
2026-02-12T07,1835.893
2026-02-12T08,1790.269
2026-02-12T09,2059.348
2026-02-12T10,2765.412
2026-02-12T11,2206.318
2026-02-12T12,1834.39
2026-02-12T13,1532.671
2026-02-12T14,1424.165
2026-02-12T15,1362.991
2026-02-12T16,1435.698
2026-02-12T17,1425.798
2026-02-12T18,1164.334
2026-02-12T19,1061.993
2026-02-12T20,1113.034
2026-02-12T21,1118.487
2026-02-12T22,1315.875
2026-02-12T23,2188.535
2026-02-13T00,1976.708
2026-02-13T01,2366.912
2026-02-13T02,2241.561
2026-02-13T03,2193.171
2026-02-13T04,2142.526
2026-02-13T05,2083.127
2026-02-13T06,2005.983
2026-02-13T07,1811.261
2026-02-13T08,1766.25
2026-02-13T09,2031.719
2026-02-13T10,2728.309
2026-02-13T11,2176.717
2026-02-13T12,1809.779
2026-02-13T13,1512.108
2026-02-13T14,1405.057
2026-02-13T15,1344.705
2026-02-13T16,1416.435
2026-02-13T17,1406.668
2026-02-13T18,1148.713
2026-02-13T19,1047.745
2026-02-13T20,1098.101
2026-02-13T21,1103.481
2026-02-13T22,1298.221
2026-02-13T23,2159.173
2026-02-14T00,2261.83
2026-02-14T01,2708.317
2026-02-14T02,2564.886
2026-02-14T03,2509.516
2026-02-14T04,2451.566
2026-02-14T05,2383.599
2026-02-14T06,2295.328
2026-02-14T07,2072.519
2026-02-14T08,2021.015
2026-02-14T09,2324.776
2026-02-14T10,3121.843
2026-02-14T11,2490.689
2026-02-14T12,2070.823
2026-02-14T13,1730.215
2026-02-14T14,1607.724
2026-02-14T15,1538.666
2026-02-14T16,1620.743
2026-02-14T17,1609.568
2026-02-14T18,1314.404
2026-02-14T19,1198.872
2026-02-14T20,1256.492
2026-02-14T21,1262.648
2026-02-14T22,1485.477
2026-02-14T23,2470.614
2026-02-15T00,2290.498
2026-02-15T01,2742.644
2026-02-15T02,2597.395
2026-02-15T03,2541.323
2026-02-15T04,2482.638
2026-02-15T05,2413.81
2026-02-15T06,2324.42
2026-02-15T07,2098.787
2026-02-15T08,2046.631
2026-02-15T09,2354.241
2026-02-15T10,3161.411
2026-02-15T11,2522.257
2026-02-15T12,2097.07
2026-02-15T13,1752.145
2026-02-15T14,1628.101
2026-02-15T15,1558.168
2026-02-15T16,1641.286
2026-02-15T17,1629.968
2026-02-15T18,1331.064
2026-02-15T19,1214.067
2026-02-15T20,1272.418
2026-02-15T21,1278.651
2026-02-15T22,1504.305
2026-02-15T23,2501.928
2026-02-16T00,1905.344
2026-02-16T01,2281.461
2026-02-16T02,2160.636
2026-02-16T03,2113.992
2026-02-16T04,2065.176
2026-02-16T05,2007.921
2026-02-16T06,1933.562
2026-02-16T07,1745.871
2026-02-16T08,1702.484
2026-02-16T09,1958.369
2026-02-16T10,2629.811
2026-02-16T11,2098.133
2026-02-16T12,1744.442
2026-02-16T13,1457.517
2026-02-16T14,1354.331
2026-02-16T15,1296.158
2026-02-16T16,1365.299
2026-02-16T17,1355.884
2026-02-16T18,1107.242
2026-02-16T19,1009.919
2026-02-16T20,1058.457
2026-02-16T21,1063.642
2026-02-16T22,1251.352
2026-02-16T23,2081.222
2026-02-17T00,1809.298
2026-02-17T01,2166.455
2026-02-17T02,2051.721
2026-02-17T03,2007.429
2026-02-17T04,1961.073
2026-02-17T05,1906.704
2026-02-17T06,1836.094
2026-02-17T07,1657.864
2026-02-17T08,1616.664
2026-02-17T09,1859.65
2026-02-17T10,2497.246
2026-02-17T11,1992.369
2026-02-17T12,1656.507
2026-02-17T13,1384.045
2026-02-17T14,1286.061
2026-02-17T15,1230.82
2026-02-17T16,1296.476
2026-02-17T17,1287.536
2026-02-17T18,1051.427
2026-02-17T19,959.01
2026-02-17T20,1005.102
2026-02-17T21,1010.026
2026-02-17T22,1188.273
2026-02-17T23,1976.31
2026-02-18T00,1904.357
2026-02-18T01,2280.278
2026-02-18T02,2159.516
2026-02-18T03,2112.897
2026-02-18T04,2064.106
2026-02-18T05,2006.88
2026-02-18T06,1932.56
2026-02-18T07,1744.966
2026-02-18T08,1701.602
2026-02-18T09,1957.354
2026-02-18T10,2628.448
2026-02-18T11,2097.045
2026-02-18T12,1743.538
2026-02-18T13,1456.762
2026-02-18T14,1353.63
2026-02-18T15,1295.486
2026-02-18T16,1364.591
2026-02-18T17,1355.182
2026-02-18T18,1106.668
2026-02-18T19,1009.395
2026-02-18T20,1057.909
2026-02-18T21,1063.091
2026-02-18T22,1250.703
2026-02-18T23,2080.143
2026-02-19T00,1956.038
2026-02-19T01,2342.162
2026-02-19T02,2218.122
2026-02-19T03,2170.238
2026-02-19T04,2120.122
2026-02-19T05,2061.344
2026-02-19T06,1985.007
2026-02-19T07,1792.322
2026-02-19T08,1747.781
2026-02-19T09,2010.474
2026-02-19T10,2699.78
2026-02-19T11,2153.956
2026-02-19T12,1790.855
2026-02-19T13,1496.296
2026-02-19T14,1390.365
2026-02-19T15,1330.644
2026-02-19T16,1401.624
2026-02-19T17,1391.959
2026-02-19T18,1136.701
2026-02-19T19,1036.789
2026-02-19T20,1086.619
2026-02-19T21,1091.942
2026-02-19T22,1284.646
2026-02-19T23,2136.595
2026-02-20T00,1973.796
2026-02-20T01,2363.426
2026-02-20T02,2238.26
2026-02-20T03,2189.941
2026-02-20T04,2139.37
2026-02-20T05,2080.058
2026-02-20T06,2003.029
2026-02-20T07,1808.594
2026-02-20T08,1763.648
2026-02-20T09,2028.727
2026-02-20T10,2724.291
2026-02-20T11,2173.511
2026-02-20T12,1807.114
2026-02-20T13,1509.88
2026-02-20T14,1402.988
2026-02-20T15,1342.724
2026-02-20T16,1414.349
2026-02-20T17,1404.597
2026-02-20T18,1147.021
2026-02-20T19,1046.201
2026-02-20T20,1096.484
2026-02-20T21,1101.855
2026-02-20T22,1296.309
2026-02-20T23,2155.993
2026-02-21T00,2287.007
2026-02-21T01,2738.464
2026-02-21T02,2593.436
2026-02-21T03,2537.45
2026-02-21T04,2478.855
2026-02-21T05,2410.131
2026-02-21T06,2320.877
2026-02-21T07,2095.589
2026-02-21T08,2043.512
2026-02-21T09,2350.653
2026-02-21T10,3156.593
2026-02-21T11,2518.413
2026-02-21T12,2093.874
2026-02-21T13,1749.475
2026-02-21T14,1625.62
2026-02-21T15,1555.793
2026-02-21T16,1638.784
2026-02-21T17,1627.484
2026-02-21T18,1329.035
2026-02-21T19,1212.217
2026-02-21T20,1270.478
2026-02-21T21,1276.702
2026-02-21T22,1502.012
2026-02-21T23,2498.115
2026-02-22T00,2328.983
2026-02-22T01,2788.727
2026-02-22T02,2641.037
2026-02-22T03,2584.023
2026-02-22T04,2524.353
2026-02-22T05,2454.367
2026-02-22T06,2363.476
2026-02-22T07,2134.052
2026-02-22T08,2081.019
2026-02-22T09,2393.798
2026-02-22T10,3214.53
2026-02-22T11,2564.637
2026-02-22T12,2132.306
2026-02-22T13,1781.585
2026-02-22T14,1655.457
2026-02-22T15,1584.349
2026-02-22T16,1668.863
2026-02-22T17,1657.355
2026-02-22T18,1353.429
2026-02-22T19,1234.467
2026-02-22T20,1293.797
2026-02-22T21,1300.135
2026-02-22T22,1529.581
2026-02-22T23,2543.966
2026-02-23T00,1816.562
2026-02-23T01,2175.153
2026-02-23T02,2059.958
2026-02-23T03,2015.489
2026-02-23T04,1968.947
2026-02-23T05,1914.36
2026-02-23T06,1843.466
2026-02-23T07,1664.52
2026-02-23T08,1623.155
2026-02-23T09,1867.117
2026-02-23T10,2507.272
2026-02-23T11,2000.368
2026-02-23T12,1663.158
2026-02-23T13,1389.602
2026-02-23T14,1291.225
2026-02-23T15,1235.762
2026-02-23T16,1301.681
2026-02-23T17,1292.705
2026-02-23T18,1055.649
2026-02-23T19,962.86
2026-02-23T20,1009.137
2026-02-23T21,1014.081
2026-02-23T22,1193.044
2026-02-23T23,1984.245
2026-02-24T00,2005.566
2026-02-24T01,2401.467
2026-02-24T02,2274.286
2026-02-24T03,2225.19
2026-02-24T04,2173.805
2026-02-24T05,2113.539
2026-02-24T06,2035.269
2026-02-24T07,1837.704
2026-02-24T08,1792.036
2026-02-24T09,2061.381
2026-02-24T10,2768.141
2026-02-24T11,2208.496
2026-02-24T12,1836.201
2026-02-24T13,1534.183
2026-02-24T14,1425.57
2026-02-24T15,1364.336
2026-02-24T16,1437.114
2026-02-24T17,1427.205
2026-02-24T18,1165.483
2026-02-24T19,1063.041
2026-02-24T20,1114.133
2026-02-24T21,1119.59
2026-02-24T22,1317.174
2026-02-24T23,2190.695
2026-02-25T00,1772.971
2026-02-25T01,2122.957
2026-02-25T02,2010.526
2026-02-25T03,1967.123
2026-02-25T04,1921.698
2026-02-25T05,1868.421
2026-02-25T06,1799.228
2026-02-25T07,1624.577
2026-02-25T08,1584.204
2026-02-25T09,1822.312
2026-02-25T10,2447.105
2026-02-25T11,1952.365
2026-02-25T12,1623.247
2026-02-25T13,1356.256
2026-02-25T14,1260.239
2026-02-25T15,1206.107
2026-02-25T16,1270.445
2026-02-25T17,1261.685
2026-02-25T18,1030.316
2026-02-25T19,939.755
2026-02-25T20,984.921
2026-02-25T21,989.746
2026-02-25T22,1164.414
2026-02-25T23,1936.629
2026-02-26T00,1971.435
2026-02-26T01,2360.599
2026-02-26T02,2235.582
2026-02-26T03,2187.321
2026-02-26T04,2136.811
2026-02-26T05,2077.57
2026-02-26T06,2000.633
2026-02-26T07,1806.43
2026-02-26T08,1761.539
2026-02-26T09,2026.3
2026-02-26T10,2721.032
2026-02-26T11,2170.911
2026-02-26T12,1804.952
2026-02-26T13,1508.074
2026-02-26T14,1401.31
2026-02-26T15,1341.118
2026-02-26T16,1412.657
2026-02-26T17,1402.916
2026-02-26T18,1145.649
2026-02-26T19,1044.95
2026-02-26T20,1095.172
2026-02-26T21,1100.537
2026-02-26T22,1294.758
2026-02-26T23,2153.414
2026-02-27T00,1949.889
2026-02-27T01,2334.799
2026-02-27T02,2211.149
2026-02-27T03,2163.416
2026-02-27T04,2113.458
2026-02-27T05,2054.864
2026-02-27T06,1978.767
2026-02-27T07,1786.688
2026-02-27T08,1742.287
2026-02-27T09,2004.154
2026-02-27T10,2691.294
2026-02-27T11,2147.185
2026-02-27T12,1785.226
2026-02-27T13,1491.592
2026-02-27T14,1385.994
2026-02-27T15,1326.461
2026-02-27T16,1397.218
2026-02-27T17,1387.584
2026-02-27T18,1133.128
2026-02-27T19,1033.53
2026-02-27T20,1083.203
2026-02-27T21,1088.509
2026-02-27T22,1280.607
2026-02-27T23,2129.879
2026-02-28T00,2168.679
2026-02-28T01,2596.778
2026-02-28T02,2459.254
2026-02-28T03,2406.164
2026-02-28T04,2350.6
2026-02-28T05,2285.432
2026-02-28T06,2200.797
2026-02-28T07,1987.165
2026-02-28T08,1937.782
2026-02-28T09,2229.032
2026-02-28T10,2993.273
2026-02-28T11,2388.112
2026-02-28T12,1985.539
2026-02-28T13,1658.958
2026-02-28T14,1541.511
2026-02-28T15,1475.298
2026-02-28T16,1553.995
2026-02-28T17,1543.279
2026-02-28T18,1260.272
2026-02-28T19,1149.498
2026-02-28T20,1204.745
2026-02-28T21,1210.647
2026-02-28T22,1424.299
2026-02-28T23,2368.864
2026-03-01T00,1030.855
2026-03-01T01,1234.347
2026-03-01T02,1168.976
2026-03-01T03,1143.741
2026-03-01T04,1117.329
2026-03-01T05,1086.353
2026-03-01T06,1046.122
2026-03-01T07,944.575
2026-03-01T08,921.101
2026-03-01T09,1059.543
2026-03-01T10,1422.816
2026-03-01T11,1135.16
2026-03-01T12,943.802
2026-03-01T13,788.566
2026-03-01T14,732.739
2026-03-01T15,701.265
2026-03-01T16,738.672
2026-03-01T17,733.579
2026-03-01T18,599.055
2026-03-01T19,546.4
2026-03-01T20,572.661
2026-03-01T21,575.466
2026-03-01T22,677.023
2026-03-01T23,1126.011
2026-03-02T00,872.164
2026-03-02T01,1044.33
2026-03-02T02,989.022
2026-03-02T03,967.672
2026-03-02T04,945.326
2026-03-02T05,919.118
2026-03-02T06,885.08
2026-03-02T07,799.165
2026-03-02T08,779.305
2026-03-02T09,896.436
2026-03-02T10,1203.786
2026-03-02T11,960.412
2026-03-02T12,798.511
2026-03-02T13,667.173
2026-03-02T14,619.94
2026-03-02T15,593.311
2026-03-02T16,624.96
2026-03-02T17,620.651
2026-03-02T18,506.836
2026-03-02T19,462.286
2026-03-02T20,484.505
2026-03-02T21,486.878
2026-03-02T22,572.801
2026-03-02T23,952.671
2026-03-03T00,3059.349
2026-03-03T01,3663.267
2026-03-03T02,3469.262
2026-03-03T03,3394.369
2026-03-03T04,3315.985
2026-03-03T05,3224.053
2026-03-03T06,3104.658
2026-03-03T07,2803.288
2026-03-03T08,2733.623
2026-03-03T09,3144.49
2026-03-03T10,4222.602
2026-03-03T11,3368.903
2026-03-03T12,2800.994
2026-03-03T13,2340.287
2026-03-03T14,2174.606
2026-03-03T15,2081.198
2026-03-03T16,2192.216
2026-03-03T17,2177.099
2026-03-03T18,1777.862
2026-03-03T19,1621.593
2026-03-03T20,1699.53
2026-03-03T21,1707.856
2026-03-03T22,2009.255
2026-03-03T23,3341.75
2026-03-04T00,4780.869
2026-03-04T01,5724.616
2026-03-04T02,5421.443
2026-03-04T03,5304.407
2026-03-04T04,5181.917
2026-03-04T05,5038.253
2026-03-04T06,4851.674
2026-03-04T07,4380.72
2026-03-04T08,4271.855
2026-03-04T09,4913.919
2026-03-04T10,6598.693
2026-03-04T11,5264.612
2026-03-04T12,4377.135
2026-03-04T13,3657.186
2026-03-04T14,3398.274
2026-03-04T15,3252.305
2026-03-04T16,3425.793
2026-03-04T17,3402.17
2026-03-04T18,2778.279
2026-03-04T19,2534.077
2026-03-04T20,2655.869
2026-03-04T21,2668.88
2026-03-04T22,3139.879
2026-03-04T23,5222.179
2026-03-05T00,6210.633
2026-03-05T01,7436.618
2026-03-05T02,7042.778
2026-03-05T03,6890.74
2026-03-05T04,6731.618
2026-03-05T05,6544.991
2026-03-05T06,6302.613
2026-03-05T07,5690.816
2026-03-05T08,5549.394
2026-03-05T09,6383.473
2026-03-05T10,8572.096
2026-03-05T11,6839.044
2026-03-05T12,5686.159
2026-03-05T13,4750.902
2026-03-05T14,4414.56
2026-03-05T15,4224.938
2026-03-05T16,4450.309
2026-03-05T17,4419.622
2026-03-05T18,3609.15
2026-03-05T19,3291.917
2026-03-05T20,3450.132
2026-03-05T21,3467.034
2026-03-05T22,4078.889
2026-03-05T23,6783.921
2026-03-06T00,1034.287
2026-03-06T01,1238.456
2026-03-06T02,1172.868
2026-03-06T03,1147.549
2026-03-06T04,1121.049
2026-03-06T05,1089.969
2026-03-06T06,1049.605
2026-03-06T07,947.719
2026-03-06T08,924.168
2026-03-06T09,1063.071
2026-03-06T10,1427.553
2026-03-06T11,1138.94
2026-03-06T12,946.944
2026-03-06T13,791.191
2026-03-06T14,735.178
2026-03-06T15,703.6
2026-03-06T16,741.132
2026-03-06T17,736.021
2026-03-06T18,601.049
2026-03-06T19,548.219
2026-03-06T20,574.567
2026-03-06T21,577.382
2026-03-06T22,679.277
2026-03-06T23,1129.76
2026-03-07T00,3290.459
2026-03-07T01,3939.998
2026-03-07T02,3731.338
2026-03-07T03,3650.787
2026-03-07T04,3566.482
2026-03-07T05,3467.605
2026-03-07T06,3339.191
2026-03-07T07,3015.054
2026-03-07T08,2940.127
2026-03-07T09,3382.031
2026-03-07T10,4541.586
2026-03-07T11,3623.398
2026-03-07T12,3012.587
2026-03-07T13,2517.078
2026-03-07T14,2338.88
2026-03-07T15,2238.416
2026-03-07T16,2357.821
2026-03-07T17,2341.562
2026-03-07T18,1912.166
2026-03-07T19,1744.092
2026-03-07T20,1827.916
2026-03-07T21,1836.871
2026-03-07T22,2161.038
2026-03-07T23,3594.193
2026-03-08T00,2207.264
2026-03-08T01,2642.98
2026-03-08T02,2503.009
2026-03-08T03,2448.975
2026-03-08T04,2392.423
2026-03-08T05,2326.095
2026-03-08T06,2239.954
2026-03-08T07,2022.521
2026-03-08T08,1972.259
2026-03-08T09,2268.692
2026-03-08T10,3046.53
2026-03-08T11,2430.602
2026-03-08T12,2020.866
2026-03-08T13,1688.475
2026-03-08T14,1568.938
2026-03-08T15,1501.546
2026-03-08T16,1581.644
2026-03-08T17,1570.737
2026-03-08T18,1282.695
2026-03-08T19,1169.95
2026-03-08T20,1226.18
2026-03-08T21,1232.187
2026-03-08T22,1449.641
2026-03-08T23,2411.011
2026-03-09T00,911.0
2026-03-09T01,1090.832
2026-03-09T02,1033.062
2026-03-09T03,1010.761
2026-03-09T04,987.42
2026-03-09T05,960.045
2026-03-09T06,924.492
2026-03-09T07,834.751
2026-03-09T08,814.007
2026-03-09T09,936.353
2026-03-09T10,1257.388
2026-03-09T11,1003.178
2026-03-09T12,834.068
2026-03-09T13,696.881
2026-03-09T14,647.545
2026-03-09T15,619.73
2026-03-09T16,652.789
2026-03-09T17,648.287
2026-03-09T18,529.404
2026-03-09T19,482.871
2026-03-09T20,506.079
2026-03-09T21,508.558
2026-03-09T22,598.307
2026-03-09T23,995.092
2026-03-10T00,2004.544
2026-03-10T01,2400.243
2026-03-10T02,2273.127
2026-03-10T03,2224.056
2026-03-10T04,2172.697
2026-03-10T05,2112.462
2026-03-10T06,2034.232
2026-03-10T07,1836.768
2026-03-10T08,1791.123
2026-03-10T09,2060.33
2026-03-10T10,2766.73
2026-03-10T11,2207.37
2026-03-10T12,1835.265
2026-03-10T13,1533.401
2026-03-10T14,1424.844
2026-03-10T15,1363.641
2026-03-10T16,1436.382
2026-03-10T17,1426.477
2026-03-10T18,1164.889
2026-03-10T19,1062.499
2026-03-10T20,1113.565
2026-03-10T21,1119.02
2026-03-10T22,1316.503
2026-03-10T23,2189.579
2026-03-11T00,2027.128
2026-03-11T01,2427.285
2026-03-11T02,2298.737
2026-03-11T03,2249.113
2026-03-11T04,2197.176
2026-03-11T05,2136.262
2026-03-11T06,2057.15
2026-03-11T07,1857.462
2026-03-11T08,1811.302
2026-03-11T09,2083.543
2026-03-11T10,2797.901
2026-03-11T11,2232.239
2026-03-11T12,1855.942
2026-03-11T13,1550.677
2026-03-11T14,1440.896
2026-03-11T15,1379.004
2026-03-11T16,1452.565
2026-03-11T17,1442.549
2026-03-11T18,1178.013
2026-03-11T19,1074.47
2026-03-11T20,1126.111
2026-03-11T21,1131.627
2026-03-11T22,1331.335
2026-03-11T23,2214.247
2026-03-12T00,5844.954
2026-03-12T01,6998.753
2026-03-12T02,6628.102
2026-03-12T03,6485.017
2026-03-12T04,6335.263
2026-03-12T05,6159.625
2026-03-12T06,5931.518
2026-03-12T07,5355.743
2026-03-12T08,5222.648
2026-03-12T09,6007.617
2026-03-12T10,8067.374
2026-03-12T11,6436.364
2026-03-12T12,5351.36
2026-03-12T13,4471.171
2026-03-12T14,4154.632
2026-03-12T15,3976.175
2026-03-12T16,4188.277
2026-03-12T17,4159.397
2026-03-12T18,3396.645
2026-03-12T19,3098.09
2026-03-12T20,3246.99
2026-03-12T21,3262.896
2026-03-12T22,3838.726
2026-03-12T23,6384.487
2026-03-13T00,3273.567
2026-03-13T01,3919.772
2026-03-13T02,3712.183
2026-03-13T03,3632.045
2026-03-13T04,3548.173
2026-03-13T05,3449.804
2026-03-13T06,3322.049
2026-03-13T07,2999.576
2026-03-13T08,2925.034
2026-03-13T09,3364.669
2026-03-13T10,4518.272
2026-03-13T11,3604.797
2026-03-13T12,2997.122
2026-03-13T13,2504.156
2026-03-13T14,2326.873
2026-03-13T15,2226.925
2026-03-13T16,2345.717
2026-03-13T17,2329.542
2026-03-13T18,1902.349
2026-03-13T19,1735.139
2026-03-13T20,1818.533
2026-03-13T21,1827.441
2026-03-13T22,2149.945
2026-03-13T23,3575.742
2026-03-14T00,1119.056
2026-03-14T01,1339.958
2026-03-14T02,1268.995
2026-03-14T03,1241.6
2026-03-14T04,1212.929
2026-03-14T05,1179.302
2026-03-14T06,1135.629
2026-03-14T07,1025.393
2026-03-14T08,999.911
2026-03-14T09,1150.199
2026-03-14T10,1544.553
2026-03-14T11,1232.285
2026-03-14T12,1024.554
2026-03-14T13,856.036
2026-03-14T14,795.432
2026-03-14T15,761.266
2026-03-14T16,801.874
2026-03-14T17,796.345
2026-03-14T18,650.311
2026-03-14T19,593.15
2026-03-14T20,621.658
2026-03-14T21,624.704
2026-03-14T22,734.95
2026-03-14T23,1222.353
2026-03-15T00,2220.931
2026-03-15T01,2659.345
2026-03-15T02,2518.507
2026-03-15T03,2464.139
2026-03-15T04,2407.236
2026-03-15T05,2340.498
2026-03-15T06,2253.823
2026-03-15T07,2035.044
2026-03-15T08,1984.471
2026-03-15T09,2282.739
2026-03-15T10,3065.394
2026-03-15T11,2445.652
2026-03-15T12,2033.379
2026-03-15T13,1698.929
2026-03-15T14,1578.653
2026-03-15T15,1510.844
2026-03-15T16,1591.437
2026-03-15T17,1580.463
2026-03-15T18,1290.637
2026-03-15T19,1177.194
2026-03-15T20,1233.772
2026-03-15T21,1239.816
2026-03-15T22,1458.617
2026-03-15T23,2425.94
2026-03-16T00,935.245
2026-03-16T01,1119.864
2026-03-16T02,1060.556
2026-03-16T03,1037.661
2026-03-16T04,1013.699
2026-03-16T05,985.596
2026-03-16T06,949.096
2026-03-16T07,856.967
2026-03-16T08,835.671
2026-03-16T09,961.273
2026-03-16T10,1290.853
2026-03-16T11,1029.876
2026-03-16T12,856.266
2026-03-16T13,715.428
2026-03-16T14,664.779
2026-03-16T15,636.224
2026-03-16T16,670.162
2026-03-16T17,665.541
2026-03-16T18,543.494
2026-03-16T19,495.722
2026-03-16T20,519.548
2026-03-16T21,522.093
2026-03-16T22,614.231
2026-03-16T23,1021.576
2026-03-17T00,2012.814
2026-03-17T01,2410.145
2026-03-17T02,2282.505
2026-03-17T03,2233.231
2026-03-17T04,2181.661
2026-03-17T05,2121.177
2026-03-17T06,2042.624
2026-03-17T07,1844.345
2026-03-17T08,1798.512
2026-03-17T09,2068.83
2026-03-17T10,2778.144
2026-03-17T11,2216.477
2026-03-17T12,1842.836
2026-03-17T13,1539.727
2026-03-17T14,1430.722
2026-03-17T15,1369.267
2026-03-17T16,1442.308
2026-03-17T17,1432.362
2026-03-17T18,1169.695
2026-03-17T19,1066.883
2026-03-17T20,1118.159
2026-03-17T21,1123.636
2026-03-17T22,1321.934
2026-03-17T23,2198.612
2026-03-18T00,2106.784
2026-03-18T01,2522.666
2026-03-18T02,2389.066
2026-03-18T03,2337.492
2026-03-18T04,2283.514
2026-03-18T05,2220.206
2026-03-18T06,2137.986
2026-03-18T07,1930.451
2026-03-18T08,1882.477
2026-03-18T09,2165.416
2026-03-18T10,2907.845
2026-03-18T11,2319.955
2026-03-18T12,1928.871
2026-03-18T13,1611.611
2026-03-18T14,1497.517
2026-03-18T15,1433.192
2026-03-18T16,1509.644
2026-03-18T17,1499.234
2026-03-18T18,1224.304
2026-03-18T19,1116.691
2026-03-18T20,1170.361
2026-03-18T21,1176.095
2026-03-18T22,1383.65
2026-03-18T23,2301.256
2026-03-19T00,2135.509
2026-03-19T01,2557.061
2026-03-19T02,2421.64
2026-03-19T03,2369.362
2026-03-19T04,2314.648
2026-03-19T05,2250.477
2026-03-19T06,2167.136
2026-03-19T07,1956.771
2026-03-19T08,1908.144
2026-03-19T09,2194.94
2026-03-19T10,2947.492
2026-03-19T11,2351.587
2026-03-19T12,1955.17
2026-03-19T13,1633.585
2026-03-19T14,1517.934
2026-03-19T15,1452.733
2026-03-19T16,1530.227
2026-03-19T17,1519.675
2026-03-19T18,1240.996
2026-03-19T19,1131.917
2026-03-19T20,1186.318
2026-03-19T21,1192.13
2026-03-19T22,1402.515
2026-03-19T23,2332.633
2026-03-20T00,2243.988
2026-03-20T01,2686.953
2026-03-20T02,2544.653
2026-03-20T03,2489.72
2026-03-20T04,2432.227
2026-03-20T05,2364.796
2026-03-20T06,2277.221
2026-03-20T07,2056.17
2026-03-20T08,2005.073
2026-03-20T09,2306.437
2026-03-20T10,3097.217
2026-03-20T11,2471.041
2026-03-20T12,2054.488
2026-03-20T13,1716.567
2026-03-20T14,1595.041
2026-03-20T15,1526.528
2026-03-20T16,1607.958
2026-03-20T17,1596.871
2026-03-20T18,1304.036
2026-03-20T19,1189.415
2026-03-20T20,1246.58
2026-03-20T21,1252.687
2026-03-20T22,1473.759
2026-03-20T23,2451.124
2026-03-21T00,1227.549
2026-03-21T01,1469.869
2026-03-21T02,1392.025
2026-03-21T03,1361.974
2026-03-21T04,1330.523
2026-03-21T05,1293.636
2026-03-21T06,1245.729
2026-03-21T07,1124.806
2026-03-21T08,1096.853
2026-03-21T09,1261.712
2026-03-21T10,1694.299
2026-03-21T11,1351.756
2026-03-21T12,1123.885
2026-03-21T13,939.029
2026-03-21T14,872.55
2026-03-21T15,835.071
2026-03-21T16,879.616
2026-03-21T17,873.551
2026-03-21T18,713.359
2026-03-21T19,650.657
2026-03-21T20,681.928
2026-03-21T21,685.269
2026-03-21T22,806.204
2026-03-21T23,1340.861
2026-03-22T00,1184.182
2026-03-22T01,1417.94
2026-03-22T02,1342.847
2026-03-22T03,1313.858
2026-03-22T04,1283.518
2026-03-22T05,1247.934
2026-03-22T06,1201.719
2026-03-22T07,1085.068
2026-03-22T08,1058.103
2026-03-22T09,1217.137
2026-03-22T10,1634.442
2026-03-22T11,1304.001
2026-03-22T12,1084.18
2026-03-22T13,905.855
2026-03-22T14,841.724
2026-03-22T15,805.569
2026-03-22T16,848.541
2026-03-22T17,842.689
2026-03-22T18,688.157
2026-03-22T19,627.67
2026-03-22T20,657.837
2026-03-22T21,661.059
2026-03-22T22,777.722
2026-03-22T23,1293.49
2026-03-23T00,1020.72
2026-03-23T01,1222.211
2026-03-23T02,1157.483
2026-03-23T03,1132.496
2026-03-23T04,1106.344
2026-03-23T05,1075.672
2026-03-23T06,1035.837
2026-03-23T07,935.288
2026-03-23T08,912.045
2026-03-23T09,1049.126
2026-03-23T10,1408.827
2026-03-23T11,1124.0
2026-03-23T12,934.522
2026-03-23T13,780.813
2026-03-23T14,725.535
2026-03-23T15,694.37
2026-03-23T16,731.41
2026-03-23T17,726.367
2026-03-23T18,593.165
2026-03-23T19,541.028
2026-03-23T20,567.031
2026-03-23T21,569.808
2026-03-23T22,670.367
2026-03-23T23,1114.94
2026-03-24T00,1058.528
2026-03-24T01,1267.482
2026-03-24T02,1200.357
2026-03-24T03,1174.444
2026-03-24T04,1147.323
2026-03-24T05,1115.515
2026-03-24T06,1074.205
2026-03-24T07,969.931
2026-03-24T08,945.828
2026-03-24T09,1087.986
2026-03-24T10,1461.011
2026-03-24T11,1165.633
2026-03-24T12,969.138
2026-03-24T13,809.734
2026-03-24T14,752.409
2026-03-24T15,720.09
2026-03-24T16,758.502
2026-03-24T17,753.272
2026-03-24T18,615.136
2026-03-24T19,561.068
2026-03-24T20,588.034
2026-03-24T21,590.914
2026-03-24T22,695.198
2026-03-24T23,1156.238
2026-03-25T00,1031.087
2026-03-25T01,1234.625
2026-03-25T02,1169.24
2026-03-25T03,1143.999
2026-03-25T04,1117.581
2026-03-25T05,1086.597
2026-03-25T06,1046.358
2026-03-25T07,944.788
2026-03-25T08,921.309
2026-03-25T09,1059.782
2026-03-25T10,1423.137
2026-03-25T11,1135.416
2026-03-25T12,944.014
2026-03-25T13,788.743
2026-03-25T14,732.904
2026-03-25T15,701.423
2026-03-25T16,738.839
2026-03-25T17,733.744
2026-03-25T18,599.19
2026-03-25T19,546.523
2026-03-25T20,572.79
2026-03-25T21,575.596
2026-03-25T22,677.176
2026-03-25T23,1126.265
2026-03-26T00,1087.566
2026-03-26T01,1302.253
2026-03-26T02,1233.286
2026-03-26T03,1206.662
2026-03-26T04,1178.798
2026-03-26T05,1146.117
2026-03-26T06,1103.673
2026-03-26T07,996.539
2026-03-26T08,971.774
2026-03-26T09,1117.833
2026-03-26T10,1501.09
2026-03-26T11,1197.61
2026-03-26T12,995.724
2026-03-26T13,831.947
2026-03-26T14,773.049
2026-03-26T15,739.844
2026-03-26T16,779.31
2026-03-26T17,773.936
2026-03-26T18,632.011
2026-03-26T19,576.459
2026-03-26T20,604.165
2026-03-26T21,607.125
2026-03-26T22,714.269
2026-03-26T23,1187.957
2026-03-27T00,1279.784
2026-03-27T01,1532.414
2026-03-27T02,1451.258
2026-03-27T03,1419.929
2026-03-27T04,1387.14
2026-03-27T05,1348.683
2026-03-27T06,1298.737
2026-03-27T07,1172.668
2026-03-27T08,1143.527
2026-03-27T09,1315.4
2026-03-27T10,1766.395
2026-03-27T11,1409.276
2026-03-27T12,1171.709
2026-03-27T13,978.987
2026-03-27T14,909.679
2026-03-27T15,870.605
2026-03-27T16,917.046
2026-03-27T17,910.722
2026-03-27T18,743.713
2026-03-27T19,678.343
2026-03-27T20,710.946
2026-03-27T21,714.429
2026-03-27T22,840.51
2026-03-27T23,1397.917
2026-03-28T00,3247.335
2026-03-28T01,3888.362
2026-03-28T02,3682.436
2026-03-28T03,3602.94
2026-03-28T04,3519.741
2026-03-28T05,3422.16
2026-03-28T06,3295.428
2026-03-28T07,2975.539
2026-03-28T08,2901.595
2026-03-28T09,3337.707
2026-03-28T10,4482.066
2026-03-28T11,3575.91
2026-03-28T12,2973.105
2026-03-28T13,2484.09
2026-03-28T14,2308.227
2026-03-28T15,2209.08
2026-03-28T16,2326.92
2026-03-28T17,2310.874
2026-03-28T18,1887.105
2026-03-28T19,1721.234
2026-03-28T20,1803.96
2026-03-28T21,1812.797
2026-03-28T22,2132.716
2026-03-28T23,3547.088
2026-03-29T00,1169.399
2026-03-29T01,1400.239
2026-03-29T02,1326.083
2026-03-29T03,1297.456
2026-03-29T04,1267.495
2026-03-29T05,1232.355
2026-03-29T06,1186.718
2026-03-29T07,1071.522
2026-03-29T08,1044.894
2026-03-29T09,1201.943
2026-03-29T10,1614.038
2026-03-29T11,1287.722
2026-03-29T12,1070.646
2026-03-29T13,894.546
2026-03-29T14,831.217
2026-03-29T15,795.513
2026-03-29T16,837.948
2026-03-29T17,832.17
2026-03-29T18,679.566
2026-03-29T19,619.834
2026-03-29T20,649.625
2026-03-29T21,652.807
2026-03-29T22,768.013
2026-03-29T23,1277.343
2026-03-30T00,861.293
2026-03-30T01,1031.313
2026-03-30T02,976.695
2026-03-30T03,955.61
2026-03-30T04,933.543
2026-03-30T05,907.662
2026-03-30T06,874.049
2026-03-30T07,789.204
2026-03-30T08,769.592
2026-03-30T09,885.262
2026-03-30T10,1188.781
2026-03-30T11,948.441
2026-03-30T12,788.558
2026-03-30T13,658.857
2026-03-30T14,612.213
2026-03-30T15,585.916
2026-03-30T16,617.17
2026-03-30T17,612.915
2026-03-30T18,500.518
2026-03-30T19,456.524
2026-03-30T20,478.465
2026-03-30T21,480.809
2026-03-30T22,565.662
2026-03-30T23,940.796
2026-03-31T00,1035.572
2026-03-31T01,1239.994
2026-03-31T02,1174.325
2026-03-31T03,1148.974
2026-03-31T04,1122.441
2026-03-31T05,1091.323
2026-03-31T06,1050.908
2026-03-31T07,948.896
2026-03-31T08,925.315
2026-03-31T09,1064.391
2026-03-31T10,1429.326
2026-03-31T11,1140.354
2026-03-31T12,948.12
2026-03-31T13,792.173
2026-03-31T14,736.091
2026-03-31T15,704.473
2026-03-31T16,742.052
2026-03-31T17,736.935
2026-03-31T18,601.796
2026-03-31T19,548.9
2026-03-31T20,575.281
2026-03-31T21,578.099
2026-03-31T22,680.121
2026-03-31T23,1131.163
2026-04-01T00,1692.728
2026-04-01T01,2026.874
2026-04-01T02,1919.531
2026-04-01T03,1878.093
2026-04-01T04,1834.724
2026-04-01T05,1783.858
2026-04-01T06,1717.797
2026-04-01T07,1551.05
2026-04-01T08,1512.505
2026-04-01T09,1739.836
2026-04-01T10,2336.352
2026-04-01T11,1864.003
2026-04-01T12,1549.78
2026-04-01T13,1294.873
2026-04-01T14,1203.202
2026-04-01T15,1151.52
2026-04-01T16,1212.946
2026-04-01T17,1204.582
2026-04-01T18,983.685
2026-04-01T19,897.222
2026-04-01T20,940.344
2026-04-01T21,944.951
2026-04-01T22,1111.714
2026-04-01T23,1848.979
2026-04-02T00,1764.608
2026-04-02T01,2112.943
2026-04-02T02,2001.042
2026-04-02T03,1957.845
2026-04-02T04,1912.634
2026-04-02T05,1859.608
2026-04-02T06,1790.742
2026-04-02T07,1616.914
2026-04-02T08,1576.732
2026-04-02T09,1813.716
2026-04-02T10,2435.563
2026-04-02T11,1943.156
2026-04-02T12,1615.591
2026-04-02T13,1349.859
2026-04-02T14,1254.295
2026-04-02T15,1200.418
2026-04-02T16,1264.452
2026-04-02T17,1255.733
2026-04-02T18,1025.456
2026-04-02T19,935.322
2026-04-02T20,980.275
2026-04-02T21,985.077
2026-04-02T22,1158.922
2026-04-02T23,1927.494
2026-04-03T00,1836.704
2026-04-03T01,2199.271
2026-04-03T02,2082.799
2026-04-03T03,2037.836
2026-04-03T04,1990.778
2026-04-03T05,1935.586
2026-04-03T06,1863.906
2026-04-03T07,1682.976
2026-04-03T08,1641.152
2026-04-03T09,1887.819
2026-04-03T10,2535.072
2026-04-03T11,2022.547
2026-04-03T12,1681.598
2026-04-03T13,1405.01
2026-04-03T14,1305.542
2026-04-03T15,1249.464
2026-04-03T16,1316.114
2026-04-03T17,1307.039
2026-04-03T18,1067.353
2026-04-03T19,973.536
2026-04-03T20,1020.326
2026-04-03T21,1025.325
2026-04-03T22,1206.272
2026-04-03T23,2006.246
2026-04-04T00,2075.976
2026-04-04T01,2485.776
2026-04-04T02,2354.13
2026-04-04T03,2303.31
2026-04-04T04,2250.121
2026-04-04T05,2187.739
2026-04-04T06,2106.721
2026-04-04T07,1902.221
2026-04-04T08,1854.949
2026-04-04T09,2133.75
2026-04-04T10,2865.322
2026-04-04T11,2286.03
2026-04-04T12,1900.664
2026-04-04T13,1588.044
2026-04-04T14,1475.618
2026-04-04T15,1412.234
2026-04-04T16,1487.567
2026-04-04T17,1477.31
2026-04-04T18,1206.4
2026-04-04T19,1100.361
2026-04-04T20,1153.247
2026-04-04T21,1158.896
2026-04-04T22,1363.416
2026-04-04T23,2267.604
2026-04-05T00,2167.01
2026-04-05T01,2594.779
2026-04-05T02,2457.361
2026-04-05T03,2404.312
2026-04-05T04,2348.791
2026-04-05T05,2283.673
2026-04-05T06,2199.103
2026-04-05T07,1985.635
2026-04-05T08,1936.29
2026-04-05T09,2227.317
2026-04-05T10,2990.969
2026-04-05T11,2386.274
2026-04-05T12,1984.01
2026-04-05T13,1657.681
2026-04-05T14,1540.325
2026-04-05T15,1474.162
2026-04-05T16,1552.799
2026-04-05T17,1542.091
2026-04-05T18,1259.302
2026-04-05T19,1148.613
2026-04-05T20,1203.818
2026-04-05T21,1209.715
2026-04-05T22,1423.203
2026-04-05T23,2367.041
2026-04-06T00,1811.182
2026-04-06T01,2168.71
2026-04-06T02,2053.856
2026-04-06T03,2009.518
2026-04-06T04,1963.114
2026-04-06T05,1908.689
2026-04-06T06,1838.005
2026-04-06T07,1659.589
2026-04-06T08,1618.347
2026-04-06T09,1861.586
2026-04-06T10,2499.845
2026-04-06T11,1994.443
2026-04-06T12,1658.231
2026-04-06T13,1385.486
2026-04-06T14,1287.4
2026-04-06T15,1232.101
2026-04-06T16,1297.825
2026-04-06T17,1288.876
2026-04-06T18,1052.522
2026-04-06T19,960.008
2026-04-06T20,1006.148
2026-04-06T21,1011.077
2026-04-06T22,1189.51
2026-04-06T23,1978.367
2026-04-07T00,1846.308
2026-04-07T01,2210.771
2026-04-07T02,2093.689
2026-04-07T03,2048.491
2026-04-07T04,2001.187
2026-04-07T05,1945.706
2026-04-07T06,1873.652
2026-04-07T07,1691.776
2026-04-07T08,1649.733
2026-04-07T09,1897.69
2026-04-07T10,2548.328
2026-04-07T11,2033.123
2026-04-07T12,1690.391
2026-04-07T13,1412.356
2026-04-07T14,1312.368
2026-04-07T15,1255.997
2026-04-07T16,1322.996
2026-04-07T17,1313.873
2026-04-07T18,1072.934
2026-04-07T19,978.627
2026-04-07T20,1025.661
2026-04-07T21,1030.686
2026-04-07T22,1212.579
2026-04-07T23,2016.736
2026-04-08T00,1808.649
2026-04-08T01,2165.678
2026-04-08T02,2050.985
2026-04-08T03,2006.709
2026-04-08T04,1960.37
2026-04-08T05,1906.02
2026-04-08T06,1835.436
2026-04-08T07,1657.269
2026-04-08T08,1616.084
2026-04-08T09,1858.983
2026-04-08T10,2496.35
2026-04-08T11,1991.654
2026-04-08T12,1655.913
2026-04-08T13,1383.549
2026-04-08T14,1285.6
2026-04-08T15,1230.379
2026-04-08T16,1296.011
2026-04-08T17,1287.074
2026-04-08T18,1051.05
2026-04-08T19,958.666
2026-04-08T20,1004.741
2026-04-08T21,1009.663
2026-04-08T22,1187.847
2026-04-08T23,1975.601
2026-04-09T00,1760.287
2026-04-09T01,2107.769
2026-04-09T02,1996.142
2026-04-09T03,1953.05
2026-04-09T04,1907.95
2026-04-09T05,1855.054
2026-04-09T06,1786.357
2026-04-09T07,1612.954
2026-04-09T08,1572.871
2026-04-09T09,1809.275
2026-04-09T10,2429.599
2026-04-09T11,1938.398
2026-04-09T12,1611.634
2026-04-09T13,1346.553
2026-04-09T14,1251.224
2026-04-09T15,1197.479
2026-04-09T16,1261.356
2026-04-09T17,1252.658
2026-04-09T18,1022.945
2026-04-09T19,933.032
2026-04-09T20,977.875
2026-04-09T21,982.665
2026-04-09T22,1156.084
2026-04-09T23,1922.774
2026-04-10T00,1894.487
2026-04-10T01,2268.46
2026-04-10T02,2148.323
2026-04-10T03,2101.946
2026-04-10T04,2053.407
2026-04-10T05,1996.479
2026-04-10T06,1922.544
2026-04-10T07,1735.922
2026-04-10T08,1692.783
2026-04-10T09,1947.209
2026-04-10T10,2614.825
2026-04-10T11,2086.177
2026-04-10T12,1734.501
2026-04-10T13,1449.211
2026-04-10T14,1346.614
2026-04-10T15,1288.772
2026-04-10T16,1357.519
2026-04-10T17,1348.158
2026-04-10T18,1100.932
2026-04-10T19,1004.164
2026-04-10T20,1052.425
2026-04-10T21,1057.581
2026-04-10T22,1244.221
2026-04-10T23,2069.362
2026-04-11T00,2122.923
2026-04-11T01,2541.989
2026-04-11T02,2407.367
2026-04-11T03,2355.397
2026-04-11T04,2301.006
2026-04-11T05,2237.213
2026-04-11T06,2154.363
2026-04-11T07,1945.238
2026-04-11T08,1896.897
2026-04-11T09,2182.003
2026-04-11T10,2930.119
2026-04-11T11,2337.726
2026-04-11T12,1943.646
2026-04-11T13,1623.956
2026-04-11T14,1508.988
2026-04-11T15,1444.171
2026-04-11T16,1521.207
2026-04-11T17,1510.718
2026-04-11T18,1233.682
2026-04-11T19,1125.245
2026-04-11T20,1179.326
2026-04-11T21,1185.104
2026-04-11T22,1394.249
2026-04-11T23,2318.884
2026-04-12T00,2125.478
2026-04-12T01,2545.049
2026-04-12T02,2410.264
2026-04-12T03,2358.232
2026-04-12T04,2303.775
2026-04-12T05,2239.906
2026-04-12T06,2156.956
2026-04-12T07,1947.579
2026-04-12T08,1899.18
2026-04-12T09,2184.629
2026-04-12T10,2933.646
2026-04-12T11,2340.54
2026-04-12T12,1945.986
2026-04-12T13,1625.911
2026-04-12T14,1510.804
2026-04-12T15,1445.909
2026-04-12T16,1523.038
2026-04-12T17,1512.536
2026-04-12T18,1235.167
2026-04-12T19,1126.599
2026-04-12T20,1180.746
2026-04-12T21,1186.53
2026-04-12T22,1395.927
2026-04-12T23,2321.675
2026-04-13T00,1603.408
2026-04-13T01,1919.922
2026-04-13T02,1818.244
2026-04-13T03,1778.992
2026-04-13T04,1737.911
2026-04-13T05,1689.73
2026-04-13T06,1627.155
2026-04-13T07,1469.206
2026-04-13T08,1432.695
2026-04-13T09,1648.03
2026-04-13T10,2213.07
2026-04-13T11,1765.646
2026-04-13T12,1468.004
2026-04-13T13,1226.547
2026-04-13T14,1139.713
2026-04-13T15,1090.758
2026-04-13T16,1148.943
2026-04-13T17,1141.02
2026-04-13T18,931.779
2026-04-13T19,849.879
2026-04-13T20,890.726
2026-04-13T21,895.089
2026-04-13T22,1053.053
2026-04-13T23,1751.415
2026-04-14T00,1731.93
2026-04-14T01,2073.814
2026-04-14T02,1963.986
2026-04-14T03,1921.588
2026-04-14T04,1877.214
2026-04-14T05,1825.17
2026-04-14T06,1757.58
2026-04-14T07,1586.971
2026-04-14T08,1547.533
2026-04-14T09,1780.129
2026-04-14T10,2390.459
2026-04-14T11,1907.172
2026-04-14T12,1585.672
2026-04-14T13,1324.861
2026-04-14T14,1231.067
2026-04-14T15,1178.188
2026-04-14T16,1241.036
2026-04-14T17,1232.479
2026-04-14T18,1006.466
2026-04-14T19,918.001
2026-04-14T20,962.122
2026-04-14T21,966.835
2026-04-14T22,1137.46
2026-04-14T23,1891.8
2026-04-15T00,1791.615
2026-04-15T01,2145.281
2026-04-15T02,2031.668
2026-04-15T03,1987.809
2026-04-15T04,1941.906
2026-04-15T05,1888.069
2026-04-15T06,1818.149
2026-04-15T07,1641.66
2026-04-15T08,1600.863
2026-04-15T09,1841.475
2026-04-15T10,2472.838
2026-04-15T11,1972.896
2026-04-15T12,1640.317
2026-04-15T13,1370.518
2026-04-15T14,1273.492
2026-04-15T15,1218.79
2026-04-15T16,1283.805
2026-04-15T17,1274.952
2026-04-15T18,1041.151
2026-04-15T19,949.637
2026-04-15T20,995.278
2026-04-15T21,1000.154
2026-04-15T22,1176.659
2026-04-15T23,1956.994
2026-04-16T00,2123.868
2026-04-16T01,2543.122
2026-04-16T02,2408.439
2026-04-16T03,2356.446
2026-04-16T04,2302.031
2026-04-16T05,2238.21
2026-04-16T06,2155.323
2026-04-16T07,1946.105
2026-04-16T08,1897.742
2026-04-16T09,2182.975
2026-04-16T10,2931.424
2026-04-16T11,2338.768
2026-04-16T12,1944.512
2026-04-16T13,1624.68
2026-04-16T14,1509.66
2026-04-16T15,1444.814
2026-04-16T16,1521.885
2026-04-16T17,1511.391
2026-04-16T18,1234.231
2026-04-16T19,1125.746
2026-04-16T20,1179.852
2026-04-16T21,1185.632
2026-04-16T22,1394.87
2026-04-16T23,2319.917
2026-04-17T00,1894.046
2026-04-17T01,2267.932
2026-04-17T02,2147.823
2026-04-17T03,2101.457
2026-04-17T04,2052.929
2026-04-17T05,1996.014
2026-04-17T06,1922.096
2026-04-17T07,1735.518
2026-04-17T08,1692.388
2026-04-17T09,1946.756
2026-04-17T10,2614.216
2026-04-17T11,2085.691
2026-04-17T12,1734.098
2026-04-17T13,1448.874
2026-04-17T14,1346.3
2026-04-17T15,1288.472
2026-04-17T16,1357.203
2026-04-17T17,1347.844
2026-04-17T18,1100.676
2026-04-17T19,1003.93
2026-04-17T20,1052.18
2026-04-17T21,1057.335
2026-04-17T22,1243.931
2026-04-17T23,2068.88
2026-04-18T00,5753.587
2026-04-18T01,6889.35
2026-04-18T02,6524.493
2026-04-18T03,6383.645
2026-04-18T04,6236.232
2026-04-18T05,6063.339
2026-04-18T06,5838.798
2026-04-18T07,5272.023
2026-04-18T08,5141.009
2026-04-18T09,5913.708
2026-04-18T10,7941.268
2026-04-18T11,6335.753
2026-04-18T12,5267.709
2026-04-18T13,4401.279
2026-04-18T14,4089.688
2026-04-18T15,3914.021
2026-04-18T16,4122.807
2026-04-18T17,4094.378
2026-04-18T18,3343.549
2026-04-18T19,3049.662
2026-04-18T20,3196.234
2026-04-18T21,3211.892
2026-04-18T22,3778.72
2026-04-18T23,6284.686
2026-04-19T00,2043.673
2026-04-19T01,2447.096
2026-04-19T02,2317.499
2026-04-19T03,2267.469
2026-04-19T04,2215.108
2026-04-19T05,2153.697
2026-04-19T06,2073.94
2026-04-19T07,1872.622
2026-04-19T08,1826.085
2026-04-19T09,2100.548
2026-04-19T10,2820.737
2026-04-19T11,2250.458
2026-04-19T12,1871.089
2026-04-19T13,1563.333
2026-04-19T14,1452.656
2026-04-19T15,1390.259
2026-04-19T16,1464.42
2026-04-19T17,1454.322
2026-04-19T18,1187.628
2026-04-19T19,1083.239
2026-04-19T20,1135.302
2026-04-19T21,1140.863
2026-04-19T22,1342.201
2026-04-19T23,2232.319
2026-04-20T00,1650.557
2026-04-20T01,1976.378
2026-04-20T02,1871.71
2026-04-20T03,1831.304
2026-04-20T04,1789.015
2026-04-20T05,1739.417
2026-04-20T06,1675.002
2026-04-20T07,1512.409
2026-04-20T08,1474.824
2026-04-20T09,1696.491
2026-04-20T10,2278.146
2026-04-20T11,1817.565
2026-04-20T12,1511.171
2026-04-20T13,1262.614
2026-04-20T14,1173.227
2026-04-20T15,1122.832
2026-04-20T16,1182.728
2026-04-20T17,1174.572
2026-04-20T18,959.179
2026-04-20T19,874.87
2026-04-20T20,916.918
2026-04-20T21,921.409
2026-04-20T22,1084.018
2026-04-20T23,1802.916
2026-04-21T00,1695.253
2026-04-21T01,2029.897
2026-04-21T02,1922.395
2026-04-21T03,1880.895
2026-04-21T04,1837.461
2026-04-21T05,1786.519
2026-04-21T06,1720.36
2026-04-21T07,1553.364
2026-04-21T08,1514.761
2026-04-21T09,1742.431
2026-04-21T10,2339.837
2026-04-21T11,1866.784
2026-04-21T12,1552.093
2026-04-21T13,1296.805
2026-04-21T14,1204.997
2026-04-21T15,1153.238
2026-04-21T16,1214.755
2026-04-21T17,1206.379
2026-04-21T18,985.153
2026-04-21T19,898.561
2026-04-21T20,941.747
2026-04-21T21,946.361
2026-04-21T22,1113.373
2026-04-21T23,1851.738
2026-04-22T00,1676.354
2026-04-22T01,2007.268
2026-04-22T02,1900.964
2026-04-22T03,1859.927
2026-04-22T04,1816.977
2026-04-22T05,1766.603
2026-04-22T06,1701.181
2026-04-22T07,1536.047
2026-04-22T08,1497.875
2026-04-22T09,1723.007
2026-04-22T10,2313.753
2026-04-22T11,1845.973
2026-04-22T12,1534.79
2026-04-22T13,1282.348
2026-04-22T14,1191.564
2026-04-22T15,1140.382
2026-04-22T16,1201.213
2026-04-22T17,1192.93
2026-04-22T18,974.17
2026-04-22T19,888.544
2026-04-22T20,931.249
2026-04-22T21,935.811
2026-04-22T22,1100.961
2026-04-22T23,1831.094
2026-04-23T00,1712.138
2026-04-23T01,2050.115
2026-04-23T02,1941.542
2026-04-23T03,1899.629
2026-04-23T04,1855.762
2026-04-23T05,1804.313
2026-04-23T06,1737.495
2026-04-23T07,1568.835
2026-04-23T08,1529.848
2026-04-23T09,1759.786
2026-04-23T10,2363.142
2026-04-23T11,1885.377
2026-04-23T12,1567.551
2026-04-23T13,1309.721
2026-04-23T14,1216.999
2026-04-23T15,1164.724
2026-04-23T16,1226.854
2026-04-23T17,1218.395
2026-04-23T18,994.965
2026-04-23T19,907.51
2026-04-23T20,951.127
2026-04-23T21,955.786
2026-04-23T22,1124.462
2026-04-23T23,1870.181
2026-04-24T00,4710.88
2026-04-24T01,5640.812
2026-04-24T02,5342.077
2026-04-24T03,5226.754
2026-04-24T04,5106.057
2026-04-24T05,4964.497
2026-04-24T06,4780.649
2026-04-24T07,4316.589
2026-04-24T08,4209.318
2026-04-24T09,4841.982
2026-04-24T10,6502.093
2026-04-24T11,5187.542
2026-04-24T12,4313.057
2026-04-24T13,3603.647
2026-04-24T14,3348.525
2026-04-24T15,3204.693
2026-04-24T16,3375.642
2026-04-24T17,3352.365
2026-04-24T18,2737.607
2026-04-24T19,2496.98
2026-04-24T20,2616.989
2026-04-24T21,2629.809
2026-04-24T22,3093.913
2026-04-24T23,5145.73
2026-04-25T00,2062.062
2026-04-25T01,2469.115
2026-04-25T02,2338.352
2026-04-25T03,2287.872
2026-04-25T04,2235.04
2026-04-25T05,2173.076
2026-04-25T06,2092.602
2026-04-25T07,1889.472
2026-04-25T08,1842.517
2026-04-25T09,2119.449
2026-04-25T10,2846.118
2026-04-25T11,2270.708
2026-04-25T12,1887.926
2026-04-25T13,1577.401
2026-04-25T14,1465.728
2026-04-25T15,1402.769
2026-04-25T16,1477.597
2026-04-25T17,1467.409
2026-04-25T18,1198.315
2026-04-25T19,1092.986
2026-04-25T20,1145.517
2026-04-25T21,1151.129
2026-04-25T22,1354.278
2026-04-25T23,2252.406
2026-04-26T00,2136.22
2026-04-26T01,2557.912
2026-04-26T02,2422.446
2026-04-26T03,2370.151
2026-04-26T04,2315.419
2026-04-26T05,2251.227
2026-04-26T06,2167.858
2026-04-26T07,1957.423
2026-04-26T08,1908.779
2026-04-26T09,2195.671
2026-04-26T10,2948.473
2026-04-26T11,2352.37
2026-04-26T12,1955.821
2026-04-26T13,1634.129
2026-04-26T14,1518.44
2026-04-26T15,1453.217
2026-04-26T16,1530.736
2026-04-26T17,1520.181
2026-04-26T18,1241.409
2026-04-26T19,1132.293
2026-04-26T20,1186.713
2026-04-26T21,1192.527
2026-04-26T22,1402.982
2026-04-26T23,2333.409
2026-04-27T00,1723.958
2026-04-27T01,2064.269
2026-04-27T02,1954.946
2026-04-27T03,1912.743
2026-04-27T04,1868.574
2026-04-27T05,1816.769
2026-04-27T06,1749.49
2026-04-27T07,1579.666
2026-04-27T08,1540.41
2026-04-27T09,1771.935
2026-04-27T10,2379.456
2026-04-27T11,1898.393
2026-04-27T12,1578.373
2026-04-27T13,1318.763
2026-04-27T14,1225.401
2026-04-27T15,1172.765
2026-04-27T16,1235.324
2026-04-27T17,1226.806
2026-04-27T18,1001.834
2026-04-27T19,913.776
2026-04-27T20,957.693
2026-04-27T21,962.385
2026-04-27T22,1132.225
2026-04-27T23,1883.092
2026-04-28T00,1803.358
2026-04-28T01,2159.342
2026-04-28T02,2044.984
2026-04-28T03,2000.838
2026-04-28T04,1954.634
2026-04-28T05,1900.444
2026-04-28T06,1830.065
2026-04-28T07,1652.42
2026-04-28T08,1611.356
2026-04-28T09,1853.544
2026-04-28T10,2489.046
2026-04-28T11,1985.827
2026-04-28T12,1651.068
2026-04-28T13,1379.501
2026-04-28T14,1281.839
2026-04-28T15,1226.779
2026-04-28T16,1292.219
2026-04-28T17,1283.309
2026-04-28T18,1047.975
2026-04-28T19,955.861
2026-04-28T20,1001.802
2026-04-28T21,1006.709
2026-04-28T22,1184.371
2026-04-28T23,1969.821
2026-04-29T00,1717.62
2026-04-29T01,2056.68
2026-04-29T02,1947.759
2026-04-29T03,1905.712
2026-04-29T04,1861.705
2026-04-29T05,1810.091
2026-04-29T06,1743.058
2026-04-29T07,1573.859
2026-04-29T08,1534.747
2026-04-29T09,1765.421
2026-04-29T10,2370.709
2026-04-29T11,1891.415
2026-04-29T12,1572.571
2026-04-29T13,1313.915
2026-04-29T14,1220.896
2026-04-29T15,1168.454
2026-04-29T16,1230.783
2026-04-29T17,1222.296
2026-04-29T18,998.151
2026-04-29T19,910.417
2026-04-29T20,954.173
2026-04-29T21,958.847
2026-04-29T22,1128.063
2026-04-29T23,1876.17
2026-04-30T00,2048.03
2026-04-30T01,2452.314
2026-04-30T02,2322.44
2026-04-30T03,2272.304
2026-04-30T04,2219.831
2026-04-30T05,2158.289
2026-04-30T06,2078.362
2026-04-30T07,1876.614
2026-04-30T08,1829.979
2026-04-30T09,2105.026
2026-04-30T10,2826.751
2026-04-30T11,2255.257
2026-04-30T12,1875.079
2026-04-30T13,1566.667
2026-04-30T14,1455.754
2026-04-30T15,1393.224
2026-04-30T16,1467.543
2026-04-30T17,1457.423
2026-04-30T18,1190.16
2026-04-30T19,1085.549
2026-04-30T20,1137.722
2026-04-30T21,1143.296
2026-04-30T22,1345.062
2026-04-30T23,2237.079
2026-05-01T00,2236.779
2026-05-01T01,2678.322
2026-05-01T02,2536.479
2026-05-01T03,2481.722
2026-05-01T04,2424.414
2026-05-01T05,2357.199
2026-05-01T06,2269.906
2026-05-01T07,2049.565
2026-05-01T08,1998.632
2026-05-01T09,2299.028
2026-05-01T10,3087.268
2026-05-01T11,2463.104
2026-05-01T12,2047.888
2026-05-01T13,1711.053
2026-05-01T14,1589.918
2026-05-01T15,1521.625
2026-05-01T16,1602.793
2026-05-01T17,1591.741
2026-05-01T18,1299.847
2026-05-01T19,1185.594
2026-05-01T20,1242.576
2026-05-01T21,1248.663
2026-05-01T22,1469.025
2026-05-01T23,2443.251
2026-05-02T00,2395.283
2026-05-02T01,2868.114
2026-05-02T02,2716.22
2026-05-02T03,2657.583
2026-05-02T04,2596.214
2026-05-02T05,2524.237
2026-05-02T06,2430.757
2026-05-02T07,2194.803
2026-05-02T08,2140.26
2026-05-02T09,2461.943
2026-05-02T10,3306.039
2026-05-02T11,2637.645
2026-05-02T12,2193.007
2026-05-02T13,1832.302
2026-05-02T14,1702.583
2026-05-02T15,1629.451
2026-05-02T16,1716.371
2026-05-02T17,1704.536
2026-05-02T18,1391.957
2026-05-02T19,1269.609
2026-05-02T20,1330.628
2026-05-02T21,1337.147
2026-05-02T22,1573.124
2026-05-02T23,2616.386
2026-05-03T00,2414.39
2026-05-03T01,2890.993
2026-05-03T02,2737.887
2026-05-03T03,2678.783
2026-05-03T04,2616.924
2026-05-03T05,2544.372
2026-05-03T06,2450.148
2026-05-03T07,2212.311
2026-05-03T08,2157.333
2026-05-03T09,2481.582
2026-05-03T10,3332.411
2026-05-03T11,2658.686
2026-05-03T12,2210.5
2026-05-03T13,1846.918
2026-05-03T14,1716.165
2026-05-03T15,1642.449
2026-05-03T16,1730.062
2026-05-03T17,1718.133
2026-05-03T18,1403.061
2026-05-03T19,1279.736
2026-05-03T20,1341.243
2026-05-03T21,1347.813
2026-05-03T22,1585.673
2026-05-03T23,2637.257
2026-05-04T00,2088.482
2026-05-04T01,2500.751
2026-05-04T02,2368.312
2026-05-04T03,2317.186
2026-05-04T04,2263.677
2026-05-04T05,2200.919
2026-05-04T06,2119.413
2026-05-04T07,1913.681
2026-05-04T08,1866.124
2026-05-04T09,2146.604
2026-05-04T10,2882.584
2026-05-04T11,2299.801
2026-05-04T12,1912.115
2026-05-04T13,1597.611
2026-05-04T14,1484.507
2026-05-04T15,1420.742
2026-05-04T16,1496.529
2026-05-04T17,1486.21
2026-05-04T18,1213.668
2026-05-04T19,1106.99
2026-05-04T20,1160.194
2026-05-04T21,1165.878
2026-05-04T22,1371.63
2026-05-04T23,2281.265
2026-05-05T00,1957.008
2026-05-05T01,2343.324
2026-05-05T02,2219.222
2026-05-05T03,2171.314
2026-05-05T04,2121.174
2026-05-05T05,2062.367
2026-05-05T06,1985.992
2026-05-05T07,1793.211
2026-05-05T08,1748.648
2026-05-05T09,2011.471
2026-05-05T10,2701.12
2026-05-05T11,2155.025
2026-05-05T12,1791.743
2026-05-05T13,1497.038
2026-05-05T14,1391.055
2026-05-05T15,1331.304
2026-05-05T16,1402.32
2026-05-05T17,1392.65
2026-05-05T18,1137.265
2026-05-05T19,1037.303
2026-05-05T20,1087.158
2026-05-05T21,1092.483
2026-05-05T22,1285.283
2026-05-05T23,2137.655
2026-05-06T00,2186.066
2026-05-06T01,2617.598
2026-05-06T02,2478.971
2026-05-06T03,2425.456
2026-05-06T04,2369.447
2026-05-06T05,2303.756
2026-05-06T06,2218.442
2026-05-06T07,2003.097
2026-05-06T08,1953.318
2026-05-06T09,2246.904
2026-05-06T10,3017.272
2026-05-06T11,2407.259
2026-05-06T12,2001.458
2026-05-06T13,1672.259
2026-05-06T14,1553.871
2026-05-06T15,1487.126
2026-05-06T16,1566.454
2026-05-06T17,1555.652
2026-05-06T18,1270.376
2026-05-06T19,1158.714
2026-05-06T20,1214.404
2026-05-06T21,1220.353
2026-05-06T22,1435.719
2026-05-06T23,2387.857
2026-05-07T00,2132.449
2026-05-07T01,2553.397
2026-05-07T02,2418.17
2026-05-07T03,2365.967
2026-05-07T04,2311.332
2026-05-07T05,2247.253
2026-05-07T06,2164.031
2026-05-07T07,1953.967
2026-05-07T08,1905.41
2026-05-07T09,2191.795
2026-05-07T10,2943.268
2026-05-07T11,2348.217
2026-05-07T12,1952.369
2026-05-07T13,1631.244
2026-05-07T14,1515.759
2026-05-07T15,1450.652
2026-05-07T16,1528.034
2026-05-07T17,1517.497
2026-05-07T18,1239.218
2026-05-07T19,1130.295
2026-05-07T20,1184.619
2026-05-07T21,1190.422
2026-05-07T22,1400.505
2026-05-07T23,2329.29
2026-05-08T00,2327.728
2026-05-08T01,2787.224
2026-05-08T02,2639.614
2026-05-08T03,2582.631
2026-05-08T04,2522.992
2026-05-08T05,2453.045
2026-05-08T06,2362.202
2026-05-08T07,2132.902
2026-05-08T08,2079.898
2026-05-08T09,2392.508
2026-05-08T10,3212.798
2026-05-08T11,2563.255
2026-05-08T12,2131.157
2026-05-08T13,1780.625
2026-05-08T14,1654.565
2026-05-08T15,1583.495
2026-05-08T16,1667.964
2026-05-08T17,1656.462
2026-05-08T18,1352.7
2026-05-08T19,1233.801
2026-05-08T20,1293.1
2026-05-08T21,1299.435
2026-05-08T22,1528.757
2026-05-08T23,2542.595
2026-05-09T00,2689.061
2026-05-09T01,3219.884
2026-05-09T02,3049.36
2026-05-09T03,2983.531
2026-05-09T04,2914.635
2026-05-09T05,2833.83
2026-05-09T06,2728.886
2026-05-09T07,2463.992
2026-05-09T08,2402.759
2026-05-09T09,2763.896
2026-05-09T10,3711.519
2026-05-09T11,2961.148
2026-05-09T12,2461.975
2026-05-09T13,2057.031
2026-05-09T14,1911.402
2026-05-09T15,1829.3
2026-05-09T16,1926.881
2026-05-09T17,1913.594
2026-05-09T18,1562.678
2026-05-09T19,1425.324
2026-05-09T20,1493.827
2026-05-09T21,1501.145
2026-05-09T22,1766.065
2026-05-09T23,2937.281
2026-05-10T00,2698.986
2026-05-10T01,3231.769
2026-05-10T02,3060.616
2026-05-10T03,2994.544
2026-05-10T04,2925.394
2026-05-10T05,2844.29
2026-05-10T06,2738.959
2026-05-10T07,2473.087
2026-05-10T08,2411.628
2026-05-10T09,2774.098
2026-05-10T10,3725.219
2026-05-10T11,2972.078
2026-05-10T12,2471.063
2026-05-10T13,2064.624
2026-05-10T14,1918.458
2026-05-10T15,1836.053
2026-05-10T16,1933.993
2026-05-10T17,1920.658
2026-05-10T18,1568.447
2026-05-10T19,1430.585
2026-05-10T20,1499.341
2026-05-10T21,1506.686
2026-05-10T22,1772.584
2026-05-10T23,2948.123
2026-05-11T00,2027.162
2026-05-11T01,2427.326
2026-05-11T02,2298.776
2026-05-11T03,2249.151
2026-05-11T04,2197.213
2026-05-11T05,2136.298
2026-05-11T06,2057.185
2026-05-11T07,1857.493
2026-05-11T08,1811.333
2026-05-11T09,2083.578
2026-05-11T10,2797.948
2026-05-11T11,2232.277
2026-05-11T12,1855.973
2026-05-11T13,1550.703
2026-05-11T14,1440.921
2026-05-11T15,1379.028
2026-05-11T16,1452.589
2026-05-11T17,1442.573
2026-05-11T18,1178.033
2026-05-11T19,1074.488
2026-05-11T20,1126.13
2026-05-11T21,1131.646
2026-05-11T22,1331.357
2026-05-11T23,2214.285
2026-05-12T00,1925.416
2026-05-12T01,2305.495
2026-05-12T02,2183.397
2026-05-12T03,2136.262
2026-05-12T04,2086.931
2026-05-12T05,2029.073
2026-05-12T06,1953.931
2026-05-12T07,1764.262
2026-05-12T08,1720.419
2026-05-12T09,1978.999
2026-05-12T10,2657.515
2026-05-12T11,2120.235
2026-05-12T12,1762.819
2026-05-12T13,1472.871
2026-05-12T14,1368.598
2026-05-12T15,1309.812
2026-05-12T16,1379.681
2026-05-12T17,1370.168
2026-05-12T18,1118.906
2026-05-12T19,1020.558
2026-05-12T20,1069.607
2026-05-12T21,1074.847
2026-05-12T22,1264.534
2026-05-12T23,2103.146
2026-05-13T00,2010.975
2026-05-13T01,2407.944
2026-05-13T02,2280.42
2026-05-13T03,2231.191
2026-05-13T04,2179.668
2026-05-13T05,2119.239
2026-05-13T06,2040.758
2026-05-13T07,1842.661
2026-05-13T08,1796.869
2026-05-13T09,2066.94
2026-05-13T10,2775.606
2026-05-13T11,2214.452
2026-05-13T12,1841.153
2026-05-13T13,1538.321
2026-05-13T14,1429.415
2026-05-13T15,1368.016
2026-05-13T16,1440.99
2026-05-13T17,1431.054
2026-05-13T18,1168.627
2026-05-13T19,1065.908
2026-05-13T20,1117.137
2026-05-13T21,1122.61
2026-05-13T22,1320.726
2026-05-13T23,2196.603
2026-05-14T00,2183.899
2026-05-14T01,2615.002
2026-05-14T02,2476.513
2026-05-14T03,2423.051
2026-05-14T04,2367.097
2026-05-14T05,2301.472
2026-05-14T06,2216.243
2026-05-14T07,2001.111
2026-05-14T08,1951.381
2026-05-14T09,2244.676
2026-05-14T10,3014.28
2026-05-14T11,2404.873
2026-05-14T12,1999.473
2026-05-14T13,1670.601
2026-05-14T14,1552.33
2026-05-14T15,1485.651
2026-05-14T16,1564.901
2026-05-14T17,1554.11
2026-05-14T18,1269.117
2026-05-14T19,1157.565
2026-05-14T20,1213.2
2026-05-14T21,1219.143
2026-05-14T22,1434.295
2026-05-14T23,2385.489
2026-05-15T00,2148.265
2026-05-15T01,2572.335
2026-05-15T02,2436.105
2026-05-15T03,2383.515
2026-05-15T04,2328.475
2026-05-15T05,2263.92
2026-05-15T06,2180.081
2026-05-15T07,1968.46
2026-05-15T08,1919.542
2026-05-15T09,2208.051
2026-05-15T10,2965.098
2026-05-15T11,2365.634
2026-05-15T12,1966.849
2026-05-15T13,1643.343
2026-05-15T14,1527.001
2026-05-15T15,1461.411
2026-05-15T16,1539.367
2026-05-15T17,1528.753
2026-05-15T18,1248.409
2026-05-15T19,1138.678
2026-05-15T20,1193.405
2026-05-15T21,1199.251
2026-05-15T22,1410.893
2026-05-15T23,2346.566
2026-05-16T00,2457.981
2026-05-16T01,2943.189
2026-05-16T02,2787.319
2026-05-16T03,2727.147
2026-05-16T04,2664.171
2026-05-16T05,2590.31
2026-05-16T06,2494.384
2026-05-16T07,2252.253
2026-05-16T08,2196.282
2026-05-16T09,2526.386
2026-05-16T10,3392.576
2026-05-16T11,2706.687
2026-05-16T12,2250.41
2026-05-16T13,1880.263
2026-05-16T14,1747.149
2026-05-16T15,1672.103
2026-05-16T16,1761.298
2026-05-16T17,1749.153
2026-05-16T18,1428.392
2026-05-16T19,1302.841
2026-05-16T20,1365.458
2026-05-16T21,1372.147
2026-05-16T22,1614.301
2026-05-16T23,2684.871
2026-05-17T00,2484.833
2026-05-17T01,2975.341
2026-05-17T02,2817.769
2026-05-17T03,2756.94
2026-05-17T04,2693.276
2026-05-17T05,2618.608
2026-05-17T06,2521.634
2026-05-17T07,2276.858
2026-05-17T08,2220.276
2026-05-17T09,2553.985
2026-05-17T10,3429.639
2026-05-17T11,2736.256
2026-05-17T12,2274.994
2026-05-17T13,1900.804
2026-05-17T14,1766.236
2026-05-17T15,1690.37
2026-05-17T16,1780.539
2026-05-17T17,1768.262
2026-05-17T18,1443.997
2026-05-17T19,1317.074
2026-05-17T20,1380.375
2026-05-17T21,1387.137
2026-05-17T22,1631.937
2026-05-17T23,2714.202
2026-05-18T00,2066.94
2026-05-18T01,2474.956
2026-05-18T02,2343.883
2026-05-18T03,2293.284
2026-05-18T04,2240.327
2026-05-18T05,2178.217
2026-05-18T06,2097.552
2026-05-18T07,1893.941
2026-05-18T08,1846.875
2026-05-18T09,2124.462
2026-05-18T10,2852.851
2026-05-18T11,2276.08
2026-05-18T12,1892.392
2026-05-18T13,1581.132
2026-05-18T14,1469.195
2026-05-18T15,1406.087
2026-05-18T16,1481.093
2026-05-18T17,1470.88
2026-05-18T18,1201.149
2026-05-18T19,1095.572
2026-05-18T20,1148.227
2026-05-18T21,1153.852
2026-05-18T22,1357.482
2026-05-18T23,2257.734
2026-05-19T00,1956.033
2026-05-19T01,2342.156
2026-05-19T02,2218.116
2026-05-19T03,2170.232
2026-05-19T04,2120.117
2026-05-19T05,2061.339
2026-05-19T06,1985.002
2026-05-19T07,1792.317
2026-05-19T08,1747.776
2026-05-19T09,2010.469
2026-05-19T10,2699.774
2026-05-19T11,2153.951
2026-05-19T12,1790.851
2026-05-19T13,1496.292
2026-05-19T14,1390.362
2026-05-19T15,1330.64
2026-05-19T16,1401.621
2026-05-19T17,1391.956
2026-05-19T18,1136.698
2026-05-19T19,1036.786
2026-05-19T20,1086.616
2026-05-19T21,1091.939
2026-05-19T22,1284.643
2026-05-19T23,2136.59
2026-05-20T00,1980.053
2026-05-20T01,2370.917
2026-05-20T02,2245.355
2026-05-20T03,2196.883
2026-05-20T04,2146.152
2026-05-20T05,2086.652
2026-05-20T06,2009.378
2026-05-20T07,1814.327
2026-05-20T08,1769.239
2026-05-20T09,2035.157
2026-05-20T10,2732.927
2026-05-20T11,2180.401
2026-05-20T12,1812.842
2026-05-20T13,1514.666
2026-05-20T14,1407.435
2026-05-20T15,1346.98
2026-05-20T16,1418.832
2026-05-20T17,1409.049
2026-05-20T18,1150.657
2026-05-20T19,1049.518
2026-05-20T20,1099.959
2026-05-20T21,1105.348
2026-05-20T22,1300.418
2026-05-20T23,2162.827
2026-05-21T00,2062.881
2026-05-21T01,2470.095
2026-05-21T02,2339.28
2026-05-21T03,2288.78
2026-05-21T04,2235.927
2026-05-21T05,2173.939
2026-05-21T06,2093.432
2026-05-21T07,1890.222
2026-05-21T08,1843.248
2026-05-21T09,2120.29
2026-05-21T10,2847.248
2026-05-21T11,2271.609
2026-05-21T12,1888.675
2026-05-21T13,1578.027
2026-05-21T14,1466.309
2026-05-21T15,1403.326
2026-05-21T16,1478.184
2026-05-21T17,1467.991
2026-05-21T18,1198.79
2026-05-21T19,1093.42
2026-05-21T20,1145.972
2026-05-21T21,1151.586
2026-05-21T22,1354.816
2026-05-21T23,2253.3
2026-05-22T00,2051.484
2026-05-22T01,2456.449
2026-05-22T02,2326.357
2026-05-22T03,2276.136
2026-05-22T04,2223.575
2026-05-22T05,2161.929
2026-05-22T06,2081.867
2026-05-22T07,1879.779
2026-05-22T08,1833.065
2026-05-22T09,2108.576
2026-05-22T10,2831.518
2026-05-22T11,2259.06
2026-05-22T12,1878.241
2026-05-22T13,1569.309
2026-05-22T14,1458.209
2026-05-22T15,1395.573
2026-05-22T16,1470.017
2026-05-22T17,1459.881
2026-05-22T18,1192.167
2026-05-22T19,1087.38
2026-05-22T20,1139.641
2026-05-22T21,1145.224
2026-05-22T22,1347.331
2026-05-22T23,2240.852
2026-05-23T00,2497.321
2026-05-23T01,2990.295
2026-05-23T02,2831.93
2026-05-23T03,2770.795
2026-05-23T04,2706.812
2026-05-23T05,2631.768
2026-05-23T06,2534.307
2026-05-23T07,2288.301
2026-05-23T08,2231.434
2026-05-23T09,2566.821
2026-05-23T10,3446.875
2026-05-23T11,2750.008
2026-05-23T12,2286.428
2026-05-23T13,1910.357
2026-05-23T14,1775.113
2026-05-23T15,1698.865
2026-05-23T16,1789.488
2026-05-23T17,1777.148
2026-05-23T18,1451.254
2026-05-23T19,1323.693
2026-05-23T20,1387.312
2026-05-23T21,1394.109
2026-05-23T22,1640.138
2026-05-23T23,2727.843
2026-05-24T00,2475.148
2026-05-24T01,2963.745
2026-05-24T02,2806.786
2026-05-24T03,2746.194
2026-05-24T04,2682.779
2026-05-24T05,2608.401
2026-05-24T06,2511.806
2026-05-24T07,2267.983
2026-05-24T08,2211.622
2026-05-24T09,2544.031
2026-05-24T10,3416.272
2026-05-24T11,2725.592
2026-05-24T12,2266.128
2026-05-24T13,1893.396
2026-05-24T14,1759.352
2026-05-24T15,1683.781
2026-05-24T16,1773.599
2026-05-24T17,1761.37
2026-05-24T18,1438.369
2026-05-24T19,1311.941
2026-05-24T20,1374.995
2026-05-24T21,1381.731
2026-05-24T22,1625.576
2026-05-24T23,2703.623
2026-05-25T00,1959.303
2026-05-25T01,2346.071
2026-05-25T02,2221.824
2026-05-25T03,2173.86
2026-05-25T04,2123.661
2026-05-25T05,2064.785
2026-05-25T06,1988.32
2026-05-25T07,1795.313
2026-05-25T08,1750.698
2026-05-25T09,2013.83
2026-05-25T10,2704.287
2026-05-25T11,2157.551
2026-05-25T12,1793.844
2026-05-25T13,1498.794
2026-05-25T14,1392.686
2026-05-25T15,1332.865
2026-05-25T16,1403.964
2026-05-25T17,1394.283
2026-05-25T18,1138.599
2026-05-25T19,1038.519
2026-05-25T20,1088.432
2026-05-25T21,1093.764
2026-05-25T22,1286.79
2026-05-25T23,2140.161
2026-05-26T00,1989.672
2026-05-26T01,2382.434
2026-05-26T02,2256.262
2026-05-26T03,2207.554
2026-05-26T04,2156.577
2026-05-26T05,2096.788
2026-05-26T06,2019.139
2026-05-26T07,1823.14
2026-05-26T08,1777.833
2026-05-26T09,2045.043
2026-05-26T10,2746.202
2026-05-26T11,2190.993
2026-05-26T12,1821.648
2026-05-26T13,1522.024
2026-05-26T14,1414.272
2026-05-26T15,1353.524
2026-05-26T16,1425.725
2026-05-26T17,1415.894
2026-05-26T18,1156.246
2026-05-26T19,1054.616
2026-05-26T20,1105.303
2026-05-26T21,1110.717
2026-05-26T22,1306.735
2026-05-26T23,2173.333
2026-05-27T00,2029.497
2026-05-27T01,2430.121
2026-05-27T02,2301.423
2026-05-27T03,2251.741
2026-05-27T04,2199.743
2026-05-27T05,2138.758
2026-05-27T06,2059.554
2026-05-27T07,1859.632
2026-05-27T08,1813.418
2026-05-27T09,2085.977
2026-05-27T10,2801.17
2026-05-27T11,2234.848
2026-05-27T12,1858.11
2026-05-27T13,1552.489
2026-05-27T14,1442.58
2026-05-27T15,1380.616
2026-05-27T16,1454.262
2026-05-27T17,1444.234
2026-05-27T18,1179.39
2026-05-27T19,1075.725
2026-05-27T20,1127.426
2026-05-27T21,1132.95
2026-05-27T22,1332.89
2026-05-27T23,2216.835
2026-05-28T00,2104.728
2026-05-28T01,2520.203
2026-05-28T02,2386.734
2026-05-28T03,2335.21
2026-05-28T04,2281.285
2026-05-28T05,2218.039
2026-05-28T06,2135.899
2026-05-28T07,1928.566
2026-05-28T08,1880.64
2026-05-28T09,2163.302
2026-05-28T10,2905.006
2026-05-28T11,2317.691
2026-05-28T12,1926.988
2026-05-28T13,1610.038
2026-05-28T14,1496.055
2026-05-28T15,1431.793
2026-05-28T16,1508.17
2026-05-28T17,1497.77
2026-05-28T18,1223.108
2026-05-28T19,1115.601
2026-05-28T20,1169.219
2026-05-28T21,1174.947
2026-05-28T22,1382.299
2026-05-28T23,2299.01
2026-05-29T00,2169.707
2026-05-29T01,2598.009
2026-05-29T02,2460.42
2026-05-29T03,2407.305
2026-05-29T04,2351.715
2026-05-29T05,2286.516
2026-05-29T06,2201.84
2026-05-29T07,1988.107
2026-05-29T08,1938.701
2026-05-29T09,2230.089
2026-05-29T10,2994.692
2026-05-29T11,2389.245
2026-05-29T12,1986.48
2026-05-29T13,1659.745
2026-05-29T14,1542.242
2026-05-29T15,1475.997
2026-05-29T16,1554.731
2026-05-29T17,1544.011
2026-05-29T18,1260.869
2026-05-29T19,1150.043
2026-05-29T20,1205.316
2026-05-29T21,1211.221
2026-05-29T22,1424.975
2026-05-29T23,2369.987
2026-05-30T00,2313.449
2026-05-30T01,2770.126
2026-05-30T02,2623.421
2026-05-30T03,2566.788
2026-05-30T04,2507.515
2026-05-30T05,2437.997
2026-05-30T06,2347.711
2026-05-30T07,2119.818
2026-05-30T08,2067.139
2026-05-30T09,2377.832
2026-05-30T10,3193.089
2026-05-30T11,2547.531
2026-05-30T12,2118.083
2026-05-30T13,1769.702
2026-05-30T14,1644.415
2026-05-30T15,1573.781
2026-05-30T16,1657.732
2026-05-30T17,1646.301
2026-05-30T18,1344.401
2026-05-30T19,1226.233
2026-05-30T20,1285.168
2026-05-30T21,1291.463
2026-05-30T22,1519.379
2026-05-30T23,2526.998
2026-05-31T00,2262.418
2026-05-31T01,2709.021
2026-05-31T02,2565.553
2026-05-31T03,2510.169
2026-05-31T04,2452.203
2026-05-31T05,2384.218
2026-05-31T06,2295.925
2026-05-31T07,2073.058
2026-05-31T08,2021.541
2026-05-31T09,2325.38
2026-05-31T10,3122.655
2026-05-31T11,2491.337
2026-05-31T12,2071.362
2026-05-31T13,1730.665
2026-05-31T14,1608.142
2026-05-31T15,1539.066
2026-05-31T16,1621.165
2026-05-31T17,1609.986
2026-05-31T18,1314.746
2026-05-31T19,1199.184
2026-05-31T20,1256.819
2026-05-31T21,1262.976
2026-05-31T22,1485.863
2026-05-31T23,2471.256
2026-06-01T00,1226.728
2026-06-01T01,1468.886
2026-06-01T02,1391.094
2026-06-01T03,1361.064
2026-06-01T04,1329.634
2026-06-01T05,1292.771
2026-06-01T06,1244.896
2026-06-01T07,1124.054
2026-06-01T08,1096.12
2026-06-01T09,1260.868
2026-06-01T10,1693.166
2026-06-01T11,1350.853
2026-06-01T12,1123.134
2026-06-01T13,938.401
2026-06-01T14,871.967
2026-06-01T15,834.512
2026-06-01T16,879.028
2026-06-01T17,872.967
2026-06-01T18,712.882
2026-06-01T19,650.222
2026-06-01T20,681.472
2026-06-01T21,684.811
2026-06-01T22,805.665
2026-06-01T23,1339.965
2026-06-02T00,1280.438
2026-06-02T01,1533.198
2026-06-02T02,1452.0
2026-06-02T03,1420.655
2026-06-02T04,1387.849
2026-06-02T05,1349.372
2026-06-02T06,1299.402
2026-06-02T07,1173.268
2026-06-02T08,1144.111
2026-06-02T09,1316.072
2026-06-02T10,1767.298
2026-06-02T11,1409.997
2026-06-02T12,1172.308
2026-06-02T13,979.487
2026-06-02T14,910.144
2026-06-02T15,871.05
2026-06-02T16,917.515
2026-06-02T17,911.188
2026-06-02T18,744.094
2026-06-02T19,678.69
2026-06-02T20,711.309
2026-06-02T21,714.794
2026-06-02T22,840.939
2026-06-02T23,1398.632
2026-06-03T00,2312.087
2026-06-03T01,2768.496
2026-06-03T02,2621.877
2026-06-03T03,2565.277
2026-06-03T04,2506.039
2026-06-03T05,2436.562
2026-06-03T06,2346.33
2026-06-03T07,2118.57
2026-06-03T08,2065.922
2026-06-03T09,2376.432
2026-06-03T10,3191.21
2026-06-03T11,2546.032
2026-06-03T12,2116.837
2026-06-03T13,1768.66
2026-06-03T14,1643.447
2026-06-03T15,1572.855
2026-06-03T16,1656.756
2026-06-03T17,1645.332
2026-06-03T18,1343.61
2026-06-03T19,1225.511
2026-06-03T20,1284.411
2026-06-03T21,1290.703
2026-06-03T22,1518.484
2026-06-03T23,2525.51
2026-06-04T00,4299.891
2026-06-04T01,5148.693
2026-06-04T02,4876.02
2026-06-04T03,4770.758
2026-06-04T04,4660.591
2026-06-04T05,4531.381
2026-06-04T06,4363.572
2026-06-04T07,3939.998
2026-06-04T08,3842.086
2026-06-04T09,4419.555
2026-06-04T10,5934.834
2026-06-04T11,4734.967
2026-06-04T12,3936.774
2026-06-04T13,3289.255
2026-06-04T14,3056.391
2026-06-04T15,2925.108
2026-06-04T16,3081.142
2026-06-04T17,3059.896
2026-06-04T18,2498.771
2026-06-04T19,2279.137
2026-06-04T20,2388.676
2026-06-04T21,2400.378
2026-06-04T22,2823.992
2026-06-04T23,4696.803
2026-06-05T00,5894.162
2026-06-05T01,7057.675
2026-06-05T02,6683.904
2026-06-05T03,6539.614
2026-06-05T04,6388.6
2026-06-05T05,6211.483
2026-06-05T06,5981.455
2026-06-05T07,5400.833
2026-06-05T08,5266.617
2026-06-05T09,6058.195
2026-06-05T10,8135.294
2026-06-05T11,6490.552
2026-06-05T12,5396.413
2026-06-05T13,4508.814
2026-06-05T14,4189.61
2026-06-05T15,4009.65
2026-06-05T16,4223.538
2026-06-05T17,4194.415
2026-06-05T18,3425.241
2026-06-05T19,3124.173
2026-06-05T20,3274.326
2026-06-05T21,3290.367
2026-06-05T22,3871.044
2026-06-05T23,6438.238
2026-06-06T00,5731.247
2026-06-06T01,6862.6
2026-06-06T02,6499.16
2026-06-06T03,6358.858
2026-06-06T04,6212.018
2026-06-06T05,6039.796
2026-06-06T06,5816.127
2026-06-06T07,5251.553
2026-06-06T08,5121.047
2026-06-06T09,5890.746
2026-06-06T10,7910.433
2026-06-06T11,6311.152
2026-06-06T12,5247.256
2026-06-06T13,4384.189
2026-06-06T14,4073.809
2026-06-06T15,3898.823
2026-06-06T16,4106.799
2026-06-06T17,4078.48
2026-06-06T18,3330.567
2026-06-06T19,3037.82
2026-06-06T20,3183.823
2026-06-06T21,3199.42
2026-06-06T22,3764.048
2026-06-06T23,6260.284
2026-06-07T00,1605.66
2026-06-07T01,1922.619
2026-06-07T02,1820.798
2026-06-07T03,1781.491
2026-06-07T04,1740.352
2026-06-07T05,1692.103
2026-06-07T06,1629.44
2026-06-07T07,1471.27
2026-06-07T08,1434.707
2026-06-07T09,1650.345
2026-06-07T10,2216.178
2026-06-07T11,1768.126
2026-06-07T12,1470.066
2026-06-07T13,1228.27
2026-06-07T14,1141.314
2026-06-07T15,1092.29
2026-06-07T16,1150.556
2026-06-07T17,1142.623
2026-06-07T18,933.088
2026-06-07T19,851.073
2026-06-07T20,891.977
2026-06-07T21,896.346
2026-06-07T22,1054.532
2026-06-07T23,1753.874
2026-06-08T00,1266.283
2026-06-08T01,1516.248
2026-06-08T02,1435.948
2026-06-08T03,1404.95
2026-06-08T04,1372.506
2026-06-08T05,1334.455
2026-06-08T06,1285.037
2026-06-08T07,1160.297
2026-06-08T08,1131.463
2026-06-08T09,1301.523
2026-06-08T10,1747.76
2026-06-08T11,1394.409
2026-06-08T12,1159.348
2026-06-08T13,968.659
2026-06-08T14,900.082
2026-06-08T15,861.42
2026-06-08T16,907.371
2026-06-08T17,901.114
2026-06-08T18,735.868
2026-06-08T19,671.187
2026-06-08T20,703.446
2026-06-08T21,706.892
2026-06-08T22,831.643
2026-06-08T23,1383.17
2026-06-09T00,1395.919
2026-06-09T01,1671.474
2026-06-09T02,1582.954
2026-06-09T03,1548.782
2026-06-09T04,1513.017
2026-06-09T05,1471.07
2026-06-09T06,1416.592
2026-06-09T07,1279.083
2026-06-09T08,1247.297
2026-06-09T09,1434.767
2026-06-09T10,1926.687
2026-06-09T11,1537.162
2026-06-09T12,1278.037
2026-06-09T13,1067.826
2026-06-09T14,992.228
2026-06-09T15,949.608
2026-06-09T16,1000.264
2026-06-09T17,993.366
2026-06-09T18,811.202
2026-06-09T19,739.9
2026-06-09T20,775.461
2026-06-09T21,779.26
2026-06-09T22,916.782
2026-06-09T23,1524.773
2026-06-10T00,1461.015
2026-06-10T01,1749.421
2026-06-10T02,1656.772
2026-06-10T03,1621.007
2026-06-10T04,1583.574
2026-06-10T05,1539.671
2026-06-10T06,1482.653
2026-06-10T07,1338.731
2026-06-10T08,1305.463
2026-06-10T09,1501.675
2026-06-10T10,2016.536
2026-06-10T11,1608.845
2026-06-10T12,1337.636
2026-06-10T13,1117.622
2026-06-10T14,1038.499
2026-06-10T15,993.892
2026-06-10T16,1046.909
2026-06-10T17,1039.69
2026-06-10T18,849.031
2026-06-10T19,774.404
2026-06-10T20,811.623
2026-06-10T21,815.599
2026-06-10T22,959.535
2026-06-10T23,1595.878
2026-06-11T00,1473.22
2026-06-11T01,1764.035
2026-06-11T02,1670.612
2026-06-11T03,1634.548
2026-06-11T04,1596.802
2026-06-11T05,1552.533
2026-06-11T06,1495.038
2026-06-11T07,1349.914
2026-06-11T08,1316.368
2026-06-11T09,1514.219
2026-06-11T10,2033.381
2026-06-11T11,1622.285
2026-06-11T12,1348.81
2026-06-11T13,1126.958
2026-06-11T14,1047.175
2026-06-11T15,1002.194
2026-06-11T16,1055.655
2026-06-11T17,1048.375
2026-06-11T18,856.124
2026-06-11T19,780.873
2026-06-11T20,818.403
2026-06-11T21,822.413
2026-06-11T22,967.55
2026-06-11T23,1609.209
2026-06-12T00,1698.244
2026-06-12T01,2033.479
2026-06-12T02,1925.787
2026-06-12T03,1884.214
2026-06-12T04,1840.703
2026-06-12T05,1789.672
2026-06-12T06,1723.396
2026-06-12T07,1556.105
2026-06-12T08,1517.434
2026-06-12T09,1745.506
2026-06-12T10,2343.966
2026-06-12T11,1870.078
2026-06-12T12,1554.831
2026-06-12T13,1299.093
2026-06-12T14,1207.124
2026-06-12T15,1155.273
2026-06-12T16,1216.899
2026-06-12T17,1208.508
2026-06-12T18,986.891
2026-06-12T19,900.146
2026-06-12T20,943.409
2026-06-12T21,948.031
2026-06-12T22,1115.337
2026-06-12T23,1855.005
2026-06-13T00,1530.114
2026-06-13T01,1832.16
2026-06-13T02,1735.13
2026-06-13T03,1697.673
2026-06-13T04,1658.47
2026-06-13T05,1612.49
2026-06-13T06,1552.776
2026-06-13T07,1402.047
2026-06-13T08,1367.205
2026-06-13T09,1572.697
2026-06-13T10,2111.908
2026-06-13T11,1684.936
2026-06-13T12,1400.9
2026-06-13T13,1170.48
2026-06-13T14,1087.616
2026-06-13T15,1040.898
2026-06-13T16,1096.423
2026-06-13T17,1088.863
2026-06-13T18,889.187
2026-06-13T19,811.03
2026-06-13T20,850.009
2026-06-13T21,854.173
2026-06-13T22,1004.916
2026-06-13T23,1671.355
2026-06-14T00,3719.861
2026-06-14T01,4454.165
2026-06-14T02,4218.274
2026-06-14T03,4127.211
2026-06-14T04,4031.905
2026-06-14T05,3920.125
2026-06-14T06,3774.952
2026-06-14T07,3408.516
2026-06-14T08,3323.811
2026-06-14T09,3823.383
2026-06-14T10,5134.26
2026-06-14T11,4096.248
2026-06-14T12,3405.727
2026-06-14T13,2845.554
2026-06-14T14,2644.102
2026-06-14T15,2530.528
2026-06-14T16,2665.514
2026-06-14T17,2647.134
2026-06-14T18,2161.701
2026-06-14T19,1971.695
2026-06-14T20,2066.458
2026-06-14T21,2076.581
2026-06-14T22,2443.052
2026-06-14T23,4063.232
2026-06-15T00,1195.044
2026-06-15T01,1430.947
2026-06-15T02,1355.165
2026-06-15T03,1325.91
2026-06-15T04,1295.292
2026-06-15T05,1259.381
2026-06-15T06,1212.743
2026-06-15T07,1095.022
2026-06-15T08,1067.809
2026-06-15T09,1228.302
2026-06-15T10,1649.435
2026-06-15T11,1315.963
2026-06-15T12,1094.126
2026-06-15T13,914.164
2026-06-15T14,849.446
2026-06-15T15,812.959
2026-06-15T16,856.324
2026-06-15T17,850.42
2026-06-15T18,694.469
2026-06-15T19,633.428
2026-06-15T20,663.871
2026-06-15T21,667.123
2026-06-15T22,784.856
2026-06-15T23,1305.356
2026-06-16T00,1187.802
2026-06-16T01,1422.275
2026-06-16T02,1346.952
2026-06-16T03,1317.874
2026-06-16T04,1287.442
2026-06-16T05,1251.749
2026-06-16T06,1205.393
2026-06-16T07,1088.385
2026-06-16T08,1061.338
2026-06-16T09,1220.858
2026-06-16T10,1639.438
2026-06-16T11,1307.987
2026-06-16T12,1087.495
2026-06-16T13,908.624
2026-06-16T14,844.297
2026-06-16T15,808.032
2026-06-16T16,851.135
2026-06-16T17,845.266
2026-06-16T18,690.26
2026-06-16T19,629.589
2026-06-16T20,659.848
2026-06-16T21,663.08
2026-06-16T22,780.1
2026-06-16T23,1297.445
2026-06-17T00,1322.267
2026-06-17T01,1583.283
2026-06-17T02,1499.433
2026-06-17T03,1467.064
2026-06-17T04,1433.186
2026-06-17T05,1393.453
2026-06-17T06,1341.85
2026-06-17T07,1211.596
2026-06-17T08,1181.486
2026-06-17T09,1359.065
2026-06-17T10,1825.031
2026-06-17T11,1456.058
2026-06-17T12,1210.604
2026-06-17T13,1011.485
2026-06-17T14,939.876
2026-06-17T15,899.505
2026-06-17T16,947.487
2026-06-17T17,940.954
2026-06-17T18,768.401
2026-06-17T19,700.861
2026-06-17T20,734.546
2026-06-17T21,738.144
2026-06-17T22,868.411
2026-06-17T23,1444.322
2026-06-18T00,1377.214
2026-06-18T01,1649.077
2026-06-18T02,1561.743
2026-06-18T03,1528.028
2026-06-18T04,1492.743
2026-06-18T05,1451.358
2026-06-18T06,1397.61
2026-06-18T07,1261.944
2026-06-18T08,1230.583
2026-06-18T09,1415.541
2026-06-18T10,1900.87
2026-06-18T11,1516.564
2026-06-18T12,1260.911
2026-06-18T13,1053.517
2026-06-18T14,978.933
2026-06-18T15,936.884
2026-06-18T16,986.86
2026-06-18T17,980.055
2026-06-18T18,800.332
2026-06-18T19,729.986
2026-06-18T20,765.07
2026-06-18T21,768.818
2026-06-18T22,904.498
2026-06-18T23,1504.341
2026-06-19T00,2706.41
2026-06-19T01,3240.658
2026-06-19T02,3069.034
2026-06-19T03,3002.781
2026-06-19T04,2933.44
2026-06-19T05,2852.113
2026-06-19T06,2746.492
2026-06-19T07,2479.889
2026-06-19T08,2418.261
2026-06-19T09,2781.729
2026-06-19T10,3735.465
2026-06-19T11,2980.253
2026-06-19T12,2477.86
2026-06-19T13,2070.302
2026-06-19T14,1923.734
2026-06-19T15,1841.103
2026-06-19T16,1939.313
2026-06-19T17,1925.94
2026-06-19T18,1572.761
2026-06-19T19,1434.52
2026-06-19T20,1503.465
2026-06-19T21,1510.831
2026-06-19T22,1777.459
2026-06-19T23,2956.232
2026-06-20T00,1349.194
2026-06-20T01,1615.526
2026-06-20T02,1529.969
2026-06-20T03,1496.94
2026-06-20T04,1462.372
2026-06-20T05,1421.83
2026-06-20T06,1369.176
2026-06-20T07,1236.269
2026-06-20T08,1205.547
2026-06-20T09,1386.742
2026-06-20T10,1862.197
2026-06-20T11,1485.71
2026-06-20T12,1235.258
2026-06-20T13,1032.083
2026-06-20T14,959.016
2026-06-20T15,917.823
2026-06-20T16,966.782
2026-06-20T17,960.116
2026-06-20T18,784.049
2026-06-20T19,715.134
2026-06-20T20,749.505
2026-06-20T21,753.176
2026-06-20T22,886.095
2026-06-20T23,1473.735
2026-06-21T00,1732.34
2026-06-21T01,2074.306
2026-06-21T02,1964.452
2026-06-21T03,1922.044
2026-06-21T04,1877.659
2026-06-21T05,1825.603
2026-06-21T06,1757.996
2026-06-21T07,1587.347
2026-06-21T08,1547.9
2026-06-21T09,1780.551
2026-06-21T10,2391.026
2026-06-21T11,1907.624
2026-06-21T12,1586.048
2026-06-21T13,1325.176
2026-06-21T14,1231.359
2026-06-21T15,1178.468
2026-06-21T16,1241.331
2026-06-21T17,1232.771
2026-06-21T18,1006.705
2026-06-21T19,918.219
2026-06-21T20,962.35
2026-06-21T21,967.064
2026-06-21T22,1137.73
2026-06-21T23,1892.248
2026-06-22T00,1292.212
2026-06-22T01,1547.296
2026-06-22T02,1465.352
2026-06-22T03,1433.718
2026-06-22T04,1400.611
2026-06-22T05,1361.78
2026-06-22T06,1311.35
2026-06-22T07,1184.056
2026-06-22T08,1154.632
2026-06-22T09,1328.174
2026-06-22T10,1783.548
2026-06-22T11,1422.962
2026-06-22T12,1183.088
2026-06-22T13,988.494
2026-06-22T14,918.513
2026-06-22T15,879.059
2026-06-22T16,925.951
2026-06-22T17,919.566
2026-06-22T18,750.936
2026-06-22T19,684.931
2026-06-22T20,717.85
2026-06-22T21,721.366
2026-06-22T22,848.672
2026-06-22T23,1411.493
2026-06-23T00,1361.274
2026-06-23T01,1629.991
2026-06-23T02,1543.667
2026-06-23T03,1510.343
2026-06-23T04,1475.466
2026-06-23T05,1434.56
2026-06-23T06,1381.435
2026-06-23T07,1247.338
2026-06-23T08,1216.341
2026-06-23T09,1399.158
2026-06-23T10,1878.87
2026-06-23T11,1499.012
2026-06-23T12,1246.318
2026-06-23T13,1041.324
2026-06-23T14,967.603
2026-06-23T15,926.041
2026-06-23T16,975.438
2026-06-23T17,968.712
2026-06-23T18,791.069
2026-06-23T19,721.537
2026-06-23T20,756.215
2026-06-23T21,759.92
2026-06-23T22,894.029
2026-06-23T23,1486.93
2026-06-24T00,1445.362
2026-06-24T01,1730.678
2026-06-24T02,1639.022
2026-06-24T03,1603.639
2026-06-24T04,1566.607
2026-06-24T05,1523.175
2026-06-24T06,1466.768
2026-06-24T07,1324.388
2026-06-24T08,1291.476
2026-06-24T09,1485.586
2026-06-24T10,1994.93
2026-06-24T11,1591.608
2026-06-24T12,1323.304
2026-06-24T13,1105.648
2026-06-24T14,1027.373
2026-06-24T15,983.243
2026-06-24T16,1035.693
2026-06-24T17,1028.551
2026-06-24T18,839.935
2026-06-24T19,766.107
2026-06-24T20,802.928
2026-06-24T21,806.861
2026-06-24T22,949.254
2026-06-24T23,1578.78
2026-06-25T00,5062.432
2026-06-25T01,6061.76
2026-06-25T02,5740.732
2026-06-25T03,5616.803
2026-06-25T04,5487.099
2026-06-25T05,5334.975
2026-06-25T06,5137.407
2026-06-25T07,4638.716
2026-06-25T08,4523.44
2026-06-25T09,5203.317
2026-06-25T10,6987.315
2026-06-25T11,5574.664
2026-06-25T12,4634.92
2026-06-25T13,3872.571
2026-06-25T14,3598.41
2026-06-25T15,3443.845
2026-06-25T16,3627.55
2026-06-25T17,3602.537
2026-06-25T18,2941.902
2026-06-25T19,2683.318
2026-06-25T20,2812.283
2026-06-25T21,2826.06
2026-06-25T22,3324.798
2026-06-25T23,5529.732
2026-06-26T00,1521.682
2026-06-26T01,1822.063
2026-06-26T02,1725.567
2026-06-26T03,1688.316
2026-06-26T04,1649.329
2026-06-26T05,1603.604
2026-06-26T06,1544.218
2026-06-26T07,1394.32
2026-06-26T08,1359.67
2026-06-26T09,1564.03
2026-06-26T10,2100.269
2026-06-26T11,1675.65
2026-06-26T12,1393.179
2026-06-26T13,1164.03
2026-06-26T14,1081.622
2026-06-26T15,1035.162
2026-06-26T16,1090.381
2026-06-26T17,1082.862
2026-06-26T18,884.286
2026-06-26T19,806.56
2026-06-26T20,845.325
2026-06-26T21,849.466
2026-06-26T22,999.378
2026-06-26T23,1662.144
2026-06-27T00,3003.087
2026-06-27T01,3595.899
2026-06-27T02,3405.462
2026-06-27T03,3331.946
2026-06-27T04,3255.004
2026-06-27T05,3164.762
2026-06-27T06,3047.563
2026-06-27T07,2751.735
2026-06-27T08,2683.351
2026-06-27T09,3086.662
2026-06-27T10,4144.948
2026-06-27T11,3306.949
2026-06-27T12,2749.483
2026-06-27T13,2297.249
2026-06-27T14,2134.614
2026-06-27T15,2042.925
2026-06-27T16,2151.901
2026-06-27T17,2137.062
2026-06-27T18,1745.167
2026-06-27T19,1591.772
2026-06-27T20,1668.275
2026-06-27T21,1676.448
2026-06-27T22,1972.304
2026-06-27T23,3280.294
2026-06-28T00,1713.98
2026-06-28T01,2052.322
2026-06-28T02,1943.632
2026-06-28T03,1901.673
2026-06-28T04,1857.759
2026-06-28T05,1806.255
2026-06-28T06,1739.365
2026-06-28T07,1570.524
2026-06-28T08,1531.495
2026-06-28T09,1761.68
2026-06-28T10,2365.685
2026-06-28T11,1887.406
2026-06-28T12,1569.238
2026-06-28T13,1311.131
2026-06-28T14,1218.309
2026-06-28T15,1165.978
2026-06-28T16,1228.175
2026-06-28T17,1219.706
2026-06-28T18,996.036
2026-06-28T19,908.487
2026-06-28T20,952.151
2026-06-28T21,956.815
2026-06-28T22,1125.672
2026-06-28T23,1872.194
2026-06-29T00,1300.072
2026-06-29T01,1556.708
2026-06-29T02,1474.265
2026-06-29T03,1442.439
2026-06-29T04,1409.13
2026-06-29T05,1370.064
2026-06-29T06,1319.327
2026-06-29T07,1191.259
2026-06-29T08,1161.655
2026-06-29T09,1336.253
2026-06-29T10,1794.398
2026-06-29T11,1431.618
2026-06-29T12,1190.284
2026-06-29T13,994.507
2026-06-29T14,924.1
2026-06-29T15,884.407
2026-06-29T16,931.584
2026-06-29T17,925.16
2026-06-29T18,755.504
2026-06-29T19,689.097
2026-06-29T20,722.216
2026-06-29T21,725.754
2026-06-29T22,853.834
2026-06-29T23,1420.079
2026-06-30T00,1559.398
2026-06-30T01,1867.225
2026-06-30T02,1768.337
2026-06-30T03,1730.163
2026-06-30T04,1690.21
2026-06-30T05,1643.351
2026-06-30T06,1582.493
2026-06-30T07,1428.88
2026-06-30T08,1393.371
2026-06-30T09,1602.796
2026-06-30T10,2152.326
2026-06-30T11,1717.183
2026-06-30T12,1427.71
2026-06-30T13,1192.881
2026-06-30T14,1108.431
2026-06-30T15,1060.819
2026-06-30T16,1117.407
2026-06-30T17,1109.702
2026-06-30T18,906.204
2026-06-30T19,826.552
2026-06-30T20,866.277
2026-06-30T21,870.521
2026-06-30T22,1024.149
2026-06-30T23,1703.342
2026-07-01T00,2163.044
2026-07-01T01,2590.03
2026-07-01T02,2452.864
2026-07-01T03,2399.912
2026-07-01T04,2344.493
2026-07-01T05,2279.494
2026-07-01T06,2195.079
2026-07-01T07,1982.001
2026-07-01T08,1932.747
2026-07-01T09,2223.241
2026-07-01T10,2985.496
2026-07-01T11,2381.907
2026-07-01T12,1980.379
2026-07-01T13,1654.648
2026-07-01T14,1537.506
2026-07-01T15,1471.464
2026-07-01T16,1549.957
2026-07-01T17,1539.269
2026-07-01T18,1256.997
2026-07-01T19,1146.511
2026-07-01T20,1201.614
2026-07-01T21,1207.501
2026-07-01T22,1420.598
2026-07-01T23,2362.709
2026-07-02T00,2076.198
2026-07-02T01,2486.042
2026-07-02T02,2354.382
2026-07-02T03,2303.556
2026-07-02T04,2250.362
2026-07-02T05,2187.973
2026-07-02T06,2106.947
2026-07-02T07,1902.425
2026-07-02T08,1855.148
2026-07-02T09,2133.978
2026-07-02T10,2865.629
2026-07-02T11,2286.274
2026-07-02T12,1900.868
2026-07-02T13,1588.214
2026-07-02T14,1475.776
2026-07-02T15,1412.385
2026-07-02T16,1487.727
2026-07-02T17,1477.468
2026-07-02T18,1206.529
2026-07-02T19,1100.479
2026-07-02T20,1153.37
2026-07-02T21,1159.02
2026-07-02T22,1363.562
2026-07-02T23,2267.847
2026-07-03T00,2319.719
2026-07-03T01,2777.634
2026-07-03T02,2630.531
2026-07-03T03,2573.744
2026-07-03T04,2514.311
2026-07-03T05,2444.604
2026-07-03T06,2354.074
2026-07-03T07,2125.563
2026-07-03T08,2072.741
2026-07-03T09,2384.276
2026-07-03T10,3201.743
2026-07-03T11,2554.435
2026-07-03T12,2123.824
2026-07-03T13,1774.498
2026-07-03T14,1648.872
2026-07-03T15,1578.047
2026-07-03T16,1662.225
2026-07-03T17,1650.763
2026-07-03T18,1348.045
2026-07-03T19,1229.556
2026-07-03T20,1288.651
2026-07-03T21,1294.964
2026-07-03T22,1523.496
2026-07-03T23,2533.846
2026-07-04T00,2343.006
2026-07-04T01,2805.517
2026-07-04T02,2656.938
2026-07-04T03,2599.581
2026-07-04T04,2539.551
2026-07-04T05,2469.145
2026-07-04T06,2377.706
2026-07-04T07,2146.901
2026-07-04T08,2093.549
2026-07-04T09,2408.211
2026-07-04T10,3233.885
2026-07-04T11,2580.079
2026-07-04T12,2145.144
2026-07-04T13,1792.312
2026-07-04T14,1665.424
2026-07-04T15,1593.888
2026-07-04T16,1678.911
2026-07-04T17,1667.334
2026-07-04T18,1361.578
2026-07-04T19,1241.899
2026-07-04T20,1301.587
2026-07-04T21,1307.963
2026-07-04T22,1538.79
2026-07-04T23,2559.283
2026-07-05T00,2335.501
2026-07-05T01,2796.531
2026-07-05T02,2648.428
2026-07-05T03,2591.254
2026-07-05T04,2531.416
2026-07-05T05,2461.236
2026-07-05T06,2370.09
2026-07-05T07,2140.024
2026-07-05T08,2086.842
2026-07-05T09,2400.497
2026-07-05T10,3223.526
2026-07-05T11,2571.814
2026-07-05T12,2138.273
2026-07-05T13,1786.571
2026-07-05T14,1660.089
2026-07-05T15,1588.782
2026-07-05T16,1673.533
2026-07-05T17,1661.993
2026-07-05T18,1357.216
2026-07-05T19,1237.921
2026-07-05T20,1297.418
2026-07-05T21,1303.774
2026-07-05T22,1533.861
2026-07-05T23,2551.085
2026-07-06T00,1909.244
2026-07-06T01,2286.13
2026-07-06T02,2165.058
2026-07-06T03,2118.319
2026-07-06T04,2069.403
2026-07-06T05,2012.031
2026-07-06T06,1937.52
2026-07-06T07,1749.444
2026-07-06T08,1705.969
2026-07-06T09,1962.378
2026-07-06T10,2635.194
2026-07-06T11,2102.427
2026-07-06T12,1748.013
2026-07-06T13,1460.5
2026-07-06T14,1357.103
2026-07-06T15,1298.811
2026-07-06T16,1368.093
2026-07-06T17,1358.66
2026-07-06T18,1109.508
2026-07-06T19,1011.986
2026-07-06T20,1060.624
2026-07-06T21,1065.819
2026-07-06T22,1253.913
2026-07-06T23,2085.481
2026-07-07T00,2235.913
2026-07-07T01,2677.284
2026-07-07T02,2535.496
2026-07-07T03,2480.761
2026-07-07T04,2423.475
2026-07-07T05,2356.286
2026-07-07T06,2269.027
2026-07-07T07,2048.771
2026-07-07T08,1997.858
2026-07-07T09,2298.138
2026-07-07T10,3086.072
2026-07-07T11,2462.149
2026-07-07T12,2047.095
2026-07-07T13,1710.39
2026-07-07T14,1589.302
2026-07-07T15,1521.035
2026-07-07T16,1602.172
2026-07-07T17,1591.124
2026-07-07T18,1299.343
2026-07-07T19,1185.135
2026-07-07T20,1242.095
2026-07-07T21,1248.18
2026-07-07T22,1468.456
2026-07-07T23,2442.304
2026-07-08T00,2145.415
2026-07-08T01,2568.921
2026-07-08T02,2432.872
2026-07-08T03,2380.352
2026-07-08T04,2325.385
2026-07-08T05,2260.916
2026-07-08T06,2177.188
2026-07-08T07,1965.848
2026-07-08T08,1916.995
2026-07-08T09,2205.121
2026-07-08T10,2961.163
2026-07-08T11,2362.494
2026-07-08T12,1964.239
2026-07-08T13,1641.162
2026-07-08T14,1524.975
2026-07-08T15,1459.472
2026-07-08T16,1537.324
2026-07-08T17,1526.724
2026-07-08T18,1246.753
2026-07-08T19,1137.167
2026-07-08T20,1191.821
2026-07-08T21,1197.66
2026-07-08T22,1409.02
2026-07-08T23,2343.452
2026-07-09T00,4461.775
2026-07-09T01,5342.533
2026-07-09T02,5059.595
2026-07-09T03,4950.37
2026-07-09T04,4836.055
2026-07-09T05,4701.981
2026-07-09T06,4527.854
2026-07-09T07,4088.333
2026-07-09T08,3986.734
2026-07-09T09,4585.945
2026-07-09T10,6158.271
2026-07-09T11,4913.231
2026-07-09T12,4084.988
2026-07-09T13,3413.091
2026-07-09T14,3171.459
2026-07-09T15,3035.233
2026-07-09T16,3197.142
2026-07-09T17,3175.096
2026-07-09T18,2592.846
2026-07-09T19,2364.943
2026-07-09T20,2478.606
2026-07-09T21,2490.748
2026-07-09T22,2930.311
2026-07-09T23,4873.63
2026-07-10T00,2126.85
2026-07-10T01,2546.692
2026-07-10T02,2411.82
2026-07-10T03,2359.755
2026-07-10T04,2305.263
2026-07-10T05,2241.352
2026-07-10T06,2158.349
2026-07-10T07,1948.837
2026-07-10T08,1900.407
2026-07-10T09,2186.04
2026-07-10T10,2935.54
2026-07-10T11,2342.051
2026-07-10T12,1947.242
2026-07-10T13,1626.961
2026-07-10T14,1511.779
2026-07-10T15,1446.843
2026-07-10T16,1524.022
2026-07-10T17,1513.513
2026-07-10T18,1235.964
2026-07-10T19,1127.327
2026-07-10T20,1181.508
2026-07-10T21,1187.296
2026-07-10T22,1396.828
2026-07-10T23,2323.174
2026-07-11T00,2387.481
2026-07-11T01,2858.771
2026-07-11T02,2707.372
2026-07-11T03,2648.926
2026-07-11T04,2587.757
2026-07-11T05,2516.014
2026-07-11T06,2422.839
2026-07-11T07,2187.653
2026-07-11T08,2133.288
2026-07-11T09,2453.923
2026-07-11T10,3295.27
2026-07-11T11,2629.053
2026-07-11T12,2185.863
2026-07-11T13,1826.333
2026-07-11T14,1697.037
2026-07-11T15,1624.143
2026-07-11T16,1710.78
2026-07-11T17,1698.983
2026-07-11T18,1387.423
2026-07-11T19,1265.473
2026-07-11T20,1326.294
2026-07-11T21,1332.791
2026-07-11T22,1567.999
2026-07-11T23,2607.863
2026-07-12T00,2352.462
2026-07-12T01,2816.84
2026-07-12T02,2667.662
2026-07-12T03,2610.073
2026-07-12T04,2549.801
2026-07-12T05,2479.11
2026-07-12T06,2387.302
2026-07-12T07,2155.566
2026-07-12T08,2101.998
2026-07-12T09,2417.93
2026-07-12T10,3246.936
2026-07-12T11,2590.492
2026-07-12T12,2153.802
2026-07-12T13,1799.545
2026-07-12T14,1672.146
2026-07-12T15,1600.321
2026-07-12T16,1685.687
2026-07-12T17,1674.063
2026-07-12T18,1367.073
2026-07-12T19,1246.911
2026-07-12T20,1306.84
2026-07-12T21,1313.242
2026-07-12T22,1545.001
2026-07-12T23,2569.612
2026-07-13T00,2005.351
2026-07-13T01,2401.209
2026-07-13T02,2274.042
2026-07-13T03,2224.95
2026-07-13T04,2173.571
2026-07-13T05,2113.311
2026-07-13T06,2035.05
2026-07-13T07,1837.507
2026-07-13T08,1791.843
2026-07-13T09,2061.159
2026-07-13T10,2767.843
2026-07-13T11,2208.258
2026-07-13T12,1836.003
2026-07-13T13,1534.018
2026-07-13T14,1425.417
2026-07-13T15,1364.19
2026-07-13T16,1436.96
2026-07-13T17,1427.051
2026-07-13T18,1165.358
2026-07-13T19,1062.927
2026-07-13T20,1114.013
2026-07-13T21,1119.47
2026-07-13T22,1317.032
2026-07-13T23,2190.459
2026-07-14T00,2208.837
2026-07-14T01,2644.863
2026-07-14T02,2504.793
2026-07-14T03,2450.72
2026-07-14T04,2394.127
2026-07-14T05,2327.753
2026-07-14T06,2241.55
2026-07-14T07,2023.962
2026-07-14T08,1973.664
2026-07-14T09,2270.308
2026-07-14T10,3048.701
2026-07-14T11,2432.334
2026-07-14T12,2022.306
2026-07-14T13,1689.678
2026-07-14T14,1570.056
2026-07-14T15,1502.616
2026-07-14T16,1582.771
2026-07-14T17,1571.857
2026-07-14T18,1283.609
2026-07-14T19,1170.784
2026-07-14T20,1227.054
2026-07-14T21,1233.065
2026-07-14T22,1450.674
2026-07-14T23,2412.729
2026-07-15T00,2146.157
2026-07-15T01,2569.811
2026-07-15T02,2433.715
2026-07-15T03,2381.177
2026-07-15T04,2326.19
2026-07-15T05,2261.699
2026-07-15T06,2177.942
2026-07-15T07,1966.528
2026-07-15T08,1917.658
2026-07-15T09,2205.884
2026-07-15T10,2962.189
2026-07-15T11,2363.312
2026-07-15T12,1964.919
2026-07-15T13,1641.73
2026-07-15T14,1525.503
2026-07-15T15,1459.977
2026-07-15T16,1537.857
2026-07-15T17,1527.252
2026-07-15T18,1247.184
2026-07-15T19,1137.561
2026-07-15T20,1192.234
2026-07-15T21,1198.074
2026-07-15T22,1409.508
2026-07-15T23,2344.264
2026-07-16T00,2149.575
2026-07-16T01,2573.903
2026-07-16T02,2437.59
2026-07-16T03,2384.968
2026-07-16T04,2329.894
2026-07-16T05,2265.3
2026-07-16T06,2181.41
2026-07-16T07,1969.66
2026-07-16T08,1920.712
2026-07-16T09,2209.397
2026-07-16T10,2966.906
2026-07-16T11,2367.076
2026-07-16T12,1968.048
2026-07-16T13,1644.345
2026-07-16T14,1527.932
2026-07-16T15,1462.302
2026-07-16T16,1540.306
2026-07-16T17,1529.685
2026-07-16T18,1249.17
2026-07-16T19,1139.372
2026-07-16T20,1194.132
2026-07-16T21,1199.982
2026-07-16T22,1411.753
2026-07-16T23,2347.997
2026-07-17T00,6711.901
2026-07-17T01,8036.837
2026-07-17T02,7611.209
2026-07-17T03,7446.901
2026-07-17T04,7274.936
2026-07-17T05,7073.246
2026-07-17T06,6811.305
2026-07-17T07,6150.129
2026-07-17T08,5997.292
2026-07-17T09,6898.691
2026-07-17T10,9263.961
2026-07-17T11,7391.032
2026-07-17T12,6145.096
2026-07-17T13,5134.353
2026-07-17T14,4770.865
2026-07-17T15,4565.938
2026-07-17T16,4809.499
2026-07-17T17,4776.335
2026-07-17T18,3900.449
2026-07-17T19,3557.612
2026-07-17T20,3728.597
2026-07-17T21,3746.862
2026-07-17T22,4408.102
2026-07-17T23,7331.46
2026-07-18T00,2219.809
2026-07-18T01,2658.002
2026-07-18T02,2517.235
2026-07-18T03,2462.894
2026-07-18T04,2406.02
2026-07-18T05,2339.316
2026-07-18T06,2252.685
2026-07-18T07,2034.016
2026-07-18T08,1983.469
2026-07-18T09,2281.586
2026-07-18T10,3063.845
2026-07-18T11,2444.416
2026-07-18T12,2032.351
2026-07-18T13,1698.071
2026-07-18T14,1577.855
2026-07-18T15,1510.08
2026-07-18T16,1590.633
2026-07-18T17,1579.665
2026-07-18T18,1289.985
2026-07-18T19,1176.599
2026-07-18T20,1233.149
2026-07-18T21,1239.19
2026-07-18T22,1457.88
2026-07-18T23,2424.714
2026-07-19T00,2129.976
2026-07-19T01,2550.436
2026-07-19T02,2415.366
2026-07-19T03,2363.223
2026-07-19T04,2308.651
2026-07-19T05,2244.647
2026-07-19T06,2161.521
2026-07-19T07,1951.702
2026-07-19T08,1903.2
2026-07-19T09,2189.253
2026-07-19T10,2939.855
2026-07-19T11,2345.494
2026-07-19T12,1950.104
2026-07-19T13,1629.352
2026-07-19T14,1514.001
2026-07-19T15,1448.969
2026-07-19T16,1526.262
2026-07-19T17,1515.738
2026-07-19T18,1237.781
2026-07-19T19,1128.984
2026-07-19T20,1183.245
2026-07-19T21,1189.041
2026-07-19T22,1398.881
2026-07-19T23,2326.589
2026-07-20T00,2020.932
2026-07-20T01,2419.866
2026-07-20T02,2291.711
2026-07-20T03,2242.238
2026-07-20T04,2190.46
2026-07-20T05,2129.732
2026-07-20T06,2050.862
2026-07-20T07,1851.784
2026-07-20T08,1805.766
2026-07-20T09,2077.174
2026-07-20T10,2789.349
2026-07-20T11,2225.417
2026-07-20T12,1850.269
2026-07-20T13,1545.938
2026-07-20T14,1436.492
2026-07-20T15,1374.789
2026-07-20T16,1448.125
2026-07-20T17,1438.14
2026-07-20T18,1174.413
2026-07-20T19,1071.186
2026-07-20T20,1122.669
2026-07-20T21,1128.168
2026-07-20T22,1327.266
2026-07-20T23,2207.479
2026-07-21T00,2145.694
2026-07-21T01,2569.256
2026-07-21T02,2433.19
2026-07-21T03,2380.663
2026-07-21T04,2325.688
2026-07-21T05,2261.211
2026-07-21T06,2177.472
2026-07-21T07,1966.104
2026-07-21T08,1917.245
2026-07-21T09,2205.408
2026-07-21T10,2961.549
2026-07-21T11,2362.802
2026-07-21T12,1964.495
2026-07-21T13,1641.376
2026-07-21T14,1525.174
2026-07-21T15,1459.662
2026-07-21T16,1537.525
2026-07-21T17,1526.923
2026-07-21T18,1246.915
2026-07-21T19,1137.315
2026-07-21T20,1191.977
2026-07-21T21,1197.816
2026-07-21T22,1409.204
2026-07-21T23,2343.758
2026-07-22T00,2147.601
2026-07-22T01,2571.539
2026-07-22T02,2435.351
2026-07-22T03,2382.778
2026-07-22T04,2327.754
2026-07-22T05,2263.22
2026-07-22T06,2179.407
2026-07-22T07,1967.851
2026-07-22T08,1918.948
2026-07-22T09,2207.368
2026-07-22T10,2964.181
2026-07-22T11,2364.902
2026-07-22T12,1966.241
2026-07-22T13,1642.834
2026-07-22T14,1526.529
2026-07-22T15,1460.959
2026-07-22T16,1538.891
2026-07-22T17,1528.279
2026-07-22T18,1248.023
2026-07-22T19,1138.326
2026-07-22T20,1193.036
2026-07-22T21,1198.88
2026-07-22T22,1410.456
2026-07-22T23,2345.84
2026-07-23T00,2000.062
2026-07-23T01,2394.876
2026-07-23T02,2268.044
2026-07-23T03,2219.082
2026-07-23T04,2167.839
2026-07-23T05,2107.738
2026-07-23T06,2029.683
2026-07-23T07,1832.661
2026-07-23T08,1787.117
2026-07-23T09,2055.723
2026-07-23T10,2760.543
2026-07-23T11,2202.434
2026-07-23T12,1831.161
2026-07-23T13,1529.972
2026-07-23T14,1421.657
2026-07-23T15,1360.592
2026-07-23T16,1433.17
2026-07-23T17,1423.288
2026-07-23T18,1162.285
2026-07-23T19,1060.123
2026-07-23T20,1111.075
2026-07-23T21,1116.518
2026-07-23T22,1313.559
2026-07-23T23,2184.683
2026-07-24T00,2193.455
2026-07-24T01,2626.445
2026-07-24T02,2487.35
2026-07-24T03,2433.654
2026-07-24T04,2377.455
2026-07-24T05,2311.543
2026-07-24T06,2225.94
2026-07-24T07,2009.867
2026-07-24T08,1959.92
2026-07-24T09,2254.498
2026-07-24T10,3027.47
2026-07-24T11,2415.396
2026-07-24T12,2008.223
2026-07-24T13,1677.911
2026-07-24T14,1559.123
2026-07-24T15,1492.152
2026-07-24T16,1571.748
2026-07-24T17,1560.91
2026-07-24T18,1274.67
2026-07-24T19,1162.63
2026-07-24T20,1218.509
2026-07-24T21,1224.478
2026-07-24T22,1440.571
2026-07-24T23,2395.927
2026-07-25T00,3806.808
2026-07-25T01,4558.275
2026-07-25T02,4316.871
2026-07-25T03,4223.68
2026-07-25T04,4126.146
2026-07-25T05,4011.753
2026-07-25T06,3863.187
2026-07-25T07,3488.186
2026-07-25T08,3401.501
2026-07-25T09,3912.75
2026-07-25T10,5254.267
2026-07-25T11,4191.993
2026-07-25T12,3485.332
2026-07-25T13,2912.066
2026-07-25T14,2705.905
2026-07-25T15,2589.676
2026-07-25T16,2727.817
2026-07-25T17,2709.008
2026-07-25T18,2212.229
2026-07-25T19,2017.781
2026-07-25T20,2114.759
2026-07-25T21,2125.119
2026-07-25T22,2500.156
2026-07-25T23,4158.205
2026-07-26T00,4066.773
2026-07-26T01,4869.558
2026-07-26T02,4611.668
2026-07-26T03,4512.113
2026-07-26T04,4407.919
2026-07-26T05,4285.714
2026-07-26T06,4127.003
2026-07-26T07,3726.393
2026-07-26T08,3633.788
2026-07-26T09,4179.95
2026-07-26T10,5613.078
2026-07-26T11,4478.262
2026-07-26T12,3723.343
2026-07-26T13,3110.929
2026-07-26T14,2890.69
2026-07-26T15,2766.524
2026-07-26T16,2914.099
2026-07-26T17,2894.005
2026-07-26T18,2363.301
2026-07-26T19,2155.574
2026-07-26T20,2259.175
2026-07-26T21,2270.242
2026-07-26T22,2670.89
2026-07-26T23,4442.167
2026-07-27T00,2235.826
2026-07-27T01,2677.18
2026-07-27T02,2535.398
2026-07-27T03,2480.664
2026-07-27T04,2423.38
2026-07-27T05,2356.195
2026-07-27T06,2268.939
2026-07-27T07,2048.692
2026-07-27T08,1997.78
2026-07-27T09,2298.048
2026-07-27T10,3085.952
2026-07-27T11,2462.054
2026-07-27T12,2047.015
2026-07-27T13,1710.323
2026-07-27T14,1589.24
2026-07-27T15,1520.976
2026-07-27T16,1602.11
2026-07-27T17,1591.062
2026-07-27T18,1299.293
2026-07-27T19,1185.089
2026-07-27T20,1242.046
2026-07-27T21,1248.131
2026-07-27T22,1468.399
2026-07-27T23,2442.209
2026-07-28T00,89.915
2026-07-28T01,107.665
2026-07-28T02,101.963
2026-07-28T03,99.762
2026-07-28T04,97.458
2026-07-28T05,94.756
2026-07-28T06,91.247
2026-07-28T07,82.39
2026-07-28T08,80.342
2026-07-28T09,92.418
2026-07-28T10,124.104
2026-07-28T11,99.013
2026-07-28T12,82.322
2026-07-28T13,68.782
2026-07-28T14,63.912
2026-07-28T15,61.167
2026-07-28T16,64.43
2026-07-28T17,63.986
2026-07-28T18,52.252
2026-07-28T19,47.659
2026-07-28T20,49.95
2026-07-28T21,50.194
2026-07-28T22,59.053
2026-07-28T23,98.215
2026-07-29T00,90.705
2026-07-29T01,108.61
2026-07-29T02,102.858
2026-07-29T03,100.638
2026-07-29T04,98.314
2026-07-29T05,95.588
2026-07-29T06,92.048
2026-07-29T07,83.113
2026-07-29T08,81.048
2026-07-29T09,93.229
2026-07-29T10,125.194
2026-07-29T11,99.883
2026-07-29T12,83.045
2026-07-29T13,69.386
2026-07-29T14,64.474
2026-07-29T15,61.704
2026-07-29T16,64.996
2026-07-29T17,64.548
2026-07-29T18,52.711
2026-07-29T19,48.078
2026-07-29T20,50.388
2026-07-29T21,50.635
2026-07-29T22,59.571
2026-07-29T23,99.078
2026-07-30T00,93.084
2026-07-30T01,111.459
2026-07-30T02,105.556
2026-07-30T03,103.277
2026-07-30T04,100.892
2026-07-30T05,98.095
2026-07-30T06,94.462
2026-07-30T07,85.293
2026-07-30T08,83.173
2026-07-30T09,95.674
2026-07-30T10,128.477
2026-07-30T11,102.502
2026-07-30T12,85.223
2026-07-30T13,71.206
2026-07-30T14,66.165
2026-07-30T15,63.323
2026-07-30T16,66.7
2026-07-30T17,66.24
2026-07-30T18,54.093
2026-07-30T19,49.339
2026-07-30T20,51.71
2026-07-30T21,51.963
2026-07-30T22,61.134
2026-07-30T23,101.676
2026-07-31T00,91.048
2026-07-31T01,109.021
2026-07-31T02,103.248
2026-07-31T03,101.019
2026-07-31T04,98.686
2026-07-31T05,95.95
2026-07-31T06,92.397
2026-07-31T07,83.428
2026-07-31T08,81.354
2026-07-31T09,93.582
2026-07-31T10,125.667
2026-07-31T11,100.261
2026-07-31T12,83.359
2026-07-31T13,69.648
2026-07-31T14,64.718
2026-07-31T15,61.938
2026-07-31T16,65.242
2026-07-31T17,64.792
2026-07-31T18,52.91
2026-07-31T19,48.26
2026-07-31T20,50.579
2026-07-31T21,50.827
2026-07-31T22,59.797
2026-07-31T23,99.453
2026-08-01T00,265.231
2026-08-01T01,317.587
2026-08-01T02,300.768
2026-08-01T03,294.275
2026-08-01T04,287.48
2026-08-01T05,279.51
2026-08-01T06,269.159
2026-08-01T07,243.031
2026-08-01T08,236.992
2026-08-01T09,272.612
2026-08-01T10,366.079
2026-08-01T11,292.067
2026-08-01T12,242.832
2026-08-01T13,202.891
2026-08-01T14,188.528
2026-08-01T15,180.43
2026-08-01T16,190.054
2026-08-01T17,188.744
2026-08-01T18,154.132
2026-08-01T19,140.584
2026-08-01T20,147.341
2026-08-01T21,148.063
2026-08-01T22,174.193
2026-08-01T23,289.713
2026-08-02T00,283.561
2026-08-02T01,339.536
2026-08-02T02,321.555
2026-08-02T03,314.613
2026-08-02T04,307.348
2026-08-02T05,298.827
2026-08-02T06,287.761
2026-08-02T07,259.828
2026-08-02T08,253.371
2026-08-02T09,291.453
2026-08-02T10,391.379
2026-08-02T11,312.253
2026-08-02T12,259.615
2026-08-02T13,216.914
2026-08-02T14,201.557
2026-08-02T15,192.9
2026-08-02T16,203.189
2026-08-02T17,201.788
2026-08-02T18,164.784
2026-08-02T19,150.3
2026-08-02T20,157.524
2026-08-02T21,158.296
2026-08-02T22,186.231
2026-08-02T23,309.736
2026-08-03T00,6790.999
2026-08-03T01,8131.548
2026-08-03T02,7700.905
2026-08-03T03,7534.66
2026-08-03T04,7360.668
2026-08-03T05,7156.602
2026-08-03T06,6891.574
2026-08-03T07,6222.606
2026-08-03T08,6067.968
2026-08-03T09,6979.99
2026-08-03T10,9373.133
2026-08-03T11,7478.133
2026-08-03T12,6217.514
2026-08-03T13,5194.86
2026-08-03T14,4827.088
2026-08-03T15,4619.746
2026-08-03T16,4866.178
2026-08-03T17,4832.623
2026-08-03T18,3946.414
2026-08-03T19,3599.537
2026-08-03T20,3772.537
2026-08-03T21,3791.018
2026-08-03T22,4460.05
2026-08-03T23,7417.859
2026-08-04T00,255.742
2026-08-04T01,306.226
2026-08-04T02,290.009
2026-08-04T03,283.748
2026-08-04T04,277.196
2026-08-04T05,269.511
2026-08-04T06,259.53
2026-08-04T07,234.337
2026-08-04T08,228.514
2026-08-04T09,262.86
2026-08-04T10,352.983
2026-08-04T11,281.619
2026-08-04T12,234.146
2026-08-04T13,195.633
2026-08-04T14,181.783
2026-08-04T15,173.975
2026-08-04T16,183.256
2026-08-04T17,181.992
2026-08-04T18,148.618
2026-08-04T19,135.555
2026-08-04T20,142.07
2026-08-04T21,142.766
2026-08-04T22,167.961
2026-08-04T23,279.349
2026-08-05T00,264.222
2026-08-05T01,316.379
2026-08-05T02,299.624
2026-08-05T03,293.156
2026-08-05T04,286.386
2026-08-05T05,278.447
2026-08-05T06,268.135
2026-08-05T07,242.107
2026-08-05T08,236.09
2026-08-05T09,271.575
2026-08-05T10,364.687
2026-08-05T11,290.957
2026-08-05T12,241.909
2026-08-05T13,202.12
2026-08-05T14,187.811
2026-08-05T15,179.743
2026-08-05T16,189.332
2026-08-05T17,188.026
2026-08-05T18,153.546
2026-08-05T19,140.05
2026-08-05T20,146.781
2026-08-05T21,147.5
2026-08-05T22,173.53
2026-08-05T23,288.612
2026-08-06T00,261.821
2026-08-06T01,313.505
2026-08-06T02,296.902
2026-08-06T03,290.492
2026-08-06T04,283.784
2026-08-06T05,275.917
2026-08-06T06,265.699
2026-08-06T07,239.907
2026-08-06T08,233.945
2026-08-06T09,269.108
2026-08-06T10,361.373
2026-08-06T11,288.313
2026-08-06T12,239.711
2026-08-06T13,200.283
2026-08-06T14,186.104
2026-08-06T15,178.11
2026-08-06T16,187.611
2026-08-06T17,186.318
2026-08-06T18,152.151
2026-08-06T19,138.777
2026-08-06T20,145.447
2026-08-06T21,146.16
2026-08-06T22,171.953
2026-08-06T23,285.989
2026-08-07T00,266.306
2026-08-07T01,318.876
2026-08-07T02,301.988
2026-08-07T03,295.469
2026-08-07T04,288.646
2026-08-07T05,280.643
2026-08-07T06,270.25
2026-08-07T07,244.017
2026-08-07T08,237.953
2026-08-07T09,273.718
2026-08-07T10,367.564
2026-08-07T11,293.252
2026-08-07T12,243.817
2026-08-07T13,203.714
2026-08-07T14,189.292
2026-08-07T15,181.162
2026-08-07T16,190.825
2026-08-07T17,189.509
2026-08-07T18,154.757
2026-08-07T19,141.154
2026-08-07T20,147.939
2026-08-07T21,148.663
2026-08-07T22,174.899
2026-08-07T23,290.889
2026-08-08T00,268.66
2026-08-08T01,321.694
2026-08-08T02,304.657
2026-08-08T03,298.08
2026-08-08T04,291.197
2026-08-08T05,283.124
2026-08-08T06,272.639
2026-08-08T07,246.174
2026-08-08T08,240.056
2026-08-08T09,276.137
2026-08-08T10,370.812
2026-08-08T11,295.844
2026-08-08T12,245.972
2026-08-08T13,205.515
2026-08-08T14,190.965
2026-08-08T15,182.763
2026-08-08T16,192.512
2026-08-08T17,191.184
2026-08-08T18,156.125
2026-08-08T19,142.402
2026-08-08T20,149.246
2026-08-08T21,149.977
2026-08-08T22,176.445
2026-08-08T23,293.459
2026-08-09T00,276.864
2026-08-09T01,331.517
2026-08-09T02,313.96
2026-08-09T03,307.182
2026-08-09T04,300.089
2026-08-09T05,291.769
2026-08-09T06,280.964
2026-08-09T07,253.691
2026-08-09T08,247.386
2026-08-09T09,284.569
2026-08-09T10,382.135
2026-08-09T11,304.878
2026-08-09T12,253.483
2026-08-09T13,211.79
2026-08-09T14,196.797
2026-08-09T15,188.343
2026-08-09T16,198.39
2026-08-09T17,197.022
2026-08-09T18,160.892
2026-08-09T19,146.75
2026-08-09T20,153.803
2026-08-09T21,154.557
2026-08-09T22,181.833
2026-08-09T23,302.42
2026-08-10T00,6531.316
2026-08-10T01,7820.604
2026-08-10T02,7406.428
2026-08-10T03,7246.54
2026-08-10T04,7079.202
2026-08-10T05,6882.938
2026-08-10T06,6628.045
2026-08-10T07,5984.658
2026-08-10T08,5835.934
2026-08-10T09,6713.08
2026-08-10T10,9014.711
2026-08-10T11,7192.175
2026-08-10T12,5979.761
2026-08-10T13,4996.212
2026-08-10T14,4642.503
2026-08-10T15,4443.09
2026-08-10T16,4680.098
2026-08-10T17,4647.827
2026-08-10T18,3795.506
2026-08-10T19,3461.893
2026-08-10T20,3628.278
2026-08-10T21,3646.052
2026-08-10T22,4289.501
2026-08-10T23,7134.205
2026-08-11T00,260.611
2026-08-11T01,312.056
2026-08-11T02,295.529
2026-08-11T03,289.15
2026-08-11T04,282.472
2026-08-11T05,274.641
2026-08-11T06,264.471
2026-08-11T07,238.798
2026-08-11T08,232.864
2026-08-11T09,267.864
2026-08-11T10,359.703
2026-08-11T11,286.98
2026-08-11T12,238.603
2026-08-11T13,199.358
2026-08-11T14,185.244
2026-08-11T15,177.287
2026-08-11T16,186.744
2026-08-11T17,185.456
2026-08-11T18,151.447
2026-08-11T19,138.136
2026-08-11T20,144.775
2026-08-11T21,145.484
2026-08-11T22,171.159
2026-08-11T23,284.667
2026-08-12T00,260.678
2026-08-12T01,312.136
2026-08-12T02,295.606
2026-08-12T03,289.224
2026-08-12T04,282.545
2026-08-12T05,274.712
2026-08-12T06,264.539
2026-08-12T07,238.86
2026-08-12T08,232.924
2026-08-12T09,267.933
2026-08-12T10,359.795
2026-08-12T11,287.054
2026-08-12T12,238.664
2026-08-12T13,199.409
2026-08-12T14,185.292
2026-08-12T15,177.333
2026-08-12T16,186.792
2026-08-12T17,185.504
2026-08-12T18,151.486
2026-08-12T19,138.171
2026-08-12T20,144.812
2026-08-12T21,145.521
2026-08-12T22,171.203
2026-08-12T23,284.741
2026-08-13T00,258.345
2026-08-13T01,309.342
2026-08-13T02,292.96
2026-08-13T03,286.635
2026-08-13T04,280.016
2026-08-13T05,272.253
2026-08-13T06,262.171
2026-08-13T07,236.722
2026-08-13T08,230.839
2026-08-13T09,265.534
2026-08-13T10,356.575
2026-08-13T11,284.485
2026-08-13T12,236.528
2026-08-13T13,197.624
2026-08-13T14,183.633
2026-08-13T15,175.745
2026-08-13T16,185.12
2026-08-13T17,183.844
2026-08-13T18,150.13
2026-08-13T19,136.934
2026-08-13T20,143.516
2026-08-13T21,144.219
2026-08-13T22,169.67
2026-08-13T23,282.192
2026-08-14T00,263.408
2026-08-14T01,315.405
2026-08-14T02,298.702
2026-08-14T03,292.253
2026-08-14T04,285.504
2026-08-14T05,277.589
2026-08-14T06,267.309
2026-08-14T07,241.361
2026-08-14T08,235.363
2026-08-14T09,270.739
2026-08-14T10,363.564
2026-08-14T11,290.061
2026-08-14T12,241.164
2026-08-14T13,201.497
2026-08-14T14,187.232
2026-08-14T15,179.19
2026-08-14T16,188.749
2026-08-14T17,187.447
2026-08-14T18,153.073
2026-08-14T19,139.618
2026-08-14T20,146.329
2026-08-14T21,147.045
2026-08-14T22,172.996
2026-08-14T23,287.723
2026-08-15T00,262.225
2026-08-15T01,313.988
2026-08-15T02,297.359
2026-08-15T03,290.94
2026-08-15T04,284.222
2026-08-15T05,276.342
2026-08-15T06,266.108
2026-08-15T07,240.277
2026-08-15T08,234.306
2026-08-15T09,269.522
2026-08-15T10,361.93
2026-08-15T11,288.757
2026-08-15T12,240.08
2026-08-15T13,200.592
2026-08-15T14,186.391
2026-08-15T15,178.385
2026-08-15T16,187.9
2026-08-15T17,186.605
2026-08-15T18,152.385
2026-08-15T19,138.991
2026-08-15T20,145.671
2026-08-15T21,146.385
2026-08-15T22,172.218
2026-08-15T23,286.43
2026-08-16T00,263.341
2026-08-16T01,315.325
2026-08-16T02,298.625
2026-08-16T03,292.179
2026-08-16T04,285.432
2026-08-16T05,277.518
2026-08-16T06,267.241
2026-08-16T07,241.3
2026-08-16T08,235.303
2026-08-16T09,270.67
2026-08-16T10,363.471
2026-08-16T11,289.987
2026-08-16T12,241.102
2026-08-16T13,201.446
2026-08-16T14,187.185
2026-08-16T15,179.144
2026-08-16T16,188.7
2026-08-16T17,187.399
2026-08-16T18,153.034
2026-08-16T19,139.583
2026-08-16T20,146.291
2026-08-16T21,147.008
2026-08-16T22,172.952
2026-08-16T23,287.649
2026-08-17T00,6784.523
2026-08-17T01,8123.794
2026-08-17T02,7693.562
2026-08-17T03,7527.475
2026-08-17T04,7353.65
2026-08-17T05,7149.777
2026-08-17T06,6885.003
2026-08-17T07,6216.672
2026-08-17T08,6062.182
2026-08-17T09,6973.334
2026-08-17T10,9364.195
2026-08-17T11,7471.002
2026-08-17T12,6211.585
2026-08-17T13,5189.906
2026-08-17T14,4822.485
2026-08-17T15,4615.341
2026-08-17T16,4861.537
2026-08-17T17,4828.015
2026-08-17T18,3942.651
2026-08-17T19,3596.104
2026-08-17T20,3768.94
2026-08-17T21,3787.403
2026-08-17T22,4455.797
2026-08-17T23,7410.785
2026-08-18T00,254.048
2026-08-18T01,304.197
2026-08-18T02,288.087
2026-08-18T03,281.868
2026-08-18T04,275.359
2026-08-18T05,267.725
2026-08-18T06,257.81
2026-08-18T07,232.785
2026-08-18T08,227.0
2026-08-18T09,261.118
2026-08-18T10,350.644
2026-08-18T11,279.753
2026-08-18T12,232.594
2026-08-18T13,194.337
2026-08-18T14,180.579
2026-08-18T15,172.822
2026-08-18T16,182.041
2026-08-18T17,180.786
2026-08-18T18,147.633
2026-08-18T19,134.657
2026-08-18T20,141.129
2026-08-18T21,141.82
2026-08-18T22,166.848
2026-08-18T23,277.498
2026-08-19T00,6825.912
2026-08-19T01,8173.353
2026-08-19T02,7740.496
2026-08-19T03,7573.397
2026-08-19T04,7398.51
2026-08-19T05,7193.394
2026-08-19T06,6927.004
2026-08-19T07,6254.597
2026-08-19T08,6099.164
2026-08-19T09,7015.875
2026-08-19T10,9421.321
2026-08-19T11,7516.579
2026-08-19T12,6249.479
2026-08-19T13,5221.567
2026-08-19T14,4851.904
2026-08-19T15,4643.496
2026-08-19T16,4891.195
2026-08-19T17,4857.468
2026-08-19T18,3966.703
2026-08-19T19,3618.042
2026-08-19T20,3791.932
2026-08-19T21,3810.508
2026-08-19T22,4482.979
2026-08-19T23,7455.995
2026-08-20T00,258.029
2026-08-20T01,308.964
2026-08-20T02,292.601
2026-08-20T03,286.285
2026-08-20T04,279.674
2026-08-20T05,271.92
2026-08-20T06,261.85
2026-08-20T07,236.432
2026-08-20T08,230.557
2026-08-20T09,265.21
2026-08-20T10,356.139
2026-08-20T11,284.137
2026-08-20T12,236.239
2026-08-20T13,197.382
2026-08-20T14,183.409
2026-08-20T15,175.53
2026-08-20T16,184.894
2026-08-20T17,183.619
2026-08-20T18,149.947
2026-08-20T19,136.767
2026-08-20T20,143.34
2026-08-20T21,144.042
2026-08-20T22,169.463
2026-08-20T23,281.847
2026-08-21T00,270.509
2026-08-21T01,323.908
2026-08-21T02,306.754
2026-08-21T03,300.132
2026-08-21T04,293.201
2026-08-21T05,285.072
2026-08-21T06,274.515
2026-08-21T07,247.868
2026-08-21T08,241.708
2026-08-21T09,278.037
2026-08-21T10,373.365
2026-08-21T11,297.88
2026-08-21T12,247.665
2026-08-21T13,206.929
2026-08-21T14,192.28
2026-08-21T15,184.021
2026-08-21T16,193.837
2026-08-21T17,192.5
2026-08-21T18,157.199
2026-08-21T19,143.382
2026-08-21T20,150.273
2026-08-21T21,151.009
2026-08-21T22,177.659
2026-08-21T23,295.479
2026-08-22T00,264.968
2026-08-22T01,317.273
2026-08-22T02,300.471
2026-08-22T03,293.984
2026-08-22T04,287.195
2026-08-22T05,279.233
2026-08-22T06,268.892
2026-08-22T07,242.791
2026-08-22T08,236.757
2026-08-22T09,272.342
2026-08-22T10,365.717
2026-08-22T11,291.779
2026-08-22T12,242.592
2026-08-22T13,202.691
2026-08-22T14,188.341
2026-08-22T15,180.251
2026-08-22T16,189.866
2026-08-22T17,188.557
2026-08-22T18,153.979
2026-08-22T19,140.445
2026-08-22T20,147.195
2026-08-22T21,147.916
2026-08-22T22,174.02
2026-08-22T23,289.427
2026-08-23T00,266.636
2026-08-23T01,319.27
2026-08-23T02,302.362
2026-08-23T03,295.834
2026-08-23T04,289.003
2026-08-23T05,280.991
2026-08-23T06,270.585
2026-08-23T07,244.319
2026-08-23T08,238.247
2026-08-23T09,274.056
2026-08-23T10,368.019
2026-08-23T11,293.615
2026-08-23T12,244.119
2026-08-23T13,203.967
2026-08-23T14,189.527
2026-08-23T15,181.386
2026-08-23T16,191.061
2026-08-23T17,189.744
2026-08-23T18,154.949
2026-08-23T19,141.329
2026-08-23T20,148.122
2026-08-23T21,148.847
2026-08-23T22,175.116
2026-08-23T23,291.248
2026-08-24T00,6693.831
2026-08-24T01,8015.2
2026-08-24T02,7590.718
2026-08-24T03,7426.852
2026-08-24T04,7255.35
2026-08-24T05,7054.203
2026-08-24T06,6792.967
2026-08-24T07,6133.571
2026-08-24T08,5981.146
2026-08-24T09,6880.118
2026-08-24T10,9239.02
2026-08-24T11,7371.134
2026-08-24T12,6128.552
2026-08-24T13,5120.53
2026-08-24T14,4758.02
2026-08-24T15,4553.645
2026-08-24T16,4796.551
2026-08-24T17,4763.476
2026-08-24T18,3889.948
2026-08-24T19,3548.034
2026-08-24T20,3718.558
2026-08-24T21,3736.775
2026-08-24T22,4396.234
2026-08-24T23,7311.722
2026-08-25T00,256.879
2026-08-25T01,307.587
2026-08-25T02,291.297
2026-08-25T03,285.009
2026-08-25T04,278.427
2026-08-25T05,270.708
2026-08-25T06,260.683
2026-08-25T07,235.379
2026-08-25T08,229.529
2026-08-25T09,264.028
2026-08-25T10,354.552
2026-08-25T11,282.871
2026-08-25T12,235.186
2026-08-25T13,196.503
2026-08-25T14,182.591
2026-08-25T15,174.748
2026-08-25T16,184.07
2026-08-25T17,182.801
2026-08-25T18,149.279
2026-08-25T19,136.157
2026-08-25T20,142.701
2026-08-25T21,143.4
2026-08-25T22,168.707
2026-08-25T23,280.591
2026-08-26T00,257.995
2026-08-26T01,308.924
2026-08-26T02,292.563
2026-08-26T03,286.247
2026-08-26T04,279.637
2026-08-26T05,271.885
2026-08-26T06,261.816
2026-08-26T07,236.401
2026-08-26T08,230.527
2026-08-26T09,265.175
2026-08-26T10,356.092
2026-08-26T11,284.1
2026-08-26T12,236.208
2026-08-26T13,197.357
2026-08-26T14,183.385
2026-08-26T15,175.508
2026-08-26T16,184.87
2026-08-26T17,183.595
2026-08-26T18,149.927
2026-08-26T19,136.749
2026-08-26T20,143.321
2026-08-26T21,144.024
2026-08-26T22,169.441
2026-08-26T23,281.81
2026-08-27T00,6432.575
2026-08-27T01,7702.371
2026-08-27T02,7294.457
2026-08-27T03,7136.986
2026-08-27T04,6972.178
2026-08-27T05,6778.881
2026-08-27T06,6527.842
2026-08-27T07,5894.181
2026-08-27T08,5747.705
2026-08-27T09,6611.591
2026-08-27T10,8878.426
2026-08-27T11,7083.443
2026-08-27T12,5889.358
2026-08-27T13,4920.679
2026-08-27T14,4572.317
2026-08-27T15,4375.919
2026-08-27T16,4609.344
2026-08-27T17,4577.561
2026-08-27T18,3738.125
2026-08-27T19,3409.556
2026-08-27T20,3573.425
2026-08-27T21,3590.931
2026-08-27T22,4224.652
2026-08-27T23,7026.35
2026-08-28T00,20264.236
2026-08-28T01,24264.414
2026-08-28T02,22979.382
2026-08-28T03,22483.31
2026-08-28T04,21964.121
2026-08-28T05,21355.189
2026-08-28T06,20564.351
2026-08-28T07,18568.16
2026-08-28T08,18106.724
2026-08-28T09,20828.183
2026-08-28T10,27969.285
2026-08-28T11,22314.634
2026-08-28T12,18552.966
2026-08-28T13,15501.382
2026-08-28T14,14403.955
2026-08-28T15,13785.25
2026-08-28T16,14520.599
2026-08-28T17,14420.473
2026-08-28T18,11776.04
2026-08-28T19,10740.962
2026-08-28T20,11257.192
2026-08-28T21,11312.339
2026-08-28T22,13308.72
2026-08-28T23,22134.777
2026-08-29T00,265.231
2026-08-29T01,317.587
2026-08-29T02,300.768
2026-08-29T03,294.275
2026-08-29T04,287.48
2026-08-29T05,279.51
2026-08-29T06,269.159
2026-08-29T07,243.031
2026-08-29T08,236.992
2026-08-29T09,272.612
2026-08-29T10,366.079
2026-08-29T11,292.067
2026-08-29T12,242.832
2026-08-29T13,202.891
2026-08-29T14,188.528
2026-08-29T15,180.43
2026-08-29T16,190.054
2026-08-29T17,188.744
2026-08-29T18,154.132
2026-08-29T19,140.584
2026-08-29T20,147.341
2026-08-29T21,148.063
2026-08-29T22,174.193
2026-08-29T23,289.713
2026-08-30T00,6459.331
2026-08-30T01,7734.409
2026-08-30T02,7324.798
2026-08-30T03,7166.673
2026-08-30T04,7001.179
2026-08-30T05,6807.078
2026-08-30T06,6554.994
2026-08-30T07,5918.698
2026-08-30T08,5771.613
2026-08-30T09,6639.092
2026-08-30T10,8915.356
2026-08-30T11,7112.906
2026-08-30T12,5913.855
2026-08-30T13,4941.147
2026-08-30T14,4591.336
2026-08-30T15,4394.121
2026-08-30T16,4628.517
2026-08-30T17,4596.601
2026-08-30T18,3753.674
2026-08-30T19,3423.738
2026-08-30T20,3588.289
2026-08-30T21,3605.867
2026-08-30T22,4242.224
2026-08-30T23,7055.576
2026-08-31T00,6867.18
2026-08-31T01,8222.767
2026-08-31T02,7787.293
2026-08-31T03,7619.183
2026-08-31T04,7443.24
2026-08-31T05,7236.884
2026-08-31T06,6968.883
2026-08-31T07,6292.41
2026-08-31T08,6136.038
2026-08-31T09,7058.291
2026-08-31T10,9478.28
2026-08-31T11,7562.022
2026-08-31T12,6287.261
2026-08-31T13,5253.135
2026-08-31T14,4881.237
2026-08-31T15,4671.57
2026-08-31T16,4920.766
2026-08-31T17,4886.835
2026-08-31T18,3990.685
2026-08-31T19,3639.916
2026-08-31T20,3814.857
2026-08-31T21,3833.545
2026-08-31T22,4510.082
2026-08-31T23,7501.072
2026-09-01T00,56.416
2026-09-01T01,67.552
2026-09-01T02,63.975
2026-09-01T03,62.594
2026-09-01T04,61.148
2026-09-01T05,59.453
2026-09-01T06,57.251
2026-09-01T07,51.694
2026-09-01T08,50.409
2026-09-01T09,57.986
2026-09-01T10,77.867
2026-09-01T11,62.124
2026-09-01T12,51.652
2026-09-01T13,43.156
2026-09-01T14,40.101
2026-09-01T15,38.378
2026-09-01T16,40.425
2026-09-01T17,40.147
2026-09-01T18,32.785
2026-09-01T19,29.903
2026-09-01T20,31.34
2026-09-01T21,31.494
2026-09-01T22,37.052
2026-09-01T23,61.623
2026-09-02T00,1429.482
2026-09-02T01,1711.663
2026-09-02T02,1621.014
2026-09-02T03,1586.02
2026-09-02T04,1549.396
2026-09-02T05,1506.44
2026-09-02T06,1450.653
2026-09-02T07,1309.837
2026-09-02T08,1277.287
2026-09-02T09,1469.264
2026-09-02T10,1973.013
2026-09-02T11,1574.122
2026-09-02T12,1308.766
2026-09-02T13,1093.5
2026-09-02T14,1016.086
2026-09-02T15,972.441
2026-09-02T16,1024.314
2026-09-02T17,1017.251
2026-09-02T18,830.707
2026-09-02T19,757.69
2026-09-02T20,794.106
2026-09-02T21,797.996
2026-09-02T22,938.825
2026-09-02T23,1561.434
2026-09-03T00,1504.541
2026-09-03T01,1801.539
2026-09-03T02,1706.131
2026-09-03T03,1669.299
2026-09-03T04,1630.751
2026-09-03T05,1585.54
2026-09-03T06,1526.824
2026-09-03T07,1378.614
2026-09-03T08,1344.354
2026-09-03T09,1546.412
2026-09-03T10,2076.612
2026-09-03T11,1656.776
2026-09-03T12,1377.486
2026-09-03T13,1150.918
2026-09-03T14,1069.438
2026-09-03T15,1023.502
2026-09-03T16,1078.099
2026-09-03T17,1070.664
2026-09-03T18,874.326
2026-09-03T19,797.475
2026-09-03T20,835.803
2026-09-03T21,839.898
2026-09-03T22,988.121
2026-09-03T23,1643.422
2026-09-04T00,56.353
2026-09-04T01,67.477
2026-09-04T02,63.904
2026-09-04T03,62.524
2026-09-04T04,61.08
2026-09-04T05,59.387
2026-09-04T06,57.188
2026-09-04T07,51.637
2026-09-04T08,50.353
2026-09-04T09,57.922
2026-09-04T10,77.78
2026-09-04T11,62.055
2026-09-04T12,51.594
2026-09-04T13,43.108
2026-09-04T14,40.056
2026-09-04T15,38.336
2026-09-04T16,40.381
2026-09-04T17,40.102
2026-09-04T18,32.748
2026-09-04T19,29.87
2026-09-04T20,31.305
2026-09-04T21,31.459
2026-09-04T22,37.011
2026-09-04T23,61.555
2026-09-05T00,56.539
2026-09-05T01,67.7
2026-09-05T02,64.115
2026-09-05T03,62.731
2026-09-05T04,61.282
2026-09-05T05,59.583
2026-09-05T06,57.377
2026-09-05T07,51.807
2026-09-05T08,50.52
2026-09-05T09,58.113
2026-09-05T10,78.037
2026-09-05T11,62.26
2026-09-05T12,51.765
2026-09-05T13,43.25
2026-09-05T14,40.189
2026-09-05T15,38.462
2026-09-05T16,40.514
2026-09-05T17,40.235
2026-09-05T18,32.856
2026-09-05T19,29.968
2026-09-05T20,31.409
2026-09-05T21,31.563
2026-09-05T22,37.133
2026-09-05T23,61.758
2026-09-06T00,2167.808
2026-09-06T01,2595.736
2026-09-06T02,2458.266
2026-09-06T03,2405.198
2026-09-06T04,2349.657
2026-09-06T05,2284.515
2026-09-06T06,2199.914
2026-09-06T07,1986.367
2026-09-06T08,1937.004
2026-09-06T09,2228.138
2026-09-06T10,2992.072
2026-09-06T11,2387.154
2026-09-06T12,1984.742
2026-09-06T13,1658.292
2026-09-06T14,1540.893
2026-09-06T15,1474.705
2026-09-06T16,1553.371
2026-09-06T17,1542.66
2026-09-06T18,1259.766
2026-09-06T19,1149.036
2026-09-06T20,1204.261
2026-09-06T21,1210.161
2026-09-06T22,1423.728
2026-09-06T23,2367.913
2026-09-07T00,7723.131
2026-09-07T01,9247.684
2026-09-07T02,8757.931
2026-09-07T03,8568.867
2026-09-07T04,8370.993
2026-09-07T05,8138.916
2026-09-07T06,7837.511
2026-09-07T07,7076.72
2026-09-07T08,6900.857
2026-09-07T09,7938.063
2026-09-07T10,10659.689
2026-09-07T11,8504.581
2026-09-07T12,7070.93
2026-09-07T13,5907.906
2026-09-07T14,5489.653
2026-09-07T15,5253.852
2026-09-07T16,5534.109
2026-09-07T17,5495.948
2026-09-07T18,4488.099
2026-09-07T19,4093.609
2026-09-07T20,4290.355
2026-09-07T21,4311.373
2026-09-07T22,5072.236
2026-09-07T23,8436.034
2026-09-08T00,1482.278
2026-09-08T01,1774.881
2026-09-08T02,1680.884
2026-09-08T03,1644.598
2026-09-08T04,1606.62
2026-09-08T05,1562.079
2026-09-08T06,1504.231
2026-09-08T07,1358.214
2026-09-08T08,1324.461
2026-09-08T09,1523.529
2026-09-08T10,2045.883
2026-09-08T11,1632.26
2026-09-08T12,1357.103
2026-09-08T13,1133.887
2026-09-08T14,1053.613
2026-09-08T15,1008.357
2026-09-08T16,1062.145
2026-09-08T17,1054.821
2026-09-08T18,861.388
2026-09-08T19,785.674
2026-09-08T20,823.435
2026-09-08T21,827.469
2026-09-08T22,973.499
2026-09-08T23,1619.103
2026-09-09T00,1484.027
2026-09-09T01,1776.975
2026-09-09T02,1682.867
2026-09-09T03,1646.538
2026-09-09T04,1608.516
2026-09-09T05,1563.922
2026-09-09T06,1506.006
2026-09-09T07,1359.817
2026-09-09T08,1326.024
2026-09-09T09,1525.327
2026-09-09T10,2048.297
2026-09-09T11,1634.185
2026-09-09T12,1358.704
2026-09-09T13,1135.225
2026-09-09T14,1054.856
2026-09-09T15,1009.546
2026-09-09T16,1063.399
2026-09-09T17,1056.066
2026-09-09T18,862.404
2026-09-09T19,786.601
2026-09-09T20,824.407
2026-09-09T21,828.446
2026-09-09T22,974.648
2026-09-09T23,1621.014
2026-09-10T00,57.455
2026-09-10T01,68.797
2026-09-10T02,65.153
2026-09-10T03,63.747
2026-09-10T04,62.275
2026-09-10T05,60.548
2026-09-10T06,58.306
2026-09-10T07,52.646
2026-09-10T08,51.338
2026-09-10T09,59.054
2026-09-10T10,79.301
2026-09-10T11,63.269
2026-09-10T12,52.603
2026-09-10T13,43.951
2026-09-10T14,40.84
2026-09-10T15,39.085
2026-09-10T16,41.17
2026-09-10T17,40.886
2026-09-10T18,33.389
2026-09-10T19,30.454
2026-09-10T20,31.918
2026-09-10T21,32.074
2026-09-10T22,37.734
2026-09-10T23,62.759
2026-09-11T00,1835.28
2026-09-11T01,2197.566
2026-09-11T02,2081.184
2026-09-11T03,2036.256
2026-09-11T04,1989.234
2026-09-11T05,1934.085
2026-09-11T06,1862.461
2026-09-11T07,1681.671
2026-09-11T08,1639.88
2026-09-11T09,1886.355
2026-09-11T10,2533.107
2026-09-11T11,2020.979
2026-09-11T12,1680.295
2026-09-11T13,1403.921
2026-09-11T14,1304.529
2026-09-11T15,1248.495
2026-09-11T16,1315.094
2026-09-11T17,1306.025
2026-09-11T18,1066.526
2026-09-11T19,972.781
2026-09-11T20,1019.535
2026-09-11T21,1024.53
2026-09-11T22,1205.337
2026-09-11T23,2004.69
2026-09-12T00,8658.662
2026-09-12T01,10367.89
2026-09-12T02,9818.811
2026-09-12T03,9606.845
2026-09-12T04,9385.002
2026-09-12T05,9124.813
2026-09-12T06,8786.897
2026-09-12T07,7933.949
2026-09-12T08,7736.783
2026-09-12T09,8899.63
2026-09-12T10,11950.936
2026-09-12T11,9534.772
2026-09-12T12,7927.457
2026-09-12T13,6623.552
2026-09-12T14,6154.635
2026-09-12T15,5890.27
2026-09-12T16,6204.476
2026-09-12T17,6161.693
2026-09-12T18,5031.759
2026-09-12T19,4589.483
2026-09-12T20,4810.061
2026-09-12T21,4833.625
2026-09-12T22,5686.654
2026-09-12T23,9457.921
2026-09-13T00,9321.374
2026-09-13T01,11161.421
2026-09-13T02,10570.317
2026-09-13T03,10342.128
2026-09-13T04,10103.306
2026-09-13T05,9823.202
2026-09-13T06,9459.424
2026-09-13T07,8541.193
2026-09-13T08,8328.937
2026-09-13T09,9580.784
2026-09-13T10,12865.629
2026-09-13T11,10264.539
2026-09-13T12,8534.204
2026-09-13T13,7130.502
2026-09-13T14,6625.695
2026-09-13T15,6341.096
2026-09-13T16,6679.35
2026-09-13T17,6633.293
2026-09-13T18,5416.877
2026-09-13T19,4940.75
2026-09-13T20,5178.211
2026-09-13T21,5203.578
2026-09-13T22,6121.896
2026-09-13T23,10181.806
2026-09-14T00,8223.8
2026-09-14T01,9847.186
2026-09-14T02,9325.683
2026-09-14T03,9124.363
2026-09-14T04,8913.662
2026-09-14T05,8666.54
2026-09-14T06,8345.595
2026-09-14T07,7535.484
2026-09-14T08,7348.221
2026-09-14T09,8452.666
2026-09-14T10,11350.727
2026-09-14T11,9055.91
2026-09-14T12,7529.318
2026-09-14T13,6290.899
2026-09-14T14,5845.532
2026-09-14T15,5594.444
2026-09-14T16,5892.87
2026-09-14T17,5852.236
2026-09-14T18,4779.05
2026-09-14T19,4358.986
2026-09-14T20,4568.487
2026-09-14T21,4590.867
2026-09-14T22,5401.055
2026-09-14T23,8982.918
2026-09-15T00,1456.465
2026-09-15T01,1743.972
2026-09-15T02,1651.612
2026-09-15T03,1615.958
2026-09-15T04,1578.642
2026-09-15T05,1534.875
2026-09-15T06,1478.035
2026-09-15T07,1334.561
2026-09-15T08,1301.396
2026-09-15T09,1496.998
2026-09-15T10,2010.255
2026-09-15T11,1603.834
2026-09-15T12,1333.469
2026-09-15T13,1114.141
2026-09-15T14,1035.265
2026-09-15T15,990.796
2026-09-15T16,1043.648
2026-09-15T17,1036.452
2026-09-15T18,846.387
2026-09-15T19,771.992
2026-09-15T20,809.095
2026-09-15T21,813.059
2026-09-15T22,956.546
2026-09-15T23,1590.907
2026-09-16T00,1759.193
2026-09-16T01,2106.459
2026-09-16T02,1994.902
2026-09-16T03,1951.837
2026-09-16T04,1906.765
2026-09-16T05,1853.902
2026-09-16T06,1785.247
2026-09-16T07,1611.952
2026-09-16T08,1571.894
2026-09-16T09,1808.151
2026-09-16T10,2428.089
2026-09-16T11,1937.194
2026-09-16T12,1610.633
2026-09-16T13,1345.717
2026-09-16T14,1250.446
2026-09-16T15,1196.735
2026-09-16T16,1260.572
2026-09-16T17,1251.88
2026-09-16T18,1022.31
2026-09-16T19,932.452
2026-09-16T20,977.267
2026-09-16T21,982.055
2026-09-16T22,1155.366
2026-09-16T23,1921.58
2026-09-17T00,7531.443
2026-09-17T01,9018.157
2026-09-17T02,8540.559
2026-09-17T03,8356.188
2026-09-17T04,8163.225
2026-09-17T05,7936.909
2026-09-17T06,7642.984
2026-09-17T07,6901.076
2026-09-17T08,6729.578
2026-09-17T09,7741.041
2026-09-17T10,10395.115
2026-09-17T11,8293.498
2026-09-17T12,6895.429
2026-09-17T13,5761.272
2026-09-17T14,5353.4
2026-09-17T15,5123.451
2026-09-17T16,5396.752
2026-09-17T17,5359.539
2026-09-17T18,4376.704
2026-09-17T19,3992.006
2026-09-17T20,4183.869
2026-09-17T21,4204.365
2026-09-17T22,4946.343
2026-09-17T23,8226.651
2026-09-18T00,4772.876
2026-09-18T01,5715.046
2026-09-18T02,5412.379
2026-09-18T03,5295.539
2026-09-18T04,5173.253
2026-09-18T05,5029.83
2026-09-18T06,4843.562
2026-09-18T07,4373.395
2026-09-18T08,4264.713
2026-09-18T09,4905.703
2026-09-18T10,6587.661
2026-09-18T11,5255.81
2026-09-18T12,4369.817
2026-09-18T13,3651.071
2026-09-18T14,3392.592
2026-09-18T15,3246.867
2026-09-18T16,3420.065
2026-09-18T17,3396.482
2026-09-18T18,2773.634
2026-09-18T19,2529.84
2026-09-18T20,2651.429
2026-09-18T21,2664.418
2026-09-18T22,3134.629
2026-09-18T23,5213.448
2026-09-19T00,5177.564
2026-09-19T01,6199.62
2026-09-19T02,5871.291
2026-09-19T03,5744.543
2026-09-19T04,5611.889
2026-09-19T05,5456.305
2026-09-19T06,5254.244
2026-09-19T07,4744.212
2026-09-19T08,4626.314
2026-09-19T09,5321.654
2026-09-19T10,7146.224
2026-09-19T11,5701.446
2026-09-19T12,4740.33
2026-09-19T13,3960.643
2026-09-19T14,3680.247
2026-09-19T15,3522.167
2026-09-19T16,3710.05
2026-09-19T17,3684.468
2026-09-19T18,3008.808
2026-09-19T19,2744.343
2026-09-19T20,2876.241
2026-09-19T21,2890.332
2026-09-19T22,3400.412
2026-09-19T23,5655.492
2026-09-20T00,2414.407
2026-09-20T01,2891.013
2026-09-20T02,2737.907
2026-09-20T03,2678.802
2026-09-20T04,2616.942
2026-09-20T05,2544.39
2026-09-20T06,2450.165
2026-09-20T07,2212.326
2026-09-20T08,2157.348
2026-09-20T09,2481.599
2026-09-20T10,3332.435
2026-09-20T11,2658.705
2026-09-20T12,2210.516
2026-09-20T13,1846.931
2026-09-20T14,1716.177
2026-09-20T15,1642.461
2026-09-20T16,1730.075
2026-09-20T17,1718.145
2026-09-20T18,1403.071
2026-09-20T19,1279.745
2026-09-20T20,1341.252
2026-09-20T21,1347.823
2026-09-20T22,1585.684
2026-09-20T23,2637.275
2026-09-21T00,2457.972
2026-09-21T01,2943.177
2026-09-21T02,2787.308
2026-09-21T03,2727.136
2026-09-21T04,2664.161
2026-09-21T05,2590.3
2026-09-21T06,2494.374
2026-09-21T07,2252.244
2026-09-21T08,2196.274
2026-09-21T09,2526.376
2026-09-21T10,3392.563
2026-09-21T11,2706.677
2026-09-21T12,2250.401
2026-09-21T13,1880.256
2026-09-21T14,1747.143
2026-09-21T15,1672.096
2026-09-21T16,1761.291
2026-09-21T17,1749.146
2026-09-21T18,1428.387
2026-09-21T19,1302.836
2026-09-21T20,1365.453
2026-09-21T21,1372.142
2026-09-21T22,1614.295
2026-09-21T23,2684.861
2026-09-22T00,1490.534
2026-09-22T01,1784.767
2026-09-22T02,1690.246
2026-09-22T03,1653.758
2026-09-22T04,1615.569
2026-09-22T05,1570.779
2026-09-22T06,1512.609
2026-09-22T07,1365.779
2026-09-22T08,1331.839
2026-09-22T09,1532.015
2026-09-22T10,2057.278
2026-09-22T11,1641.351
2026-09-22T12,1364.662
2026-09-22T13,1140.203
2026-09-22T14,1059.482
2026-09-22T15,1013.973
2026-09-22T16,1068.061
2026-09-22T17,1060.697
2026-09-22T18,866.186
2026-09-22T19,790.051
2026-09-22T20,828.022
2026-09-22T21,832.078
2026-09-22T22,978.922
2026-09-22T23,1628.122
2026-09-23T00,57.128
2026-09-23T01,68.405
2026-09-23T02,64.783
2026-09-23T03,63.384
2026-09-23T04,61.92
2026-09-23T05,60.204
2026-09-23T06,57.974
2026-09-23T07,52.347
2026-09-23T08,51.046
2026-09-23T09,58.718
2026-09-23T10,78.85
2026-09-23T11,62.909
2026-09-23T12,52.304
2026-09-23T13,43.701
2026-09-23T14,40.607
2026-09-23T15,38.863
2026-09-23T16,40.936
2026-09-23T17,40.654
2026-09-23T18,33.199
2026-09-23T19,30.28
2026-09-23T20,31.736
2026-09-23T21,31.891
2026-09-23T22,37.519
2026-09-23T23,62.401
2026-09-24T00,1412.685
2026-09-24T01,1691.55
2026-09-24T02,1601.967
2026-09-24T03,1567.384
2026-09-24T04,1531.19
2026-09-24T05,1488.739
2026-09-24T06,1433.607
2026-09-24T07,1294.446
2026-09-24T08,1262.278
2026-09-24T09,1452.0
2026-09-24T10,1949.829
2026-09-24T11,1555.625
2026-09-24T12,1293.387
2026-09-24T13,1080.651
2026-09-24T14,1004.146
2026-09-24T15,961.014
2026-09-24T16,1012.278
2026-09-24T17,1005.298
2026-09-24T18,820.946
2026-09-24T19,748.787
2026-09-24T20,784.775
2026-09-24T21,788.62
2026-09-24T22,927.794
2026-09-24T23,1543.087
2026-09-25T00,1442.117
2026-09-25T01,1726.792
2026-09-25T02,1635.342
2026-09-25T03,1600.039
2026-09-25T04,1563.091
2026-09-25T05,1519.756
2026-09-25T06,1463.475
2026-09-25T07,1321.415
2026-09-25T08,1288.576
2026-09-25T09,1482.251
2026-09-25T10,1990.452
2026-09-25T11,1588.035
2026-09-25T12,1320.334
2026-09-25T13,1103.166
2026-09-25T14,1025.067
2026-09-25T15,981.036
2026-09-25T16,1033.368
2026-09-25T17,1026.242
2026-09-25T18,838.049
2026-09-25T19,764.387
2026-09-25T20,801.125
2026-09-25T21,805.05
2026-09-25T22,947.123
2026-09-25T23,1575.235
2026-09-26T00,2811.016
2026-09-26T01,3365.913
2026-09-26T02,3187.655
2026-09-26T03,3118.841
2026-09-26T04,3046.82
2026-09-26T05,2962.351
2026-09-26T06,2852.647
2026-09-26T07,2575.739
2026-09-26T08,2511.73
2026-09-26T09,2889.245
2026-09-26T10,3879.845
2026-09-26T11,3095.443
2026-09-26T12,2573.632
2026-09-26T13,2150.322
2026-09-26T14,1998.089
2026-09-26T15,1912.263
2026-09-26T16,2014.269
2026-09-26T17,2000.38
2026-09-26T18,1633.549
2026-09-26T19,1489.966
2026-09-26T20,1561.576
2026-09-26T21,1569.226
2026-09-26T22,1846.16
2026-09-26T23,3070.493
2026-09-27T00,63.698
2026-09-27T01,76.272
2026-09-27T02,72.232
2026-09-27T03,70.673
2026-09-27T04,69.041
2026-09-27T05,67.127
2026-09-27T06,64.641
2026-09-27T07,58.366
2026-09-27T08,56.916
2026-09-27T09,65.47
2026-09-27T10,87.918
2026-09-27T11,70.143
2026-09-27T12,58.319
2026-09-27T13,48.726
2026-09-27T14,45.277
2026-09-27T15,43.332
2026-09-27T16,45.643
2026-09-27T17,45.329
2026-09-27T18,37.016
2026-09-27T19,33.763
2026-09-27T20,35.385
2026-09-27T21,35.559
2026-09-27T22,41.834
2026-09-27T23,69.578
2026-09-28T00,1462.146
2026-09-28T01,1750.775
2026-09-28T02,1658.055
2026-09-28T03,1622.261
2026-09-28T04,1584.8
2026-09-28T05,1540.863
2026-09-28T06,1483.8
2026-09-28T07,1339.767
2026-09-28T08,1306.473
2026-09-28T09,1502.837
2026-09-28T10,2018.096
2026-09-28T11,1610.09
2026-09-28T12,1338.671
2026-09-28T13,1118.487
2026-09-28T14,1039.303
2026-09-28T15,994.661
2026-09-28T16,1047.72
2026-09-28T17,1040.495
2026-09-28T18,849.689
2026-09-28T19,775.004
2026-09-28T20,812.252
2026-09-28T21,816.231
2026-09-28T22,960.278
2026-09-28T23,1597.113
2026-09-29T00,57.355
2026-09-29T01,68.677
2026-09-29T02,65.04
2026-09-29T03,63.636
2026-09-29T04,62.166
2026-09-29T05,60.443
2026-09-29T06,58.204
2026-09-29T07,52.554
2026-09-29T08,51.248
2026-09-29T09,58.951
2026-09-29T10,79.163
2026-09-29T11,63.158
2026-09-29T12,52.511
2026-09-29T13,43.874
2026-09-29T14,40.768
2026-09-29T15,39.017
2026-09-29T16,41.098
2026-09-29T17,40.815
2026-09-29T18,33.33
2026-09-29T19,30.401
2026-09-29T20,31.862
2026-09-29T21,32.018
2026-09-29T22,37.668
2026-09-29T23,62.649
2026-09-30T00,59.895
2026-09-30T01,71.718
2026-09-30T02,67.92
2026-09-30T03,66.454
2026-09-30T04,64.919
2026-09-30T05,63.119
2026-09-30T06,60.782
2026-09-30T07,54.882
2026-09-30T08,53.518
2026-09-30T09,61.562
2026-09-30T10,82.668
2026-09-30T11,65.955
2026-09-30T12,54.837
2026-09-30T13,45.817
2026-09-30T14,42.574
2026-09-30T15,40.745
2026-09-30T16,42.918
2026-09-30T17,42.622
2026-09-30T18,34.806
2026-09-30T19,31.747
2026-09-30T20,33.273
2026-09-30T21,33.436
2026-09-30T22,39.336
2026-09-30T23,65.423
2026-10-01T00,742.613
2026-10-01T01,889.205
2026-10-01T02,842.113
2026-10-01T03,823.934
2026-10-01T04,804.907
2026-10-01T05,782.592
2026-10-01T06,753.611
2026-10-01T07,680.457
2026-10-01T08,663.547
2026-10-01T09,763.279
2026-10-01T10,1024.975
2026-10-01T11,817.752
2026-10-01T12,679.901
2026-10-01T13,568.071
2026-10-01T14,527.854
2026-10-01T15,505.181
2026-10-01T16,532.129
2026-10-01T17,528.459
2026-10-01T18,431.55
2026-10-01T19,393.618
2026-10-01T20,412.536
2026-10-01T21,414.557
2026-10-01T22,487.717
2026-10-01T23,811.161
2026-10-02T00,812.695
2026-10-02T01,973.121
2026-10-02T02,921.585
2026-10-02T03,901.69
2026-10-02T04,880.868
2026-10-02T05,856.447
2026-10-02T06,824.731
2026-10-02T07,744.674
2026-10-02T08,726.168
2026-10-02T09,835.312
2026-10-02T10,1121.705
2026-10-02T11,894.925
2026-10-02T12,744.064
2026-10-02T13,621.681
2026-10-02T14,577.669
2026-10-02T15,552.856
2026-10-02T16,582.347
2026-10-02T17,578.331
2026-10-02T18,472.277
2026-10-02T19,430.765
2026-10-02T20,451.468
2026-10-02T21,453.68
2026-10-02T22,533.744
2026-10-02T23,887.712
2026-10-03T00,831.307
2026-10-03T01,995.408
2026-10-03T02,942.692
2026-10-03T03,922.341
2026-10-03T04,901.042
2026-10-03T05,876.062
2026-10-03T06,843.619
2026-10-03T07,761.728
2026-10-03T08,742.799
2026-10-03T09,854.442
2026-10-03T10,1147.394
2026-10-03T11,915.421
2026-10-03T12,761.105
2026-10-03T13,635.919
2026-10-03T14,590.899
2026-10-03T15,565.517
2026-10-03T16,595.684
2026-10-03T17,591.576
2026-10-03T18,483.093
2026-10-03T19,440.63
2026-10-03T20,461.808
2026-10-03T21,464.07
2026-10-03T22,545.969
2026-10-03T23,908.043
2026-10-04T00,812.189
2026-10-04T01,972.516
2026-10-04T02,921.012
2026-10-04T03,901.129
2026-10-04T04,880.32
2026-10-04T05,855.914
2026-10-04T06,824.218
2026-10-04T07,744.21
2026-10-04T08,725.716
2026-10-04T09,834.792
2026-10-04T10,1121.007
2026-10-04T11,894.369
2026-10-04T12,743.601
2026-10-04T13,621.294
2026-10-04T14,577.309
2026-10-04T15,552.512
2026-10-04T16,581.985
2026-10-04T17,577.971
2026-10-04T18,471.983
2026-10-04T19,430.497
2026-10-04T20,451.187
2026-10-04T21,453.398
2026-10-04T22,533.412
2026-10-04T23,887.16
2026-10-05T00,723.946
2026-10-05T01,866.853
2026-10-05T02,820.945
2026-10-05T03,803.223
2026-10-05T04,784.675
2026-10-05T05,762.92
2026-10-05T06,734.667
2026-10-05T07,663.353
2026-10-05T08,646.868
2026-10-05T09,744.093
2026-10-05T10,999.211
2026-10-05T11,797.197
2026-10-05T12,662.81
2026-10-05T13,553.791
2026-10-05T14,514.585
2026-10-05T15,492.482
2026-10-05T16,518.753
2026-10-05T17,515.176
2026-10-05T18,420.702
2026-10-05T19,383.724
2026-10-05T20,402.166
2026-10-05T21,404.137
2026-10-05T22,475.458
2026-10-05T23,790.771
2026-10-06T00,755.629
2026-10-06T01,904.791
2026-10-06T02,856.873
2026-10-06T03,838.375
2026-10-06T04,819.015
2026-10-06T05,796.309
2026-10-06T06,766.82
2026-10-06T07,692.384
2026-10-06T08,675.178
2026-10-06T09,776.658
2026-10-06T10,1042.941
2026-10-06T11,832.086
2026-10-06T12,691.818
2026-10-06T13,578.028
2026-10-06T14,537.106
2026-10-06T15,514.035
2026-10-06T16,541.456
2026-10-06T17,537.722
2026-10-06T18,439.114
2026-10-06T19,400.517
2026-10-06T20,419.767
2026-10-06T21,421.823
2026-10-06T22,496.266
2026-10-06T23,825.379
2026-10-07T00,755.539
2026-10-07T01,904.683
2026-10-07T02,856.771
2026-10-07T03,838.275
2026-10-07T04,818.918
2026-10-07T05,796.214
2026-10-07T06,766.728
2026-10-07T07,692.301
2026-10-07T08,675.097
2026-10-07T09,776.565
2026-10-07T10,1042.816
2026-10-07T11,831.986
2026-10-07T12,691.735
2026-10-07T13,577.959
2026-10-07T14,537.042
2026-10-07T15,513.974
2026-10-07T16,541.391
2026-10-07T17,537.658
2026-10-07T18,439.062
2026-10-07T19,400.47
2026-10-07T20,419.717
2026-10-07T21,421.773
2026-10-07T22,496.207
2026-10-07T23,825.28
2026-10-08T00,736.456
2026-10-08T01,881.834
2026-10-08T02,835.132
2026-10-08T03,817.104
2026-10-08T04,798.235
2026-10-08T05,776.105
2026-10-08T06,747.363
2026-10-08T07,674.817
2026-10-08T08,658.047
2026-10-08T09,756.952
2026-10-08T10,1016.479
2026-10-08T11,810.973
2026-10-08T12,674.264
2026-10-08T13,563.362
2026-10-08T14,523.478
2026-10-08T15,500.993
2026-10-08T16,527.717
2026-10-08T17,524.078
2026-10-08T18,427.973
2026-10-08T19,390.355
2026-10-08T20,409.116
2026-10-08T21,411.121
2026-10-08T22,483.674
2026-10-08T23,804.437
2026-10-09T00,832.806
2026-10-09T01,997.202
2026-10-09T02,944.391
2026-10-09T03,924.004
2026-10-09T04,902.666
2026-10-09T05,877.641
2026-10-09T06,845.14
2026-10-09T07,763.101
2026-10-09T08,744.138
2026-10-09T09,855.982
2026-10-09T10,1149.462
2026-10-09T11,917.072
2026-10-09T12,762.477
2026-10-09T13,637.065
2026-10-09T14,591.964
2026-10-09T15,566.537
2026-10-09T16,596.758
2026-10-09T17,592.643
2026-10-09T18,483.964
2026-10-09T19,441.425
2026-10-09T20,462.64
2026-10-09T21,464.907
2026-10-09T22,546.953
2026-10-09T23,909.68
2026-10-10T00,12491.958
2026-10-10T01,14957.882
2026-10-10T02,14165.719
2026-10-10T03,13859.914
2026-10-10T04,13539.858
2026-10-10T05,13164.48
2026-10-10T06,12676.965
2026-10-10T07,11446.406
2026-10-10T08,11161.953
2026-10-10T09,12839.605
2026-10-10T10,17241.762
2026-10-10T11,13755.933
2026-10-10T12,11437.04
2026-10-10T13,9555.881
2026-10-10T14,8879.368
2026-10-10T15,8497.965
2026-10-10T16,8951.273
2026-10-10T17,8889.55
2026-10-10T18,7259.38
2026-10-10T19,6621.303
2026-10-10T20,6939.535
2026-10-10T21,6973.531
2026-10-10T22,8204.206
2026-10-10T23,13645.059
2026-10-11T00,820.132
2026-10-11T01,982.027
2026-10-11T02,930.02
2026-10-11T03,909.943
2026-10-11T04,888.93
2026-10-11T05,864.285
2026-10-11T06,832.279
2026-10-11T07,751.489
2026-10-11T08,732.814
2026-10-11T09,842.956
2026-10-11T10,1131.97
2026-10-11T11,903.116
2026-10-11T12,750.874
2026-10-11T13,627.371
2026-10-11T14,582.956
2026-10-11T15,557.915
2026-10-11T16,587.676
2026-10-11T17,583.624
2026-10-11T18,476.599
2026-10-11T19,434.707
2026-10-11T20,455.6
2026-10-11T21,457.832
2026-10-11T22,538.629
2026-10-11T23,895.837
2026-10-12T00,773.574
2026-10-12T01,926.278
2026-10-12T02,877.222
2026-10-12T03,858.285
2026-10-12T04,838.466
2026-10-12T05,815.22
2026-10-12T06,785.03
2026-10-12T07,708.827
2026-10-12T08,691.212
2026-10-12T09,795.102
2026-10-12T10,1067.709
2026-10-12T11,851.846
2026-10-12T12,708.247
2026-10-12T13,591.755
2026-10-12T14,549.861
2026-10-12T15,526.243
2026-10-12T16,554.314
2026-10-12T17,550.492
2026-10-12T18,449.542
2026-10-12T19,410.029
2026-10-12T20,429.736
2026-10-12T21,431.841
2026-10-12T22,508.051
2026-10-12T23,844.98
2026-10-13T00,15031.338
2026-10-13T01,17998.537
2026-10-13T02,17045.343
2026-10-13T03,16677.373
2026-10-13T04,16292.256
2026-10-13T05,15840.57
2026-10-13T06,15253.953
2026-10-13T07,13773.245
2026-10-13T08,13430.967
2026-10-13T09,15449.655
2026-10-13T10,20746.687
2026-10-13T11,16552.255
2026-10-13T12,13761.974
2026-10-13T13,11498.411
2026-10-13T14,10684.376
2026-10-13T15,10225.441
2026-10-13T16,10770.898
2026-10-13T17,10696.628
2026-10-13T18,8735.075
2026-10-13T19,7967.289
2026-10-13T20,8350.211
2026-10-13T21,8391.118
2026-10-13T22,9871.967
2026-10-13T23,16418.842
2026-10-14T00,751.765
2026-10-14T01,900.165
2026-10-14T02,852.492
2026-10-14T03,834.089
2026-10-14T04,814.828
2026-10-14T05,792.238
2026-10-14T06,762.899
2026-10-14T07,688.844
2026-10-14T08,671.726
2026-10-14T09,772.687
2026-10-14T10,1037.608
2026-10-14T11,827.831
2026-10-14T12,688.281
2026-10-14T13,575.072
2026-10-14T14,534.36
2026-10-14T15,511.407
2026-10-14T16,538.687
2026-10-14T17,534.973
2026-10-14T18,436.869
2026-10-14T19,398.47
2026-10-14T20,417.621
2026-10-14T21,419.667
2026-10-14T22,493.729
2026-10-14T23,821.159
2026-10-15T00,737.684
2026-10-15T01,883.304
2026-10-15T02,836.524
2026-10-15T03,818.466
2026-10-15T04,799.565
2026-10-15T05,777.398
2026-10-15T06,748.609
2026-10-15T07,675.941
2026-10-15T08,659.144
2026-10-15T09,758.214
2026-10-15T10,1018.173
2026-10-15T11,812.325
2026-10-15T12,675.388
2026-10-15T13,564.301
2026-10-15T14,524.351
2026-10-15T15,501.828
2026-10-15T16,528.597
2026-10-15T17,524.952
2026-10-15T18,428.686
2026-10-15T19,391.006
2026-10-15T20,409.798
2026-10-15T21,411.806
2026-10-15T22,484.481
2026-10-15T23,805.778
2026-10-16T00,804.228
2026-10-16T01,962.983
2026-10-16T02,911.984
2026-10-16T03,892.296
2026-10-16T04,871.691
2026-10-16T05,847.524
2026-10-16T06,816.138
2026-10-16T07,736.915
2026-10-16T08,718.602
2026-10-16T09,826.609
2026-10-16T10,1110.018
2026-10-16T11,885.602
2026-10-16T12,736.312
2026-10-16T13,615.204
2026-10-16T14,571.65
2026-10-16T15,547.096
2026-10-16T16,576.28
2026-10-16T17,572.306
2026-10-16T18,467.356
2026-10-16T19,426.277
2026-10-16T20,446.765
2026-10-16T21,448.953
2026-10-16T22,528.184
2026-10-16T23,878.464
2026-10-17T00,788.016
2026-10-17T01,943.571
2026-10-17T02,893.6
2026-10-17T03,874.309
2026-10-17T04,854.119
2026-10-17T05,830.44
2026-10-17T06,799.687
2026-10-17T07,722.061
2026-10-17T08,704.117
2026-10-17T09,809.946
2026-10-17T10,1087.642
2026-10-17T11,867.75
2026-10-17T12,721.47
2026-10-17T13,602.803
2026-10-17T14,560.127
2026-10-17T15,536.067
2026-10-17T16,564.663
2026-10-17T17,560.769
2026-10-17T18,457.935
2026-10-17T19,417.684
2026-10-17T20,437.759
2026-10-17T21,439.903
2026-10-17T22,517.537
2026-10-17T23,860.756
2026-10-18T00,833.492
2026-10-18T01,998.024
2026-10-18T02,945.169
2026-10-18T03,924.765
2026-10-18T04,903.41
2026-10-18T05,878.364
2026-10-18T06,845.836
2026-10-18T07,763.73
2026-10-18T08,744.751
2026-10-18T09,856.687
2026-10-18T10,1150.409
2026-10-18T11,917.827
2026-10-18T12,763.105
2026-10-18T13,637.59
2026-10-18T14,592.451
2026-10-18T15,567.003
2026-10-18T16,597.249
2026-10-18T17,593.131
2026-10-18T18,484.362
2026-10-18T19,441.788
2026-10-18T20,463.021
2026-10-18T21,465.29
2026-10-18T22,547.403
2026-10-18T23,910.429
2026-10-19T00,751.043
2026-10-19T01,899.3
2026-10-19T02,851.673
2026-10-19T03,833.288
2026-10-19T04,814.045
2026-10-19T05,791.477
2026-10-19T06,762.166
2026-10-19T07,688.183
2026-10-19T08,671.081
2026-10-19T09,771.945
2026-10-19T10,1036.612
2026-10-19T11,827.036
2026-10-19T12,687.619
2026-10-19T13,574.52
2026-10-19T14,533.847
2026-10-19T15,510.916
2026-10-19T16,538.17
2026-10-19T17,534.459
2026-10-19T18,436.45
2026-10-19T19,398.087
2026-10-19T20,417.22
2026-10-19T21,419.264
2026-10-19T22,493.254
2026-10-19T23,820.37
2026-10-20T00,774.278
2026-10-20T01,927.121
2026-10-20T02,878.021
2026-10-20T03,859.066
2026-10-20T04,839.229
2026-10-20T05,815.962
2026-10-20T06,785.745
2026-10-20T07,709.472
2026-10-20T08,691.841
2026-10-20T09,795.826
2026-10-20T10,1068.68
2026-10-20T11,852.621
2026-10-20T12,708.892
2026-10-20T13,592.293
2026-10-20T14,550.362
2026-10-20T15,526.722
2026-10-20T16,554.819
2026-10-20T17,550.993
2026-10-20T18,449.952
2026-10-20T19,410.402
2026-10-20T20,430.127
2026-10-20T21,432.234
2026-10-20T22,508.514
2026-10-20T23,845.749
2026-10-21T00,18387.564
2026-10-21T01,22017.285
2026-10-21T02,20851.26
2026-10-21T03,20401.129
2026-10-21T04,19930.022
2026-10-21T05,19377.484
2026-10-21T06,18659.885
2026-10-21T07,16848.561
2026-10-21T08,16429.859
2026-10-21T09,18899.284
2026-10-21T10,25379.048
2026-10-21T11,20248.074
2026-10-21T12,16834.774
2026-10-21T13,14065.798
2026-10-21T14,13070.004
2026-10-21T15,12508.597
2026-10-21T16,13175.845
2026-10-21T17,13084.992
2026-10-21T18,10685.46
2026-10-21T19,9746.241
2026-10-21T20,10214.663
2026-10-21T21,10264.703
2026-10-21T22,12076.198
2026-10-21T23,20084.873
2026-10-22T00,789.605
2026-10-22T01,945.473
2026-10-22T02,895.401
2026-10-22T03,876.072
2026-10-22T04,855.841
2026-10-22T05,832.114
2026-10-22T06,801.299
2026-10-22T07,723.516
2026-10-22T08,705.536
2026-10-22T09,811.579
2026-10-22T10,1089.835
2026-10-22T11,869.499
2026-10-22T12,722.924
2026-10-22T13,604.018
2026-10-22T14,561.256
2026-10-22T15,537.148
2026-10-22T16,565.801
2026-10-22T17,561.9
2026-10-22T18,458.858
2026-10-22T19,418.526
2026-10-22T20,438.641
2026-10-22T21,440.79
2026-10-22T22,518.58
2026-10-22T23,862.491
2026-10-23T00,736.204
2026-10-23T01,881.531
2026-10-23T02,834.846
2026-10-23T03,816.823
2026-10-23T04,797.961
2026-10-23T05,775.838
2026-10-23T06,747.107
2026-10-23T07,674.585
2026-10-23T08,657.821
2026-10-23T09,756.692
2026-10-23T10,1016.13
2026-10-23T11,810.695
2026-10-23T12,674.033
2026-10-23T13,563.168
2026-10-23T14,523.299
2026-10-23T15,500.821
2026-10-23T16,527.536
2026-10-23T17,523.899
2026-10-23T18,427.826
2026-10-23T19,390.221
2026-10-23T20,408.976
2026-10-23T21,410.98
2026-10-23T22,483.508
2026-10-23T23,804.161
2026-10-24T00,814.915
2026-10-24T01,975.78
2026-10-24T02,924.103
2026-10-24T03,904.154
2026-10-24T04,883.275
2026-10-24T05,858.787
2026-10-24T06,826.984
2026-10-24T07,746.708
2026-10-24T08,728.152
2026-10-24T09,837.594
2026-10-24T10,1124.769
2026-10-24T11,897.371
2026-10-24T12,746.097
2026-10-24T13,623.38
2026-10-24T14,579.247
2026-10-24T15,554.366
2026-10-24T16,583.938
2026-10-24T17,579.911
2026-10-24T18,473.567
2026-10-24T19,431.942
2026-10-24T20,452.702
2026-10-24T21,454.919
2026-10-24T22,535.203
2026-10-24T23,890.138
2026-10-25T00,755.304
2026-10-25T01,904.402
2026-10-25T02,856.505
2026-10-25T03,838.015
2026-10-25T04,818.663
2026-10-25T05,795.967
2026-10-25T06,766.49
2026-10-25T07,692.086
2026-10-25T08,674.887
2026-10-25T09,776.324
2026-10-25T10,1042.492
2026-10-25T11,831.728
2026-10-25T12,691.52
2026-10-25T13,577.779
2026-10-25T14,536.875
2026-10-25T15,513.814
2026-10-25T16,541.223
2026-10-25T17,537.491
2026-10-25T18,438.925
2026-10-25T19,400.345
2026-10-25T20,419.587
2026-10-25T21,421.642
2026-10-25T22,496.053
2026-10-25T23,825.024
2026-10-26T00,686.413
2026-10-26T01,821.912
2026-10-26T02,778.384
2026-10-26T03,761.58
2026-10-26T04,743.994
2026-10-26T05,723.367
2026-10-26T06,696.579
2026-10-26T07,628.962
2026-10-26T08,613.332
2026-10-26T09,705.516
2026-10-26T10,947.408
2026-10-26T11,755.867
2026-10-26T12,628.447
2026-10-26T13,525.081
2026-10-26T14,487.907
2026-10-26T15,466.95
2026-10-26T16,491.858
2026-10-26T17,488.467
2026-10-26T18,398.891
2026-10-26T19,363.83
2026-10-26T20,381.316
2026-10-26T21,383.184
2026-10-26T22,450.808
2026-10-26T23,749.774
2026-10-27T00,592.158
2026-10-27T01,709.051
2026-10-27T02,671.5
2026-10-27T03,657.004
2026-10-27T04,641.832
2026-10-27T05,624.038
2026-10-27T06,600.928
2026-10-27T07,542.596
2026-10-27T08,529.112
2026-10-27T09,608.638
2026-10-27T10,817.314
2026-10-27T11,652.075
2026-10-27T12,542.152
2026-10-27T13,452.979
2026-10-27T14,420.91
2026-10-27T15,402.83
2026-10-27T16,424.319
2026-10-27T17,421.393
2026-10-27T18,344.118
2026-10-27T19,313.871
2026-10-27T20,328.956
2026-10-27T21,330.567
2026-10-27T22,388.905
2026-10-27T23,646.819
2026-10-28T00,719.071
2026-10-28T01,861.017
2026-10-28T02,815.418
2026-10-28T03,797.815
2026-10-28T04,779.391
2026-10-28T05,757.784
2026-10-28T06,729.721
2026-10-28T07,658.887
2026-10-28T08,642.513
2026-10-28T09,739.083
2026-10-28T10,992.483
2026-10-28T11,791.829
2026-10-28T12,658.347
2026-10-28T13,550.063
2026-10-28T14,511.121
2026-10-28T15,489.166
2026-10-28T16,515.26
2026-10-28T17,511.707
2026-10-28T18,417.87
2026-10-28T19,381.14
2026-10-28T20,399.459
2026-10-28T21,401.416
2026-10-28T22,472.257
2026-10-28T23,785.447
2026-10-29T00,792.277
2026-10-29T01,948.673
2026-10-29T02,898.431
2026-10-29T03,879.036
2026-10-29T04,858.737
2026-10-29T05,834.93
2026-10-29T06,804.01
2026-10-29T07,725.965
2026-10-29T08,707.924
2026-10-29T09,814.325
2026-10-29T10,1093.523
2026-10-29T11,872.442
2026-10-29T12,725.371
2026-10-29T13,606.062
2026-10-29T14,563.155
2026-10-29T15,538.966
2026-10-29T16,567.716
2026-10-29T17,563.801
2026-10-29T18,460.411
2026-10-29T19,419.942
2026-10-29T20,440.126
2026-10-29T21,442.282
2026-10-29T22,520.335
2026-10-29T23,865.41
2026-10-30T00,808.001
2026-10-30T01,967.501
2026-10-30T02,916.262
2026-10-30T03,896.482
2026-10-30T04,875.781
2026-10-30T05,851.501
2026-10-30T06,819.967
2026-10-30T07,740.373
2026-10-30T08,721.974
2026-10-30T09,830.487
2026-10-30T10,1115.226
2026-10-30T11,889.757
2026-10-30T12,739.767
2026-10-30T13,618.09
2026-10-30T14,574.332
2026-10-30T15,549.663
2026-10-30T16,578.983
2026-10-30T17,574.991
2026-10-30T18,469.549
2026-10-30T19,428.277
2026-10-30T20,448.861
2026-10-30T21,451.06
2026-10-30T22,530.662
2026-10-30T23,882.585
2026-10-31T00,17059.346
2026-10-31T01,20426.876
2026-10-31T02,19345.078
2026-10-31T03,18927.462
2026-10-31T04,18490.386
2026-10-31T05,17977.759
2026-10-31T06,17311.996
2026-10-31T07,15631.513
2026-10-31T08,15243.055
2026-10-31T09,17534.102
2026-10-31T10,23545.803
2026-10-31T11,18785.464
2026-10-31T12,15618.722
2026-10-31T13,13049.761
2026-10-31T14,12125.898
2026-10-31T15,11605.044
2026-10-31T16,12224.094
2026-10-31T17,12139.803
2026-10-31T18,9913.6
2026-10-31T19,9042.226
2026-10-31T20,9476.811
2026-10-31T21,9523.236
2026-10-31T22,11203.879
2026-10-31T23,18634.051
2026-11-01T00,174.348
2026-11-01T01,208.764
2026-11-01T02,197.708
2026-11-01T03,193.44
2026-11-01T04,188.973
2026-11-01T05,183.734
2026-11-01T06,176.93
2026-11-01T07,159.755
2026-11-01T08,155.785
2026-11-01T09,179.2
2026-11-01T10,240.64
2026-11-01T11,191.989
2026-11-01T12,159.624
2026-11-01T13,133.369
2026-11-01T14,123.927
2026-11-01T15,118.604
2026-11-01T16,124.931
2026-11-01T17,124.07
2026-11-01T18,101.318
2026-11-01T19,92.412
2026-11-01T20,96.854
2026-11-01T21,97.328
2026-11-01T22,114.504
2026-11-01T23,190.441
2026-11-02T00,168.728
2026-11-02T01,202.035
2026-11-02T02,191.336
2026-11-02T03,187.205
2026-11-02T04,182.882
2026-11-02T05,177.812
2026-11-02T06,171.227
2026-11-02T07,154.606
2026-11-02T08,150.764
2026-11-02T09,173.424
2026-11-02T10,232.884
2026-11-02T11,185.801
2026-11-02T12,154.48
2026-11-02T13,129.071
2026-11-02T14,119.933
2026-11-02T15,114.782
2026-11-02T16,120.904
2026-11-02T17,120.071
2026-11-02T18,98.052
2026-11-02T19,89.434
2026-11-02T20,93.732
2026-11-02T21,94.191
2026-11-02T22,110.814
2026-11-02T23,184.303
2026-11-03T00,8877.776
2026-11-03T01,10630.257
2026-11-03T02,10067.283
2026-11-03T03,9849.954
2026-11-03T04,9622.497
2026-11-03T05,9355.723
2026-11-03T06,9009.257
2026-11-03T07,8134.724
2026-11-03T08,7932.569
2026-11-03T09,9124.842
2026-11-03T10,12253.364
2026-11-03T11,9776.057
2026-11-03T12,8128.067
2026-11-03T13,6791.167
2026-11-03T14,6310.383
2026-11-03T15,6039.328
2026-11-03T16,6361.485
2026-11-03T17,6317.619
2026-11-03T18,5159.091
2026-11-03T19,4705.623
2026-11-03T20,4931.784
2026-11-03T21,4955.944
2026-11-03T22,5830.56
2026-11-03T23,9697.261
2026-11-04T00,164.38
2026-11-04T01,196.829
2026-11-04T02,186.405
2026-11-04T03,182.381
2026-11-04T04,178.17
2026-11-04T05,173.23
2026-11-04T06,166.815
2026-11-04T07,150.622
2026-11-04T08,146.879
2026-11-04T09,168.955
2026-11-04T10,226.883
2026-11-04T11,181.013
2026-11-04T12,150.499
2026-11-04T13,125.745
2026-11-04T14,116.843
2026-11-04T15,111.824
2026-11-04T16,117.789
2026-11-04T17,116.977
2026-11-04T18,95.525
2026-11-04T19,87.129
2026-11-04T20,91.317
2026-11-04T21,91.764
2026-11-04T22,107.958
2026-11-04T23,179.554
2026-11-05T00,176.69
2026-11-05T01,211.569
2026-11-05T02,200.364
2026-11-05T03,196.039
2026-11-05T04,191.512
2026-11-05T05,186.202
2026-11-05T06,179.307
2026-11-05T07,161.901
2026-11-05T08,157.878
2026-11-05T09,181.607
2026-11-05T10,243.872
2026-11-05T11,194.568
2026-11-05T12,161.769
2026-11-05T13,135.161
2026-11-05T14,125.592
2026-11-05T15,120.198
2026-11-05T16,126.609
2026-11-05T17,125.736
2026-11-05T18,102.679
2026-11-05T19,93.654
2026-11-05T20,98.155
2026-11-05T21,98.636
2026-11-05T22,116.043
2026-11-05T23,193.0
2026-11-06T00,173.027
2026-11-06T01,207.183
2026-11-06T02,196.21
2026-11-06T03,191.975
2026-11-06T04,187.541
2026-11-06T05,182.342
2026-11-06T06,175.589
2026-11-06T07,158.545
2026-11-06T08,154.605
2026-11-06T09,177.842
2026-11-06T10,238.817
2026-11-06T11,190.534
2026-11-06T12,158.415
2026-11-06T13,132.359
2026-11-06T14,122.989
2026-11-06T15,117.706
2026-11-06T16,123.985
2026-11-06T17,123.13
2026-11-06T18,100.55
2026-11-06T19,91.712
2026-11-06T20,96.12
2026-11-06T21,96.591
2026-11-06T22,113.637
2026-11-06T23,188.999
2026-11-07T00,3919.794
2026-11-07T01,4693.565
2026-11-07T02,4444.996
2026-11-07T03,4349.039
2026-11-07T04,4248.61
2026-11-07T05,4130.822
2026-11-07T06,3977.847
2026-11-07T07,3591.715
2026-11-07T08,3502.458
2026-11-07T09,4028.881
2026-11-07T10,5410.213
2026-11-07T11,4316.411
2026-11-07T12,3588.776
2026-11-07T13,2998.496
2026-11-07T14,2786.216
2026-11-07T15,2666.537
2026-11-07T16,2808.779
2026-11-07T17,2789.411
2026-11-07T18,2277.888
2026-11-07T19,2077.668
2026-11-07T20,2177.525
2026-11-07T21,2188.192
2026-11-07T22,2574.36
2026-11-07T23,4281.62
2026-11-08T00,171.555
2026-11-08T01,205.42
2026-11-08T02,194.541
2026-11-08T03,190.341
2026-11-08T04,185.946
2026-11-08T05,180.791
2026-11-08T06,174.096
2026-11-08T07,157.196
2026-11-08T08,153.29
2026-11-08T09,176.329
2026-11-08T10,236.785
2026-11-08T11,188.913
2026-11-08T12,157.068
2026-11-08T13,131.233
2026-11-08T14,121.942
2026-11-08T15,116.705
2026-11-08T16,122.93
2026-11-08T17,122.082
2026-11-08T18,99.695
2026-11-08T19,90.932
2026-11-08T20,95.302
2026-11-08T21,95.769
2026-11-08T22,112.67
2026-11-08T23,187.391
2026-11-09T00,158.247
2026-11-09T01,189.485
2026-11-09T02,179.45
2026-11-09T03,175.576
2026-11-09T04,171.521
2026-11-09T05,166.766
2026-11-09T06,160.59
2026-11-09T07,145.002
2026-11-09T08,141.398
2026-11-09T09,162.651
2026-11-09T10,218.417
2026-11-09T11,174.259
2026-11-09T12,144.883
2026-11-09T13,121.053
2026-11-09T14,112.483
2026-11-09T15,107.651
2026-11-09T16,113.394
2026-11-09T17,112.612
2026-11-09T18,91.961
2026-11-09T19,83.878
2026-11-09T20,87.909
2026-11-09T21,88.34
2026-11-09T22,103.93
2026-11-09T23,172.854
2026-11-10T00,157.777
2026-11-10T01,188.923
2026-11-10T02,178.918
2026-11-10T03,175.055
2026-11-10T04,171.013
2026-11-10T05,166.272
2026-11-10T06,160.114
2026-11-10T07,144.572
2026-11-10T08,140.979
2026-11-10T09,162.168
2026-11-10T10,217.769
2026-11-10T11,173.742
2026-11-10T12,144.453
2026-11-10T13,120.694
2026-11-10T14,112.149
2026-11-10T15,107.332
2026-11-10T16,113.057
2026-11-10T17,112.278
2026-11-10T18,91.688
2026-11-10T19,83.629
2026-11-10T20,87.649
2026-11-10T21,88.078
2026-11-10T22,103.622
2026-11-10T23,172.341
2026-11-11T00,157.675
2026-11-11T01,188.8
2026-11-11T02,178.802
2026-11-11T03,174.942
2026-11-11T04,170.902
2026-11-11T05,166.164
2026-11-11T06,160.01
2026-11-11T07,144.478
2026-11-11T08,140.888
2026-11-11T09,162.063
2026-11-11T10,217.628
2026-11-11T11,173.629
2026-11-11T12,144.36
2026-11-11T13,120.616
2026-11-11T14,112.077
2026-11-11T15,107.263
2026-11-11T16,112.984
2026-11-11T17,112.205
2026-11-11T18,91.629
2026-11-11T19,83.575
2026-11-11T20,87.592
2026-11-11T21,88.021
2026-11-11T22,103.555
2026-11-11T23,172.23
2026-11-12T00,158.186
2026-11-12T01,189.412
2026-11-12T02,179.381
2026-11-12T03,175.509
2026-11-12T04,171.456
2026-11-12T05,166.702
2026-11-12T06,160.529
2026-11-12T07,144.946
2026-11-12T08,141.344
2026-11-12T09,162.588
2026-11-12T10,218.333
2026-11-12T11,174.192
2026-11-12T12,144.828
2026-11-12T13,121.006
2026-11-12T14,112.44
2026-11-12T15,107.61
2026-11-12T16,113.35
2026-11-12T17,112.569
2026-11-12T18,91.926
2026-11-12T19,83.846
2026-11-12T20,87.876
2026-11-12T21,88.306
2026-11-12T22,103.89
2026-11-12T23,172.788
2026-11-13T00,3588.445
2026-11-13T01,4296.807
2026-11-13T02,4069.25
2026-11-13T03,3981.404
2026-11-13T04,3889.465
2026-11-13T05,3781.634
2026-11-13T06,3641.59
2026-11-13T07,3288.099
2026-11-13T08,3206.387
2026-11-13T09,3688.31
2026-11-13T10,4952.875
2026-11-13T11,3951.535
2026-11-13T12,3285.409
2026-11-13T13,2745.026
2026-11-13T14,2550.691
2026-11-13T15,2441.129
2026-11-13T16,2571.346
2026-11-13T17,2553.616
2026-11-13T18,2085.332
2026-11-13T19,1902.038
2026-11-13T20,1993.454
2026-11-13T21,2003.219
2026-11-13T22,2356.744
2026-11-13T23,3919.685
2026-11-14T00,168.891
2026-11-14T01,202.23
2026-11-14T02,191.52
2026-11-14T03,187.386
2026-11-14T04,183.059
2026-11-14T05,177.983
2026-11-14T06,171.392
2026-11-14T07,154.755
2026-11-14T08,150.909
2026-11-14T09,173.591
2026-11-14T10,233.108
2026-11-14T11,185.98
2026-11-14T12,154.629
2026-11-14T13,129.195
2026-11-14T14,120.049
2026-11-14T15,114.892
2026-11-14T16,121.021
2026-11-14T17,120.187
2026-11-14T18,98.147
2026-11-14T19,89.52
2026-11-14T20,93.822
2026-11-14T21,94.282
2026-11-14T22,110.921
2026-11-14T23,184.481
2026-11-15T00,3858.603
2026-11-15T01,4620.295
2026-11-15T02,4375.606
2026-11-15T03,4281.147
2026-11-15T04,4182.286
2026-11-15T05,4066.336
2026-11-15T06,3915.749
2026-11-15T07,3535.646
2026-11-15T08,3447.782
2026-11-15T09,3965.987
2026-11-15T10,5325.756
2026-11-15T11,4249.029
2026-11-15T12,3532.753
2026-11-15T13,2951.687
2026-11-15T14,2742.721
2026-11-15T15,2624.911
2026-11-15T16,2764.932
2026-11-15T17,2745.866
2026-11-15T18,2242.328
2026-11-15T19,2045.234
2026-11-15T20,2143.532
2026-11-15T21,2154.033
2026-11-15T22,2534.172
2026-11-15T23,4214.781
2026-11-16T00,17259.342
2026-11-16T01,20666.352
2026-11-16T02,19571.871
2026-11-16T03,19149.359
2026-11-16T04,18707.159
2026-11-16T05,18188.522
2026-11-16T06,17514.954
2026-11-16T07,15814.769
2026-11-16T08,15421.758
2026-11-16T09,17739.664
2026-11-16T10,23821.843
2026-11-16T11,19005.696
2026-11-16T12,15801.829
2026-11-16T13,13202.751
2026-11-16T14,12268.056
2026-11-16T15,11741.096
2026-11-16T16,12367.404
2026-11-16T17,12282.124
2026-11-16T18,10029.823
2026-11-16T19,9148.233
2026-11-16T20,9587.913
2026-11-16T21,9634.882
2026-11-16T22,11335.228
2026-11-16T23,18852.508
2026-11-17T00,3948.832
2026-11-17T01,4728.336
2026-11-17T02,4477.925
2026-11-17T03,4381.257
2026-11-17T04,4280.084
2026-11-17T05,4161.423
2026-11-17T06,4007.315
2026-11-17T07,3618.323
2026-11-17T08,3528.404
2026-11-17T09,4058.727
2026-11-17T10,5450.293
2026-11-17T11,4348.388
2026-11-17T12,3615.362
2026-11-17T13,3020.709
2026-11-17T14,2806.857
2026-11-17T15,2686.291
2026-11-17T16,2829.587
2026-11-17T17,2810.075
2026-11-17T18,2294.762
2026-11-17T19,2093.06
2026-11-17T20,2193.656
2026-11-17T21,2204.402
2026-11-17T22,2593.431
2026-11-17T23,4313.339
2026-11-18T00,168.925
2026-11-18T01,202.271
2026-11-18T02,191.559
2026-11-18T03,187.424
2026-11-18T04,183.096
2026-11-18T05,178.019
2026-11-18T06,171.427
2026-11-18T07,154.786
2026-11-18T08,150.94
2026-11-18T09,173.626
2026-11-18T10,233.155
2026-11-18T11,186.017
2026-11-18T12,154.66
2026-11-18T13,129.221
2026-11-18T14,120.073
2026-11-18T15,114.915
2026-11-18T16,121.045
2026-11-18T17,120.211
2026-11-18T18,98.166
2026-11-18T19,89.538
2026-11-18T20,93.841
2026-11-18T21,94.301
2026-11-18T22,110.943
2026-11-18T23,184.518
2026-11-19T00,9139.931
2026-11-19T01,10944.162
2026-11-19T02,10364.564
2026-11-19T03,10140.817
2026-11-19T04,9906.643
2026-11-19T05,9631.992
2026-11-19T06,9275.294
2026-11-19T07,8374.937
2026-11-19T08,8166.812
2026-11-19T09,9394.293
2026-11-19T10,12615.198
2026-11-19T11,10064.738
2026-11-19T12,8368.084
2026-11-19T13,6991.705
2026-11-19T14,6496.724
2026-11-19T15,6217.665
2026-11-19T16,6549.335
2026-11-19T17,6504.174
2026-11-19T18,5311.436
2026-11-19T19,4844.577
2026-11-19T20,5077.416
2026-11-19T21,5102.29
2026-11-19T22,6002.732
2026-11-19T23,9983.615
2026-11-20T00,178.881
2026-11-20T01,214.192
2026-11-20T02,202.848
2026-11-20T03,198.469
2026-11-20T04,193.886
2026-11-20T05,188.511
2026-11-20T06,181.53
2026-11-20T07,163.909
2026-11-20T08,159.836
2026-11-20T09,183.859
2026-11-20T10,246.896
2026-11-20T11,196.98
2026-11-20T12,163.775
2026-11-20T13,136.837
2026-11-20T14,127.15
2026-11-20T15,121.688
2026-11-20T16,128.179
2026-11-20T17,127.295
2026-11-20T18,103.952
2026-11-20T19,94.815
2026-11-20T20,99.372
2026-11-20T21,99.859
2026-11-20T22,117.482
2026-11-20T23,195.393
2026-11-21T00,10555.603
2026-11-21T01,12639.288
2026-11-21T02,11969.917
2026-11-21T03,11711.514
2026-11-21T04,11441.07
2026-11-21T05,11123.878
2026-11-21T06,10711.932
2026-11-21T07,9672.12
2026-11-21T08,9431.759
2026-11-21T09,10849.362
2026-11-21T10,14569.149
2026-11-21T11,11623.652
2026-11-21T12,9664.205
2026-11-21T13,8074.641
2026-11-21T14,7502.993
2026-11-21T15,7180.711
2026-11-21T16,7563.753
2026-11-21T17,7511.597
2026-11-21T18,6134.117
2026-11-21T19,5594.947
2026-11-21T20,5863.85
2026-11-21T21,5892.576
2026-11-21T22,6932.487
2026-11-21T23,11529.964
2026-11-22T00,176.599
2026-11-22T01,211.46
2026-11-22T02,200.261
2026-11-22T03,195.938
2026-11-22T04,191.413
2026-11-22T05,186.106
2026-11-22T06,179.214
2026-11-22T07,161.818
2026-11-22T08,157.797
2026-11-22T09,181.514
2026-11-22T10,243.747
2026-11-22T11,194.468
2026-11-22T12,161.686
2026-11-22T13,135.092
2026-11-22T14,125.528
2026-11-22T15,120.136
2026-11-22T16,126.544
2026-11-22T17,125.672
2026-11-22T18,102.626
2026-11-22T19,93.605
2026-11-22T20,98.104
2026-11-22T21,98.585
2026-11-22T22,115.983
2026-11-22T23,192.9
2026-11-23T00,12765.281
2026-11-23T01,15285.159
2026-11-23T02,14475.664
2026-11-23T03,14163.168
2026-11-23T04,13836.109
2026-11-23T05,13452.518
2026-11-23T06,12954.336
2026-11-23T07,11696.853
2026-11-23T08,11406.175
2026-11-23T09,13120.535
2026-11-23T10,17619.011
2026-11-23T11,14056.912
2026-11-23T12,11687.281
2026-11-23T13,9764.963
2026-11-23T14,9073.648
2026-11-23T15,8683.9
2026-11-23T16,9147.127
2026-11-23T17,9084.053
2026-11-23T18,7418.215
2026-11-23T19,6766.177
2026-11-23T20,7091.371
2026-11-23T21,7126.111
2026-11-23T22,8383.714
2026-11-23T23,13943.612
2026-11-24T00,164.365
2026-11-24T01,196.811
2026-11-24T02,186.388
2026-11-24T03,182.364
2026-11-24T04,178.153
2026-11-24T05,173.214
2026-11-24T06,166.8
2026-11-24T07,150.608
2026-11-24T08,146.866
2026-11-24T09,168.94
2026-11-24T10,226.862
2026-11-24T11,180.996
2026-11-24T12,150.485
2026-11-24T13,125.733
2026-11-24T14,116.832
2026-11-24T15,111.814
2026-11-24T16,117.778
2026-11-24T17,116.966
2026-11-24T18,95.517
2026-11-24T19,87.121
2026-11-24T20,91.308
2026-11-24T21,91.756
2026-11-24T22,107.948
2026-11-24T23,179.538
2026-11-25T00,176.152
2026-11-25T01,210.925
2026-11-25T02,199.755
2026-11-25T03,195.442
2026-11-25T04,190.929
2026-11-25T05,185.636
2026-11-25T06,178.761
2026-11-25T07,161.409
2026-11-25T08,157.398
2026-11-25T09,181.055
2026-11-25T10,243.131
2026-11-25T11,193.976
2026-11-25T12,161.277
2026-11-25T13,134.75
2026-11-25T14,125.21
2026-11-25T15,119.832
2026-11-25T16,126.224
2026-11-25T17,125.354
2026-11-25T18,102.366
2026-11-25T19,93.369
2026-11-25T20,97.856
2026-11-25T21,98.336
2026-11-25T22,115.69
2026-11-25T23,192.413
2026-11-26T00,167.166
2026-11-26T01,200.164
2026-11-26T02,189.564
2026-11-26T03,185.471
2026-11-26T04,181.188
2026-11-26T05,176.165
2026-11-26T06,169.641
2026-11-26T07,153.174
2026-11-26T08,149.368
2026-11-26T09,171.818
2026-11-26T10,230.727
2026-11-26T11,184.08
2026-11-26T12,153.049
2026-11-26T13,127.875
2026-11-26T14,118.822
2026-11-26T15,113.718
2026-11-26T16,119.785
2026-11-26T17,118.959
2026-11-26T18,97.144
2026-11-26T19,88.605
2026-11-26T20,92.864
2026-11-26T21,93.319
2026-11-26T22,109.787
2026-11-26T23,182.596
2026-11-27T00,181.492
2026-11-27T01,217.318
2026-11-27T02,205.809
2026-11-27T03,201.366
2026-11-27T04,196.716
2026-11-27T05,191.263
2026-11-27T06,184.18
2026-11-27T07,166.301
2026-11-27T08,162.168
2026-11-27T09,186.543
2026-11-27T10,250.5
2026-11-27T11,199.856
2026-11-27T12,166.165
2026-11-27T13,138.834
2026-11-27T14,129.006
2026-11-27T15,123.464
2026-11-27T16,130.05
2026-11-27T17,129.153
2026-11-27T18,105.469
2026-11-27T19,96.199
2026-11-27T20,100.822
2026-11-27T21,101.316
2026-11-27T22,119.196
2026-11-27T23,198.245
2026-11-28T00,181.238
2026-11-28T01,217.015
2026-11-28T02,205.522
2026-11-28T03,201.085
2026-11-28T04,196.442
2026-11-28T05,190.995
2026-11-28T06,183.922
2026-11-28T07,166.069
2026-11-28T08,161.942
2026-11-28T09,186.282
2026-11-28T10,250.15
2026-11-28T11,199.576
2026-11-28T12,165.933
2026-11-28T13,138.64
2026-11-28T14,128.825
2026-11-28T15,123.292
2026-11-28T16,129.869
2026-11-28T17,128.973
2026-11-28T18,105.322
2026-11-28T19,96.064
2026-11-28T20,100.681
2026-11-28T21,101.175
2026-11-28T22,119.03
2026-11-28T23,197.968
2026-11-29T00,3882.416
2026-11-29T01,4648.808
2026-11-29T02,4402.609
2026-11-29T03,4307.567
2026-11-29T04,4208.096
2026-11-29T05,4091.431
2026-11-29T06,3939.915
2026-11-29T07,3557.465
2026-11-29T08,3469.059
2026-11-29T09,3990.462
2026-11-29T10,5358.623
2026-11-29T11,4275.251
2026-11-29T12,3554.554
2026-11-29T13,2969.903
2026-11-29T14,2759.647
2026-11-29T15,2641.11
2026-11-29T16,2781.995
2026-11-29T17,2762.812
2026-11-29T18,2256.166
2026-11-29T19,2057.856
2026-11-29T20,2156.76
2026-11-29T21,2167.326
2026-11-29T22,2549.812
2026-11-29T23,4240.792
2026-11-30T00,158.402
2026-11-30T01,189.67
2026-11-30T02,179.626
2026-11-30T03,175.748
2026-11-30T04,171.689
2026-11-30T05,166.93
2026-11-30T06,160.748
2026-11-30T07,145.144
2026-11-30T08,141.537
2026-11-30T09,162.81
2026-11-30T10,218.631
2026-11-30T11,174.429
2026-11-30T12,145.025
2026-11-30T13,121.171
2026-11-30T14,112.593
2026-11-30T15,107.757
2026-11-30T16,113.505
2026-11-30T17,112.722
2026-11-30T18,92.051
2026-11-30T19,83.96
2026-11-30T20,87.995
2026-11-30T21,88.426
2026-11-30T22,104.032
2026-11-30T23,173.023
2026-12-01T00,179.254
2026-12-01T01,214.639
2026-12-01T02,203.272
2026-12-01T03,198.884
2026-12-01T04,194.291
2026-12-01T05,188.904
2026-12-01T06,181.909
2026-12-01T07,164.251
2026-12-01T08,160.169
2026-12-01T09,184.243
2026-12-01T10,247.412
2026-12-01T11,197.391
2026-12-01T12,164.116
2026-12-01T13,137.123
2026-12-01T14,127.415
2026-12-01T15,121.942
2026-12-01T16,128.447
2026-12-01T17,127.561
2026-12-01T18,104.169
2026-12-01T19,95.013
2026-12-01T20,99.579
2026-12-01T21,100.067
2026-12-01T22,117.727
2026-12-01T23,195.8
2026-12-02T00,174.89
2026-12-02T01,209.414
2026-12-02T02,198.323
2026-12-02T03,194.042
2026-12-02T04,189.561
2026-12-02T05,184.306
2026-12-02T06,177.48
2026-12-02T07,160.252
2026-12-02T08,156.27
2026-12-02T09,179.757
2026-12-02T10,241.388
2026-12-02T11,192.586
2026-12-02T12,160.121
2026-12-02T13,133.784
2026-12-02T14,124.313
2026-12-02T15,118.973
2026-12-02T16,125.32
2026-12-02T17,124.456
2026-12-02T18,101.633
2026-12-02T19,92.7
2026-12-02T20,97.155
2026-12-02T21,97.631
2026-12-02T22,114.861
2026-12-02T23,191.034
2026-12-03T00,190.18
2026-12-03T01,227.722
2026-12-03T02,215.662
2026-12-03T03,211.006
2026-12-03T04,206.134
2026-12-03T05,200.419
2026-12-03T06,192.997
2026-12-03T07,174.263
2026-12-03T08,169.932
2026-12-03T09,195.473
2026-12-03T10,262.492
2026-12-03T11,209.423
2026-12-03T12,174.12
2026-12-03T13,145.481
2026-12-03T14,135.181
2026-12-03T15,129.375
2026-12-03T16,136.276
2026-12-03T17,135.336
2026-12-03T18,110.518
2026-12-03T19,100.804
2026-12-03T20,105.649
2026-12-03T21,106.167
2026-12-03T22,124.903
2026-12-03T23,207.735
2026-12-04T00,182.326
2026-12-04T01,218.317
2026-12-04T02,206.755
2026-12-04T03,202.292
2026-12-04T04,197.621
2026-12-04T05,192.142
2026-12-04T06,185.026
2026-12-04T07,167.066
2026-12-04T08,162.914
2026-12-04T09,187.4
2026-12-04T10,251.652
2026-12-04T11,200.774
2026-12-04T12,166.929
2026-12-04T13,139.473
2026-12-04T14,129.599
2026-12-04T15,124.032
2026-12-04T16,130.648
2026-12-04T17,129.747
2026-12-04T18,105.954
2026-12-04T19,96.641
2026-12-04T20,101.286
2026-12-04T21,101.782
2026-12-04T22,119.744
2026-12-04T23,199.156
2026-12-05T00,195.724
2026-12-05T01,234.36
2026-12-05T02,221.949
2026-12-05T03,217.157
2026-12-05T04,212.143
2026-12-05T05,206.261
2026-12-05T06,198.623
2026-12-05T07,179.342
2026-12-05T08,174.886
2026-12-05T09,201.171
2026-12-05T10,270.144
2026-12-05T11,215.528
2026-12-05T12,179.196
2026-12-05T13,149.722
2026-12-05T14,139.122
2026-12-05T15,133.146
2026-12-05T16,140.249
2026-12-05T17,139.282
2026-12-05T18,113.74
2026-12-05T19,103.743
2026-12-05T20,108.729
2026-12-05T21,109.261
2026-12-05T22,128.544
2026-12-05T23,213.791
2026-12-06T00,188.574
2026-12-06T01,225.798
2026-12-06T02,213.84
2026-12-06T03,209.224
2026-12-06T04,204.392
2026-12-06T05,198.726
2026-12-06T06,191.367
2026-12-06T07,172.791
2026-12-06T08,168.497
2026-12-06T09,193.822
2026-12-06T10,260.275
2026-12-06T11,207.654
2026-12-06T12,172.649
2026-12-06T13,144.252
2026-12-06T14,134.04
2026-12-06T15,128.282
2026-12-06T16,135.125
2026-12-06T17,134.193
2026-12-06T18,109.585
2026-12-06T19,99.953
2026-12-06T20,104.757
2026-12-06T21,105.27
2026-12-06T22,123.848
2026-12-06T23,205.981
2026-12-07T00,186.193
2026-12-07T01,222.948
2026-12-07T02,211.141
2026-12-07T03,206.583
2026-12-07T04,201.812
2026-12-07T05,196.217
2026-12-07T06,188.951
2026-12-07T07,170.609
2026-12-07T08,166.369
2026-12-07T09,191.375
2026-12-07T10,256.989
2026-12-07T11,205.033
2026-12-07T12,170.47
2026-12-07T13,142.431
2026-12-07T14,132.347
2026-12-07T15,126.663
2026-12-07T16,133.419
2026-12-07T17,132.499
2026-12-07T18,108.201
2026-12-07T19,98.691
2026-12-07T20,103.434
2026-12-07T21,103.941
2026-12-07T22,122.284
2026-12-07T23,203.38
2026-12-08T00,181.664
2026-12-08T01,217.524
2026-12-08T02,206.004
2026-12-08T03,201.557
2026-12-08T04,196.903
2026-12-08T05,191.444
2026-12-08T06,184.354
2026-12-08T07,166.459
2026-12-08T08,162.322
2026-12-08T09,186.719
2026-12-08T10,250.737
2026-12-08T11,200.045
2026-12-08T12,166.323
2026-12-08T13,138.966
2026-12-08T14,129.128
2026-12-08T15,123.581
2026-12-08T16,130.173
2026-12-08T17,129.276
2026-12-08T18,105.569
2026-12-08T19,96.29
2026-12-08T20,100.918
2026-12-08T21,101.412
2026-12-08T22,119.309
2026-12-08T23,198.433
2026-12-09T00,191.919
2026-12-09T01,229.804
2026-12-09T02,217.634
2026-12-09T03,212.936
2026-12-09T04,208.018
2026-12-09T05,202.251
2026-12-09T06,194.761
2026-12-09T07,175.856
2026-12-09T08,171.486
2026-12-09T09,197.26
2026-12-09T10,264.892
2026-12-09T11,211.338
2026-12-09T12,175.712
2026-12-09T13,146.811
2026-12-09T14,136.417
2026-12-09T15,130.558
2026-12-09T16,137.522
2026-12-09T17,136.574
2026-12-09T18,111.529
2026-12-09T19,101.726
2026-12-09T20,106.615
2026-12-09T21,107.137
2026-12-09T22,126.045
2026-12-09T23,209.635
2026-12-10T00,182.57
2026-12-10T01,218.61
2026-12-10T02,207.032
2026-12-10T03,202.563
2026-12-10T04,197.885
2026-12-10T05,192.399
2026-12-10T06,185.274
2026-12-10T07,167.29
2026-12-10T08,163.132
2026-12-10T09,187.651
2026-12-10T10,251.989
2026-12-10T11,201.043
2026-12-10T12,167.153
2026-12-10T13,139.659
2026-12-10T14,129.772
2026-12-10T15,124.198
2026-12-10T16,130.823
2026-12-10T17,129.921
2026-12-10T18,106.096
2026-12-10T19,96.771
2026-12-10T20,101.422
2026-12-10T21,101.918
2026-12-10T22,119.905
2026-12-10T23,199.423
2026-12-11T00,188.454
2026-12-11T01,225.655
2026-12-11T02,213.704
2026-12-11T03,209.091
2026-12-11T04,204.262
2026-12-11T05,198.599
2026-12-11T06,191.245
2026-12-11T07,172.681
2026-12-11T08,168.389
2026-12-11T09,193.698
2026-12-11T10,260.109
2026-12-11T11,207.522
2026-12-11T12,172.539
2026-12-11T13,144.16
2026-12-11T14,133.954
2026-12-11T15,128.2
2026-12-11T16,135.039
2026-12-11T17,134.108
2026-12-11T18,109.515
2026-12-11T19,99.889
2026-12-11T20,104.69
2026-12-11T21,105.203
2026-12-11T22,123.769
2026-12-11T23,205.849
2026-12-12T00,188.739
2026-12-12T01,225.997
2026-12-12T02,214.028
2026-12-12T03,209.408
2026-12-12T04,204.572
2026-12-12T05,198.9
2026-12-12T06,191.535
2026-12-12T07,172.942
2026-12-12T08,168.645
2026-12-12T09,193.992
2026-12-12T10,260.504
2026-12-12T11,207.837
2026-12-12T12,172.801
2026-12-12T13,144.379
2026-12-12T14,134.157
2026-12-12T15,128.395
2026-12-12T16,135.244
2026-12-12T17,134.311
2026-12-12T18,109.681
2026-12-12T19,100.04
2026-12-12T20,104.849
2026-12-12T21,105.362
2026-12-12T22,123.956
2026-12-12T23,206.161
2026-12-13T00,197.355
2026-12-13T01,236.313
2026-12-13T02,223.798
2026-12-13T03,218.967
2026-12-13T04,213.911
2026-12-13T05,207.98
2026-12-13T06,200.278
2026-12-13T07,180.837
2026-12-13T08,176.343
2026-12-13T09,202.848
2026-12-13T10,272.396
2026-12-13T11,217.324
2026-12-13T12,180.689
2026-12-13T13,150.969
2026-12-13T14,140.282
2026-12-13T15,134.256
2026-12-13T16,141.418
2026-12-13T17,140.442
2026-12-13T18,114.688
2026-12-13T19,104.607
2026-12-13T20,109.635
2026-12-13T21,110.172
2026-12-13T22,129.615
2026-12-13T23,215.573
2026-12-14T00,13765.378
2026-12-14T01,16482.675
2026-12-14T02,15609.76
2026-12-14T03,15272.782
2026-12-14T04,14920.1
2026-12-14T05,14506.456
2026-12-14T06,13969.244
2026-12-14T07,12613.243
2026-12-14T08,12299.792
2026-12-14T09,14148.464
2026-12-14T10,18999.373
2026-12-14T11,15158.201
2026-12-14T12,12602.922
2026-12-14T13,10529.999
2026-12-14T14,9784.523
2026-12-14T15,9364.24
2026-12-14T16,9863.758
2026-12-14T17,9795.743
2026-12-14T18,7999.395
2026-12-14T19,7296.273
2026-12-14T20,7646.945
2026-12-14T21,7684.406
2026-12-14T22,9040.536
2026-12-14T23,15036.025
2026-12-15T00,196.088
2026-12-15T01,234.796
2026-12-15T02,222.362
2026-12-15T03,217.561
2026-12-15T04,212.537
2026-12-15T05,206.645
2026-12-15T06,198.993
2026-12-15T07,179.676
2026-12-15T08,175.211
2026-12-15T09,201.546
2026-12-15T10,270.647
2026-12-15T11,215.929
2026-12-15T12,179.529
2026-12-15T13,150.0
2026-12-15T14,139.381
2026-12-15T15,133.394
2026-12-15T16,140.51
2026-12-15T17,139.541
2026-12-15T18,113.952
2026-12-15T19,103.936
2026-12-15T20,108.931
2026-12-15T21,109.465
2026-12-15T22,128.783
2026-12-15T23,214.189
2026-12-16T00,205.864
2026-12-16T01,246.501
2026-12-16T02,233.447
2026-12-16T03,228.407
2026-12-16T04,223.133
2026-12-16T05,216.947
2026-12-16T06,208.913
2026-12-16T07,188.633
2026-12-16T08,183.946
2026-12-16T09,211.593
2026-12-16T10,284.139
2026-12-16T11,226.694
2026-12-16T12,188.479
2026-12-16T13,157.478
2026-12-16T14,146.329
2026-12-16T15,140.044
2026-12-16T16,147.514
2026-12-16T17,146.497
2026-12-16T18,119.632
2026-12-16T19,109.117
2026-12-16T20,114.361
2026-12-16T21,114.922
2026-12-16T22,135.203
2026-12-16T23,224.866
2026-12-17T00,190.805
2026-12-17T01,228.471
2026-12-17T02,216.371
2026-12-17T03,211.7
2026-12-17T04,206.811
2026-12-17T05,201.078
2026-12-17T06,193.631
2026-12-17T07,174.835
2026-12-17T08,170.491
2026-12-17T09,196.115
2026-12-17T10,263.355
2026-12-17T11,210.112
2026-12-17T12,174.692
2026-12-17T13,145.959
2026-12-17T14,135.626
2026-12-17T15,129.8
2026-12-17T16,136.724
2026-12-17T17,135.781
2026-12-17T18,110.882
2026-12-17T19,101.136
2026-12-17T20,105.996
2026-12-17T21,106.516
2026-12-17T22,125.313
2026-12-17T23,208.418
2026-12-18T00,5436.731
2026-12-18T01,6509.946
2026-12-18T02,6165.182
2026-12-18T03,6032.09
2026-12-18T04,5892.796
2026-12-18T05,5729.425
2026-12-18T06,5517.249
2026-12-18T07,4981.687
2026-12-18T08,4857.888
2026-12-18T09,5588.033
2026-12-18T10,7503.933
2026-12-18T11,5986.836
2026-12-18T12,4977.611
2026-12-18T13,4158.896
2026-12-18T14,3864.465
2026-12-18T15,3698.471
2026-12-18T16,3895.759
2026-12-18T17,3868.896
2026-12-18T18,3159.416
2026-12-18T19,2881.713
2026-12-18T20,3020.214
2026-12-18T21,3035.009
2026-12-18T22,3570.622
2026-12-18T23,5938.582
2026-12-19T00,201.616
2026-12-19T01,241.415
2026-12-19T02,228.63
2026-12-19T03,223.694
2026-12-19T04,218.528
2026-12-19T05,212.47
2026-12-19T06,204.602
2026-12-19T07,184.741
2026-12-19T08,180.15
2026-12-19T09,207.227
2026-12-19T10,278.276
2026-12-19T11,222.016
2026-12-19T12,184.59
2026-12-19T13,154.228
2026-12-19T14,143.31
2026-12-19T15,137.154
2026-12-19T16,144.47
2026-12-19T17,143.474
2026-12-19T18,117.164
2026-12-19T19,106.865
2026-12-19T20,112.002
2026-12-19T21,112.55
2026-12-19T22,132.413
2026-12-19T23,220.226
2026-12-20T00,212.372
2026-12-20T01,254.295
2026-12-20T02,240.827
2026-12-20T03,235.628
2026-12-20T04,230.187
2026-12-20T05,223.806
2026-12-20T06,215.517
2026-12-20T07,194.597
2026-12-20T08,189.761
2026-12-20T09,218.282
2026-12-20T10,293.122
2026-12-20T11,233.861
2026-12-20T12,194.438
2026-12-20T13,162.457
2026-12-20T14,150.956
2026-12-20T15,144.471
2026-12-20T16,152.178
2026-12-20T17,151.129
2026-12-20T18,123.415
2026-12-20T19,112.567
2026-12-20T20,117.977
2026-12-20T21,118.555
2026-12-20T22,139.477
2026-12-20T23,231.976
2026-12-21T00,197.587
2026-12-21T01,236.591
2026-12-21T02,224.061
2026-12-21T03,219.224
2026-12-21T04,214.162
2026-12-21T05,208.225
2026-12-21T06,200.513
2026-12-21T07,181.05
2026-12-21T08,176.55
2026-12-21T09,203.086
2026-12-21T10,272.716
2026-12-21T11,217.58
2026-12-21T12,180.901
2026-12-21T13,151.147
2026-12-21T14,140.446
2026-12-21T15,134.414
2026-12-21T16,141.584
2026-12-21T17,140.607
2026-12-21T18,114.823
2026-12-21T19,104.73
2026-12-21T20,109.764
2026-12-21T21,110.301
2026-12-21T22,129.767
2026-12-21T23,215.826
2026-12-22T00,180.562
2026-12-22T01,216.205
2026-12-22T02,204.755
2026-12-22T03,200.335
2026-12-22T04,195.709
2026-12-22T05,190.283
2026-12-22T06,183.236
2026-12-22T07,165.45
2026-12-22T08,161.338
2026-12-22T09,185.587
2026-12-22T10,249.217
2026-12-22T11,198.832
2026-12-22T12,165.314
2026-12-22T13,138.123
2026-12-22T14,128.345
2026-12-22T15,122.832
2026-12-22T16,129.384
2026-12-22T17,128.492
2026-12-22T18,104.929
2026-12-22T19,95.706
2026-12-22T20,100.306
2026-12-22T21,100.797
2026-12-22T22,118.586
2026-12-22T23,197.23
2026-12-23T00,192.615
2026-12-23T01,230.637
2026-12-23T02,218.423
2026-12-23T03,213.707
2026-12-23T04,208.772
2026-12-23T05,202.984
2026-12-23T06,195.467
2026-12-23T07,176.493
2026-12-23T08,172.107
2026-12-23T09,197.975
2026-12-23T10,265.852
2026-12-23T11,212.104
2026-12-23T12,176.349
2026-12-23T13,147.343
2026-12-23T14,136.912
2026-12-23T15,131.031
2026-12-23T16,138.021
2026-12-23T17,137.069
2026-12-23T18,111.933
2026-12-23T19,102.095
2026-12-23T20,107.001
2026-12-23T21,107.526
2026-12-23T22,126.501
2026-12-23T23,210.394
2026-12-24T00,10952.044
2026-12-24T01,13113.988
2026-12-24T02,12419.477
2026-12-24T03,12151.369
2026-12-24T04,11870.767
2026-12-24T05,11541.663
2026-12-24T06,11114.245
2026-12-24T07,10035.38
2026-12-24T08,9785.992
2026-12-24T09,11256.836
2026-12-24T10,15116.328
2026-12-24T11,12060.206
2026-12-24T12,10027.168
2026-12-24T13,8377.904
2026-12-24T14,7784.787
2026-12-24T15,7450.4
2026-12-24T16,7847.828
2026-12-24T17,7793.714
2026-12-24T18,6364.499
2026-12-24T19,5805.079
2026-12-24T20,6084.082
2026-12-24T21,6113.887
2026-12-24T22,7192.854
2026-12-24T23,11963.0
2026-12-25T00,7971.692
2026-12-25T01,9545.311
2026-12-25T02,9039.795
2026-12-25T03,8844.647
2026-12-25T04,8640.405
2026-12-25T05,8400.858
2026-12-25T06,8089.753
2026-12-25T07,7304.477
2026-12-25T08,7122.954
2026-12-25T09,8193.541
2026-12-25T10,11002.759
2026-12-25T11,8778.292
2026-12-25T12,7298.5
2026-12-25T13,6098.046
2026-12-25T14,5666.332
2026-12-25T15,5422.941
2026-12-25T16,5712.218
2026-12-25T17,5672.83
2026-12-25T18,4632.544
2026-12-25T19,4225.357
2026-12-25T20,4428.435
2026-12-25T21,4450.13
2026-12-25T22,5235.48
2026-12-25T23,8707.538
2026-12-26T00,170.539
2026-12-26T01,204.203
2026-12-26T02,193.389
2026-12-26T03,189.214
2026-12-26T04,184.844
2026-12-26T05,179.72
2026-12-26T06,173.064
2026-12-26T07,156.265
2026-12-26T08,152.382
2026-12-26T09,175.285
2026-12-26T10,235.382
2026-12-26T11,187.794
2026-12-26T12,156.137
2026-12-26T13,130.456
2026-12-26T14,121.22
2026-12-26T15,116.013
2026-12-26T16,122.202
2026-12-26T17,121.359
2026-12-26T18,99.104
2026-12-26T19,90.393
2026-12-26T20,94.738
2026-12-26T21,95.202
2026-12-26T22,112.003
2026-12-26T23,186.281
2026-12-27T00,190.661
2026-12-27T01,228.297
2026-12-27T02,216.207
2026-12-27T03,211.539
2026-12-27T04,206.654
2026-12-27T05,200.925
2026-12-27T06,193.484
2026-12-27T07,174.703
2026-12-27T08,170.361
2026-12-27T09,195.967
2026-12-27T10,263.155
2026-12-27T11,209.952
2026-12-27T12,174.56
2026-12-27T13,145.848
2026-12-27T14,135.523
2026-12-27T15,129.702
2026-12-27T16,136.62
2026-12-27T17,135.678
2026-12-27T18,110.797
2026-12-27T19,101.059
2026-12-27T20,105.916
2026-12-27T21,106.435
2026-12-27T22,125.218
2026-12-27T23,208.26
2026-12-28T00,7185.615
2026-12-28T01,8604.062
2026-12-28T02,8148.395
2026-12-28T03,7972.49
2026-12-28T04,7788.388
2026-12-28T05,7572.463
2026-12-28T06,7292.035
2026-12-28T07,6584.194
2026-12-28T08,6420.571
2026-12-28T09,7385.589
2026-12-28T10,9917.794
2026-12-28T11,7912.678
2026-12-28T12,6578.806
2026-12-28T13,5496.727
2026-12-28T14,5107.584
2026-12-28T15,4888.194
2026-12-28T16,5148.945
2026-12-28T17,5113.441
2026-12-28T18,4175.736
2026-12-28T19,3808.701
2026-12-28T20,3991.754
2026-12-28T21,4011.309
2026-12-28T22,4719.218
2026-12-28T23,7848.901
2026-12-29T00,9109.506
2026-12-29T01,10907.731
2026-12-29T02,10330.062
2026-12-29T03,10107.06
2026-12-29T04,9873.666
2026-12-29T05,9599.929
2026-12-29T06,9244.419
2026-12-29T07,8347.059
2026-12-29T08,8139.627
2026-12-29T09,9363.021
2026-12-29T10,12573.204
2026-12-29T11,10031.234
2026-12-29T12,8340.228
2026-12-29T13,6968.431
2026-12-29T14,6475.098
2026-12-29T15,6196.968
2026-12-29T16,6527.534
2026-12-29T17,6482.523
2026-12-29T18,5293.755
2026-12-29T19,4828.451
2026-12-29T20,5060.515
2026-12-29T21,5085.305
2026-12-29T22,5982.75
2026-12-29T23,9950.382
2026-12-30T00,16490.167
2026-12-30T01,19745.34
2026-12-30T02,18699.636
2026-12-30T03,18295.954
2026-12-30T04,17873.46
2026-12-30T05,17377.937
2026-12-30T06,16734.387
2026-12-30T07,15109.973
2026-12-30T08,14734.476
2026-12-30T09,16949.083
2026-12-30T10,22760.205
2026-12-30T11,18158.693
2026-12-30T12,15097.608
2026-12-30T13,12614.36
2026-12-30T14,11721.321
2026-12-30T15,11217.846
2026-12-30T16,11816.241
2026-12-30T17,11734.762
2026-12-30T18,9582.836
2026-12-30T19,8740.535
2026-12-30T20,9160.62
2026-12-30T21,9205.497
2026-12-30T22,10830.066
2026-12-30T23,18012.332
2026-12-31T00,12001.186
2026-12-31T01,14370.231
2026-12-31T02,13609.19
2026-12-31T03,13315.399
2026-12-31T04,13007.917
2026-12-31T05,12647.287
2026-12-31T06,12178.925
2026-12-31T07,10996.711
2026-12-31T08,10723.433
2026-12-31T09,12335.175
2026-12-31T10,16564.385
2026-12-31T11,13215.504
2026-12-31T12,10987.713
2026-12-31T13,9180.458
2026-12-31T14,8530.524
2026-12-31T15,8164.105
2026-12-31T16,8599.604
2026-12-31T17,8540.306
2026-12-31T18,6974.181
2026-12-31T19,6361.172
2026-12-31T20,6666.901
2026-12-31T21,6699.561
2026-12-31T22,7881.887
2026-12-31T23,13108.985
