bucket,value
2026-01-01T00,1848.012
2026-01-01T01,2212.811
2026-01-01T02,2095.622
2026-01-01T03,2050.382
2026-01-01T04,2003.034
2026-01-01T05,1947.502
2026-01-01T06,1875.381
2026-01-01T07,1693.337
2026-01-01T08,1651.256
2026-01-01T09,1899.442
2026-01-01T10,2550.68
2026-01-01T11,2035.0
2026-01-01T12,1691.951
2026-01-01T13,1413.66
2026-01-01T14,1313.579
2026-01-01T15,1257.156
2026-01-01T16,1324.217
2026-01-01T17,1315.086
2026-01-01T18,1073.925
2026-01-01T19,979.53
2026-01-01T20,1026.608
2026-01-01T21,1031.637
2026-01-01T22,1213.699
2026-01-01T23,2018.597
2026-01-02T00,1137.005
2026-01-02T01,1361.45
2026-01-02T02,1289.348
2026-01-02T03,1261.514
2026-01-02T04,1232.383
2026-01-02T05,1198.217
2026-01-02T06,1153.844
2026-01-02T07,1041.84
2026-01-02T08,1015.949
2026-01-02T09,1168.647
2026-01-02T10,1569.327
2026-01-02T11,1252.05
2026-01-02T12,1040.987
2026-01-02T13,869.766
2026-01-02T14,808.19
2026-01-02T15,773.476
2026-01-02T16,814.735
2026-01-02T17,809.117
2026-01-02T18,660.741
2026-01-02T19,602.664
2026-01-02T20,631.629
2026-01-02T21,634.723
2026-01-02T22,746.738
2026-01-02T23,1241.959
2026-01-03T00,1405.723
2026-01-03T01,1683.213
2026-01-03T02,1594.071
2026-01-03T03,1559.659
2026-01-03T04,1523.643
2026-01-03T05,1481.402
2026-01-03T06,1426.541
2026-01-03T07,1288.066
2026-01-03T08,1256.057
2026-01-03T09,1444.843
2026-01-03T10,1940.219
2026-01-03T11,1547.958
2026-01-03T12,1287.012
2026-01-03T13,1075.325
2026-01-03T14,999.197
2026-01-03T15,956.278
2026-01-03T16,1007.289
2026-01-03T17,1000.343
2026-01-03T18,816.9
2026-01-03T19,745.097
2026-01-03T20,780.907
2026-01-03T21,784.733
2026-01-03T22,923.221
2026-01-03T23,1535.481
2026-01-04T00,1452.016
2026-01-04T01,1738.646
2026-01-04T02,1646.568
2026-01-04T03,1611.022
2026-01-04T04,1573.82
2026-01-04T05,1530.188
2026-01-04T06,1473.521
2026-01-04T07,1330.485
2026-01-04T08,1297.422
2026-01-04T09,1492.425
2026-01-04T10,2004.115
2026-01-04T11,1598.936
2026-01-04T12,1329.397
2026-01-04T13,1110.738
2026-01-04T14,1032.103
2026-01-04T15,987.77
2026-01-04T16,1040.461
2026-01-04T17,1033.286
2026-01-04T18,843.802
2026-01-04T19,769.634
2026-01-04T20,806.624
2026-01-04T21,810.576
2026-01-04T22,953.625
2026-01-04T23,1586.048
2026-01-05T00,1338.997
2026-01-05T01,1603.316
2026-01-05T02,1518.406
2026-01-05T03,1485.627
2026-01-05T04,1451.32
2026-01-05T05,1411.084
2026-01-05T06,1358.828
2026-01-05T07,1226.926
2026-01-05T08,1196.436
2026-01-05T09,1376.261
2026-01-05T10,1848.123
2026-01-05T11,1474.481
2026-01-05T12,1225.922
2026-01-05T13,1024.283
2026-01-05T14,951.768
2026-01-05T15,910.886
2026-01-05T16,959.476
2026-01-05T17,952.86
2026-01-05T18,778.124
2026-01-05T19,709.729
2026-01-05T20,743.84
2026-01-05T21,747.484
2026-01-05T22,879.398
2026-01-05T23,1462.597
2026-01-06T00,1189.244
2026-01-06T01,1424.002
2026-01-06T02,1348.587
2026-01-06T03,1319.474
2026-01-06T04,1289.005
2026-01-06T05,1253.269
2026-01-06T06,1206.857
2026-01-06T07,1089.707
2026-01-06T08,1062.626
2026-01-06T09,1222.34
2026-01-06T10,1641.429
2026-01-06T11,1309.575
2026-01-06T12,1088.815
2026-01-06T13,909.727
2026-01-06T14,845.323
2026-01-06T15,809.013
2026-01-06T16,852.168
2026-01-06T17,846.292
2026-01-06T18,691.099
2026-01-06T19,630.353
2026-01-06T20,660.649
2026-01-06T21,663.885
2026-01-06T22,781.047
2026-01-06T23,1299.02
2026-01-07T00,1171.956
2026-01-07T01,1403.301
2026-01-07T02,1328.983
2026-01-07T03,1300.294
2026-01-07T04,1270.267
2026-01-07T05,1235.05
2026-01-07T06,1189.313
2026-01-07T07,1073.866
2026-01-07T08,1047.179
2026-01-07T09,1204.571
2026-01-07T10,1617.568
2026-01-07T11,1290.538
2026-01-07T12,1072.987
2026-01-07T13,896.503
2026-01-07T14,833.034
2026-01-07T15,797.252
2026-01-07T16,839.78
2026-01-07T17,833.99
2026-01-07T18,681.052
2026-01-07T19,621.19
2026-01-07T20,651.045
2026-01-07T21,654.235
2026-01-07T22,769.693
2026-01-07T23,1280.137
2026-01-08T00,1181.367
2026-01-08T01,1414.57
2026-01-08T02,1339.655
2026-01-08T03,1310.735
2026-01-08T04,1280.468
2026-01-08T05,1244.968
2026-01-08T06,1198.864
2026-01-08T07,1082.489
2026-01-08T08,1055.589
2026-01-08T09,1214.245
2026-01-08T10,1630.558
2026-01-08T11,1300.902
2026-01-08T12,1081.604
2026-01-08T13,903.702
2026-01-08T14,839.724
2026-01-08T15,803.655
2026-01-08T16,846.524
2026-01-08T17,840.687
2026-01-08T18,686.521
2026-01-08T19,626.178
2026-01-08T20,656.273
2026-01-08T21,659.488
2026-01-08T22,775.874
2026-01-08T23,1290.416
2026-01-09T00,1236.146
2026-01-09T01,1480.163
2026-01-09T02,1401.774
2026-01-09T03,1371.513
2026-01-09T04,1339.842
2026-01-09T05,1302.696
2026-01-09T06,1254.454
2026-01-09T07,1132.683
2026-01-09T08,1104.535
2026-01-09T09,1270.548
2026-01-09T10,1706.165
2026-01-09T11,1361.224
2026-01-09T12,1131.757
2026-01-09T13,945.606
2026-01-09T14,878.661
2026-01-09T15,840.919
2026-01-09T16,885.777
2026-01-09T17,879.669
2026-01-09T18,718.355
2026-01-09T19,655.214
2026-01-09T20,686.704
2026-01-09T21,690.068
2026-01-09T22,811.85
2026-01-09T23,1350.252
2026-01-10T00,946.757
2026-01-10T01,1133.648
2026-01-10T02,1073.61
2026-01-10T03,1050.434
2026-01-10T04,1026.177
2026-01-10T05,997.727
2026-01-10T06,960.779
2026-01-10T07,867.515
2026-01-10T08,845.957
2026-01-10T09,973.105
2026-01-10T10,1306.741
2026-01-10T11,1042.553
2026-01-10T12,866.806
2026-01-10T13,724.234
2026-01-10T14,672.961
2026-01-10T15,644.055
2026-01-10T16,678.411
2026-01-10T17,673.733
2026-01-10T18,550.184
2026-01-10T19,501.824
2026-01-10T20,525.943
2026-01-10T21,528.519
2026-01-10T22,621.791
2026-01-10T23,1034.15
2026-01-11T00,1230.857
2026-01-11T01,1473.829
2026-01-11T02,1395.776
2026-01-11T03,1365.644
2026-01-11T04,1334.108
2026-01-11T05,1297.122
2026-01-11T06,1249.086
2026-01-11T07,1127.836
2026-01-11T08,1099.809
2026-01-11T09,1265.111
2026-01-11T10,1698.864
2026-01-11T11,1355.399
2026-01-11T12,1126.914
2026-01-11T13,941.559
2026-01-11T14,874.901
2026-01-11T15,837.321
2026-01-11T16,881.986
2026-01-11T17,875.904
2026-01-11T18,715.281
2026-01-11T19,652.41
2026-01-11T20,683.766
2026-01-11T21,687.115
2026-01-11T22,808.376
2026-01-11T23,1344.474
2026-01-12T00,1372.422
2026-01-12T01,1643.34
2026-01-12T02,1556.309
2026-01-12T03,1522.712
2026-01-12T04,1487.549
2026-01-12T05,1446.308
2026-01-12T06,1392.748
2026-01-12T07,1257.553
2026-01-12T08,1226.302
2026-01-12T09,1410.616
2026-01-12T10,1894.257
2026-01-12T11,1511.288
2026-01-12T12,1256.524
2026-01-12T13,1049.852
2026-01-12T14,975.527
2026-01-12T15,933.624
2026-01-12T16,983.427
2026-01-12T17,976.646
2026-01-12T18,797.548
2026-01-12T19,727.446
2026-01-12T20,762.408
2026-01-12T21,766.143
2026-01-12T22,901.351
2026-01-12T23,1499.107
2026-01-13T00,1603.82
2026-01-13T01,1920.416
2026-01-13T02,1818.712
2026-01-13T03,1779.45
2026-01-13T04,1738.359
2026-01-13T05,1690.164
2026-01-13T06,1627.573
2026-01-13T07,1469.584
2026-01-13T08,1433.063
2026-01-13T09,1648.454
2026-01-13T10,2213.639
2026-01-13T11,1766.1
2026-01-13T12,1468.381
2026-01-13T13,1226.863
2026-01-13T14,1140.006
2026-01-13T15,1091.039
2026-01-13T16,1149.238
2026-01-13T17,1141.314
2026-01-13T18,932.019
2026-01-13T19,850.097
2026-01-13T20,890.955
2026-01-13T21,895.319
2026-01-13T22,1053.324
2026-01-13T23,1751.865
2026-01-14T00,1150.153
2026-01-14T01,1377.194
2026-01-14T02,1304.258
2026-01-14T03,1276.103
2026-01-14T04,1246.635
2026-01-14T05,1212.073
2026-01-14T06,1167.187
2026-01-14T07,1053.887
2026-01-14T08,1027.697
2026-01-14T09,1182.161
2026-01-14T10,1587.474
2026-01-14T11,1266.529
2026-01-14T12,1053.025
2026-01-14T13,879.824
2026-01-14T14,817.536
2026-01-14T15,782.42
2026-01-14T16,824.157
2026-01-14T17,818.474
2026-01-14T18,668.382
2026-01-14T19,609.633
2026-01-14T20,638.933
2026-01-14T21,642.063
2026-01-14T22,755.373
2026-01-14T23,1256.321
2026-01-15T00,1127.07
2026-01-15T01,1349.554
2026-01-15T02,1278.083
2026-01-15T03,1250.492
2026-01-15T04,1221.615
2026-01-15T05,1187.747
2026-01-15T06,1143.762
2026-01-15T07,1032.736
2026-01-15T08,1007.072
2026-01-15T09,1158.436
2026-01-15T10,1555.614
2026-01-15T11,1241.11
2026-01-15T12,1031.891
2026-01-15T13,862.166
2026-01-15T14,801.129
2026-01-15T15,766.717
2026-01-15T16,807.616
2026-01-15T17,802.047
2026-01-15T18,654.968
2026-01-15T19,597.398
2026-01-15T20,626.11
2026-01-15T21,629.177
2026-01-15T22,740.213
2026-01-15T23,1231.107
2026-01-16T00,1197.703
2026-01-16T01,1434.131
2026-01-16T02,1358.18
2026-01-16T03,1328.86
2026-01-16T04,1298.174
2026-01-16T05,1262.183
2026-01-16T06,1215.441
2026-01-16T07,1097.458
2026-01-16T08,1070.185
2026-01-16T09,1231.035
2026-01-16T10,1653.105
2026-01-16T11,1318.89
2026-01-16T12,1096.56
2026-01-16T13,916.198
2026-01-16T14,851.335
2026-01-16T15,814.767
2026-01-16T16,858.23
2026-01-16T17,852.312
2026-01-16T18,696.014
2026-01-16T19,634.837
2026-01-16T20,665.348
2026-01-16T21,668.608
2026-01-16T22,786.602
2026-01-16T23,1308.26
2026-01-17T00,1154.224
2026-01-17T01,1382.069
2026-01-17T02,1308.875
2026-01-17T03,1280.619
2026-01-17T04,1251.047
2026-01-17T05,1216.363
2026-01-17T06,1171.318
2026-01-17T07,1057.618
2026-01-17T08,1031.335
2026-01-17T09,1186.346
2026-01-17T10,1593.093
2026-01-17T11,1271.012
2026-01-17T12,1056.752
2026-01-17T13,882.938
2026-01-17T14,820.43
2026-01-17T15,785.189
2026-01-17T16,827.074
2026-01-17T17,821.371
2026-01-17T18,670.748
2026-01-17T19,611.791
2026-01-17T20,641.195
2026-01-17T21,644.336
2026-01-17T22,758.047
2026-01-17T23,1260.767
2026-01-18T00,933.267
2026-01-18T01,1117.495
2026-01-18T02,1058.313
2026-01-18T03,1035.467
2026-01-18T04,1011.556
2026-01-18T05,983.511
2026-01-18T06,947.089
2026-01-18T07,855.155
2026-01-18T08,833.903
2026-01-18T09,959.24
2026-01-18T10,1288.123
2026-01-18T11,1027.698
2026-01-18T12,854.455
2026-01-18T13,713.915
2026-01-18T14,663.373
2026-01-18T15,634.878
2026-01-18T16,668.745
2026-01-18T17,664.134
2026-01-18T18,542.344
2026-01-18T19,494.674
2026-01-18T20,518.449
2026-01-18T21,520.989
2026-01-18T22,612.932
2026-01-18T23,1019.415
2026-01-19T00,1331.462
2026-01-19T01,1594.294
2026-01-19T02,1509.861
2026-01-19T03,1477.266
2026-01-19T04,1443.153
2026-01-19T05,1403.143
2026-01-19T06,1351.181
2026-01-19T07,1220.021
2026-01-19T08,1189.703
2026-01-19T09,1368.516
2026-01-19T10,1837.722
2026-01-19T11,1466.183
2026-01-19T12,1219.023
2026-01-19T13,1018.519
2026-01-19T14,946.412
2026-01-19T15,905.76
2026-01-19T16,954.076
2026-01-19T17,947.497
2026-01-19T18,773.745
2026-01-19T19,705.735
2026-01-19T20,739.654
2026-01-19T21,743.277
2026-01-19T22,874.45
2026-01-19T23,1454.366
2026-01-20T00,1157.675
2026-01-20T01,1386.201
2026-01-20T02,1312.788
2026-01-20T03,1284.448
2026-01-20T04,1254.787
2026-01-20T05,1220.0
2026-01-20T06,1174.82
2026-01-20T07,1060.779
2026-01-20T08,1034.418
2026-01-20T09,1189.892
2026-01-20T10,1597.856
2026-01-20T11,1274.812
2026-01-20T12,1059.911
2026-01-20T13,885.578
2026-01-20T14,822.883
2026-01-20T15,787.537
2026-01-20T16,829.547
2026-01-20T17,823.826
2026-01-20T18,672.753
2026-01-20T19,613.62
2026-01-20T20,643.112
2026-01-20T21,646.262
2026-01-20T22,760.313
2026-01-20T23,1264.537
2026-01-21T00,1220.033
2026-01-21T01,1460.868
2026-01-21T02,1383.501
2026-01-21T03,1353.634
2026-01-21T04,1322.376
2026-01-21T05,1285.715
2026-01-21T06,1238.101
2026-01-21T07,1117.918
2026-01-21T08,1090.137
2026-01-21T09,1253.986
2026-01-21T10,1683.924
2026-01-21T11,1343.479
2026-01-21T12,1117.003
2026-01-21T13,933.279
2026-01-21T14,867.207
2026-01-21T15,829.957
2026-01-21T16,874.23
2026-01-21T17,868.202
2026-01-21T18,708.991
2026-01-21T19,646.672
2026-01-21T20,677.753
2026-01-21T21,681.073
2026-01-21T22,801.267
2026-01-21T23,1332.651
2026-01-22T00,1152.962
2026-01-22T01,1380.557
2026-01-22T02,1307.444
2026-01-22T03,1279.219
2026-01-22T04,1249.679
2026-01-22T05,1215.033
2026-01-22T06,1170.037
2026-01-22T07,1056.461
2026-01-22T08,1030.207
2026-01-22T09,1185.048
2026-01-22T10,1591.351
2026-01-22T11,1269.622
2026-01-22T12,1055.597
2026-01-22T13,881.972
2026-01-22T14,819.533
2026-01-22T15,784.331
2026-01-22T16,826.169
2026-01-22T17,820.473
2026-01-22T18,670.014
2026-01-22T19,611.122
2026-01-22T20,640.493
2026-01-22T21,643.631
2026-01-22T22,757.218
2026-01-22T23,1259.389
2026-01-23T00,1161.906
2026-01-23T01,1391.267
2026-01-23T02,1317.586
2026-01-23T03,1289.142
2026-01-23T04,1259.373
2026-01-23T05,1224.458
2026-01-23T06,1179.113
2026-01-23T07,1064.656
2026-01-23T08,1038.199
2026-01-23T09,1194.241
2026-01-23T10,1603.696
2026-01-23T11,1279.471
2026-01-23T12,1063.785
2026-01-23T13,888.814
2026-01-23T14,825.89
2026-01-23T15,790.415
2026-01-23T16,832.578
2026-01-23T17,826.837
2026-01-23T18,675.212
2026-01-23T19,615.863
2026-01-23T20,645.462
2026-01-23T21,648.624
2026-01-23T22,763.092
2026-01-23T23,1269.158
2026-01-24T00,944.562
2026-01-24T01,1131.019
2026-01-24T02,1071.121
2026-01-24T03,1047.998
2026-01-24T04,1023.797
2026-01-24T05,995.413
2026-01-24T06,958.551
2026-01-24T07,865.504
2026-01-24T08,843.995
2026-01-24T09,970.848
2026-01-24T10,1303.711
2026-01-24T11,1040.135
2026-01-24T12,864.795
2026-01-24T13,722.554
2026-01-24T14,671.401
2026-01-24T15,642.561
2026-01-24T16,676.838
2026-01-24T17,672.171
2026-01-24T18,548.908
2026-01-24T19,500.66
2026-01-24T20,524.723
2026-01-24T21,527.294
2026-01-24T22,620.349
2026-01-24T23,1031.752
2026-01-25T00,1110.187
2026-01-25T01,1329.339
2026-01-25T02,1258.938
2026-01-25T03,1231.76
2026-01-25T04,1203.316
2026-01-25T05,1169.955
2026-01-25T06,1126.629
2026-01-25T07,1017.266
2026-01-25T08,991.986
2026-01-25T09,1141.083
2026-01-25T10,1532.312
2026-01-25T11,1222.519
2026-01-25T12,1016.434
2026-01-25T13,849.251
2026-01-25T14,789.128
2026-01-25T15,755.232
2026-01-25T16,795.519
2026-01-25T17,790.033
2026-01-25T18,645.157
2026-01-25T19,588.449
2026-01-25T20,616.731
2026-01-25T21,619.752
2026-01-25T22,729.125
2026-01-25T23,1212.665
2026-01-26T00,1085.713
2026-01-26T01,1300.033
2026-01-26T02,1231.184
2026-01-26T03,1204.606
2026-01-26T04,1176.789
2026-01-26T05,1144.164
2026-01-26T06,1101.792
2026-01-26T07,994.841
2026-01-26T08,970.118
2026-01-26T09,1115.928
2026-01-26T10,1498.532
2026-01-26T11,1195.569
2026-01-26T12,994.027
2026-01-26T13,830.53
2026-01-26T14,771.732
2026-01-26T15,738.583
2026-01-26T16,777.981
2026-01-26T17,772.617
2026-01-26T18,630.934
2026-01-26T19,575.477
2026-01-26T20,603.135
2026-01-26T21,606.09
2026-01-26T22,713.052
2026-01-26T23,1185.932
2026-01-27T00,1122.906
2026-01-27T01,1344.569
2026-01-27T02,1273.361
2026-01-27T03,1245.872
2026-01-27T04,1217.102
2026-01-27T05,1183.359
2026-01-27T06,1139.536
2026-01-27T07,1028.921
2026-01-27T08,1003.351
2026-01-27T09,1154.156
2026-01-27T10,1549.867
2026-01-27T11,1236.525
2026-01-27T12,1028.079
2026-01-27T13,858.981
2026-01-27T14,798.169
2026-01-27T15,763.885
2026-01-27T16,804.633
2026-01-27T17,799.084
2026-01-27T18,652.548
2026-01-27T19,595.191
2026-01-27T20,623.797
2026-01-27T21,626.853
2026-01-27T22,737.479
2026-01-27T23,1226.559
2026-01-28T00,1133.99
2026-01-28T01,1357.84
2026-01-28T02,1285.93
2026-01-28T03,1258.169
2026-01-28T04,1229.116
2026-01-28T05,1195.04
2026-01-28T06,1150.784
2026-01-28T07,1039.077
2026-01-28T08,1013.255
2026-01-28T09,1165.548
2026-01-28T10,1565.165
2026-01-28T11,1248.73
2026-01-28T12,1038.227
2026-01-28T13,867.46
2026-01-28T14,806.048
2026-01-28T15,771.425
2026-01-28T16,812.575
2026-01-28T17,806.972
2026-01-28T18,658.989
2026-01-28T19,601.066
2026-01-28T20,629.954
2026-01-28T21,633.04
2026-01-28T22,744.758
2026-01-28T23,1238.666
2026-01-29T00,1139.019
2026-01-29T01,1363.862
2026-01-29T02,1291.633
2026-01-29T03,1263.749
2026-01-29T04,1234.566
2026-01-29T05,1200.339
2026-01-29T06,1155.888
2026-01-29T07,1043.685
2026-01-29T08,1017.749
2026-01-29T09,1170.717
2026-01-29T10,1572.107
2026-01-29T11,1254.268
2026-01-29T12,1042.831
2026-01-29T13,871.307
2026-01-29T14,809.622
2026-01-29T15,774.846
2026-01-29T16,816.179
2026-01-29T17,810.551
2026-01-29T18,661.911
2026-01-29T19,603.731
2026-01-29T20,632.748
2026-01-29T21,635.848
2026-01-29T22,748.061
2026-01-29T23,1244.159
2026-01-30T00,1153.351
2026-01-30T01,1381.024
2026-01-30T02,1307.885
2026-01-30T03,1279.651
2026-01-30T04,1250.101
2026-01-30T05,1215.443
2026-01-30T06,1170.432
2026-01-30T07,1056.818
2026-01-30T08,1030.555
2026-01-30T09,1185.449
2026-01-30T10,1591.889
2026-01-30T11,1270.051
2026-01-30T12,1055.953
2026-01-30T13,882.271
2026-01-30T14,819.81
2026-01-30T15,784.596
2026-01-30T16,826.449
2026-01-30T17,820.75
2026-01-30T18,670.24
2026-01-30T19,611.328
2026-01-30T20,640.71
2026-01-30T21,643.849
2026-01-30T22,757.474
2026-01-30T23,1259.814
2026-01-31T00,1151.554
2026-01-31T01,1378.872
2026-01-31T02,1305.848
2026-01-31T03,1277.657
2026-01-31T04,1248.154
2026-01-31T05,1213.55
2026-01-31T06,1168.609
2026-01-31T07,1055.171
2026-01-31T08,1028.95
2026-01-31T09,1183.602
2026-01-31T10,1589.409
2026-01-31T11,1268.072
2026-01-31T12,1054.308
2026-01-31T13,880.896
2026-01-31T14,818.533
2026-01-31T15,783.373
2026-01-31T16,825.161
2026-01-31T17,819.471
2026-01-31T18,669.196
2026-01-31T19,610.376
2026-01-31T20,639.712
2026-01-31T21,642.845
2026-01-31T22,756.294
2026-01-31T23,1257.851
2026-02-01T00,1582.57
2026-02-01T01,1894.97
2026-02-01T02,1794.614
2026-02-01T03,1755.872
2026-02-01T04,1715.325
2026-02-01T05,1667.77
2026-02-01T06,1606.008
2026-02-01T07,1450.112
2026-02-01T08,1414.075
2026-02-01T09,1626.612
2026-02-01T10,2184.309
2026-02-01T11,1742.699
2026-02-01T12,1448.925
2026-02-01T13,1210.607
2026-02-01T14,1124.901
2026-02-01T15,1076.582
2026-02-01T16,1134.011
2026-02-01T17,1126.191
2026-02-01T18,919.67
2026-02-01T19,838.834
2026-02-01T20,879.149
2026-02-01T21,883.456
2026-02-01T22,1039.367
2026-02-01T23,1728.653
2026-02-02T00,1105.86
2026-02-02T01,1324.158
2026-02-02T02,1254.031
2026-02-02T03,1226.96
2026-02-02T04,1198.626
2026-02-02T05,1165.396
2026-02-02T06,1122.238
2026-02-02T07,1013.302
2026-02-02T08,988.121
2026-02-02T09,1136.636
2026-02-02T10,1526.34
2026-02-02T11,1217.755
2026-02-02T12,1012.473
2026-02-02T13,845.942
2026-02-02T14,786.053
2026-02-02T15,752.289
2026-02-02T16,792.418
2026-02-02T17,786.954
2026-02-02T18,642.642
2026-02-02T19,586.156
2026-02-02T20,614.328
2026-02-02T21,617.337
2026-02-02T22,726.284
2026-02-02T23,1207.939
2026-02-03T00,1168.289
2026-02-03T01,1398.911
2026-02-03T02,1324.825
2026-02-03T03,1296.225
2026-02-03T04,1266.293
2026-02-03T05,1231.186
2026-02-03T06,1185.592
2026-02-03T07,1070.506
2026-02-03T08,1043.903
2026-02-03T09,1200.803
2026-02-03T10,1612.507
2026-02-03T11,1286.501
2026-02-03T12,1069.63
2026-02-03T13,893.698
2026-02-03T14,830.428
2026-02-03T15,794.758
2026-02-03T16,837.153
2026-02-03T17,831.38
2026-02-03T18,678.921
2026-02-03T19,619.246
2026-02-03T20,649.008
2026-02-03T21,652.188
2026-02-03T22,767.285
2026-02-03T23,1276.131
2026-02-04T00,1241.288
2026-02-04T01,1486.319
2026-02-04T02,1407.604
2026-02-04T03,1377.217
2026-02-04T04,1345.414
2026-02-04T05,1308.114
2026-02-04T06,1259.671
2026-02-04T07,1137.394
2026-02-04T08,1109.129
2026-02-04T09,1275.832
2026-02-04T10,1713.261
2026-02-04T11,1366.885
2026-02-04T12,1136.464
2026-02-04T13,949.539
2026-02-04T14,882.316
2026-02-04T15,844.417
2026-02-04T16,889.461
2026-02-04T17,883.327
2026-02-04T18,721.342
2026-02-04T19,657.939
2026-02-04T20,689.56
2026-02-04T21,692.938
2026-02-04T22,815.227
2026-02-04T23,1355.868
2026-02-05T00,978.977
2026-02-05T01,1172.228
2026-02-05T02,1110.147
2026-02-05T03,1086.182
2026-02-05T04,1061.1
2026-02-05T05,1031.682
2026-02-05T06,993.476
2026-02-05T07,897.039
2026-02-05T08,874.746
2026-02-05T09,1006.222
2026-02-05T10,1351.213
2026-02-05T11,1078.033
2026-02-05T12,896.305
2026-02-05T13,748.881
2026-02-05T14,695.864
2026-02-05T15,665.974
2026-02-05T16,701.499
2026-02-05T17,696.662
2026-02-05T18,568.907
2026-02-05T19,518.902
2026-02-05T20,543.842
2026-02-05T21,546.506
2026-02-05T22,642.952
2026-02-05T23,1069.344
2026-02-06T00,1573.203
2026-02-06T01,1883.755
2026-02-06T02,1783.992
2026-02-06T03,1745.48
2026-02-06T04,1705.173
2026-02-06T05,1657.899
2026-02-06T06,1596.503
2026-02-06T07,1441.529
2026-02-06T08,1405.706
2026-02-06T09,1616.985
2026-02-06T10,2171.381
2026-02-06T11,1732.385
2026-02-06T12,1440.35
2026-02-06T13,1203.442
2026-02-06T14,1118.243
2026-02-06T15,1070.211
2026-02-06T16,1127.299
2026-02-06T17,1119.526
2026-02-06T18,914.227
2026-02-06T19,833.869
2026-02-06T20,873.946
2026-02-06T21,878.228
2026-02-06T22,1033.215
2026-02-06T23,1718.422
2026-02-07T00,1052.906
2026-02-07T01,1260.751
2026-02-07T02,1193.982
2026-02-07T03,1168.207
2026-02-07T04,1141.23
2026-02-07T05,1109.591
2026-02-07T06,1068.5
2026-02-07T07,964.78
2026-02-07T08,940.804
2026-02-07T09,1082.208
2026-02-07T10,1453.252
2026-02-07T11,1159.443
2026-02-07T12,963.991
2026-02-07T13,805.434
2026-02-07T14,748.413
2026-02-07T15,716.266
2026-02-07T16,754.474
2026-02-07T17,749.271
2026-02-07T18,611.869
2026-02-07T19,558.088
2026-02-07T20,584.911
2026-02-07T21,587.776
2026-02-07T22,691.506
2026-02-07T23,1150.097
2026-02-08T00,974.295
2026-02-08T01,1166.622
2026-02-08T02,1104.838
2026-02-08T03,1080.988
2026-02-08T04,1056.025
2026-02-08T05,1026.748
2026-02-08T06,988.725
2026-02-08T07,892.749
2026-02-08T08,870.563
2026-02-08T09,1001.41
2026-02-08T10,1344.751
2026-02-08T11,1072.878
2026-02-08T12,892.018
2026-02-08T13,745.3
2026-02-08T14,692.536
2026-02-08T15,662.789
2026-02-08T16,698.144
2026-02-08T17,693.33
2026-02-08T18,566.187
2026-02-08T19,516.421
2026-02-08T20,541.241
2026-02-08T21,543.892
2026-02-08T22,639.877
2026-02-08T23,1064.23
2026-02-09T00,1475.102
2026-02-09T01,1766.288
2026-02-09T02,1672.746
2026-02-09T03,1636.635
2026-02-09T04,1598.842
2026-02-09T05,1554.516
2026-02-09T06,1496.948
2026-02-09T07,1351.639
2026-02-09T08,1318.049
2026-02-09T09,1516.153
2026-02-09T10,2035.978
2026-02-09T11,1624.357
2026-02-09T12,1350.533
2026-02-09T13,1128.398
2026-02-09T14,1048.512
2026-02-09T15,1003.475
2026-02-09T16,1057.003
2026-02-09T17,1049.714
2026-02-09T18,857.217
2026-02-09T19,781.871
2026-02-09T20,819.449
2026-02-09T21,823.463
2026-02-09T22,968.786
2026-02-09T23,1611.265
2026-02-10T00,1191.04
2026-02-10T01,1426.152
2026-02-10T02,1350.624
2026-02-10T03,1321.467
2026-02-10T04,1290.951
2026-02-10T05,1255.161
2026-02-10T06,1208.679
2026-02-10T07,1091.352
2026-02-10T08,1064.231
2026-02-10T09,1224.186
2026-02-10T10,1643.907
2026-02-10T11,1311.553
2026-02-10T12,1090.459
2026-02-10T13,911.101
2026-02-10T14,846.599
2026-02-10T15,810.234
2026-02-10T16,853.455
2026-02-10T17,847.57
2026-02-10T18,692.142
2026-02-10T19,631.305
2026-02-10T20,661.647
2026-02-10T21,664.888
2026-02-10T22,782.226
2026-02-10T23,1300.982
2026-02-11T00,1273.754
2026-02-11T01,1525.194
2026-02-11T02,1444.42
2026-02-11T03,1413.238
2026-02-11T04,1380.604
2026-02-11T05,1342.328
2026-02-11T06,1292.618
2026-02-11T07,1167.143
2026-02-11T08,1138.138
2026-02-11T09,1309.202
2026-02-11T10,1758.071
2026-02-11T11,1402.636
2026-02-11T12,1166.188
2026-02-11T13,974.374
2026-02-11T14,905.393
2026-02-11T15,866.503
2026-02-11T16,912.724
2026-02-11T17,906.431
2026-02-11T18,740.209
2026-02-11T19,675.147
2026-02-11T20,707.596
2026-02-11T21,711.062
2026-02-11T22,836.549
2026-02-11T23,1391.331
2026-02-12T00,1325.832
2026-02-12T01,1587.552
2026-02-12T02,1503.476
2026-02-12T03,1471.019
2026-02-12T04,1437.05
2026-02-12T05,1397.21
2026-02-12T06,1345.467
2026-02-12T07,1214.862
2026-02-12T08,1184.672
2026-02-12T09,1362.729
2026-02-12T10,1829.951
2026-02-12T11,1459.983
2026-02-12T12,1213.868
2026-02-12T13,1014.212
2026-02-12T14,942.41
2026-02-12T15,901.93
2026-02-12T16,950.042
2026-02-12T17,943.491
2026-02-12T18,770.473
2026-02-12T19,702.751
2026-02-12T20,736.526
2026-02-12T21,740.134
2026-02-12T22,870.752
2026-02-12T23,1448.216
2026-02-13T00,1272.303
2026-02-13T01,1523.457
2026-02-13T02,1442.775
2026-02-13T03,1411.629
2026-02-13T04,1379.032
2026-02-13T05,1340.799
2026-02-13T06,1291.146
2026-02-13T07,1165.814
2026-02-13T08,1136.842
2026-02-13T09,1307.711
2026-02-13T10,1756.07
2026-02-13T11,1401.039
2026-02-13T12,1164.86
2026-02-13T13,973.264
2026-02-13T14,904.362
2026-02-13T15,865.516
2026-02-13T16,911.685
2026-02-13T17,905.399
2026-02-13T18,739.366
2026-02-13T19,674.378
2026-02-13T20,706.79
2026-02-13T21,710.253
2026-02-13T22,835.597
2026-02-13T23,1389.746
2026-02-14T00,1235.542
2026-02-14T01,1479.439
2026-02-14T02,1401.089
2026-02-14T03,1370.843
2026-02-14T04,1339.187
2026-02-14T05,1302.059
2026-02-14T06,1253.841
2026-02-14T07,1132.13
2026-02-14T08,1103.995
2026-02-14T09,1269.927
2026-02-14T10,1705.331
2026-02-14T11,1360.558
2026-02-14T12,1131.203
2026-02-14T13,945.144
2026-02-14T14,878.232
2026-02-14T15,840.508
2026-02-14T16,885.344
2026-02-14T17,879.239
2026-02-14T18,718.004
2026-02-14T19,654.893
2026-02-14T20,686.369
2026-02-14T21,689.731
2026-02-14T22,811.454
2026-02-14T23,1349.592
2026-02-15T00,1050.8
2026-02-15T01,1258.229
2026-02-15T02,1191.594
2026-02-15T03,1165.87
2026-02-15T04,1138.948
2026-02-15T05,1107.372
2026-02-15T06,1066.363
2026-02-15T07,962.85
2026-02-15T08,938.923
2026-02-15T09,1080.044
2026-02-15T10,1450.345
2026-02-15T11,1157.124
2026-02-15T12,962.063
2026-02-15T13,803.823
2026-02-15T14,746.916
2026-02-15T15,714.833
2026-02-15T16,752.964
2026-02-15T17,747.772
2026-02-15T18,610.646
2026-02-15T19,556.972
2026-02-15T20,583.741
2026-02-15T21,586.6
2026-02-15T22,690.123
2026-02-15T23,1147.797
2026-02-16T00,1418.953
2026-02-16T01,1699.056
2026-02-16T02,1609.075
2026-02-16T03,1574.338
2026-02-16T04,1537.983
2026-02-16T05,1495.344
2026-02-16T06,1439.968
2026-02-16T07,1300.19
2026-02-16T08,1267.879
2026-02-16T09,1458.442
2026-02-16T10,1958.48
2026-02-16T11,1562.527
2026-02-16T12,1299.126
2026-02-16T13,1085.446
2026-02-16T14,1008.601
2026-02-16T15,965.278
2026-02-16T16,1016.769
2026-02-16T17,1009.758
2026-02-16T18,824.588
2026-02-16T19,752.109
2026-02-16T20,788.257
2026-02-16T21,792.119
2026-02-16T22,931.91
2026-02-16T23,1549.933
2026-02-17T00,1274.113
2026-02-17T01,1525.624
2026-02-17T02,1444.827
2026-02-17T03,1413.637
2026-02-17T04,1380.993
2026-02-17T05,1342.706
2026-02-17T06,1292.982
2026-02-17T07,1167.472
2026-02-17T08,1138.459
2026-02-17T09,1309.571
2026-02-17T10,1758.567
2026-02-17T11,1403.031
2026-02-17T12,1166.517
2026-02-17T13,974.649
2026-02-17T14,905.648
2026-02-17T15,866.747
2026-02-17T16,912.982
2026-02-17T17,906.686
2026-02-17T18,740.418
2026-02-17T19,675.337
2026-02-17T20,707.795
2026-02-17T21,711.263
2026-02-17T22,836.785
2026-02-17T23,1391.723
2026-02-18T00,1309.802
2026-02-18T01,1568.358
2026-02-18T02,1485.299
2026-02-18T03,1453.235
2026-02-18T04,1419.676
2026-02-18T05,1380.317
2026-02-18T06,1329.2
2026-02-18T07,1200.174
2026-02-18T08,1170.349
2026-02-18T09,1346.254
2026-02-18T10,1807.827
2026-02-18T11,1442.332
2026-02-18T12,1199.192
2026-02-18T13,1001.95
2026-02-18T14,931.016
2026-02-18T15,891.025
2026-02-18T16,938.556
2026-02-18T17,932.084
2026-02-18T18,761.158
2026-02-18T19,694.254
2026-02-18T20,727.622
2026-02-18T21,731.186
2026-02-18T22,860.224
2026-02-18T23,1430.707
2026-02-19T00,1067.905
2026-02-19T01,1278.71
2026-02-19T02,1210.99
2026-02-19T03,1184.848
2026-02-19T04,1157.487
2026-02-19T05,1125.397
2026-02-19T06,1083.721
2026-02-19T07,978.523
2026-02-19T08,954.206
2026-02-19T09,1097.624
2026-02-19T10,1473.953
2026-02-19T11,1175.959
2026-02-19T12,977.723
2026-02-19T13,816.907
2026-02-19T14,759.074
2026-02-19T15,726.469
2026-02-19T16,765.221
2026-02-19T17,759.944
2026-02-19T18,620.585
2026-02-19T19,566.038
2026-02-19T20,593.243
2026-02-19T21,596.149
2026-02-19T22,701.356
2026-02-19T23,1166.48
2026-02-20T00,1337.269
2026-02-20T01,1601.247
2026-02-20T02,1516.446
2026-02-20T03,1483.709
2026-02-20T04,1449.447
2026-02-20T05,1409.263
2026-02-20T06,1357.074
2026-02-20T07,1225.342
2026-02-20T08,1194.891
2026-02-20T09,1374.485
2026-02-20T10,1845.737
2026-02-20T11,1472.578
2026-02-20T12,1224.34
2026-02-20T13,1022.961
2026-02-20T14,950.54
2026-02-20T15,909.711
2026-02-20T16,958.237
2026-02-20T17,951.63
2026-02-20T18,777.12
2026-02-20T19,708.813
2026-02-20T20,742.88
2026-02-20T21,746.519
2026-02-20T22,878.264
2026-02-20T23,1460.709
2026-02-21T00,1058.549
2026-02-21T01,1267.508
2026-02-21T02,1200.381
2026-02-21T03,1174.467
2026-02-21T04,1147.346
2026-02-21T05,1115.537
2026-02-21T06,1074.226
2026-02-21T07,969.951
2026-02-21T08,945.846
2026-02-21T09,1088.008
2026-02-21T10,1461.04
2026-02-21T11,1165.656
2026-02-21T12,969.157
2026-02-21T13,809.75
2026-02-21T14,752.424
2026-02-21T15,720.104
2026-02-21T16,758.517
2026-02-21T17,753.287
2026-02-21T18,615.149
2026-02-21T19,561.079
2026-02-21T20,588.045
2026-02-21T21,590.926
2026-02-21T22,695.212
2026-02-21T23,1156.261
2026-02-22T00,980.474
2026-02-22T01,1174.021
2026-02-22T02,1111.845
2026-02-22T03,1087.843
2026-02-22T04,1062.722
2026-02-22T05,1033.259
2026-02-22T06,994.995
2026-02-22T07,898.41
2026-02-22T08,876.084
2026-02-22T09,1007.76
2026-02-22T10,1353.279
2026-02-22T11,1079.682
2026-02-22T12,897.675
2026-02-22T13,750.026
2026-02-22T14,696.928
2026-02-22T15,666.992
2026-02-22T16,702.571
2026-02-22T17,697.727
2026-02-22T18,569.777
2026-02-22T19,519.696
2026-02-22T20,544.673
2026-02-22T21,547.341
2026-02-22T22,643.935
2026-02-22T23,1070.979
2026-02-23T00,1395.712
2026-02-23T01,1671.227
2026-02-23T02,1582.72
2026-02-23T03,1548.552
2026-02-23T04,1512.793
2026-02-23T05,1470.852
2026-02-23T06,1416.383
2026-02-23T07,1278.894
2026-02-23T08,1247.112
2026-02-23T09,1434.554
2026-02-23T10,1926.402
2026-02-23T11,1536.935
2026-02-23T12,1277.847
2026-02-23T13,1067.668
2026-02-23T14,992.082
2026-02-23T15,949.468
2026-02-23T16,1000.116
2026-02-23T17,993.219
2026-02-23T18,811.082
2026-02-23T19,739.791
2026-02-23T20,775.346
2026-02-23T21,779.145
2026-02-23T22,916.647
2026-02-23T23,1524.547
2026-02-24T00,1220.017
2026-02-24T01,1460.849
2026-02-24T02,1383.483
2026-02-24T03,1353.617
2026-02-24T04,1322.359
2026-02-24T05,1285.698
2026-02-24T06,1238.085
2026-02-24T07,1117.904
2026-02-24T08,1090.123
2026-02-24T09,1253.97
2026-02-24T10,1683.903
2026-02-24T11,1343.462
2026-02-24T12,1116.989
2026-02-24T13,933.267
2026-02-24T14,867.196
2026-02-24T15,829.947
2026-02-24T16,874.219
2026-02-24T17,868.191
2026-02-24T18,708.981
2026-02-24T19,646.664
2026-02-24T20,677.744
2026-02-24T21,681.064
2026-02-24T22,801.257
2026-02-24T23,1332.634
2026-02-25T00,1024.08
2026-02-25T01,1226.234
2026-02-25T02,1161.294
2026-02-25T03,1136.224
2026-02-25T04,1109.986
2026-02-25T05,1079.213
2026-02-25T06,1039.247
2026-02-25T07,938.367
2026-02-25T08,915.047
2026-02-25T09,1052.58
2026-02-25T10,1413.465
2026-02-25T11,1127.7
2026-02-25T12,937.599
2026-02-25T13,783.383
2026-02-25T14,727.923
2026-02-25T15,696.656
2026-02-25T16,733.818
2026-02-25T17,728.758
2026-02-25T18,595.118
2026-02-25T19,542.809
2026-02-25T20,568.897
2026-02-25T21,571.684
2026-02-25T22,672.574
2026-02-25T23,1118.61
2026-02-26T00,992.386
2026-02-26T01,1188.284
2026-02-26T02,1125.353
2026-02-26T03,1101.059
2026-02-26T04,1075.633
2026-02-26T05,1045.812
2026-02-26T06,1007.083
2026-02-26T07,909.325
2026-02-26T08,886.728
2026-02-26T09,1020.004
2026-02-26T10,1369.72
2026-02-26T11,1092.798
2026-02-26T12,908.581
2026-02-26T13,759.138
2026-02-26T14,705.394
2026-02-26T15,675.095
2026-02-26T16,711.107
2026-02-26T17,706.203
2026-02-26T18,576.7
2026-02-26T19,526.009
2026-02-26T20,551.29
2026-02-26T21,553.991
2026-02-26T22,651.758
2026-02-26T23,1083.99
2026-02-27T00,1229.15
2026-02-27T01,1471.785
2026-02-27T02,1393.84
2026-02-27T03,1363.751
2026-02-27T04,1332.259
2026-02-27T05,1295.323
2026-02-27T06,1247.354
2026-02-27T07,1126.273
2026-02-27T08,1098.284
2026-02-27T09,1263.357
2026-02-27T10,1696.509
2026-02-27T11,1353.519
2026-02-27T12,1125.351
2026-02-27T13,940.254
2026-02-27T14,873.688
2026-02-27T15,836.16
2026-02-27T16,880.763
2026-02-27T17,874.69
2026-02-27T18,714.289
2026-02-27T19,651.505
2026-02-27T20,682.818
2026-02-27T21,686.163
2026-02-27T22,807.255
2026-02-27T23,1342.61
2026-02-28T00,1320.369
2026-02-28T01,1581.011
2026-02-28T02,1497.282
2026-02-28T03,1464.959
2026-02-28T04,1431.13
2026-02-28T05,1391.453
2026-02-28T06,1339.924
2026-02-28T07,1209.857
2026-02-28T08,1179.791
2026-02-28T09,1357.115
2026-02-28T10,1822.412
2026-02-28T11,1453.968
2026-02-28T12,1208.867
2026-02-28T13,1010.033
2026-02-28T14,938.527
2026-02-28T15,898.214
2026-02-28T16,946.128
2026-02-28T17,939.604
2026-02-28T18,767.299
2026-02-28T19,699.856
2026-02-28T20,733.492
2026-02-28T21,737.085
2026-02-28T22,867.164
2026-02-28T23,1442.249
2026-03-01T00,1289.258
2026-03-01T01,1543.758
2026-03-01T02,1462.002
2026-03-01T03,1430.44
2026-03-01T04,1397.408
2026-03-01T05,1358.667
2026-03-01T06,1308.352
2026-03-01T07,1181.35
2026-03-01T08,1151.992
2026-03-01T09,1325.137
2026-03-01T10,1779.471
2026-03-01T11,1419.709
2026-03-01T12,1180.383
2026-03-01T13,986.234
2026-03-01T14,916.413
2026-03-01T15,877.05
2026-03-01T16,923.834
2026-03-01T17,917.464
2026-03-01T18,749.219
2026-03-01T19,683.365
2026-03-01T20,716.209
2026-03-01T21,719.717
2026-03-01T22,846.732
2026-03-01T23,1408.266
2026-03-02T00,1641.965
2026-03-02T01,1966.091
2026-03-02T02,1861.967
2026-03-02T03,1821.772
2026-03-02T04,1779.703
2026-03-02T05,1730.363
2026-03-02T06,1666.283
2026-03-02T07,1504.536
2026-03-02T08,1467.147
2026-03-02T09,1687.661
2026-03-02T10,2266.288
2026-03-02T11,1808.104
2026-03-02T12,1503.305
2026-03-02T13,1256.042
2026-03-02T14,1167.12
2026-03-02T15,1116.988
2026-03-02T16,1176.571
2026-03-02T17,1168.458
2026-03-02T18,954.186
2026-03-02T19,870.316
2026-03-02T20,912.145
2026-03-02T21,916.613
2026-03-02T22,1078.376
2026-03-02T23,1793.531
2026-03-03T00,1234.096
2026-03-03T01,1477.707
2026-03-03T02,1399.449
2026-03-03T03,1369.238
2026-03-03T04,1337.619
2026-03-03T05,1300.535
2026-03-03T06,1252.373
2026-03-03T07,1130.804
2026-03-03T08,1102.703
2026-03-03T09,1268.44
2026-03-03T10,1703.335
2026-03-03T11,1358.965
2026-03-03T12,1129.879
2026-03-03T13,944.037
2026-03-03T14,877.204
2026-03-03T15,839.524
2026-03-03T16,884.307
2026-03-03T17,878.209
2026-03-03T18,717.163
2026-03-03T19,654.127
2026-03-03T20,685.565
2026-03-03T21,688.924
2026-03-03T22,810.504
2026-03-03T23,1348.012
2026-03-04T00,1159.633
2026-03-04T01,1388.545
2026-03-04T02,1315.008
2026-03-04T03,1286.62
2026-03-04T04,1256.909
2026-03-04T05,1222.063
2026-03-04T06,1176.807
2026-03-04T07,1062.574
2026-03-04T08,1036.168
2026-03-04T09,1191.905
2026-03-04T10,1600.558
2026-03-04T11,1276.968
2026-03-04T12,1061.704
2026-03-04T13,887.076
2026-03-04T14,824.275
2026-03-04T15,788.869
2026-03-04T16,830.95
2026-03-04T17,825.22
2026-03-04T18,673.891
2026-03-04T19,614.658
2026-03-04T20,644.199
2026-03-04T21,647.355
2026-03-04T22,761.599
2026-03-04T23,1266.675
2026-03-05T00,1185.655
2026-03-05T01,1419.704
2026-03-05T02,1344.517
2026-03-05T03,1315.492
2026-03-05T04,1285.115
2026-03-05T05,1249.486
2026-03-05T06,1203.214
2026-03-05T07,1086.418
2026-03-05T08,1059.419
2026-03-05T09,1218.651
2026-03-05T10,1636.475
2026-03-05T11,1305.623
2026-03-05T12,1085.529
2026-03-05T13,906.982
2026-03-05T14,842.771
2026-03-05T15,806.571
2026-03-05T16,849.596
2026-03-05T17,843.738
2026-03-05T18,689.013
2026-03-05T19,628.451
2026-03-05T20,658.655
2026-03-05T21,661.882
2026-03-05T22,778.689
2026-03-05T23,1295.1
2026-03-06T00,1204.242
2026-03-06T01,1441.961
2026-03-06T02,1365.595
2026-03-06T03,1336.115
2026-03-06T04,1305.261
2026-03-06T05,1269.074
2026-03-06T06,1222.077
2026-03-06T07,1103.449
2026-03-06T08,1076.028
2026-03-06T09,1237.756
2026-03-06T10,1662.13
2026-03-06T11,1326.091
2026-03-06T12,1102.547
2026-03-06T13,921.2
2026-03-06T14,855.983
2026-03-06T15,819.216
2026-03-06T16,862.915
2026-03-06T17,856.965
2026-03-06T18,699.814
2026-03-06T19,638.303
2026-03-06T20,668.981
2026-03-06T21,672.258
2026-03-06T22,790.897
2026-03-06T23,1315.403
2026-03-07T00,1242.813
2026-03-07T01,1488.145
2026-03-07T02,1409.334
2026-03-07T03,1378.909
2026-03-07T04,1347.067
2026-03-07T05,1309.721
2026-03-07T06,1261.219
2026-03-07T07,1138.792
2026-03-07T08,1110.492
2026-03-07T09,1277.4
2026-03-07T10,1715.366
2026-03-07T11,1368.564
2026-03-07T12,1137.86
2026-03-07T13,950.705
2026-03-07T14,883.4
2026-03-07T15,845.454
2026-03-07T16,890.553
2026-03-07T17,884.413
2026-03-07T18,722.229
2026-03-07T19,658.747
2026-03-07T20,690.408
2026-03-07T21,693.79
2026-03-07T22,816.228
2026-03-07T23,1357.534
2026-03-08T00,1006.92
2026-03-08T01,1205.687
2026-03-08T02,1141.835
2026-03-08T03,1117.185
2026-03-08T04,1091.387
2026-03-08T05,1061.129
2026-03-08T06,1021.833
2026-03-08T07,922.643
2026-03-08T08,899.714
2026-03-08T09,1034.942
2026-03-08T10,1389.78
2026-03-08T11,1108.804
2026-03-08T12,921.888
2026-03-08T13,770.256
2026-03-08T14,715.726
2026-03-08T15,684.983
2026-03-08T16,721.522
2026-03-08T17,716.546
2026-03-08T18,585.146
2026-03-08T19,533.713
2026-03-08T20,559.365
2026-03-08T21,562.105
2026-03-08T22,661.304
2026-03-08T23,1099.866
2026-03-09T00,1371.978
2026-03-09T01,1642.808
2026-03-09T02,1555.806
2026-03-09T03,1522.219
2026-03-09T04,1487.068
2026-03-09T05,1445.841
2026-03-09T06,1392.297
2026-03-09T07,1257.146
2026-03-09T08,1225.905
2026-03-09T09,1410.16
2026-03-09T10,1893.644
2026-03-09T11,1510.799
2026-03-09T12,1256.118
2026-03-09T13,1049.512
2026-03-09T14,975.211
2026-03-09T15,933.322
2026-03-09T16,983.109
2026-03-09T17,976.33
2026-03-09T18,797.29
2026-03-09T19,727.211
2026-03-09T20,762.162
2026-03-09T21,765.895
2026-03-09T22,901.059
2026-03-09T23,1498.622
2026-03-10T00,1312.141
2026-03-10T01,1571.159
2026-03-10T02,1487.951
2026-03-10T03,1455.829
2026-03-10T04,1422.211
2026-03-10T05,1382.782
2026-03-10T06,1331.574
2026-03-10T07,1202.317
2026-03-10T08,1172.439
2026-03-10T09,1348.657
2026-03-10T10,1811.055
2026-03-10T11,1444.907
2026-03-10T12,1201.334
2026-03-10T13,1003.739
2026-03-10T14,932.679
2026-03-10T15,892.617
2026-03-10T16,940.231
2026-03-10T17,933.748
2026-03-10T18,762.517
2026-03-10T19,695.494
2026-03-10T20,728.921
2026-03-10T21,732.492
2026-03-10T22,861.76
2026-03-10T23,1433.261
2026-03-11T00,1030.694
2026-03-11T01,1234.154
2026-03-11T02,1168.793
2026-03-11T03,1143.562
2026-03-11T04,1117.154
2026-03-11T05,1086.183
2026-03-11T06,1045.958
2026-03-11T07,944.427
2026-03-11T08,920.957
2026-03-11T09,1059.378
2026-03-11T10,1422.593
2026-03-11T11,1134.983
2026-03-11T12,943.654
2026-03-11T13,788.442
2026-03-11T14,732.624
2026-03-11T15,701.155
2026-03-11T16,738.557
2026-03-11T17,733.464
2026-03-11T18,598.961
2026-03-11T19,546.314
2026-03-11T20,572.571
2026-03-11T21,575.376
2026-03-11T22,676.917
2026-03-11T23,1125.834
2026-03-12T00,1019.983
2026-03-12T01,1221.329
2026-03-12T02,1156.648
2026-03-12T03,1131.678
2026-03-12T04,1105.545
2026-03-12T05,1074.895
2026-03-12T06,1035.089
2026-03-12T07,934.612
2026-03-12T08,911.386
2026-03-12T09,1048.369
2026-03-12T10,1407.81
2026-03-12T11,1123.188
2026-03-12T12,933.848
2026-03-12T13,780.249
2026-03-12T14,725.011
2026-03-12T15,693.869
2026-03-12T16,730.882
2026-03-12T17,725.842
2026-03-12T18,592.737
2026-03-12T19,540.637
2026-03-12T20,566.621
2026-03-12T21,569.397
2026-03-12T22,669.883
2026-03-12T23,1114.135
2026-03-13T00,1201.408
2026-03-13T01,1438.567
2026-03-13T02,1362.381
2026-03-13T03,1332.97
2026-03-13T04,1302.189
2026-03-13T05,1266.087
2026-03-13T06,1219.201
2026-03-13T07,1100.853
2026-03-13T08,1073.495
2026-03-13T09,1234.843
2026-03-13T10,1658.218
2026-03-13T11,1322.97
2026-03-13T12,1099.952
2026-03-13T13,919.032
2026-03-13T14,853.969
2026-03-13T15,817.288
2026-03-13T16,860.884
2026-03-13T17,854.948
2026-03-13T18,698.167
2026-03-13T19,636.801
2026-03-13T20,667.406
2026-03-13T21,670.676
2026-03-13T22,789.036
2026-03-13T23,1312.307
2026-03-14T00,1294.141
2026-03-14T01,1549.605
2026-03-14T02,1467.539
2026-03-14T03,1435.858
2026-03-14T04,1402.701
2026-03-14T05,1363.813
2026-03-14T06,1313.307
2026-03-14T07,1185.824
2026-03-14T08,1156.355
2026-03-14T09,1330.156
2026-03-14T10,1786.211
2026-03-14T11,1425.086
2026-03-14T12,1184.854
2026-03-14T13,989.969
2026-03-14T14,919.884
2026-03-14T15,880.372
2026-03-14T16,927.333
2026-03-14T17,920.939
2026-03-14T18,752.057
2026-03-14T19,685.953
2026-03-14T20,718.921
2026-03-14T21,722.443
2026-03-14T22,849.939
2026-03-14T23,1413.6
2026-03-15T00,1035.576
2026-03-15T01,1240.0
2026-03-15T02,1174.33
2026-03-15T03,1148.979
2026-03-15T04,1122.446
2026-03-15T05,1091.328
2026-03-15T06,1050.913
2026-03-15T07,948.901
2026-03-15T08,925.319
2026-03-15T09,1064.396
2026-03-15T10,1429.332
2026-03-15T11,1140.359
2026-03-15T12,948.124
2026-03-15T13,792.177
2026-03-15T14,736.094
2026-03-15T15,704.476
2026-03-15T16,742.055
2026-03-15T17,736.939
2026-03-15T18,601.798
2026-03-15T19,548.902
2026-03-15T20,575.283
2026-03-15T21,578.102
2026-03-15T22,680.124
2026-03-15T23,1131.168
2026-03-16T00,1492.201
2026-03-16T01,1786.763
2026-03-16T02,1692.137
2026-03-16T03,1655.608
2026-03-16T04,1617.376
2026-03-16T05,1572.536
2026-03-16T06,1514.301
2026-03-16T07,1367.307
2026-03-16T08,1333.328
2026-03-16T09,1533.729
2026-03-16T10,2059.579
2026-03-16T11,1643.187
2026-03-16T12,1366.188
2026-03-16T13,1141.478
2026-03-16T14,1060.667
2026-03-16T15,1015.107
2026-03-16T16,1069.256
2026-03-16T17,1061.883
2026-03-16T18,867.154
2026-03-16T19,790.934
2026-03-16T20,828.948
2026-03-16T21,833.009
2026-03-16T22,980.017
2026-03-16T23,1629.943
2026-03-17T00,1333.051
2026-03-17T01,1596.196
2026-03-17T02,1511.662
2026-03-17T03,1479.029
2026-03-17T04,1444.875
2026-03-17T05,1404.817
2026-03-17T06,1352.793
2026-03-17T07,1221.477
2026-03-17T08,1191.122
2026-03-17T09,1370.149
2026-03-17T10,1839.915
2026-03-17T11,1467.933
2026-03-17T12,1220.478
2026-03-17T13,1019.734
2026-03-17T14,947.541
2026-03-17T15,906.841
2026-03-17T16,955.215
2026-03-17T17,948.628
2026-03-17T18,774.668
2026-03-17T19,706.577
2026-03-17T20,740.537
2026-03-17T21,744.164
2026-03-17T22,875.493
2026-03-17T23,1456.101
2026-03-18T00,1192.977
2026-03-18T01,1428.472
2026-03-18T02,1352.82
2026-03-18T03,1323.616
2026-03-18T04,1293.051
2026-03-18T05,1257.203
2026-03-18T06,1210.645
2026-03-18T07,1093.127
2026-03-18T08,1065.962
2026-03-18T09,1226.177
2026-03-18T10,1646.581
2026-03-18T11,1313.686
2026-03-18T12,1092.233
2026-03-18T13,912.583
2026-03-18T14,847.976
2026-03-18T15,811.552
2026-03-18T16,854.843
2026-03-18T17,848.948
2026-03-18T18,693.268
2026-03-18T19,632.332
2026-03-18T20,662.723
2026-03-18T21,665.969
2026-03-18T22,783.498
2026-03-18T23,1303.098
2026-03-19T00,1194.678
2026-03-19T01,1430.508
2026-03-19T02,1354.749
2026-03-19T03,1325.503
2026-03-19T04,1294.895
2026-03-19T05,1258.995
2026-03-19T06,1212.371
2026-03-19T07,1094.686
2026-03-19T08,1067.482
2026-03-19T09,1227.925
2026-03-19T10,1648.929
2026-03-19T11,1315.559
2026-03-19T12,1093.79
2026-03-19T13,913.884
2026-03-19T14,849.185
2026-03-19T15,812.709
2026-03-19T16,856.062
2026-03-19T17,850.159
2026-03-19T18,694.256
2026-03-19T19,633.233
2026-03-19T20,663.668
2026-03-19T21,666.919
2026-03-19T22,784.615
2026-03-19T23,1304.956
2026-03-20T00,950.96
2026-03-20T01,1138.68
2026-03-20T02,1078.376
2026-03-20T03,1055.097
2026-03-20T04,1030.732
2026-03-20T05,1002.156
2026-03-20T06,965.044
2026-03-20T07,871.367
2026-03-20T08,849.712
2026-03-20T09,977.425
2026-03-20T10,1312.542
2026-03-20T11,1047.181
2026-03-20T12,870.654
2026-03-20T13,727.449
2026-03-20T14,675.949
2026-03-20T15,646.914
2026-03-20T16,681.423
2026-03-20T17,676.724
2026-03-20T18,552.626
2026-03-20T19,504.052
2026-03-20T20,528.277
2026-03-20T21,530.865
2026-03-20T22,624.552
2026-03-20T23,1038.741
2026-03-21T00,1254.748
2026-03-21T01,1502.437
2026-03-21T02,1422.868
2026-03-21T03,1392.152
2026-03-21T04,1360.004
2026-03-21T05,1322.299
2026-03-21T06,1273.331
2026-03-21T07,1149.728
2026-03-21T08,1121.157
2026-03-21T09,1289.668
2026-03-21T10,1731.84
2026-03-21T11,1381.708
2026-03-21T12,1148.788
2026-03-21T13,959.835
2026-03-21T14,891.883
2026-03-21T15,853.574
2026-03-21T16,899.106
2026-03-21T17,892.906
2026-03-21T18,729.165
2026-03-21T19,665.073
2026-03-21T20,697.038
2026-03-21T21,700.453
2026-03-21T22,824.067
2026-03-21T23,1370.571
2026-03-22T00,1258.168
2026-03-22T01,1506.532
2026-03-22T02,1426.746
2026-03-22T03,1395.946
2026-03-22T04,1363.711
2026-03-22T05,1325.903
2026-03-22T06,1276.802
2026-03-22T07,1152.862
2026-03-22T08,1124.212
2026-03-22T09,1293.183
2026-03-22T10,1736.56
2026-03-22T11,1385.474
2026-03-22T12,1151.919
2026-03-22T13,962.452
2026-03-22T14,894.314
2026-03-22T15,855.9
2026-03-22T16,901.557
2026-03-22T17,895.34
2026-03-22T18,731.152
2026-03-22T19,666.886
2026-03-22T20,698.938
2026-03-22T21,702.362
2026-03-22T22,826.313
2026-03-22T23,1374.307
2026-03-23T00,1221.424
2026-03-23T01,1462.534
2026-03-23T02,1385.078
2026-03-23T03,1355.178
2026-03-23T04,1323.884
2026-03-23T05,1287.181
2026-03-23T06,1239.513
2026-03-23T07,1119.193
2026-03-23T08,1091.38
2026-03-23T09,1255.415
2026-03-23T10,1685.844
2026-03-23T11,1345.011
2026-03-23T12,1118.277
2026-03-23T13,934.343
2026-03-23T14,868.196
2026-03-23T15,830.904
2026-03-23T16,875.227
2026-03-23T17,869.192
2026-03-23T18,709.799
2026-03-23T19,647.41
2026-03-23T20,678.525
2026-03-23T21,681.849
2026-03-23T22,802.181
2026-03-23T23,1334.17
2026-03-24T00,1225.033
2026-03-24T01,1466.856
2026-03-24T02,1389.172
2026-03-24T03,1359.183
2026-03-24T04,1327.796
2026-03-24T05,1290.985
2026-03-24T06,1243.176
2026-03-24T07,1122.5
2026-03-24T08,1094.605
2026-03-24T09,1259.125
2026-03-24T10,1690.826
2026-03-24T11,1348.986
2026-03-24T12,1121.582
2026-03-24T13,937.105
2026-03-24T14,870.762
2026-03-24T15,833.359
2026-03-24T16,877.813
2026-03-24T17,871.76
2026-03-24T18,711.897
2026-03-24T19,649.323
2026-03-24T20,680.531
2026-03-24T21,683.864
2026-03-24T22,804.552
2026-03-24T23,1338.113
2026-03-25T00,1245.648
2026-03-25T01,1491.54
2026-03-25T02,1412.548
2026-03-25T03,1382.055
2026-03-25T04,1350.14
2026-03-25T05,1312.709
2026-03-25T06,1264.096
2026-03-25T07,1141.39
2026-03-25T08,1113.025
2026-03-25T09,1280.314
2026-03-25T10,1719.279
2026-03-25T11,1371.686
2026-03-25T12,1140.456
2026-03-25T13,952.874
2026-03-25T14,885.415
2026-03-25T15,847.383
2026-03-25T16,892.585
2026-03-25T17,886.43
2026-03-25T18,723.876
2026-03-25T19,660.25
2026-03-25T20,691.982
2026-03-25T21,695.372
2026-03-25T22,818.09
2026-03-25T23,1360.63
2026-03-26T00,1254.301
2026-03-26T01,1501.901
2026-03-26T02,1422.361
2026-03-26T03,1391.656
2026-03-26T04,1359.519
2026-03-26T05,1321.828
2026-03-26T06,1272.877
2026-03-26T07,1149.319
2026-03-26T08,1120.757
2026-03-26T09,1289.208
2026-03-26T10,1731.223
2026-03-26T11,1381.215
2026-03-26T12,1148.378
2026-03-26T13,959.493
2026-03-26T14,891.566
2026-03-26T15,853.27
2026-03-26T16,898.786
2026-03-26T17,892.588
2026-03-26T18,728.905
2026-03-26T19,664.836
2026-03-26T20,696.79
2026-03-26T21,700.203
2026-03-26T22,823.774
2026-03-26T23,1370.083
2026-03-27T00,1325.608
2026-03-27T01,1587.284
2026-03-27T02,1503.222
2026-03-27T03,1470.771
2026-03-27T04,1436.808
2026-03-27T05,1396.974
2026-03-27T06,1345.24
2026-03-27T07,1214.657
2026-03-27T08,1184.472
2026-03-27T09,1362.499
2026-03-27T10,1829.643
2026-03-27T11,1459.737
2026-03-27T12,1213.663
2026-03-27T13,1014.041
2026-03-27T14,942.251
2026-03-27T15,901.778
2026-03-27T16,949.882
2026-03-27T17,943.332
2026-03-27T18,770.343
2026-03-27T19,702.632
2026-03-27T20,736.402
2026-03-27T21,740.01
2026-03-27T22,870.605
2026-03-27T23,1447.972
2026-03-28T00,1294.532
2026-03-28T01,1550.073
2026-03-28T02,1467.982
2026-03-28T03,1436.292
2026-03-28T04,1403.125
2026-03-28T05,1364.225
2026-03-28T06,1313.704
2026-03-28T07,1186.182
2026-03-28T08,1156.704
2026-03-28T09,1330.558
2026-03-28T10,1786.75
2026-03-28T11,1425.516
2026-03-28T12,1185.211
2026-03-28T13,990.268
2026-03-28T14,920.162
2026-03-28T15,880.637
2026-03-28T16,927.613
2026-03-28T17,921.217
2026-03-28T18,752.284
2026-03-28T19,686.16
2026-03-28T20,719.138
2026-03-28T21,722.661
2026-03-28T22,850.195
2026-03-28T23,1414.027
2026-03-29T00,930.084
2026-03-29T01,1113.683
2026-03-29T02,1054.703
2026-03-29T03,1031.935
2026-03-29T04,1008.105
2026-03-29T05,980.156
2026-03-29T06,943.859
2026-03-29T07,852.238
2026-03-29T08,831.059
2026-03-29T09,955.968
2026-03-29T10,1283.729
2026-03-29T11,1024.193
2026-03-29T12,851.54
2026-03-29T13,711.479
2026-03-29T14,661.11
2026-03-29T15,632.713
2026-03-29T16,666.464
2026-03-29T17,661.868
2026-03-29T18,540.494
2026-03-29T19,492.987
2026-03-29T20,516.68
2026-03-29T21,519.212
2026-03-29T22,610.841
2026-03-29T23,1015.938
2026-03-30T00,1368.592
2026-03-30T01,1638.753
2026-03-30T02,1551.965
2026-03-30T03,1518.462
2026-03-30T04,1483.397
2026-03-30T05,1442.272
2026-03-30T06,1388.861
2026-03-30T07,1254.043
2026-03-30T08,1222.879
2026-03-30T09,1406.679
2026-03-30T10,1888.97
2026-03-30T11,1507.07
2026-03-30T12,1253.017
2026-03-30T13,1046.921
2026-03-30T14,972.804
2026-03-30T15,931.019
2026-03-30T16,980.682
2026-03-30T17,973.92
2026-03-30T18,795.322
2026-03-30T19,725.416
2026-03-30T20,760.28
2026-03-30T21,764.005
2026-03-30T22,898.835
2026-03-30T23,1494.923
2026-03-31T00,1155.846
2026-03-31T01,1384.011
2026-03-31T02,1310.714
2026-03-31T03,1282.419
2026-03-31T04,1252.805
2026-03-31T05,1218.072
2026-03-31T06,1172.964
2026-03-31T07,1059.104
2026-03-31T08,1032.784
2026-03-31T09,1188.013
2026-03-31T10,1595.332
2026-03-31T11,1272.798
2026-03-31T12,1058.237
2026-03-31T13,884.179
2026-03-31T14,821.583
2026-03-31T15,786.293
2026-03-31T16,828.236
2026-03-31T17,822.525
2026-03-31T18,671.69
2026-03-31T19,612.651
2026-03-31T20,642.096
2026-03-31T21,645.241
2026-03-31T22,759.112
2026-03-31T23,1262.539
2026-04-01T00,1131.315
2026-04-01T01,1354.638
2026-04-01T02,1282.897
2026-04-01T03,1255.202
2026-04-01T04,1226.216
2026-04-01T05,1192.221
2026-04-01T06,1148.07
2026-04-01T07,1036.626
2026-04-01T08,1010.865
2026-04-01T09,1162.799
2026-04-01T10,1561.474
2026-04-01T11,1245.785
2026-04-01T12,1035.778
2026-04-01T13,865.414
2026-04-01T14,804.146
2026-04-01T15,769.605
2026-04-01T16,810.658
2026-04-01T17,805.068
2026-04-01T18,657.435
2026-04-01T19,599.648
2026-04-01T20,628.468
2026-04-01T21,631.547
2026-04-01T22,743.001
2026-04-01T23,1235.744
2026-04-02T00,1123.671
2026-04-02T01,1345.485
2026-04-02T02,1274.229
2026-04-02T03,1246.721
2026-04-02T04,1217.932
2026-04-02T05,1184.166
2026-04-02T06,1140.313
2026-04-02T07,1029.622
2026-04-02T08,1004.035
2026-04-02T09,1154.943
2026-04-02T10,1550.924
2026-04-02T11,1237.368
2026-04-02T12,1028.78
2026-04-02T13,859.566
2026-04-02T14,798.713
2026-04-02T15,764.405
2026-04-02T16,805.181
2026-04-02T17,799.629
2026-04-02T18,652.993
2026-04-02T19,595.597
2026-04-02T20,624.222
2026-04-02T21,627.28
2026-04-02T22,737.981
2026-04-02T23,1227.395
2026-04-03T00,1120.82
2026-04-03T01,1342.071
2026-04-03T02,1270.996
2026-04-03T03,1243.558
2026-04-03T04,1214.841
2026-04-03T05,1181.161
2026-04-03T06,1137.42
2026-04-03T07,1027.01
2026-04-03T08,1001.488
2026-04-03T09,1152.012
2026-04-03T10,1546.988
2026-04-03T11,1234.228
2026-04-03T12,1026.169
2026-04-03T13,857.386
2026-04-03T14,796.687
2026-04-03T15,762.466
2026-04-03T16,803.138
2026-04-03T17,797.6
2026-04-03T18,651.336
2026-04-03T19,594.085
2026-04-03T20,622.638
2026-04-03T21,625.688
2026-04-03T22,736.109
2026-04-03T23,1224.28
2026-04-04T00,1241.329
2026-04-04T01,1486.368
2026-04-04T02,1407.651
2026-04-04T03,1377.263
2026-04-04T04,1345.459
2026-04-04T05,1308.158
2026-04-04T06,1259.713
2026-04-04T07,1137.432
2026-04-04T08,1109.166
2026-04-04T09,1275.875
2026-04-04T10,1713.318
2026-04-04T11,1366.931
2026-04-04T12,1136.501
2026-04-04T13,949.57
2026-04-04T14,882.345
2026-04-04T15,844.445
2026-04-04T16,889.49
2026-04-04T17,883.357
2026-04-04T18,721.366
2026-04-04T19,657.961
2026-04-04T20,689.583
2026-04-04T21,692.961
2026-04-04T22,815.254
2026-04-04T23,1355.913
2026-04-05T00,1457.528
2026-04-05T01,1745.245
2026-04-05T02,1652.817
2026-04-05T03,1617.137
2026-04-05T04,1579.794
2026-04-05T05,1535.996
2026-04-05T06,1479.114
2026-04-05T07,1335.535
2026-04-05T08,1302.346
2026-04-05T09,1498.09
2026-04-05T10,2011.722
2026-04-05T11,1605.005
2026-04-05T12,1334.443
2026-04-05T13,1114.954
2026-04-05T14,1036.02
2026-04-05T15,991.519
2026-04-05T16,1044.41
2026-04-05T17,1037.208
2026-04-05T18,847.005
2026-04-05T19,772.556
2026-04-05T20,809.686
2026-04-05T21,813.652
2026-04-05T22,957.244
2026-04-05T23,1592.068
2026-04-06T00,1347.9
2026-04-06T01,1613.976
2026-04-06T02,1528.501
2026-04-06T03,1495.504
2026-04-06T04,1460.97
2026-04-06T05,1420.466
2026-04-06T06,1367.862
2026-04-06T07,1235.083
2026-04-06T08,1204.39
2026-04-06T09,1385.411
2026-04-06T10,1860.41
2026-04-06T11,1484.284
2026-04-06T12,1234.073
2026-04-06T13,1031.093
2026-04-06T14,958.096
2026-04-06T15,916.942
2026-04-06T16,965.855
2026-04-06T17,959.195
2026-04-06T18,783.297
2026-04-06T19,714.448
2026-04-06T20,748.785
2026-04-06T21,752.454
2026-04-06T22,885.245
2026-04-06T23,1472.321
2026-04-07T00,1155.939
2026-04-07T01,1384.122
2026-04-07T02,1310.82
2026-04-07T03,1282.522
2026-04-07T04,1252.906
2026-04-07T05,1218.171
2026-04-07T06,1173.059
2026-04-07T07,1059.189
2026-04-07T08,1032.867
2026-04-07T09,1188.108
2026-04-07T10,1595.46
2026-04-07T11,1272.901
2026-04-07T12,1058.323
2026-04-07T13,884.25
2026-04-07T14,821.649
2026-04-07T15,786.356
2026-04-07T16,828.303
2026-04-07T17,822.591
2026-04-07T18,671.744
2026-04-07T19,612.7
2026-04-07T20,642.147
2026-04-07T21,645.293
2026-04-07T22,759.173
2026-04-07T23,1262.641
2026-04-08T00,1145.702
2026-04-08T01,1371.864
2026-04-08T02,1299.211
2026-04-08T03,1271.164
2026-04-08T04,1241.81
2026-04-08T05,1207.382
2026-04-08T06,1162.67
2026-04-08T07,1049.809
2026-04-08T08,1023.72
2026-04-08T09,1177.586
2026-04-08T10,1581.331
2026-04-08T11,1261.628
2026-04-08T12,1048.95
2026-04-08T13,876.419
2026-04-08T14,814.373
2026-04-08T15,779.392
2026-04-08T16,820.967
2026-04-08T17,815.306
2026-04-08T18,665.795
2026-04-08T19,607.274
2026-04-08T20,636.461
2026-04-08T21,639.578
2026-04-08T22,752.45
2026-04-08T23,1251.459
2026-04-09T00,1253.771
2026-04-09T01,1501.266
2026-04-09T02,1421.76
2026-04-09T03,1391.067
2026-04-09T04,1358.945
2026-04-09T05,1321.269
2026-04-09T06,1272.339
2026-04-09T07,1148.833
2026-04-09T08,1120.283
2026-04-09T09,1288.663
2026-04-09T10,1730.491
2026-04-09T11,1380.631
2026-04-09T12,1147.893
2026-04-09T13,959.088
2026-04-09T14,891.189
2026-04-09T15,852.909
2026-04-09T16,898.406
2026-04-09T17,892.211
2026-04-09T18,728.597
2026-04-09T19,664.555
2026-04-09T20,696.495
2026-04-09T21,699.907
2026-04-09T22,823.425
2026-04-09T23,1369.503
2026-04-10T00,1128.705
2026-04-10T01,1351.513
2026-04-10T02,1279.937
2026-04-10T03,1252.306
2026-04-10T04,1223.388
2026-04-10T05,1189.471
2026-04-10T06,1145.421
2026-04-10T07,1034.235
2026-04-10T08,1008.533
2026-04-10T09,1160.117
2026-04-10T10,1557.872
2026-04-10T11,1242.911
2026-04-10T12,1033.389
2026-04-10T13,863.417
2026-04-10T14,802.291
2026-04-10T15,767.83
2026-04-10T16,808.788
2026-04-10T17,803.211
2026-04-10T18,655.918
2026-04-10T19,598.265
2026-04-10T20,627.019
2026-04-10T21,630.09
2026-04-10T22,741.287
2026-04-10T23,1232.893
2026-04-11T00,1234.568
2026-04-11T01,1478.273
2026-04-11T02,1399.985
2026-04-11T03,1369.762
2026-04-11T04,1338.131
2026-04-11T05,1301.033
2026-04-11T06,1252.853
2026-04-11T07,1131.238
2026-04-11T08,1103.125
2026-04-11T09,1268.926
2026-04-11T10,1703.987
2026-04-11T11,1359.486
2026-04-11T12,1130.312
2026-04-11T13,944.399
2026-04-11T14,877.54
2026-04-11T15,839.846
2026-04-11T16,884.646
2026-04-11T17,878.546
2026-04-11T18,717.438
2026-04-11T19,654.377
2026-04-11T20,685.828
2026-04-11T21,689.187
2026-04-11T22,810.814
2026-04-11T23,1348.528
2026-04-12T00,1139.242
2026-04-12T01,1364.129
2026-04-12T02,1291.885
2026-04-12T03,1263.996
2026-04-12T04,1234.808
2026-04-12T05,1200.574
2026-04-12T06,1156.114
2026-04-12T07,1043.889
2026-04-12T08,1017.948
2026-04-12T09,1170.946
2026-04-12T10,1572.414
2026-04-12T11,1254.514
2026-04-12T12,1043.035
2026-04-12T13,871.477
2026-04-12T14,809.781
2026-04-12T15,774.997
2026-04-12T16,816.338
2026-04-12T17,810.709
2026-04-12T18,662.041
2026-04-12T19,603.85
2026-04-12T20,632.872
2026-04-12T21,635.972
2026-04-12T22,748.207
2026-04-12T23,1244.402
2026-04-13T00,1430.562
2026-04-13T01,1712.956
2026-04-13T02,1622.239
2026-04-13T03,1587.218
2026-04-13T04,1550.566
2026-04-13T05,1507.578
2026-04-13T06,1451.749
2026-04-13T07,1310.827
2026-04-13T08,1278.251
2026-04-13T09,1470.374
2026-04-13T10,1974.503
2026-04-13T11,1575.311
2026-04-13T12,1309.754
2026-04-13T13,1094.326
2026-04-13T14,1016.853
2026-04-13T15,973.175
2026-04-13T16,1025.088
2026-04-13T17,1018.019
2026-04-13T18,831.334
2026-04-13T19,758.263
2026-04-13T20,794.706
2026-04-13T21,798.599
2026-04-13T22,939.534
2026-04-13T23,1562.613
2026-04-14T00,1132.293
2026-04-14T01,1355.809
2026-04-14T02,1284.006
2026-04-14T03,1256.287
2026-04-14T04,1227.277
2026-04-14T05,1193.252
2026-04-14T06,1149.063
2026-04-14T07,1037.523
2026-04-14T08,1011.739
2026-04-14T09,1163.805
2026-04-14T10,1562.824
2026-04-14T11,1246.862
2026-04-14T12,1036.674
2026-04-14T13,866.162
2026-04-14T14,804.842
2026-04-14T15,770.271
2026-04-14T16,811.359
2026-04-14T17,805.765
2026-04-14T18,658.003
2026-04-14T19,600.167
2026-04-14T20,629.012
2026-04-14T21,632.093
2026-04-14T22,743.644
2026-04-14T23,1236.813
2026-04-15T00,1158.789
2026-04-15T01,1387.535
2026-04-15T02,1314.052
2026-04-15T03,1285.684
2026-04-15T04,1255.995
2026-04-15T05,1221.174
2026-04-15T06,1175.951
2026-04-15T07,1061.801
2026-04-15T08,1035.414
2026-04-15T09,1191.038
2026-04-15T10,1599.394
2026-04-15T11,1276.039
2026-04-15T12,1060.932
2026-04-15T13,886.43
2026-04-15T14,823.675
2026-04-15T15,788.295
2026-04-15T16,830.345
2026-04-15T17,824.619
2026-04-15T18,673.4
2026-04-15T19,614.211
2026-04-15T20,643.731
2026-04-15T21,646.884
2026-04-15T22,761.045
2026-04-15T23,1265.754
2026-04-16T00,1179.221
2026-04-16T01,1412.0
2026-04-16T02,1337.221
2026-04-16T03,1308.353
2026-04-16T04,1278.141
2026-04-16T05,1242.706
2026-04-16T06,1196.685
2026-04-16T07,1080.522
2026-04-16T08,1053.67
2026-04-16T09,1212.038
2026-04-16T10,1627.594
2026-04-16T11,1298.538
2026-04-16T12,1079.638
2026-04-16T13,902.06
2026-04-16T14,838.198
2026-04-16T15,802.194
2026-04-16T16,844.986
2026-04-16T17,839.159
2026-04-16T18,685.274
2026-04-16T19,625.04
2026-04-16T20,655.081
2026-04-16T21,658.29
2026-04-16T22,774.464
2026-04-16T23,1288.071
2026-04-17T00,1187.025
2026-04-17T01,1421.344
2026-04-17T02,1346.07
2026-04-17T03,1317.012
2026-04-17T04,1286.599
2026-04-17T05,1250.93
2026-04-17T06,1204.604
2026-04-17T07,1087.673
2026-04-17T08,1060.643
2026-04-17T09,1220.059
2026-04-17T10,1638.366
2026-04-17T11,1307.131
2026-04-17T12,1086.783
2026-04-17T13,908.029
2026-04-17T14,843.745
2026-04-17T15,807.503
2026-04-17T16,850.578
2026-04-17T17,844.713
2026-04-17T18,689.809
2026-04-17T19,629.177
2026-04-17T20,659.416
2026-04-17T21,662.646
2026-04-17T22,779.589
2026-04-17T23,1296.596
2026-04-18T00,1663.715
2026-04-18T01,1992.134
2026-04-18T02,1886.631
2026-04-18T03,1845.903
2026-04-18T04,1803.277
2026-04-18T05,1753.283
2026-04-18T06,1688.355
2026-04-18T07,1524.465
2026-04-18T08,1486.581
2026-04-18T09,1710.016
2026-04-18T10,2296.307
2026-04-18T11,1832.055
2026-04-18T12,1523.218
2026-04-18T13,1272.68
2026-04-18T14,1182.58
2026-04-18T15,1131.783
2026-04-18T16,1192.156
2026-04-18T17,1183.936
2026-04-18T18,966.825
2026-04-18T19,881.844
2026-04-18T20,924.227
2026-04-18T21,928.755
2026-04-18T22,1092.66
2026-04-18T23,1817.288
2026-04-19T00,1179.538
2026-04-19T01,1412.38
2026-04-19T02,1337.581
2026-04-19T03,1308.706
2026-04-19T04,1278.485
2026-04-19T05,1243.04
2026-04-19T06,1197.007
2026-04-19T07,1080.813
2026-04-19T08,1053.954
2026-04-19T09,1212.364
2026-04-19T10,1628.032
2026-04-19T11,1298.887
2026-04-19T12,1079.929
2026-04-19T13,902.302
2026-04-19T14,838.424
2026-04-19T15,802.41
2026-04-19T16,845.213
2026-04-19T17,839.385
2026-04-19T18,685.458
2026-04-19T19,625.209
2026-04-19T20,655.257
2026-04-19T21,658.467
2026-04-19T22,774.672
2026-04-19T23,1288.418
2026-04-20T00,1411.109
2026-04-20T01,1689.663
2026-04-20T02,1600.18
2026-04-20T03,1565.635
2026-04-20T04,1529.482
2026-04-20T05,1487.078
2026-04-20T06,1432.008
2026-04-20T07,1293.002
2026-04-20T08,1260.87
2026-04-20T09,1450.38
2026-04-20T10,1947.654
2026-04-20T11,1553.89
2026-04-20T12,1291.944
2026-04-20T13,1079.446
2026-04-20T14,1003.026
2026-04-20T15,959.942
2026-04-20T16,1011.148
2026-04-20T17,1004.176
2026-04-20T18,820.03
2026-04-20T19,747.952
2026-04-20T20,783.9
2026-04-20T21,787.74
2026-04-20T22,926.759
2026-04-20T23,1541.365
2026-04-21T00,1267.886
2026-04-21T01,1518.168
2026-04-21T02,1437.766
2026-04-21T03,1406.728
2026-04-21T04,1374.244
2026-04-21T05,1336.144
2026-04-21T06,1286.663
2026-04-21T07,1161.766
2026-04-21T08,1132.895
2026-04-21T09,1303.171
2026-04-21T10,1749.973
2026-04-21T11,1396.174
2026-04-21T12,1160.816
2026-04-21T13,969.885
2026-04-21T14,901.222
2026-04-21T15,862.511
2026-04-21T16,908.52
2026-04-21T17,902.255
2026-04-21T18,736.799
2026-04-21T19,672.037
2026-04-21T20,704.336
2026-04-21T21,707.787
2026-04-21T22,832.695
2026-04-21T23,1384.921
2026-04-22T00,1350.627
2026-04-22T01,1617.242
2026-04-22T02,1531.593
2026-04-22T03,1498.53
2026-04-22T04,1463.926
2026-04-22T05,1423.34
2026-04-22T06,1370.63
2026-04-22T07,1237.582
2026-04-22T08,1206.827
2026-04-22T09,1388.214
2026-04-22T10,1864.174
2026-04-22T11,1487.288
2026-04-22T12,1236.569
2026-04-22T13,1033.179
2026-04-22T14,960.035
2026-04-22T15,918.798
2026-04-22T16,967.809
2026-04-22T17,961.136
2026-04-22T18,784.882
2026-04-22T19,715.893
2026-04-22T20,750.301
2026-04-22T21,753.976
2026-04-22T22,887.036
2026-04-22T23,1475.3
2026-04-23T00,1148.398
2026-04-23T01,1375.093
2026-04-23T02,1302.268
2026-04-23T03,1274.155
2026-04-23T04,1244.732
2026-04-23T05,1210.224
2026-04-23T06,1165.406
2026-04-23T07,1052.279
2026-04-23T08,1026.129
2026-04-23T09,1180.357
2026-04-23T10,1585.052
2026-04-23T11,1264.596
2026-04-23T12,1051.418
2026-04-23T13,878.481
2026-04-23T14,816.289
2026-04-23T15,781.226
2026-04-23T16,822.899
2026-04-23T17,817.225
2026-04-23T18,667.362
2026-04-23T19,608.703
2026-04-23T20,637.958
2026-04-23T21,641.083
2026-04-23T22,754.221
2026-04-23T23,1254.404
2026-04-24T00,1196.078
2026-04-24T01,1432.185
2026-04-24T02,1356.337
2026-04-24T03,1327.057
2026-04-24T04,1296.412
2026-04-24T05,1260.47
2026-04-24T06,1213.792
2026-04-24T07,1095.968
2026-04-24T08,1068.733
2026-04-24T09,1229.364
2026-04-24T10,1650.861
2026-04-24T11,1317.101
2026-04-24T12,1095.072
2026-04-24T13,914.955
2026-04-24T14,850.18
2026-04-24T15,813.662
2026-04-24T16,857.065
2026-04-24T17,851.155
2026-04-24T18,695.07
2026-04-24T19,633.975
2026-04-24T20,664.445
2026-04-24T21,667.7
2026-04-24T22,785.535
2026-04-24T23,1306.485
2026-04-25T00,1213.949
2026-04-25T01,1453.583
2026-04-25T02,1376.602
2026-04-25T03,1346.885
2026-04-25T04,1315.782
2026-04-25T05,1279.303
2026-04-25T06,1231.928
2026-04-25T07,1112.344
2026-04-25T08,1084.701
2026-04-25T09,1247.733
2026-04-25T10,1675.527
2026-04-25T11,1336.78
2026-04-25T12,1111.434
2026-04-25T13,928.625
2026-04-25T14,862.883
2026-04-25T15,825.819
2026-04-25T16,869.871
2026-04-25T17,863.872
2026-04-25T18,705.455
2026-04-25T19,643.448
2026-04-25T20,674.373
2026-04-25T21,677.677
2026-04-25T22,797.272
2026-04-25T23,1326.005
2026-04-26T00,911.802
2026-04-26T01,1091.793
2026-04-26T02,1033.972
2026-04-26T03,1011.651
2026-04-26T04,988.29
2026-04-26T05,960.891
2026-04-26T06,925.306
2026-04-26T07,835.486
2026-04-26T08,814.724
2026-04-26T09,937.178
2026-04-26T10,1258.496
2026-04-26T11,1004.061
2026-04-26T12,834.803
2026-04-26T13,697.495
2026-04-26T14,648.115
2026-04-26T15,620.276
2026-04-26T16,653.364
2026-04-26T17,648.859
2026-04-26T18,529.871
2026-04-26T19,483.297
2026-04-26T20,506.525
2026-04-26T21,509.006
2026-04-26T22,598.834
2026-04-26T23,995.969
2026-04-27T00,1336.95
2026-04-27T01,1600.865
2026-04-27T02,1516.084
2026-04-27T03,1483.355
2026-04-27T04,1449.101
2026-04-27T05,1408.926
2026-04-27T06,1356.75
2026-04-27T07,1225.05
2026-04-27T08,1194.606
2026-04-27T09,1374.157
2026-04-27T10,1845.297
2026-04-27T11,1472.226
2026-04-27T12,1224.047
2026-04-27T13,1022.716
2026-04-27T14,950.313
2026-04-27T15,909.493
2026-04-27T16,958.008
2026-04-27T17,951.403
2026-04-27T18,776.934
2026-04-27T19,708.644
2026-04-27T20,742.703
2026-04-27T21,746.341
2026-04-27T22,878.054
2026-04-27T23,1460.36
2026-04-28T00,1181.526
2026-04-28T01,1414.761
2026-04-28T02,1339.836
2026-04-28T03,1310.912
2026-04-28T04,1280.64
2026-04-28T05,1245.135
2026-04-28T06,1199.025
2026-04-28T07,1082.635
2026-04-28T08,1055.73
2026-04-28T09,1214.408
2026-04-28T10,1630.777
2026-04-28T11,1301.077
2026-04-28T12,1081.749
2026-04-28T13,903.823
2026-04-28T14,839.837
2026-04-28T15,803.763
2026-04-28T16,846.638
2026-04-28T17,840.8
2026-04-28T18,686.614
2026-04-28T19,626.262
2026-04-28T20,656.362
2026-04-28T21,659.577
2026-04-28T22,775.978
2026-04-28T23,1290.59
2026-04-29T00,1186.288
2026-04-29T01,1420.462
2026-04-29T02,1345.235
2026-04-29T03,1316.195
2026-04-29T04,1285.801
2026-04-29T05,1250.153
2026-04-29T06,1203.857
2026-04-29T07,1086.998
2026-04-29T08,1059.985
2026-04-29T09,1219.302
2026-04-29T10,1637.349
2026-04-29T11,1306.32
2026-04-29T12,1086.109
2026-04-29T13,907.466
2026-04-29T14,843.221
2026-04-29T15,807.002
2026-04-29T16,850.05
2026-04-29T17,844.188
2026-04-29T18,689.381
2026-04-29T19,628.786
2026-04-29T20,659.007
2026-04-29T21,662.235
2026-04-29T22,779.105
2026-04-29T23,1295.791
2026-04-30T00,1158.199
2026-04-30T01,1386.829
2026-04-30T02,1313.383
2026-04-30T03,1285.03
2026-04-30T04,1255.356
2026-04-30T05,1220.552
2026-04-30T06,1175.352
2026-04-30T07,1061.26
2026-04-30T08,1034.887
2026-04-30T09,1190.431
2026-04-30T10,1598.58
2026-04-30T11,1275.389
2026-04-30T12,1060.392
2026-04-30T13,885.979
2026-04-30T14,823.256
2026-04-30T15,787.894
2026-04-30T16,829.922
2026-04-30T17,824.2
2026-04-30T18,673.058
2026-04-30T19,613.898
2026-04-30T20,643.403
2026-04-30T21,646.555
2026-04-30T22,760.658
2026-04-30T23,1265.109
2026-05-01T00,1374.761
2026-05-01T01,1646.141
2026-05-01T02,1558.962
2026-05-01T03,1525.307
2026-05-01T04,1490.085
2026-05-01T05,1448.774
2026-05-01T06,1395.122
2026-05-01T07,1259.697
2026-05-01T08,1228.392
2026-05-01T09,1413.021
2026-05-01T10,1897.485
2026-05-01T11,1513.864
2026-05-01T12,1258.666
2026-05-01T13,1051.641
2026-05-01T14,977.19
2026-05-01T15,935.216
2026-05-01T16,985.103
2026-05-01T17,978.31
2026-05-01T18,798.907
2026-05-01T19,728.686
2026-05-01T20,763.708
2026-05-01T21,767.449
2026-05-01T22,902.887
2026-05-01T23,1501.662
2026-05-02T00,951.32
2026-05-02T01,1139.111
2026-05-02T02,1078.784
2026-05-02T03,1055.496
2026-05-02T04,1031.122
2026-05-02T05,1002.535
2026-05-02T06,965.409
2026-05-02T07,871.696
2026-05-02T08,850.034
2026-05-02T09,977.795
2026-05-02T10,1313.039
2026-05-02T11,1047.577
2026-05-02T12,870.983
2026-05-02T13,727.724
2026-05-02T14,676.204
2026-05-02T15,647.159
2026-05-02T16,681.68
2026-05-02T17,676.98
2026-05-02T18,552.835
2026-05-02T19,504.243
2026-05-02T20,528.477
2026-05-02T21,531.066
2026-05-02T22,624.788
2026-05-02T23,1039.134
2026-05-03T00,910.978
2026-05-03T01,1090.805
2026-05-03T02,1033.037
2026-05-03T03,1010.736
2026-05-03T04,987.396
2026-05-03T05,960.021
2026-05-03T06,924.469
2026-05-03T07,834.731
2026-05-03T08,813.987
2026-05-03T09,936.33
2026-05-03T10,1257.358
2026-05-03T11,1003.153
2026-05-03T12,834.048
2026-05-03T13,696.864
2026-05-03T14,647.529
2026-05-03T15,619.715
2026-05-03T16,652.773
2026-05-03T17,648.272
2026-05-03T18,529.391
2026-05-03T19,482.859
2026-05-03T20,506.066
2026-05-03T21,508.546
2026-05-03T22,598.293
2026-05-03T23,995.068
2026-05-04T00,1118.999
2026-05-04T01,1339.89
2026-05-04T02,1268.93
2026-05-04T03,1241.537
2026-05-04T04,1212.867
2026-05-04T05,1179.241
2026-05-04T06,1135.571
2026-05-04T07,1025.341
2026-05-04T08,999.86
2026-05-04T09,1150.14
2026-05-04T10,1544.474
2026-05-04T11,1232.222
2026-05-04T12,1024.502
2026-05-04T13,855.992
2026-05-04T14,795.392
2026-05-04T15,761.227
2026-05-04T16,801.833
2026-05-04T17,796.304
2026-05-04T18,650.277
2026-05-04T19,593.12
2026-05-04T20,621.626
2026-05-04T21,624.672
2026-05-04T22,734.912
2026-05-04T23,1222.291
2026-05-05T00,1217.373
2026-05-05T01,1457.683
2026-05-05T02,1380.485
2026-05-05T03,1350.683
2026-05-05T04,1319.493
2026-05-05T05,1282.912
2026-05-05T06,1235.402
2026-05-05T07,1115.481
2026-05-05T08,1087.76
2026-05-05T09,1251.252
2026-05-05T10,1680.253
2026-05-05T11,1340.55
2026-05-05T12,1114.568
2026-05-05T13,931.245
2026-05-05T14,865.317
2026-05-05T15,828.148
2026-05-05T16,872.324
2026-05-05T17,866.309
2026-05-05T18,707.445
2026-05-05T19,645.263
2026-05-05T20,676.275
2026-05-05T21,679.588
2026-05-05T22,799.52
2026-05-05T23,1329.745
2026-05-06T00,1228.988
2026-05-06T01,1471.591
2026-05-06T02,1393.656
2026-05-06T03,1363.57
2026-05-06T04,1332.083
2026-05-06T05,1295.152
2026-05-06T06,1247.189
2026-05-06T07,1126.124
2026-05-06T08,1098.139
2026-05-06T09,1263.19
2026-05-06T10,1696.284
2026-05-06T11,1353.341
2026-05-06T12,1125.202
2026-05-06T13,940.13
2026-05-06T14,873.573
2026-05-06T15,836.049
2026-05-06T16,880.647
2026-05-06T17,874.574
2026-05-06T18,714.195
2026-05-06T19,651.419
2026-05-06T20,682.727
2026-05-06T21,686.072
2026-05-06T22,807.149
2026-05-06T23,1342.433
2026-05-07T00,1254.493
2026-05-07T01,1502.131
2026-05-07T02,1422.579
2026-05-07T03,1391.869
2026-05-07T04,1359.727
2026-05-07T05,1322.03
2026-05-07T06,1273.072
2026-05-07T07,1149.494
2026-05-07T08,1120.928
2026-05-07T09,1289.405
2026-05-07T10,1731.488
2026-05-07T11,1381.426
2026-05-07T12,1148.554
2026-05-07T13,959.64
2026-05-07T14,891.702
2026-05-07T15,853.4
2026-05-07T16,898.923
2026-05-07T17,892.725
2026-05-07T18,729.016
2026-05-07T19,664.938
2026-05-07T20,696.896
2026-05-07T21,700.31
2026-05-07T22,823.9
2026-05-07T23,1370.292
2026-05-08T00,1195.829
2026-05-08T01,1431.887
2026-05-08T02,1356.055
2026-05-08T03,1326.781
2026-05-08T04,1296.143
2026-05-08T05,1260.208
2026-05-08T06,1213.54
2026-05-08T07,1095.741
2026-05-08T08,1068.511
2026-05-08T09,1229.109
2026-05-08T10,1650.518
2026-05-08T11,1316.827
2026-05-08T12,1094.844
2026-05-08T13,914.765
2026-05-08T14,850.003
2026-05-08T15,813.493
2026-05-08T16,856.887
2026-05-08T17,850.978
2026-05-08T18,694.925
2026-05-08T19,633.844
2026-05-08T20,664.307
2026-05-08T21,667.562
2026-05-08T22,785.372
2026-05-08T23,1306.213
2026-05-09T00,1094.868
2026-05-09T01,1310.995
2026-05-09T02,1241.566
2026-05-09T03,1214.763
2026-05-09T04,1186.712
2026-05-09T05,1153.811
2026-05-09T06,1111.083
2026-05-09T07,1003.229
2026-05-09T08,978.298
2026-05-09T09,1125.337
2026-05-09T10,1511.168
2026-05-09T11,1205.65
2026-05-09T12,1002.408
2026-05-09T13,837.533
2026-05-09T14,778.239
2026-05-09T15,744.811
2026-05-09T16,784.541
2026-05-09T17,779.132
2026-05-09T18,636.254
2026-05-09T19,580.329
2026-05-09T20,608.221
2026-05-09T21,611.201
2026-05-09T22,719.064
2026-05-09T23,1195.932
2026-05-10T00,1399.393
2026-05-10T01,1675.634
2026-05-10T02,1586.894
2026-05-10T03,1552.636
2026-05-10T04,1516.783
2026-05-10T05,1474.731
2026-05-10T06,1420.118
2026-05-10T07,1282.267
2026-05-10T08,1250.401
2026-05-10T09,1438.338
2026-05-10T10,1931.483
2026-05-10T11,1540.988
2026-05-10T12,1281.217
2026-05-10T13,1070.483
2026-05-10T14,994.698
2026-05-10T15,951.972
2026-05-10T16,1002.753
2026-05-10T17,995.839
2026-05-10T18,813.221
2026-05-10T19,741.742
2026-05-10T20,777.391
2026-05-10T21,781.199
2026-05-10T22,919.064
2026-05-10T23,1528.567
2026-05-11T00,1435.06
2026-05-11T01,1718.342
2026-05-11T02,1627.339
2026-05-11T03,1592.209
2026-05-11T04,1555.441
2026-05-11T05,1512.318
2026-05-11T06,1456.313
2026-05-11T07,1314.948
2026-05-11T08,1282.27
2026-05-11T09,1474.997
2026-05-11T10,1980.711
2026-05-11T11,1580.264
2026-05-11T12,1313.872
2026-05-11T13,1097.767
2026-05-11T14,1020.05
2026-05-11T15,976.235
2026-05-11T16,1028.311
2026-05-11T17,1021.22
2026-05-11T18,833.948
2026-05-11T19,760.647
2026-05-11T20,797.205
2026-05-11T21,801.11
2026-05-11T22,942.488
2026-05-11T23,1567.527
2026-05-12T00,1203.381
2026-05-12T01,1440.929
2026-05-12T02,1364.618
2026-05-12T03,1335.159
2026-05-12T04,1304.327
2026-05-12T05,1268.166
2026-05-12T06,1221.203
2026-05-12T07,1102.66
2026-05-12T08,1075.258
2026-05-12T09,1236.87
2026-05-12T10,1660.941
2026-05-12T11,1325.142
2026-05-12T12,1101.758
2026-05-12T13,920.541
2026-05-12T14,855.371
2026-05-12T15,818.63
2026-05-12T16,862.298
2026-05-12T17,856.352
2026-05-12T18,699.314
2026-05-12T19,637.846
2026-05-12T20,668.502
2026-05-12T21,671.777
2026-05-12T22,790.331
2026-05-12T23,1314.462
2026-05-13T00,1185.137
2026-05-13T01,1419.084
2026-05-13T02,1343.93
2026-05-13T03,1314.917
2026-05-13T04,1284.553
2026-05-13T05,1248.94
2026-05-13T06,1202.689
2026-05-13T07,1085.943
2026-05-13T08,1058.956
2026-05-13T09,1218.119
2026-05-13T10,1635.76
2026-05-13T11,1305.052
2026-05-13T12,1085.054
2026-05-13T13,906.585
2026-05-13T14,842.403
2026-05-13T15,806.219
2026-05-13T16,849.225
2026-05-13T17,843.369
2026-05-13T18,688.712
2026-05-13T19,628.176
2026-05-13T20,658.367
2026-05-13T21,661.593
2026-05-13T22,778.349
2026-05-13T23,1294.534
2026-05-14T00,1242.745
2026-05-14T01,1488.064
2026-05-14T02,1409.257
2026-05-14T03,1378.834
2026-05-14T04,1346.994
2026-05-14T05,1309.65
2026-05-14T06,1261.15
2026-05-14T07,1138.73
2026-05-14T08,1110.431
2026-05-14T09,1277.33
2026-05-14T10,1715.272
2026-05-14T11,1368.49
2026-05-14T12,1137.798
2026-05-14T13,950.653
2026-05-14T14,883.351
2026-05-14T15,845.408
2026-05-14T16,890.505
2026-05-14T17,884.364
2026-05-14T18,722.189
2026-05-14T19,658.711
2026-05-14T20,690.37
2026-05-14T21,693.752
2026-05-14T22,816.184
2026-05-14T23,1357.46
2026-05-15T00,1212.071
2026-05-15T01,1451.335
2026-05-15T02,1374.473
2026-05-15T03,1344.801
2026-05-15T04,1313.747
2026-05-15T05,1277.325
2026-05-15T06,1230.022
2026-05-15T07,1110.623
2026-05-15T08,1083.023
2026-05-15T09,1245.803
2026-05-15T10,1672.936
2026-05-15T11,1334.712
2026-05-15T12,1109.714
2026-05-15T13,927.189
2026-05-15T14,861.548
2026-05-15T15,824.542
2026-05-15T16,868.525
2026-05-15T17,862.536
2026-05-15T18,704.364
2026-05-15T19,642.453
2026-05-15T20,673.33
2026-05-15T21,676.629
2026-05-15T22,796.039
2026-05-15T23,1323.954
2026-05-16T00,1287.561
2026-05-16T01,1541.727
2026-05-16T02,1460.078
2026-05-16T03,1428.558
2026-05-16T04,1395.569
2026-05-16T05,1356.879
2026-05-16T06,1306.63
2026-05-16T07,1179.795
2026-05-16T08,1150.476
2026-05-16T09,1323.393
2026-05-16T10,1777.129
2026-05-16T11,1417.84
2026-05-16T12,1178.829
2026-05-16T13,984.936
2026-05-16T14,915.207
2026-05-16T15,875.895
2026-05-16T16,922.618
2026-05-16T17,916.256
2026-05-16T18,748.233
2026-05-16T19,682.466
2026-05-16T20,715.266
2026-05-16T21,718.77
2026-05-16T22,845.617
2026-05-16T23,1406.412
2026-05-17T00,1271.586
2026-05-17T01,1522.598
2026-05-17T02,1441.962
2026-05-17T03,1410.834
2026-05-17T04,1378.254
2026-05-17T05,1340.044
2026-05-17T06,1290.419
2026-05-17T07,1165.157
2026-05-17T08,1136.202
2026-05-17T09,1306.974
2026-05-17T10,1755.08
2026-05-17T11,1400.249
2026-05-17T12,1164.204
2026-05-17T13,972.716
2026-05-17T14,903.852
2026-05-17T15,865.028
2026-05-17T16,911.171
2026-05-17T17,904.888
2026-05-17T18,738.95
2026-05-17T19,673.998
2026-05-17T20,706.392
2026-05-17T21,709.852
2026-05-17T22,835.126
2026-05-17T23,1388.963
2026-05-18T00,1378.876
2026-05-18T01,1651.067
2026-05-18T02,1563.627
2026-05-18T03,1529.872
2026-05-18T04,1494.544
2026-05-18T05,1453.109
2026-05-18T06,1399.297
2026-05-18T07,1263.466
2026-05-18T08,1232.068
2026-05-18T09,1417.249
2026-05-18T10,1903.164
2026-05-18T11,1518.394
2026-05-18T12,1262.433
2026-05-18T13,1054.788
2026-05-18T14,980.114
2026-05-18T15,938.014
2026-05-18T16,988.051
2026-05-18T17,981.238
2026-05-18T18,801.298
2026-05-18T19,730.866
2026-05-18T20,765.993
2026-05-18T21,769.746
2026-05-18T22,905.589
2026-05-18T23,1506.156
2026-05-19T00,1101.975
2026-05-19T01,1319.506
2026-05-19T02,1249.626
2026-05-19T03,1222.649
2026-05-19T04,1194.415
2026-05-19T05,1161.301
2026-05-19T06,1118.295
2026-05-19T07,1009.742
2026-05-19T08,984.649
2026-05-19T09,1132.643
2026-05-19T10,1520.978
2026-05-19T11,1213.476
2026-05-19T12,1008.916
2026-05-19T13,842.97
2026-05-19T14,783.291
2026-05-19T15,749.646
2026-05-19T16,789.634
2026-05-19T17,784.19
2026-05-19T18,640.385
2026-05-19T19,584.097
2026-05-19T20,612.169
2026-05-19T21,615.168
2026-05-19T22,723.732
2026-05-19T23,1203.696
2026-05-20T00,1207.359
2026-05-20T01,1445.692
2026-05-20T02,1369.129
2026-05-20T03,1339.573
2026-05-20T04,1308.639
2026-05-20T05,1272.358
2026-05-20T06,1225.24
2026-05-20T07,1106.305
2026-05-20T08,1078.812
2026-05-20T09,1240.959
2026-05-20T10,1666.431
2026-05-20T11,1329.523
2026-05-20T12,1105.4
2026-05-20T13,923.584
2026-05-20T14,858.199
2026-05-20T15,821.336
2026-05-20T16,865.148
2026-05-20T17,859.183
2026-05-20T18,701.625
2026-05-20T19,639.955
2026-05-20T20,670.712
2026-05-20T21,673.998
2026-05-20T22,792.944
2026-05-20T23,1318.807
2026-05-21T00,1176.813
2026-05-21T01,1409.117
2026-05-21T02,1334.491
2026-05-21T03,1305.682
2026-05-21T04,1275.531
2026-05-21T05,1240.168
2026-05-21T06,1194.241
2026-05-21T07,1078.316
2026-05-21T08,1051.519
2026-05-21T09,1209.563
2026-05-21T10,1624.271
2026-05-21T11,1295.886
2026-05-21T12,1077.434
2026-05-21T13,900.218
2026-05-21T14,836.486
2026-05-21T15,800.556
2026-05-21T16,843.26
2026-05-21T17,837.446
2026-05-21T18,683.875
2026-05-21T19,623.764
2026-05-21T20,653.743
2026-05-21T21,656.946
2026-05-21T22,772.882
2026-05-21T23,1285.441
2026-05-22T00,1142.744
2026-05-22T01,1368.322
2026-05-22T02,1295.857
2026-05-22T03,1267.882
2026-05-22T04,1238.604
2026-05-22T05,1204.265
2026-05-22T06,1159.668
2026-05-22T07,1047.098
2026-05-22T08,1021.077
2026-05-22T09,1174.546
2026-05-22T10,1577.248
2026-05-22T11,1258.37
2026-05-22T12,1046.242
2026-05-22T13,874.156
2026-05-22T14,812.27
2026-05-22T15,777.38
2026-05-22T16,818.848
2026-05-22T17,813.201
2026-05-22T18,664.076
2026-05-22T19,605.706
2026-05-22T20,634.817
2026-05-22T21,637.927
2026-05-22T22,750.507
2026-05-22T23,1248.228
2026-05-23T00,1183.854
2026-05-23T01,1417.548
2026-05-23T02,1342.475
2026-05-23T03,1313.494
2026-05-23T04,1283.163
2026-05-23T05,1247.589
2026-05-23T06,1201.387
2026-05-23T07,1084.768
2026-05-23T08,1057.81
2026-05-23T09,1216.8
2026-05-23T10,1633.99
2026-05-23T11,1303.64
2026-05-23T12,1083.88
2026-05-23T13,905.604
2026-05-23T14,841.491
2026-05-23T15,805.346
2026-05-23T16,848.306
2026-05-23T17,842.456
2026-05-23T18,687.966
2026-05-23T19,627.496
2026-05-23T20,657.655
2026-05-23T21,660.877
2026-05-23T22,777.507
2026-05-23T23,1293.133
2026-05-24T00,1390.415
2026-05-24T01,1664.884
2026-05-24T02,1576.712
2026-05-24T03,1542.675
2026-05-24T04,1507.051
2026-05-24T05,1465.27
2026-05-24T06,1411.007
2026-05-24T07,1274.04
2026-05-24T08,1242.379
2026-05-24T09,1429.11
2026-05-24T10,1919.091
2026-05-24T11,1531.101
2026-05-24T12,1272.997
2026-05-24T13,1063.615
2026-05-24T14,988.316
2026-05-24T15,945.864
2026-05-24T16,996.32
2026-05-24T17,989.449
2026-05-24T18,808.004
2026-05-24T19,736.983
2026-05-24T20,772.403
2026-05-24T21,776.187
2026-05-24T22,913.167
2026-05-24T23,1518.76
2026-05-25T00,1092.466
2026-05-25T01,1308.12
2026-05-25T02,1238.843
2026-05-25T03,1212.099
2026-05-25T04,1184.109
2026-05-25T05,1151.281
2026-05-25T06,1108.646
2026-05-25T07,1001.029
2026-05-25T08,976.153
2026-05-25T09,1122.869
2026-05-25T10,1507.854
2026-05-25T11,1203.005
2026-05-25T12,1000.21
2026-05-25T13,835.696
2026-05-25T14,776.532
2026-05-25T15,743.177
2026-05-25T16,782.821
2026-05-25T17,777.423
2026-05-25T18,634.859
2026-05-25T19,579.057
2026-05-25T20,606.887
2026-05-25T21,609.86
2026-05-25T22,717.487
2026-05-25T23,1193.309
2026-05-26T00,1150.428
2026-05-26T01,1377.523
2026-05-26T02,1304.57
2026-05-26T03,1276.408
2026-05-26T04,1246.933
2026-05-26T05,1212.363
2026-05-26T06,1167.466
2026-05-26T07,1054.139
2026-05-26T08,1027.943
2026-05-26T09,1182.444
2026-05-26T10,1587.854
2026-05-26T11,1266.832
2026-05-26T12,1053.277
2026-05-26T13,880.034
2026-05-26T14,817.732
2026-05-26T15,782.607
2026-05-26T16,824.354
2026-05-26T17,818.67
2026-05-26T18,668.542
2026-05-26T19,609.779
2026-05-26T20,639.086
2026-05-26T21,642.217
2026-05-26T22,755.554
2026-05-26T23,1256.621
2026-05-27T00,1196.084
2026-05-27T01,1432.192
2026-05-27T02,1356.344
2026-05-27T03,1327.064
2026-05-27T04,1296.419
2026-05-27T05,1260.477
2026-05-27T06,1213.798
2026-05-27T07,1095.974
2026-05-27T08,1068.738
2026-05-27T09,1229.371
2026-05-27T10,1650.87
2026-05-27T11,1317.108
2026-05-27T12,1095.077
2026-05-27T13,914.96
2026-05-27T14,850.185
2026-05-27T15,813.666
2026-05-27T16,857.069
2026-05-27T17,851.16
2026-05-27T18,695.074
2026-05-27T19,633.979
2026-05-27T20,664.449
2026-05-27T21,667.704
2026-05-27T22,785.539
2026-05-27T23,1306.492
2026-05-28T00,1245.227
2026-05-28T01,1491.036
2026-05-28T02,1412.071
2026-05-28T03,1381.588
2026-05-28T04,1349.684
2026-05-28T05,1312.265
2026-05-28T06,1263.669
2026-05-28T07,1141.004
2026-05-28T08,1112.649
2026-05-28T09,1279.881
2026-05-28T10,1718.698
2026-05-28T11,1371.223
2026-05-28T12,1140.07
2026-05-28T13,952.552
2026-05-28T14,885.116
2026-05-28T15,847.096
2026-05-28T16,892.283
2026-05-28T17,886.131
2026-05-28T18,723.632
2026-05-28T19,660.027
2026-05-28T20,691.749
2026-05-28T21,695.137
2026-05-28T22,817.814
2026-05-28T23,1360.17
2026-05-29T00,1172.611
2026-05-29T01,1404.085
2026-05-29T02,1329.725
2026-05-29T03,1301.02
2026-05-29T04,1270.976
2026-05-29T05,1235.74
2026-05-29T06,1189.977
2026-05-29T07,1074.466
2026-05-29T08,1047.764
2026-05-29T09,1205.244
2026-05-29T10,1618.471
2026-05-29T11,1291.259
2026-05-29T12,1073.586
2026-05-29T13,897.003
2026-05-29T14,833.5
2026-05-29T15,797.698
2026-05-29T16,840.249
2026-05-29T17,834.455
2026-05-29T18,681.433
2026-05-29T19,621.537
2026-05-29T20,651.409
2026-05-29T21,654.6
2026-05-29T22,770.123
2026-05-29T23,1280.852
2026-05-30T00,1194.312
2026-05-30T01,1430.07
2026-05-30T02,1354.334
2026-05-30T03,1325.098
2026-05-30T04,1294.498
2026-05-30T05,1258.61
2026-05-30T06,1212.0
2026-05-30T07,1094.351
2026-05-30T08,1067.155
2026-05-30T09,1227.549
2026-05-30T10,1648.424
2026-05-30T11,1315.156
2026-05-30T12,1093.455
2026-05-30T13,913.604
2026-05-30T14,848.925
2026-05-30T15,812.46
2026-05-30T16,855.8
2026-05-30T17,849.899
2026-05-30T18,694.044
2026-05-30T19,633.039
2026-05-30T20,663.464
2026-05-30T21,666.715
2026-05-30T22,784.375
2026-05-30T23,1304.556
2026-05-31T00,1148.395
2026-05-31T01,1375.09
2026-05-31T02,1302.266
2026-05-31T03,1274.153
2026-05-31T04,1244.73
2026-05-31T05,1210.221
2026-05-31T06,1165.403
2026-05-31T07,1052.277
2026-05-31T08,1026.127
2026-05-31T09,1180.355
2026-05-31T10,1585.049
2026-05-31T11,1264.594
2026-05-31T12,1051.416
2026-05-31T13,878.479
2026-05-31T14,816.287
2026-05-31T15,781.225
2026-05-31T16,822.897
2026-05-31T17,817.223
2026-05-31T18,667.36
2026-05-31T19,608.702
2026-05-31T20,637.957
2026-05-31T21,641.082
2026-05-31T22,754.219
2026-05-31T23,1254.401
2026-06-01T00,1331.084
2026-06-01T01,1593.841
2026-06-01T02,1509.432
2026-06-01T03,1476.846
2026-06-01T04,1442.743
2026-06-01T05,1402.744
2026-06-01T06,1350.797
2026-06-01T07,1219.674
2026-06-01T08,1189.364
2026-06-01T09,1368.127
2026-06-01T10,1837.2
2026-06-01T11,1465.767
2026-06-01T12,1218.676
2026-06-01T13,1018.229
2026-06-01T14,946.143
2026-06-01T15,905.503
2026-06-01T16,953.805
2026-06-01T17,947.228
2026-06-01T18,773.525
2026-06-01T19,705.535
2026-06-01T20,739.444
2026-06-01T21,743.066
2026-06-01T22,874.201
2026-06-01T23,1453.952
2026-06-02T00,1099.15
2026-06-02T01,1316.123
2026-06-02T02,1246.422
2026-06-02T03,1219.514
2026-06-02T04,1191.353
2026-06-02T05,1158.324
2026-06-02T06,1115.428
2026-06-02T07,1007.153
2026-06-02T08,982.124
2026-06-02T09,1129.739
2026-06-02T10,1517.078
2026-06-02T11,1210.365
2026-06-02T12,1006.329
2026-06-02T13,840.808
2026-06-02T14,781.283
2026-06-02T15,747.724
2026-06-02T16,787.61
2026-06-02T17,782.179
2026-06-02T18,638.743
2026-06-02T19,582.599
2026-06-02T20,610.6
2026-06-02T21,613.591
2026-06-02T22,721.877
2026-06-02T23,1200.609
2026-06-03T00,1212.372
2026-06-03T01,1451.695
2026-06-03T02,1374.814
2026-06-03T03,1345.135
2026-06-03T04,1314.073
2026-06-03T05,1277.642
2026-06-03T06,1230.327
2026-06-03T07,1110.899
2026-06-03T08,1083.292
2026-06-03T09,1246.112
2026-06-03T10,1673.351
2026-06-03T11,1335.044
2026-06-03T12,1109.99
2026-06-03T13,927.419
2026-06-03T14,861.762
2026-06-03T15,824.746
2026-06-03T16,868.741
2026-06-03T17,862.75
2026-06-03T18,704.539
2026-06-03T19,642.612
2026-06-03T20,673.497
2026-06-03T21,676.796
2026-06-03T22,796.236
2026-06-03T23,1324.283
2026-06-04T00,1085.399
2026-06-04T01,1299.658
2026-06-04T02,1230.829
2026-06-04T03,1204.258
2026-06-04T04,1176.449
2026-06-04T05,1143.833
2026-06-04T06,1101.474
2026-06-04T07,994.554
2026-06-04T08,969.838
2026-06-04T09,1115.606
2026-06-04T10,1498.1
2026-06-04T11,1195.224
2026-06-04T12,993.74
2026-06-04T13,830.29
2026-06-04T14,771.509
2026-06-04T15,738.37
2026-06-04T16,777.757
2026-06-04T17,772.394
2026-06-04T18,630.752
2026-06-04T19,575.311
2026-06-04T20,602.961
2026-06-04T21,605.915
2026-06-04T22,712.846
2026-06-04T23,1185.59
2026-06-05T00,1573.153
2026-06-05T01,1883.694
2026-06-05T02,1783.935
2026-06-05T03,1745.424
2026-06-05T04,1705.118
2026-06-05T05,1657.845
2026-06-05T06,1596.451
2026-06-05T07,1441.483
2026-06-05T08,1405.661
2026-06-05T09,1616.933
2026-06-05T10,2171.311
2026-06-05T11,1732.329
2026-06-05T12,1440.303
2026-06-05T13,1203.403
2026-06-05T14,1118.207
2026-06-05T15,1070.176
2026-06-05T16,1127.263
2026-06-05T17,1119.49
2026-06-05T18,914.197
2026-06-05T19,833.842
2026-06-05T20,873.918
2026-06-05T21,878.199
2026-06-05T22,1033.182
2026-06-05T23,1718.366
2026-06-06T00,1033.633
2026-06-06T01,1237.673
2026-06-06T02,1172.126
2026-06-06T03,1146.823
2026-06-06T04,1120.34
2026-06-06T05,1089.28
2026-06-06T06,1048.941
2026-06-06T07,947.12
2026-06-06T08,923.583
2026-06-06T09,1062.398
2026-06-06T10,1426.65
2026-06-06T11,1138.219
2026-06-06T12,946.345
2026-06-06T13,790.69
2026-06-06T14,734.713
2026-06-06T15,703.154
2026-06-06T16,740.663
2026-06-06T17,735.556
2026-06-06T18,600.669
2026-06-06T19,547.872
2026-06-06T20,574.204
2026-06-06T21,577.017
2026-06-06T22,678.848
2026-06-06T23,1129.045
2026-06-07T00,1572.325
2026-06-07T01,1882.704
2026-06-07T02,1782.996
2026-06-07T03,1744.506
2026-06-07T04,1704.221
2026-06-07T05,1656.974
2026-06-07T06,1595.611
2026-06-07T07,1440.725
2026-06-07T08,1404.921
2026-06-07T09,1616.083
2026-06-07T10,2170.169
2026-06-07T11,1731.418
2026-06-07T12,1439.546
2026-06-07T13,1202.77
2026-06-07T14,1117.619
2026-06-07T15,1069.613
2026-06-07T16,1126.67
2026-06-07T17,1118.901
2026-06-07T18,913.716
2026-06-07T19,833.404
2026-06-07T20,873.458
2026-06-07T21,877.737
2026-06-07T22,1032.639
2026-06-07T23,1717.463
2026-06-08T00,1378.016
2026-06-08T01,1650.038
2026-06-08T02,1562.653
2026-06-08T03,1528.918
2026-06-08T04,1493.612
2026-06-08T05,1452.204
2026-06-08T06,1398.425
2026-06-08T07,1262.679
2026-06-08T08,1231.3
2026-06-08T09,1416.366
2026-06-08T10,1901.978
2026-06-08T11,1517.448
2026-06-08T12,1261.646
2026-06-08T13,1054.131
2026-06-08T14,979.503
2026-06-08T15,937.43
2026-06-08T16,987.435
2026-06-08T17,980.626
2026-06-08T18,800.799
2026-06-08T19,730.411
2026-06-08T20,765.516
2026-06-08T21,769.266
2026-06-08T22,905.025
2026-06-08T23,1505.217
2026-06-09T00,1134.399
2026-06-09T01,1358.331
2026-06-09T02,1286.394
2026-06-09T03,1258.624
2026-06-09T04,1229.559
2026-06-09T05,1195.471
2026-06-09T06,1151.2
2026-06-09T07,1039.452
2026-06-09T08,1013.621
2026-06-09T09,1165.969
2026-06-09T10,1565.731
2026-06-09T11,1249.181
2026-06-09T12,1038.602
2026-06-09T13,867.773
2026-06-09T14,806.339
2026-06-09T15,771.703
2026-06-09T16,812.868
2026-06-09T17,807.263
2026-06-09T18,659.227
2026-06-09T19,601.283
2026-06-09T20,630.182
2026-06-09T21,633.269
2026-06-09T22,745.027
2026-06-09T23,1239.113
2026-06-10T00,1248.275
2026-06-10T01,1494.686
2026-06-10T02,1415.528
2026-06-10T03,1384.97
2026-06-10T04,1352.988
2026-06-10T05,1315.478
2026-06-10T06,1266.762
2026-06-10T07,1143.797
2026-06-10T08,1115.373
2026-06-10T09,1283.014
2026-06-10T10,1722.906
2026-06-10T11,1374.58
2026-06-10T12,1142.861
2026-06-10T13,954.884
2026-06-10T14,887.282
2026-06-10T15,849.17
2026-06-10T16,894.468
2026-06-10T17,888.3
2026-06-10T18,725.403
2026-06-10T19,661.642
2026-06-10T20,693.442
2026-06-10T21,696.839
2026-06-10T22,819.816
2026-06-10T23,1363.5
2026-06-11T00,1004.917
2026-06-11T01,1203.288
2026-06-11T02,1139.562
2026-06-11T03,1114.962
2026-06-11T04,1089.215
2026-06-11T05,1059.018
2026-06-11T06,1019.8
2026-06-11T07,920.807
2026-06-11T08,897.924
2026-06-11T09,1032.883
2026-06-11T10,1387.015
2026-06-11T11,1106.597
2026-06-11T12,920.054
2026-06-11T13,768.724
2026-06-11T14,714.301
2026-06-11T15,683.62
2026-06-11T16,720.086
2026-06-11T17,715.121
2026-06-11T18,583.981
2026-06-11T19,532.651
2026-06-11T20,558.251
2026-06-11T21,560.986
2026-06-11T22,659.988
2026-06-11T23,1097.678
2026-06-12T00,1061.729
2026-06-12T01,1271.315
2026-06-12T02,1203.987
2026-06-12T03,1177.996
2026-06-12T04,1150.793
2026-06-12T05,1118.889
2026-06-12T06,1077.453
2026-06-12T07,972.865
2026-06-12T08,948.688
2026-06-12T09,1091.277
2026-06-12T10,1465.429
2026-06-12T11,1169.158
2026-06-12T12,972.068
2026-06-12T13,812.183
2026-06-12T14,754.684
2026-06-12T15,722.268
2026-06-12T16,760.796
2026-06-12T17,755.55
2026-06-12T18,616.997
2026-06-12T19,562.765
2026-06-12T20,589.812
2026-06-12T21,592.701
2026-06-12T22,697.3
2026-06-12T23,1159.735
2026-06-13T00,1233.867
2026-06-13T01,1477.434
2026-06-13T02,1399.189
2026-06-13T03,1368.984
2026-06-13T04,1337.371
2026-06-13T05,1300.294
2026-06-13T06,1252.141
2026-06-13T07,1130.595
2026-06-13T08,1102.499
2026-06-13T09,1268.205
2026-06-13T10,1703.019
2026-06-13T11,1358.714
2026-06-13T12,1129.67
2026-06-13T13,943.862
2026-06-13T14,877.041
2026-06-13T15,839.369
2026-06-13T16,884.143
2026-06-13T17,878.047
2026-06-13T18,717.03
2026-06-13T19,654.005
2026-06-13T20,685.438
2026-06-13T21,688.796
2026-06-13T22,810.353
2026-06-13T23,1347.762
2026-06-14T00,1254.974
2026-06-14T01,1502.707
2026-06-14T02,1423.124
2026-06-14T03,1392.402
2026-06-14T04,1360.248
2026-06-14T05,1322.537
2026-06-14T06,1273.56
2026-06-14T07,1149.935
2026-06-14T08,1121.358
2026-06-14T09,1289.899
2026-06-14T10,1732.151
2026-06-14T11,1381.956
2026-06-14T12,1148.994
2026-06-14T13,960.008
2026-06-14T14,892.044
2026-06-14T15,853.727
2026-06-14T16,899.268
2026-06-14T17,893.067
2026-06-14T18,729.296
2026-06-14T19,665.193
2026-06-14T20,697.163
2026-06-14T21,700.579
2026-06-14T22,824.215
2026-06-14T23,1370.817
2026-06-15T00,1388.071
2026-06-15T01,1662.077
2026-06-15T02,1574.054
2026-06-15T03,1540.074
2026-06-15T04,1504.51
2026-06-15T05,1462.799
2026-06-15T06,1408.628
2026-06-15T07,1271.892
2026-06-15T08,1240.284
2026-06-15T09,1426.7
2026-06-15T10,1915.855
2026-06-15T11,1528.52
2026-06-15T12,1270.851
2026-06-15T13,1061.822
2026-06-15T14,986.65
2026-06-15T15,944.27
2026-06-15T16,994.64
2026-06-15T17,987.781
2026-06-15T18,806.642
2026-06-15T19,735.74
2026-06-15T20,771.101
2026-06-15T21,774.879
2026-06-15T22,911.628
2026-06-15T23,1516.2
2026-06-16T00,1470.178
2026-06-16T01,1760.393
2026-06-16T02,1667.163
2026-06-16T03,1631.173
2026-06-16T04,1593.505
2026-06-16T05,1549.327
2026-06-16T06,1491.951
2026-06-16T07,1347.127
2026-06-16T08,1313.65
2026-06-16T09,1511.093
2026-06-16T10,2029.182
2026-06-16T11,1618.935
2026-06-16T12,1346.025
2026-06-16T13,1124.631
2026-06-16T14,1045.012
2026-06-16T15,1000.125
2026-06-16T16,1053.475
2026-06-16T17,1046.211
2026-06-16T18,854.356
2026-06-16T19,779.261
2026-06-16T20,816.714
2026-06-16T21,820.715
2026-06-16T22,965.553
2026-06-16T23,1605.886
2026-06-17T00,1163.094
2026-06-17T01,1392.689
2026-06-17T02,1318.933
2026-06-17T03,1290.46
2026-06-17T04,1260.661
2026-06-17T05,1225.71
2026-06-17T06,1180.319
2026-06-17T07,1065.745
2026-06-17T08,1039.26
2026-06-17T09,1195.462
2026-06-17T10,1605.335
2026-06-17T11,1280.779
2026-06-17T12,1064.873
2026-06-17T13,889.723
2026-06-17T14,826.735
2026-06-17T15,791.223
2026-06-17T16,833.43
2026-06-17T17,827.683
2026-06-17T18,675.902
2026-06-17T19,616.492
2026-06-17T20,646.122
2026-06-17T21,649.287
2026-06-17T22,763.872
2026-06-17T23,1270.456
2026-06-18T00,1242.896
2026-06-18T01,1488.244
2026-06-18T02,1409.428
2026-06-18T03,1379.001
2026-06-18T04,1347.157
2026-06-18T05,1309.809
2026-06-18T06,1261.303
2026-06-18T07,1138.868
2026-06-18T08,1110.566
2026-06-18T09,1277.485
2026-06-18T10,1715.481
2026-06-18T11,1368.656
2026-06-18T12,1137.936
2026-06-18T13,950.769
2026-06-18T14,883.459
2026-06-18T15,845.511
2026-06-18T16,890.613
2026-06-18T17,884.472
2026-06-18T18,722.277
2026-06-18T19,658.791
2026-06-18T20,690.454
2026-06-18T21,693.836
2026-06-18T22,816.283
2026-06-18T23,1357.624
2026-06-19T00,1057.206
2026-06-19T01,1265.9
2026-06-19T02,1198.858
2026-06-19T03,1172.977
2026-06-19T04,1145.891
2026-06-19T05,1114.122
2026-06-19T06,1072.863
2026-06-19T07,968.72
2026-06-19T08,944.646
2026-06-19T09,1086.628
2026-06-19T10,1459.186
2026-06-19T11,1164.178
2026-06-19T12,967.927
2026-06-19T13,808.723
2026-06-19T14,751.469
2026-06-19T15,719.191
2026-06-19T16,757.555
2026-06-19T17,752.331
2026-06-19T18,614.368
2026-06-19T19,560.367
2026-06-19T20,587.299
2026-06-19T21,590.176
2026-06-19T22,694.33
2026-06-19T23,1154.794
2026-06-20T00,1397.318
2026-06-20T01,1673.15
2026-06-20T02,1584.54
2026-06-20T03,1550.334
2026-06-20T04,1514.533
2026-06-20T05,1472.544
2026-06-20T06,1418.012
2026-06-20T07,1280.365
2026-06-20T08,1248.547
2026-06-20T09,1436.205
2026-06-20T10,1928.618
2026-06-20T11,1538.703
2026-06-20T12,1279.317
2026-06-20T13,1068.896
2026-06-20T14,993.223
2026-06-20T15,950.56
2026-06-20T16,1001.266
2026-06-20T17,994.362
2026-06-20T18,812.015
2026-06-20T19,740.642
2026-06-20T20,776.238
2026-06-20T21,780.041
2026-06-20T22,917.701
2026-06-20T23,1526.301
2026-06-21T00,1245.887
2026-06-21T01,1491.826
2026-06-21T02,1412.82
2026-06-21T03,1382.32
2026-06-21T04,1350.399
2026-06-21T05,1312.961
2026-06-21T06,1264.339
2026-06-21T07,1141.609
2026-06-21T08,1113.239
2026-06-21T09,1280.56
2026-06-21T10,1719.609
2026-06-21T11,1371.95
2026-06-21T12,1140.675
2026-06-21T13,953.057
2026-06-21T14,885.585
2026-06-21T15,847.546
2026-06-21T16,892.756
2026-06-21T17,886.6
2026-06-21T18,724.015
2026-06-21T19,660.376
2026-06-21T20,692.115
2026-06-21T21,695.506
2026-06-21T22,818.247
2026-06-21T23,1360.892
2026-06-22T00,1362.724
2026-06-22T01,1631.727
2026-06-22T02,1545.312
2026-06-22T03,1511.952
2026-06-22T04,1477.038
2026-06-22T05,1436.088
2026-06-22T06,1382.906
2026-06-22T07,1248.667
2026-06-22T08,1217.636
2026-06-22T09,1400.648
2026-06-22T10,1880.871
2026-06-22T11,1500.609
2026-06-22T12,1247.645
2026-06-22T13,1042.433
2026-06-22T14,968.633
2026-06-22T15,927.027
2026-06-22T16,976.478
2026-06-22T17,969.744
2026-06-22T18,791.912
2026-06-22T19,722.305
2026-06-22T20,757.021
2026-06-22T21,760.729
2026-06-22T22,894.981
2026-06-22T23,1488.514
2026-06-23T00,1180.532
2026-06-23T01,1413.57
2026-06-23T02,1338.708
2026-06-23T03,1309.808
2026-06-23T04,1279.562
2026-06-23T05,1244.087
2026-06-23T06,1198.015
2026-06-23T07,1081.723
2026-06-23T08,1054.842
2026-06-23T09,1213.385
2026-06-23T10,1629.404
2026-06-23T11,1299.981
2026-06-23T12,1080.838
2026-06-23T13,903.062
2026-06-23T14,839.13
2026-06-23T15,803.086
2026-06-23T16,845.925
2026-06-23T17,840.092
2026-06-23T18,686.036
2026-06-23T19,625.735
2026-06-23T20,655.809
2026-06-23T21,659.022
2026-06-23T22,775.325
2026-06-23T23,1289.503
2026-06-24T00,1297.626
2026-06-24T01,1553.778
2026-06-24T02,1471.491
2026-06-24T03,1439.725
2026-06-24T04,1406.479
2026-06-24T05,1367.485
2026-06-24T06,1316.844
2026-06-24T07,1189.017
2026-06-24T08,1159.469
2026-06-24T09,1333.738
2026-06-24T10,1791.021
2026-06-24T11,1428.924
2026-06-24T12,1188.044
2026-06-24T13,992.635
2026-06-24T14,922.361
2026-06-24T15,882.742
2026-06-24T16,929.831
2026-06-24T17,923.419
2026-06-24T18,754.082
2026-06-24T19,687.801
2026-06-24T20,720.857
2026-06-24T21,724.389
2026-06-24T22,852.228
2026-06-24T23,1417.407
2026-06-25T00,1210.213
2026-06-25T01,1449.111
2026-06-25T02,1372.366
2026-06-25T03,1342.74
2026-06-25T04,1311.733
2026-06-25T05,1275.367
2026-06-25T06,1228.137
2026-06-25T07,1108.921
2026-06-25T08,1081.363
2026-06-25T09,1243.893
2026-06-25T10,1670.372
2026-06-25T11,1332.667
2026-06-25T12,1108.014
2026-06-25T13,925.768
2026-06-25T14,860.228
2026-06-25T15,823.278
2026-06-25T16,867.194
2026-06-25T17,861.214
2026-06-25T18,703.284
2026-06-25T19,641.468
2026-06-25T20,672.298
2026-06-25T21,675.591
2026-06-25T22,794.819
2026-06-25T23,1321.925
2026-06-26T00,1196.904
2026-06-26T01,1433.174
2026-06-26T02,1357.274
2026-06-26T03,1327.973
2026-06-26T04,1297.308
2026-06-26T05,1261.341
2026-06-26T06,1214.63
2026-06-26T07,1096.726
2026-06-26T08,1069.471
2026-06-26T09,1230.213
2026-06-26T10,1652.002
2026-06-26T11,1318.011
2026-06-26T12,1095.828
2026-06-26T13,915.587
2026-06-26T14,850.767
2026-06-26T15,814.224
2026-06-26T16,857.657
2026-06-26T17,851.743
2026-06-26T18,695.55
2026-06-26T19,634.413
2026-06-26T20,664.904
2026-06-26T21,668.162
2026-06-26T22,786.078
2026-06-26T23,1307.387
2026-06-27T00,951.816
2026-06-27T01,1139.705
2026-06-27T02,1079.347
2026-06-27T03,1056.046
2026-06-27T04,1031.66
2026-06-27T05,1003.058
2026-06-27T06,965.912
2026-06-27T07,872.15
2026-06-27T08,850.477
2026-06-27T09,978.304
2026-06-27T10,1313.723
2026-06-27T11,1048.123
2026-06-27T12,871.437
2026-06-27T13,728.103
2026-06-27T14,676.557
2026-06-27T15,647.496
2026-06-27T16,682.036
2026-06-27T17,677.333
2026-06-27T18,553.123
2026-06-27T19,504.505
2026-06-27T20,528.753
2026-06-27T21,531.343
2026-06-27T22,625.113
2026-06-27T23,1039.675
2026-06-28T00,945.31
2026-06-28T01,1131.915
2026-06-28T02,1071.969
2026-06-28T03,1048.828
2026-06-28T04,1024.608
2026-06-28T05,996.202
2026-06-28T06,959.31
2026-06-28T07,866.189
2026-06-28T08,844.664
2026-06-28T09,971.617
2026-06-28T10,1304.744
2026-06-28T11,1040.959
2026-06-28T12,865.481
2026-06-28T13,723.127
2026-06-28T14,671.933
2026-06-28T15,643.071
2026-06-28T16,677.374
2026-06-28T17,672.703
2026-06-28T18,549.343
2026-06-28T19,501.057
2026-06-28T20,525.139
2026-06-28T21,527.711
2026-06-28T22,620.841
2026-06-28T23,1032.569
2026-06-29T00,1293.149
2026-06-29T01,1548.418
2026-06-29T02,1466.414
2026-06-29T03,1434.758
2026-06-29T04,1401.626
2026-06-29T05,1362.767
2026-06-29T06,1312.301
2026-06-29T07,1184.915
2026-06-29T08,1155.469
2026-06-29T09,1329.137
2026-06-29T10,1784.842
2026-06-29T11,1423.994
2026-06-29T12,1183.945
2026-06-29T13,989.211
2026-06-29T14,919.179
2026-06-29T15,879.697
2026-06-29T16,926.623
2026-06-29T17,920.233
2026-06-29T18,751.48
2026-06-29T19,685.427
2026-06-29T20,718.37
2026-06-29T21,721.89
2026-06-29T22,849.287
2026-06-29T23,1412.516
2026-06-30T00,1156.823
2026-06-30T01,1385.181
2026-06-30T02,1311.822
2026-06-30T03,1283.503
2026-06-30T04,1253.864
2026-06-30T05,1219.102
2026-06-30T06,1173.956
2026-06-30T07,1059.999
2026-06-30T08,1033.657
2026-06-30T09,1189.017
2026-06-30T10,1596.681
2026-06-30T11,1273.874
2026-06-30T12,1059.132
2026-06-30T13,884.926
2026-06-30T14,822.278
2026-06-30T15,786.958
2026-06-30T16,828.936
2026-06-30T17,823.221
2026-06-30T18,672.258
2026-06-30T19,613.169
2026-06-30T20,642.639
2026-06-30T21,645.787
2026-06-30T22,759.754
2026-06-30T23,1263.607
2026-07-01T00,1558.552
2026-07-01T01,1866.211
2026-07-01T02,1767.378
2026-07-01T03,1729.224
2026-07-01T04,1689.292
2026-07-01T05,1642.459
2026-07-01T06,1581.634
2026-07-01T07,1428.104
2026-07-01T08,1392.614
2026-07-01T09,1601.926
2026-07-01T10,2151.158
2026-07-01T11,1716.251
2026-07-01T12,1426.936
2026-07-01T13,1192.234
2026-07-01T14,1107.829
2026-07-01T15,1060.244
2026-07-01T16,1116.8
2026-07-01T17,1109.099
2026-07-01T18,905.712
2026-07-01T19,826.103
2026-07-01T20,865.807
2026-07-01T21,870.048
2026-07-01T22,1023.593
2026-07-01T23,1702.418
2026-07-02T00,1225.849
2026-07-02T01,1467.833
2026-07-02T02,1390.097
2026-07-02T03,1360.088
2026-07-02T04,1328.681
2026-07-02T05,1291.844
2026-07-02T06,1244.004
2026-07-02T07,1123.248
2026-07-02T08,1095.334
2026-07-02T09,1259.964
2026-07-02T10,1691.952
2026-07-02T11,1349.884
2026-07-02T12,1122.329
2026-07-02T13,937.729
2026-07-02T14,871.342
2026-07-02T15,833.914
2026-07-02T16,878.398
2026-07-02T17,872.341
2026-07-02T18,712.371
2026-07-02T19,649.755
2026-07-02T20,680.984
2026-07-02T21,684.32
2026-07-02T22,805.087
2026-07-02T23,1339.004
2026-07-03T00,1162.905
2026-07-03T01,1392.464
2026-07-03T02,1318.72
2026-07-03T03,1290.252
2026-07-03T04,1260.457
2026-07-03T05,1225.512
2026-07-03T06,1180.128
2026-07-03T07,1065.573
2026-07-03T08,1039.092
2026-07-03T09,1195.269
2026-07-03T10,1605.076
2026-07-03T11,1280.572
2026-07-03T12,1064.701
2026-07-03T13,889.579
2026-07-03T14,826.601
2026-07-03T15,791.095
2026-07-03T16,833.295
2026-07-03T17,827.549
2026-07-03T18,675.793
2026-07-03T19,616.393
2026-07-03T20,646.017
2026-07-03T21,649.182
2026-07-03T22,763.749
2026-07-03T23,1270.25
2026-07-04T00,1532.084
2026-07-04T01,1834.519
2026-07-04T02,1737.364
2026-07-04T03,1699.858
2026-07-04T04,1660.605
2026-07-04T05,1614.566
2026-07-04T06,1554.775
2026-07-04T07,1403.852
2026-07-04T08,1368.965
2026-07-04T09,1574.722
2026-07-04T10,2114.627
2026-07-04T11,1687.106
2026-07-04T12,1402.703
2026-07-04T13,1171.987
2026-07-04T14,1089.016
2026-07-04T15,1042.239
2026-07-04T16,1097.835
2026-07-04T17,1090.265
2026-07-04T18,890.332
2026-07-04T19,812.074
2026-07-04T20,851.104
2026-07-04T21,855.273
2026-07-04T22,1006.21
2026-07-04T23,1673.507
2026-07-05T00,955.012
2026-07-05T01,1143.532
2026-07-05T02,1082.971
2026-07-05T03,1059.592
2026-07-05T04,1035.124
2026-07-05T05,1006.426
2026-07-05T06,969.155
2026-07-05T07,875.079
2026-07-05T08,853.333
2026-07-05T09,981.589
2026-07-05T10,1318.135
2026-07-05T11,1051.643
2026-07-05T12,874.363
2026-07-05T13,730.548
2026-07-05T14,678.829
2026-07-05T15,649.67
2026-07-05T16,684.326
2026-07-05T17,679.607
2026-07-05T18,554.98
2026-07-05T19,506.199
2026-07-05T20,530.528
2026-07-05T21,533.127
2026-07-05T22,627.213
2026-07-05T23,1043.166
2026-07-06T00,1158.063
2026-07-06T01,1386.665
2026-07-06T02,1313.228
2026-07-06T03,1284.878
2026-07-06T04,1255.208
2026-07-06T05,1220.408
2026-07-06T06,1175.213
2026-07-06T07,1061.135
2026-07-06T08,1034.765
2026-07-06T09,1190.291
2026-07-06T10,1598.391
2026-07-06T11,1275.239
2026-07-06T12,1060.267
2026-07-06T13,885.874
2026-07-06T14,823.159
2026-07-06T15,787.801
2026-07-06T16,829.825
2026-07-06T17,824.103
2026-07-06T18,672.978
2026-07-06T19,613.826
2026-07-06T20,643.327
2026-07-06T21,646.479
2026-07-06T22,760.568
2026-07-06T23,1264.96
2026-07-07T00,1242.247
2026-07-07T01,1487.468
2026-07-07T02,1408.692
2026-07-07T03,1378.282
2026-07-07T04,1346.454
2026-07-07T05,1309.125
2026-07-07T06,1260.645
2026-07-07T07,1138.273
2026-07-07T08,1109.986
2026-07-07T09,1276.818
2026-07-07T10,1714.585
2026-07-07T11,1367.941
2026-07-07T12,1137.342
2026-07-07T13,950.272
2026-07-07T14,882.997
2026-07-07T15,845.069
2026-07-07T16,890.148
2026-07-07T17,884.01
2026-07-07T18,721.9
2026-07-07T19,658.447
2026-07-07T20,690.093
2026-07-07T21,693.474
2026-07-07T22,815.857
2026-07-07T23,1356.916
2026-07-08T00,1168.821
2026-07-08T01,1399.548
2026-07-08T02,1325.428
2026-07-08T03,1296.815
2026-07-08T04,1266.869
2026-07-08T05,1231.746
2026-07-08T06,1186.132
2026-07-08T07,1070.993
2026-07-08T08,1044.378
2026-07-08T09,1201.349
2026-07-08T10,1613.241
2026-07-08T11,1287.086
2026-07-08T12,1070.117
2026-07-08T13,894.105
2026-07-08T14,830.806
2026-07-08T15,795.12
2026-07-08T16,837.534
2026-07-08T17,831.759
2026-07-08T18,679.23
2026-07-08T19,619.528
2026-07-08T20,649.304
2026-07-08T21,652.485
2026-07-08T22,767.634
2026-07-08T23,1276.712
2026-07-09T00,1152.58
2026-07-09T01,1380.101
2026-07-09T02,1307.011
2026-07-09T03,1278.796
2026-07-09T04,1249.266
2026-07-09T05,1214.631
2026-07-09T06,1169.65
2026-07-09T07,1056.112
2026-07-09T08,1029.866
2026-07-09T09,1184.656
2026-07-09T10,1590.825
2026-07-09T11,1269.202
2026-07-09T12,1055.247
2026-07-09T13,881.681
2026-07-09T14,819.262
2026-07-09T15,784.071
2026-07-09T16,825.896
2026-07-09T17,820.201
2026-07-09T18,669.792
2026-07-09T19,610.92
2026-07-09T20,640.282
2026-07-09T21,643.418
2026-07-09T22,756.967
2026-07-09T23,1258.972
2026-07-10T00,1201.256
2026-07-10T01,1438.385
2026-07-10T02,1362.209
2026-07-10T03,1332.802
2026-07-10T04,1302.025
2026-07-10T05,1265.928
2026-07-10T06,1219.047
2026-07-10T07,1100.714
2026-07-10T08,1073.36
2026-07-10T09,1234.687
2026-07-10T10,1658.009
2026-07-10T11,1322.803
2026-07-10T12,1099.813
2026-07-10T13,918.916
2026-07-10T14,853.861
2026-07-10T15,817.185
2026-07-10T16,860.776
2026-07-10T17,854.84
2026-07-10T18,698.079
2026-07-10T19,636.72
2026-07-10T20,667.322
2026-07-10T21,670.591
2026-07-10T22,788.936
2026-07-10T23,1312.141
2026-07-11T00,1058.348
2026-07-11T01,1267.267
2026-07-11T02,1200.153
2026-07-11T03,1174.245
2026-07-11T04,1147.129
2026-07-11T05,1115.326
2026-07-11T06,1074.023
2026-07-11T07,969.767
2026-07-11T08,945.667
2026-07-11T09,1087.802
2026-07-11T10,1460.763
2026-07-11T11,1165.435
2026-07-11T12,968.973
2026-07-11T13,809.597
2026-07-11T14,752.281
2026-07-11T15,719.968
2026-07-11T16,758.373
2026-07-11T17,753.144
2026-07-11T18,615.032
2026-07-11T19,560.973
2026-07-11T20,587.934
2026-07-11T21,590.814
2026-07-11T22,695.08
2026-07-11T23,1156.042
2026-07-12T00,923.006
2026-07-12T01,1105.208
2026-07-12T02,1046.677
2026-07-12T03,1024.081
2026-07-12T04,1000.433
2026-07-12T05,972.697
2026-07-12T06,936.676
2026-07-12T07,845.752
2026-07-12T08,824.734
2026-07-12T09,948.693
2026-07-12T10,1273.959
2026-07-12T11,1016.398
2026-07-12T12,845.06
2026-07-12T13,706.065
2026-07-12T14,656.079
2026-07-12T15,627.898
2026-07-12T16,661.392
2026-07-12T17,656.831
2026-07-12T18,536.381
2026-07-12T19,489.235
2026-07-12T20,512.748
2026-07-12T21,515.26
2026-07-12T22,606.192
2026-07-12T23,1008.206
2026-07-13T00,1146.65
2026-07-13T01,1373.0
2026-07-13T02,1300.287
2026-07-13T03,1272.216
2026-07-13T04,1242.838
2026-07-13T05,1208.382
2026-07-13T06,1163.632
2026-07-13T07,1050.678
2026-07-13T08,1024.568
2026-07-13T09,1178.561
2026-07-13T10,1582.64
2026-07-13T11,1262.672
2026-07-13T12,1049.818
2026-07-13T13,877.145
2026-07-13T14,815.047
2026-07-13T15,780.037
2026-07-13T16,821.647
2026-07-13T17,815.981
2026-07-13T18,666.346
2026-07-13T19,607.777
2026-07-13T20,636.987
2026-07-13T21,640.108
2026-07-13T22,753.073
2026-07-13T23,1252.495
2026-07-14T00,1192.031
2026-07-14T01,1427.339
2026-07-14T02,1351.748
2026-07-14T03,1322.567
2026-07-14T04,1292.026
2026-07-14T05,1256.206
2026-07-14T06,1209.685
2026-07-14T07,1092.261
2026-07-14T08,1065.117
2026-07-14T09,1225.205
2026-07-14T10,1645.276
2026-07-14T11,1312.645
2026-07-14T12,1091.367
2026-07-14T13,911.859
2026-07-14T14,847.304
2026-07-14T15,810.909
2026-07-14T16,854.165
2026-07-14T17,848.276
2026-07-14T18,692.718
2026-07-14T19,631.831
2026-07-14T20,662.198
2026-07-14T21,665.442
2026-07-14T22,782.877
2026-07-14T23,1302.065
2026-07-15T00,1287.704
2026-07-15T01,1541.897
2026-07-15T02,1460.239
2026-07-15T03,1428.716
2026-07-15T04,1395.724
2026-07-15T05,1357.029
2026-07-15T06,1306.775
2026-07-15T07,1179.925
2026-07-15T08,1150.603
2026-07-15T09,1323.54
2026-07-15T10,1777.326
2026-07-15T11,1417.997
2026-07-15T12,1178.96
2026-07-15T13,985.045
2026-07-15T14,915.308
2026-07-15T15,875.992
2026-07-15T16,922.721
2026-07-15T17,916.358
2026-07-15T18,748.316
2026-07-15T19,682.541
2026-07-15T20,715.345
2026-07-15T21,718.85
2026-07-15T22,845.711
2026-07-15T23,1406.568
2026-07-16T00,1229.314
2026-07-16T01,1471.982
2026-07-16T02,1394.026
2026-07-16T03,1363.932
2026-07-16T04,1332.436
2026-07-16T05,1295.496
2026-07-16T06,1247.52
2026-07-16T07,1126.423
2026-07-16T08,1098.43
2026-07-16T09,1263.525
2026-07-16T10,1696.735
2026-07-16T11,1353.7
2026-07-16T12,1125.501
2026-07-16T13,940.379
2026-07-16T14,873.805
2026-07-16T15,836.271
2026-07-16T16,880.881
2026-07-16T17,874.807
2026-07-16T18,714.384
2026-07-16T19,651.592
2026-07-16T20,682.909
2026-07-16T21,686.254
2026-07-16T22,807.363
2026-07-16T23,1342.789
2026-07-17T00,1028.144
2026-07-17T01,1231.101
2026-07-17T02,1165.902
2026-07-17T03,1140.733
2026-07-17T04,1114.391
2026-07-17T05,1083.496
2026-07-17T06,1043.371
2026-07-17T07,942.091
2026-07-17T08,918.679
2026-07-17T09,1056.757
2026-07-17T10,1419.075
2026-07-17T11,1132.175
2026-07-17T12,941.32
2026-07-17T13,786.492
2026-07-17T14,730.812
2026-07-17T15,699.421
2026-07-17T16,736.73
2026-07-17T17,731.65
2026-07-17T18,597.48
2026-07-17T19,544.963
2026-07-17T20,571.155
2026-07-17T21,573.953
2026-07-17T22,675.243
2026-07-17T23,1123.05
2026-07-18T00,1398.062
2026-07-18T01,1674.041
2026-07-18T02,1585.385
2026-07-18T03,1551.16
2026-07-18T04,1515.34
2026-07-18T05,1473.329
2026-07-18T06,1418.768
2026-07-18T07,1281.047
2026-07-18T08,1249.212
2026-07-18T09,1436.97
2026-07-18T10,1929.646
2026-07-18T11,1539.523
2026-07-18T12,1279.999
2026-07-18T13,1069.465
2026-07-18T14,993.752
2026-07-18T15,951.067
2026-07-18T16,1001.8
2026-07-18T17,994.892
2026-07-18T18,812.448
2026-07-18T19,741.036
2026-07-18T20,776.652
2026-07-18T21,780.456
2026-07-18T22,918.19
2026-07-18T23,1527.114
2026-07-19T00,1330.283
2026-07-19T01,1592.882
2026-07-19T02,1508.523
2026-07-19T03,1475.958
2026-07-19T04,1441.875
2026-07-19T05,1401.9
2026-07-19T06,1349.984
2026-07-19T07,1218.941
2026-07-19T08,1188.649
2026-07-19T09,1367.304
2026-07-19T10,1836.094
2026-07-19T11,1464.885
2026-07-19T12,1217.943
2026-07-19T13,1017.616
2026-07-19T14,945.574
2026-07-19T15,904.958
2026-07-19T16,953.231
2026-07-19T17,946.658
2026-07-19T18,773.06
2026-07-19T19,705.11
2026-07-19T20,738.999
2026-07-19T21,742.619
2026-07-19T22,873.675
2026-07-19T23,1453.078
2026-07-20T00,1540.01
2026-07-20T01,1844.01
2026-07-20T02,1746.352
2026-07-20T03,1708.652
2026-07-20T04,1669.195
2026-07-20T05,1622.919
2026-07-20T06,1562.818
2026-07-20T07,1411.114
2026-07-20T08,1376.047
2026-07-20T09,1582.868
2026-07-20T10,2125.567
2026-07-20T11,1695.833
2026-07-20T12,1409.96
2026-07-20T13,1178.05
2026-07-20T14,1094.65
2026-07-20T15,1047.63
2026-07-20T16,1103.514
2026-07-20T17,1095.905
2026-07-20T18,894.937
2026-07-20T19,816.275
2026-07-20T20,855.507
2026-07-20T21,859.698
2026-07-20T22,1011.416
2026-07-20T23,1682.165
2026-07-21T00,1085.797
2026-07-21T01,1300.134
2026-07-21T02,1231.28
2026-07-21T03,1204.699
2026-07-21T04,1176.88
2026-07-21T05,1144.252
2026-07-21T06,1101.878
2026-07-21T07,994.918
2026-07-21T08,970.193
2026-07-21T09,1116.014
2026-07-21T10,1498.648
2026-07-21T11,1195.661
2026-07-21T12,994.104
2026-07-21T13,830.594
2026-07-21T14,771.792
2026-07-21T15,738.64
2026-07-21T16,778.042
2026-07-21T17,772.677
2026-07-21T18,630.983
2026-07-21T19,575.522
2026-07-21T20,603.182
2026-07-21T21,606.137
2026-07-21T22,713.107
2026-07-21T23,1186.024
2026-07-22T00,1234.861
2026-07-22T01,1478.624
2026-07-22T02,1400.317
2026-07-22T03,1370.087
2026-07-22T04,1338.449
2026-07-22T05,1301.342
2026-07-22T06,1253.149
2026-07-22T07,1131.506
2026-07-22T08,1103.387
2026-07-22T09,1269.227
2026-07-22T10,1704.391
2026-07-22T11,1359.808
2026-07-22T12,1130.58
2026-07-22T13,944.623
2026-07-22T14,877.748
2026-07-22T15,840.045
2026-07-22T16,884.856
2026-07-22T17,878.754
2026-07-22T18,717.608
2026-07-22T19,654.532
2026-07-22T20,685.99
2026-07-22T21,689.351
2026-07-22T22,811.006
2026-07-22T23,1348.848
2026-07-23T00,1326.085
2026-07-23T01,1587.855
2026-07-23T02,1503.763
2026-07-23T03,1471.3
2026-07-23T04,1437.325
2026-07-23T05,1397.477
2026-07-23T06,1345.724
2026-07-23T07,1215.094
2026-07-23T08,1184.898
2026-07-23T09,1362.989
2026-07-23T10,1830.301
2026-07-23T11,1460.262
2026-07-23T12,1214.1
2026-07-23T13,1014.405
2026-07-23T14,942.59
2026-07-23T15,902.102
2026-07-23T16,950.223
2026-07-23T17,943.671
2026-07-23T18,770.62
2026-07-23T19,702.885
2026-07-23T20,736.667
2026-07-23T21,740.276
2026-07-23T22,870.918
2026-07-23T23,1448.492
2026-07-24T00,1262.592
2026-07-24T01,1511.829
2026-07-24T02,1431.763
2026-07-24T03,1400.855
2026-07-24T04,1368.506
2026-07-24T05,1330.566
2026-07-24T06,1281.291
2026-07-24T07,1156.916
2026-07-24T08,1128.165
2026-07-24T09,1297.73
2026-07-24T10,1742.666
2026-07-24T11,1390.345
2026-07-24T12,1155.969
2026-07-24T13,965.836
2026-07-24T14,897.459
2026-07-24T15,858.91
2026-07-24T16,904.727
2026-07-24T17,898.488
2026-07-24T18,733.723
2026-07-24T19,669.231
2026-07-24T20,701.395
2026-07-24T21,704.831
2026-07-24T22,829.219
2026-07-24T23,1379.139
2026-07-25T00,1049.182
2026-07-25T01,1256.292
2026-07-25T02,1189.759
2026-07-25T03,1164.075
2026-07-25T04,1137.194
2026-07-25T05,1105.666
2026-07-25T06,1064.721
2026-07-25T07,961.368
2026-07-25T08,937.477
2026-07-25T09,1078.381
2026-07-25T10,1448.112
2026-07-25T11,1155.342
2026-07-25T12,960.581
2026-07-25T13,802.585
2026-07-25T14,745.766
2026-07-25T15,713.732
2026-07-25T16,751.805
2026-07-25T17,746.621
2026-07-25T18,609.705
2026-07-25T19,556.114
2026-07-25T20,582.842
2026-07-25T21,585.697
2026-07-25T22,689.06
2026-07-25T23,1146.029
2026-07-26T00,973.959
2026-07-26T01,1166.219
2026-07-26T02,1104.456
2026-07-26T03,1080.614
2026-07-26T04,1055.66
2026-07-26T05,1026.393
2026-07-26T06,988.383
2026-07-26T07,892.44
2026-07-26T08,870.262
2026-07-26T09,1001.063
2026-07-26T10,1344.286
2026-07-26T11,1072.507
2026-07-26T12,891.71
2026-07-26T13,745.042
2026-07-26T14,692.296
2026-07-26T15,662.56
2026-07-26T16,697.903
2026-07-26T17,693.09
2026-07-26T18,565.991
2026-07-26T19,516.242
2026-07-26T20,541.054
2026-07-26T21,543.704
2026-07-26T22,639.656
2026-07-26T23,1063.862
2026-07-27T00,1426.404
2026-07-27T01,1707.978
2026-07-27T02,1617.524
2026-07-27T03,1582.605
2026-07-27T04,1546.059
2026-07-27T05,1503.197
2026-07-27T06,1447.529
2026-07-27T07,1307.017
2026-07-27T08,1274.536
2026-07-27T09,1466.101
2026-07-27T10,1968.764
2026-07-27T11,1570.732
2026-07-27T12,1305.947
2026-07-27T13,1091.146
2026-07-27T14,1013.898
2026-07-27T15,970.347
2026-07-27T16,1022.108
2026-07-27T17,1015.06
2026-07-27T18,828.918
2026-07-27T19,756.059
2026-07-27T20,792.396
2026-07-27T21,796.278
2026-07-27T22,936.804
2026-07-27T23,1558.072
2026-07-28T00,1317.504
2026-07-28T01,1577.58
2026-07-28T02,1494.032
2026-07-28T03,1461.78
2026-07-28T04,1428.024
2026-07-28T05,1388.433
2026-07-28T06,1337.016
2026-07-28T07,1207.231
2026-07-28T08,1177.231
2026-07-28T09,1354.169
2026-07-28T10,1818.457
2026-07-28T11,1450.813
2026-07-28T12,1206.243
2026-07-28T13,1007.841
2026-07-28T14,936.491
2026-07-28T15,896.265
2026-07-28T16,944.074
2026-07-28T17,937.564
2026-07-28T18,765.633
2026-07-28T19,698.337
2026-07-28T20,731.9
2026-07-28T21,735.485
2026-07-28T22,865.282
2026-07-28T23,1439.119
2026-07-29T00,1305.442
2026-07-29T01,1563.138
2026-07-29T02,1480.354
2026-07-29T03,1448.397
2026-07-29T04,1414.95
2026-07-29T05,1375.722
2026-07-29T06,1324.776
2026-07-29T07,1196.179
2026-07-29T08,1166.453
2026-07-29T09,1341.772
2026-07-29T10,1801.809
2026-07-29T11,1437.531
2026-07-29T12,1195.2
2026-07-29T13,998.614
2026-07-29T14,927.917
2026-07-29T15,888.059
2026-07-29T16,935.431
2026-07-29T17,928.981
2026-07-29T18,758.624
2026-07-29T19,691.943
2026-07-29T20,725.199
2026-07-29T21,728.752
2026-07-29T22,857.361
2026-07-29T23,1425.944
2026-07-30T00,1078.568
2026-07-30T01,1291.478
2026-07-30T02,1223.082
2026-07-30T03,1196.679
2026-07-30T04,1169.045
2026-07-30T05,1136.634
2026-07-30T06,1094.542
2026-07-30T07,988.294
2026-07-30T08,963.734
2026-07-30T09,1108.584
2026-07-30T10,1488.671
2026-07-30T11,1187.701
2026-07-30T12,987.485
2026-07-30T13,825.064
2026-07-30T14,766.653
2026-07-30T15,733.723
2026-07-30T16,772.862
2026-07-30T17,767.533
2026-07-30T18,626.782
2026-07-30T19,571.69
2026-07-30T20,599.166
2026-07-30T21,602.102
2026-07-30T22,708.359
2026-07-30T23,1178.128
2026-07-31T00,1541.686
2026-07-31T01,1846.016
2026-07-31T02,1748.252
2026-07-31T03,1710.511
2026-07-31T04,1671.012
2026-07-31T05,1624.685
2026-07-31T06,1564.519
2026-07-31T07,1412.65
2026-07-31T08,1377.544
2026-07-31T09,1584.591
2026-07-31T10,2127.88
2026-07-31T11,1697.679
2026-07-31T12,1411.494
2026-07-31T13,1179.332
2026-07-31T14,1095.841
2026-07-31T15,1048.77
2026-07-31T16,1104.715
2026-07-31T17,1097.097
2026-07-31T18,895.911
2026-07-31T19,817.163
2026-07-31T20,856.438
2026-07-31T21,860.633
2026-07-31T22,1012.516
2026-07-31T23,1683.995
2026-08-01T00,1022.365
2026-08-01T01,1224.181
2026-08-01T02,1159.348
2026-08-01T03,1134.321
2026-08-01T04,1108.127
2026-08-01T05,1077.405
2026-08-01T06,1037.506
2026-08-01T07,936.795
2026-08-01T08,913.515
2026-08-01T09,1050.817
2026-08-01T10,1411.098
2026-08-01T11,1125.811
2026-08-01T12,936.028
2026-08-01T13,782.071
2026-08-01T14,726.704
2026-08-01T15,695.489
2026-08-01T16,732.589
2026-08-01T17,727.537
2026-08-01T18,594.121
2026-08-01T19,541.9
2026-08-01T20,567.944
2026-08-01T21,570.727
2026-08-01T22,671.447
2026-08-01T23,1116.737
2026-08-02T00,1056.639
2026-08-02T01,1265.221
2026-08-02T02,1198.215
2026-08-02T03,1172.349
2026-08-02T04,1145.277
2026-08-02T05,1113.525
2026-08-02T06,1072.288
2026-08-02T07,968.201
2026-08-02T08,944.14
2026-08-02T09,1086.045
2026-08-02T10,1458.404
2026-08-02T11,1163.553
2026-08-02T12,967.409
2026-08-02T13,808.29
2026-08-02T14,751.066
2026-08-02T15,718.805
2026-08-02T16,757.149
2026-08-02T17,751.928
2026-08-02T18,614.039
2026-08-02T19,560.067
2026-08-02T20,586.985
2026-08-02T21,589.86
2026-08-02T22,693.957
2026-08-02T23,1154.175
2026-08-03T00,1438.372
2026-08-03T01,1722.308
2026-08-03T02,1631.095
2026-08-03T03,1595.884
2026-08-03T04,1559.031
2026-08-03T05,1515.809
2026-08-03T06,1459.674
2026-08-03T07,1317.983
2026-08-03T08,1285.23
2026-08-03T09,1478.401
2026-08-03T10,1985.283
2026-08-03T11,1583.911
2026-08-03T12,1316.905
2026-08-03T13,1100.301
2026-08-03T14,1022.404
2026-08-03T15,978.488
2026-08-03T16,1030.684
2026-08-03T17,1023.577
2026-08-03T18,835.873
2026-08-03T19,762.402
2026-08-03T20,799.045
2026-08-03T21,802.959
2026-08-03T22,944.664
2026-08-03T23,1571.145
2026-08-04T00,1471.042
2026-08-04T01,1761.426
2026-08-04T02,1668.142
2026-08-04T03,1632.131
2026-08-04T04,1594.441
2026-08-04T05,1550.237
2026-08-04T06,1492.828
2026-08-04T07,1347.918
2026-08-04T08,1314.421
2026-08-04T09,1511.98
2026-08-04T10,2030.374
2026-08-04T11,1619.886
2026-08-04T12,1346.815
2026-08-04T13,1125.292
2026-08-04T14,1045.626
2026-08-04T15,1000.713
2026-08-04T16,1054.094
2026-08-04T17,1046.825
2026-08-04T18,854.858
2026-08-04T19,779.719
2026-08-04T20,817.193
2026-08-04T21,821.197
2026-08-04T22,966.12
2026-08-04T23,1606.83
2026-08-05T00,1308.088
2026-08-05T01,1566.305
2026-08-05T02,1483.354
2026-08-05T03,1451.332
2026-08-05T04,1417.818
2026-08-05T05,1378.51
2026-08-05T06,1327.46
2026-08-05T07,1198.603
2026-08-05T08,1168.817
2026-08-05T09,1344.491
2026-08-05T10,1805.46
2026-08-05T11,1440.444
2026-08-05T12,1197.622
2026-08-05T13,1000.638
2026-08-05T14,929.797
2026-08-05T15,889.859
2026-08-05T16,937.327
2026-08-05T17,930.864
2026-08-05T18,760.161
2026-08-05T19,693.346
2026-08-05T20,726.669
2026-08-05T21,730.229
2026-08-05T22,859.098
2026-08-05T23,1428.834
2026-08-06T00,1188.046
2026-08-06T01,1422.567
2026-08-06T02,1347.229
2026-08-06T03,1318.145
2026-08-06T04,1287.706
2026-08-06T05,1252.006
2026-08-06T06,1205.641
2026-08-06T07,1088.609
2026-08-06T08,1061.556
2026-08-06T09,1221.109
2026-08-06T10,1639.775
2026-08-06T11,1308.256
2026-08-06T12,1087.718
2026-08-06T13,908.811
2026-08-06T14,844.471
2026-08-06T15,808.198
2026-08-06T16,851.31
2026-08-06T17,845.439
2026-08-06T18,690.402
2026-08-06T19,629.718
2026-08-06T20,659.984
2026-08-06T21,663.217
2026-08-06T22,780.26
2026-08-06T23,1297.712
2026-08-07T00,1062.598
2026-08-07T01,1272.355
2026-08-07T02,1204.972
2026-08-07T03,1178.96
2026-08-07T04,1151.735
2026-08-07T05,1119.804
2026-08-07T06,1078.335
2026-08-07T07,973.66
2026-08-07T08,949.464
2026-08-07T09,1092.169
2026-08-07T10,1466.628
2026-08-07T11,1170.115
2026-08-07T12,972.864
2026-08-07T13,812.847
2026-08-07T14,755.302
2026-08-07T15,722.859
2026-08-07T16,761.418
2026-08-07T17,756.168
2026-08-07T18,617.501
2026-08-07T19,563.225
2026-08-07T20,590.294
2026-08-07T21,593.186
2026-08-07T22,697.871
2026-08-07T23,1160.683
2026-08-08T00,1424.497
2026-08-08T01,1705.694
2026-08-08T02,1615.361
2026-08-08T03,1580.489
2026-08-08T04,1543.992
2026-08-08T05,1501.187
2026-08-08T06,1445.594
2026-08-08T07,1305.269
2026-08-08T08,1272.832
2026-08-08T09,1464.14
2026-08-08T10,1966.132
2026-08-08T11,1568.632
2026-08-08T12,1304.201
2026-08-08T13,1089.687
2026-08-08T14,1012.542
2026-08-08T15,969.049
2026-08-08T16,1020.742
2026-08-08T17,1013.703
2026-08-08T18,827.81
2026-08-08T19,755.048
2026-08-08T20,791.337
2026-08-08T21,795.213
2026-08-08T22,935.551
2026-08-08T23,1555.989
2026-08-09T00,1333.517
2026-08-09T01,1596.754
2026-08-09T02,1512.191
2026-08-09T03,1479.546
2026-08-09T04,1445.38
2026-08-09T05,1405.308
2026-08-09T06,1353.266
2026-08-09T07,1221.904
2026-08-09T08,1191.538
2026-08-09T09,1370.628
2026-08-09T10,1840.558
2026-08-09T11,1468.446
2026-08-09T12,1220.904
2026-08-09T13,1020.09
2026-08-09T14,947.873
2026-08-09T15,907.158
2026-08-09T16,955.548
2026-08-09T17,948.959
2026-08-09T18,774.939
2026-08-09T19,706.824
2026-08-09T20,740.795
2026-08-09T21,744.424
2026-08-09T22,875.799
2026-08-09T23,1456.61
2026-08-10T00,1545.725
2026-08-10T01,1850.853
2026-08-10T02,1752.832
2026-08-10T03,1714.993
2026-08-10T04,1675.39
2026-08-10T05,1628.942
2026-08-10T06,1568.618
2026-08-10T07,1416.351
2026-08-10T08,1381.154
2026-08-10T09,1588.742
2026-08-10T10,2133.455
2026-08-10T11,1702.127
2026-08-10T12,1415.192
2026-08-10T13,1182.422
2026-08-10T14,1098.712
2026-08-10T15,1051.518
2026-08-10T16,1107.609
2026-08-10T17,1099.972
2026-08-10T18,898.258
2026-08-10T19,819.304
2026-08-10T20,858.682
2026-08-10T21,862.888
2026-08-10T22,1015.169
2026-08-10T23,1688.407
2026-08-11T00,1249.474
2026-08-11T01,1496.121
2026-08-11T02,1416.887
2026-08-11T03,1386.299
2026-08-11T04,1354.287
2026-08-11T05,1316.741
2026-08-11T06,1267.978
2026-08-11T07,1144.895
2026-08-11T08,1116.443
2026-08-11T09,1284.246
2026-08-11T10,1724.559
2026-08-11T11,1375.899
2026-08-11T12,1143.958
2026-08-11T13,955.8
2026-08-11T14,888.134
2026-08-11T15,849.985
2026-08-11T16,895.326
2026-08-11T17,889.153
2026-08-11T18,726.099
2026-08-11T19,662.278
2026-08-11T20,694.108
2026-08-11T21,697.508
2026-08-11T22,820.603
2026-08-11T23,1364.809
2026-08-12T00,1002.832
2026-08-12T01,1200.792
2026-08-12T02,1137.199
2026-08-12T03,1112.649
2026-08-12T04,1086.956
2026-08-12T05,1056.821
2026-08-12T06,1017.684
2026-08-12T07,918.897
2026-08-12T08,896.062
2026-08-12T09,1030.741
2026-08-12T10,1384.138
2026-08-12T11,1104.302
2026-08-12T12,918.145
2026-08-12T13,767.129
2026-08-12T14,712.82
2026-08-12T15,682.202
2026-08-12T16,718.592
2026-08-12T17,713.637
2026-08-12T18,582.77
2026-08-12T19,531.547
2026-08-12T20,557.094
2026-08-12T21,559.823
2026-08-12T22,658.619
2026-08-12T23,1095.401
2026-08-13T00,1272.93
2026-08-13T01,1524.207
2026-08-13T02,1443.486
2026-08-13T03,1412.324
2026-08-13T04,1379.711
2026-08-13T05,1341.46
2026-08-13T06,1291.782
2026-08-13T07,1166.388
2026-08-13T08,1137.402
2026-08-13T09,1308.355
2026-08-13T10,1756.934
2026-08-13T11,1401.729
2026-08-13T12,1165.433
2026-08-13T13,973.744
2026-08-13T14,904.807
2026-08-13T15,865.942
2026-08-13T16,912.134
2026-08-13T17,905.844
2026-08-13T18,739.73
2026-08-13T19,674.71
2026-08-13T20,707.138
2026-08-13T21,710.602
2026-08-13T22,836.008
2026-08-13T23,1390.431
2026-08-14T00,1024.365
2026-08-14T01,1226.576
2026-08-14T02,1161.617
2026-08-14T03,1136.54
2026-08-14T04,1110.295
2026-08-14T05,1079.513
2026-08-14T06,1039.536
2026-08-14T07,938.628
2026-08-14T08,915.302
2026-08-14T09,1052.873
2026-08-14T10,1413.858
2026-08-14T11,1128.013
2026-08-14T12,937.86
2026-08-14T13,783.601
2026-08-14T14,728.126
2026-08-14T15,696.85
2026-08-14T16,734.022
2026-08-14T17,728.961
2026-08-14T18,595.283
2026-08-14T19,542.96
2026-08-14T20,569.055
2026-08-14T21,571.843
2026-08-14T22,672.761
2026-08-14T23,1118.922
2026-08-15T00,1190.047
2026-08-15T01,1424.964
2026-08-15T02,1349.498
2026-08-15T03,1320.366
2026-08-15T04,1289.876
2026-08-15T05,1254.115
2026-08-15T06,1207.672
2026-08-15T07,1090.443
2026-08-15T08,1063.344
2026-08-15T09,1223.166
2026-08-15T10,1642.538
2026-08-15T11,1310.46
2026-08-15T12,1089.551
2026-08-15T13,910.342
2026-08-15T14,845.894
2026-08-15T15,809.559
2026-08-15T16,852.744
2026-08-15T17,846.864
2026-08-15T18,691.565
2026-08-15T19,630.779
2026-08-15T20,661.095
2026-08-15T21,664.334
2026-08-15T22,781.574
2026-08-15T23,1299.898
2026-08-16T00,1193.08
2026-08-16T01,1428.595
2026-08-16T02,1352.937
2026-08-16T03,1323.731
2026-08-16T04,1293.163
2026-08-16T05,1257.311
2026-08-16T06,1210.75
2026-08-16T07,1093.222
2026-08-16T08,1066.054
2026-08-16T09,1226.283
2026-08-16T10,1646.724
2026-08-16T11,1313.8
2026-08-16T12,1092.327
2026-08-16T13,912.662
2026-08-16T14,848.049
2026-08-16T15,811.622
2026-08-16T16,854.917
2026-08-16T17,849.022
2026-08-16T18,693.328
2026-08-16T19,632.386
2026-08-16T20,662.78
2026-08-16T21,666.027
2026-08-16T22,783.566
2026-08-16T23,1303.21
2026-08-17T00,1447.129
2026-08-17T01,1732.794
2026-08-17T02,1641.026
2026-08-17T03,1605.6
2026-08-17T04,1568.523
2026-08-17T05,1525.038
2026-08-17T06,1468.561
2026-08-17T07,1326.007
2026-08-17T08,1293.055
2026-08-17T09,1487.402
2026-08-17T10,1997.37
2026-08-17T11,1593.554
2026-08-17T12,1324.922
2026-08-17T13,1107.0
2026-08-17T14,1028.629
2026-08-17T15,984.446
2026-08-17T16,1036.959
2026-08-17T17,1029.809
2026-08-17T18,840.962
2026-08-17T19,767.044
2026-08-17T20,803.91
2026-08-17T21,807.848
2026-08-17T22,950.415
2026-08-17T23,1580.71
2026-08-18T00,1463.191
2026-08-18T01,1752.026
2026-08-18T02,1659.24
2026-08-18T03,1623.421
2026-08-18T04,1585.932
2026-08-18T05,1541.964
2026-08-18T06,1484.861
2026-08-18T07,1340.725
2026-08-18T08,1307.407
2026-08-18T09,1503.911
2026-08-18T10,2019.539
2026-08-18T11,1611.241
2026-08-18T12,1339.628
2026-08-18T13,1119.286
2026-08-18T14,1040.046
2026-08-18T15,995.372
2026-08-18T16,1048.468
2026-08-18T17,1041.239
2026-08-18T18,850.296
2026-08-18T19,775.558
2026-08-18T20,812.832
2026-08-18T21,816.814
2026-08-18T22,960.964
2026-08-18T23,1598.255
2026-08-19T00,1015.8
2026-08-19T01,1216.32
2026-08-19T02,1151.904
2026-08-19T03,1127.037
2026-08-19T04,1101.011
2026-08-19T05,1070.487
2026-08-19T06,1030.844
2026-08-19T07,930.78
2026-08-19T08,907.649
2026-08-19T09,1044.069
2026-08-19T10,1402.036
2026-08-19T11,1118.582
2026-08-19T12,930.018
2026-08-19T13,777.049
2026-08-19T14,722.037
2026-08-19T15,691.023
2026-08-19T16,727.885
2026-08-19T17,722.865
2026-08-19T18,590.306
2026-08-19T19,538.42
2026-08-19T20,564.297
2026-08-19T21,567.062
2026-08-19T22,667.136
2026-08-19T23,1109.566
2026-08-20T00,1186.286
2026-08-20T01,1420.46
2026-08-20T02,1345.233
2026-08-20T03,1316.192
2026-08-20T04,1285.798
2026-08-20T05,1250.151
2026-08-20T06,1203.855
2026-08-20T07,1086.996
2026-08-20T08,1059.983
2026-08-20T09,1219.3
2026-08-20T10,1637.346
2026-08-20T11,1306.318
2026-08-20T12,1086.106
2026-08-20T13,907.464
2026-08-20T14,843.22
2026-08-20T15,807.0
2026-08-20T16,850.048
2026-08-20T17,844.187
2026-08-20T18,689.379
2026-08-20T19,628.785
2026-08-20T20,659.006
2026-08-20T21,662.234
2026-08-20T22,779.104
2026-08-20T23,1295.789
2026-08-21T00,1368.033
2026-08-21T01,1638.084
2026-08-21T02,1551.332
2026-08-21T03,1517.842
2026-08-21T04,1482.792
2026-08-21T05,1441.683
2026-08-21T06,1388.294
2026-08-21T07,1253.531
2026-08-21T08,1222.38
2026-08-21T09,1406.105
2026-08-21T10,1888.199
2026-08-21T11,1506.455
2026-08-21T12,1252.506
2026-08-21T13,1046.494
2026-08-21T14,972.407
2026-08-21T15,930.638
2026-08-21T16,980.282
2026-08-21T17,973.522
2026-08-21T18,794.997
2026-08-21T19,725.119
2026-08-21T20,759.97
2026-08-21T21,763.693
2026-08-21T22,898.468
2026-08-21T23,1494.313
2026-08-22T00,1119.623
2026-08-22T01,1340.637
2026-08-22T02,1269.638
2026-08-22T03,1242.229
2026-08-22T04,1213.543
2026-08-22T05,1179.899
2026-08-22T06,1136.204
2026-08-22T07,1025.913
2026-08-22T08,1000.418
2026-08-22T09,1150.781
2026-08-22T10,1545.336
2026-08-22T11,1232.91
2026-08-22T12,1025.073
2026-08-22T13,856.469
2026-08-22T14,795.835
2026-08-22T15,761.651
2026-08-22T16,802.28
2026-08-22T17,796.748
2026-08-22T18,650.64
2026-08-22T19,593.451
2026-08-22T20,621.973
2026-08-22T21,625.02
2026-08-22T22,735.322
2026-08-22T23,1222.972
2026-08-23T00,1282.087
2026-08-23T01,1535.173
2026-08-23T02,1453.871
2026-08-23T03,1422.485
2026-08-23T04,1389.637
2026-08-23T05,1351.11
2026-08-23T06,1301.075
2026-08-23T07,1174.779
2026-08-23T08,1145.585
2026-08-23T09,1317.768
2026-08-23T10,1769.574
2026-08-23T11,1411.813
2026-08-23T12,1173.818
2026-08-23T13,980.749
2026-08-23T14,911.316
2026-08-23T15,872.172
2026-08-23T16,918.696
2026-08-23T17,912.361
2026-08-23T18,745.052
2026-08-23T19,679.564
2026-08-23T20,712.225
2026-08-23T21,715.715
2026-08-23T22,842.023
2026-08-23T23,1400.434
2026-08-24T00,1664.976
2026-08-24T01,1993.644
2026-08-24T02,1888.061
2026-08-24T03,1847.302
2026-08-24T04,1804.644
2026-08-24T05,1754.612
2026-08-24T06,1689.634
2026-08-24T07,1525.621
2026-08-24T08,1487.708
2026-08-24T09,1711.312
2026-08-24T10,2298.048
2026-08-24T11,1833.443
2026-08-24T12,1524.372
2026-08-24T13,1273.644
2026-08-24T14,1183.476
2026-08-24T15,1132.641
2026-08-24T16,1193.06
2026-08-24T17,1184.833
2026-08-24T18,967.558
2026-08-24T19,882.513
2026-08-24T20,924.928
2026-08-24T21,929.459
2026-08-24T22,1093.488
2026-08-24T23,1818.666
2026-08-25T00,1277.343
2026-08-25T01,1529.492
2026-08-25T02,1448.49
2026-08-25T03,1417.221
2026-08-25T04,1384.494
2026-08-25T05,1346.11
2026-08-25T06,1296.26
2026-08-25T07,1170.432
2026-08-25T08,1141.346
2026-08-25T09,1312.891
2026-08-25T10,1763.026
2026-08-25T11,1406.588
2026-08-25T12,1169.474
2026-08-25T13,977.12
2026-08-25T14,907.944
2026-08-25T15,868.944
2026-08-25T16,915.297
2026-08-25T17,908.985
2026-08-25T18,742.295
2026-08-25T19,677.05
2026-08-25T20,709.59
2026-08-25T21,713.066
2026-08-25T22,838.906
2026-08-25T23,1395.251
2026-08-26T00,1263.35
2026-08-26T01,1512.737
2026-08-26T02,1432.623
2026-08-26T03,1401.696
2026-08-26T04,1369.327
2026-08-26T05,1331.364
2026-08-26T06,1282.06
2026-08-26T07,1157.61
2026-08-26T08,1128.843
2026-08-26T09,1298.509
2026-08-26T10,1743.712
2026-08-26T11,1391.18
2026-08-26T12,1156.663
2026-08-26T13,966.416
2026-08-26T14,897.998
2026-08-26T15,859.425
2026-08-26T16,905.27
2026-08-26T17,899.027
2026-08-26T18,734.163
2026-08-26T19,669.633
2026-08-26T20,701.816
2026-08-26T21,705.255
2026-08-26T22,829.717
2026-08-26T23,1379.967
2026-08-27T00,1312.736
2026-08-27T01,1571.872
2026-08-27T02,1488.626
2026-08-27T03,1456.49
2026-08-27T04,1422.857
2026-08-27T05,1383.409
2026-08-27T06,1332.178
2026-08-27T07,1202.863
2026-08-27T08,1172.971
2026-08-27T09,1349.269
2026-08-27T10,1811.877
2026-08-27T11,1445.563
2026-08-27T12,1201.879
2026-08-27T13,1004.194
2026-08-27T14,933.102
2026-08-27T15,893.022
2026-08-27T16,940.658
2026-08-27T17,934.172
2026-08-27T18,762.863
2026-08-27T19,695.81
2026-08-27T20,729.252
2026-08-27T21,732.824
2026-08-27T22,862.151
2026-08-27T23,1433.912
2026-08-28T00,1304.673
2026-08-28T01,1562.216
2026-08-28T02,1479.482
2026-08-28T03,1447.543
2026-08-28T04,1414.116
2026-08-28T05,1374.912
2026-08-28T06,1323.995
2026-08-28T07,1195.474
2026-08-28T08,1165.766
2026-08-28T09,1340.981
2026-08-28T10,1800.747
2026-08-28T11,1436.684
2026-08-28T12,1194.496
2026-08-28T13,998.026
2026-08-28T14,927.37
2026-08-28T15,887.536
2026-08-28T16,934.88
2026-08-28T17,928.434
2026-08-28T18,758.177
2026-08-28T19,691.536
2026-08-28T20,724.772
2026-08-28T21,728.323
2026-08-28T22,856.856
2026-08-28T23,1425.104
2026-08-29T00,1268.177
2026-08-29T01,1518.516
2026-08-29T02,1438.096
2026-08-29T03,1407.051
2026-08-29T04,1374.559
2026-08-29T05,1336.451
2026-08-29T06,1286.958
2026-08-29T07,1162.033
2026-08-29T08,1133.155
2026-08-29T09,1303.47
2026-08-29T10,1750.374
2026-08-29T11,1396.495
2026-08-29T12,1161.082
2026-08-29T13,970.108
2026-08-29T14,901.428
2026-08-29T15,862.709
2026-08-29T16,908.728
2026-08-29T17,902.462
2026-08-29T18,736.968
2026-08-29T19,672.191
2026-08-29T20,704.498
2026-08-29T21,707.949
2026-08-29T22,832.886
2026-08-29T23,1385.239
2026-08-30T00,1293.65
2026-08-30T01,1549.018
2026-08-30T02,1466.983
2026-08-30T03,1435.314
2026-08-30T04,1402.169
2026-08-30T05,1363.296
2026-08-30T06,1312.809
2026-08-30T07,1185.374
2026-08-30T08,1155.917
2026-08-30T09,1329.652
2026-08-30T10,1785.534
2026-08-30T11,1424.546
2026-08-30T12,1184.404
2026-08-30T13,989.594
2026-08-30T14,919.535
2026-08-30T15,880.038
2026-08-30T16,926.982
2026-08-30T17,920.59
2026-08-30T18,751.772
2026-08-30T19,685.693
2026-08-30T20,718.649
2026-08-30T21,722.169
2026-08-30T22,849.617
2026-08-30T23,1413.064
2026-08-31T00,1264.345
2026-08-31T01,1513.927
2026-08-31T02,1433.75
2026-08-31T03,1402.799
2026-08-31T04,1370.405
2026-08-31T05,1332.412
2026-08-31T06,1283.07
2026-08-31T07,1158.522
2026-08-31T08,1129.731
2026-08-31T09,1299.531
2026-08-31T10,1745.085
2026-08-31T11,1392.275
2026-08-31T12,1157.574
2026-08-31T13,967.176
2026-08-31T14,898.705
2026-08-31T15,860.102
2026-08-31T16,905.982
2026-08-31T17,899.735
2026-08-31T18,734.741
2026-08-31T19,670.16
2026-08-31T20,702.369
2026-08-31T21,705.81
2026-08-31T22,830.37
2026-08-31T23,1381.053
2026-09-01T00,1544.794
2026-09-01T01,1849.738
2026-09-01T02,1751.776
2026-09-01T03,1713.96
2026-09-01T04,1674.381
2026-09-01T05,1627.96
2026-09-01T06,1567.672
2026-09-01T07,1415.498
2026-09-01T08,1380.321
2026-09-01T09,1587.785
2026-09-01T10,2132.169
2026-09-01T11,1701.101
2026-09-01T12,1414.34
2026-09-01T13,1181.71
2026-09-01T14,1098.05
2026-09-01T15,1050.885
2026-09-01T16,1106.942
2026-09-01T17,1099.309
2026-09-01T18,897.717
2026-09-01T19,818.811
2026-09-01T20,858.164
2026-09-01T21,862.368
2026-09-01T22,1014.557
2026-09-01T23,1687.39
2026-09-02T00,1124.519
2026-09-02T01,1346.5
2026-09-02T02,1275.19
2026-09-02T03,1247.661
2026-09-02T04,1218.85
2026-09-02T05,1185.059
2026-09-02T06,1141.173
2026-09-02T07,1030.399
2026-09-02T08,1004.792
2026-09-02T09,1155.814
2026-09-02T10,1552.093
2026-09-02T11,1238.301
2026-09-02T12,1029.556
2026-09-02T13,860.215
2026-09-02T14,799.315
2026-09-02T15,764.982
2026-09-02T16,805.788
2026-09-02T17,800.232
2026-09-02T18,653.485
2026-09-02T19,596.046
2026-09-02T20,624.693
2026-09-02T21,627.753
2026-09-02T22,738.538
2026-09-02T23,1228.32
2026-09-03T00,1328.608
2026-09-03T01,1590.877
2026-09-03T02,1506.624
2026-09-03T03,1474.1
2026-09-03T04,1440.06
2026-09-03T05,1400.136
2026-09-03T06,1348.285
2026-09-03T07,1217.406
2026-09-03T08,1187.153
2026-09-03T09,1365.583
2026-09-03T10,1833.783
2026-09-03T11,1463.041
2026-09-03T12,1216.41
2026-09-03T13,1016.336
2026-09-03T14,944.384
2026-09-03T15,903.819
2026-09-03T16,952.031
2026-09-03T17,945.467
2026-09-03T18,772.086
2026-09-03T19,704.222
2026-09-03T20,738.069
2026-09-03T21,741.684
2026-09-03T22,872.575
2026-09-03T23,1451.249
2026-09-04T00,1238.509
2026-09-04T01,1482.992
2026-09-04T02,1404.453
2026-09-04T03,1374.134
2026-09-04T04,1342.403
2026-09-04T05,1305.186
2026-09-04T06,1256.852
2026-09-04T07,1134.848
2026-09-04T08,1106.646
2026-09-04T09,1272.976
2026-09-04T10,1709.426
2026-09-04T11,1363.825
2026-09-04T12,1133.92
2026-09-04T13,947.413
2026-09-04T14,880.341
2026-09-04T15,842.527
2026-09-04T16,887.47
2026-09-04T17,881.35
2026-09-04T18,719.728
2026-09-04T19,656.466
2026-09-04T20,688.017
2026-09-04T21,691.387
2026-09-04T22,813.402
2026-09-04T23,1352.833
2026-09-05T00,1496.418
2026-09-05T01,1791.812
2026-09-05T02,1696.919
2026-09-05T03,1660.286
2026-09-05T04,1621.947
2026-09-05T05,1576.98
2026-09-05T06,1518.58
2026-09-05T07,1371.171
2026-09-05T08,1337.096
2026-09-05T09,1538.063
2026-09-05T10,2065.4
2026-09-05T11,1647.83
2026-09-05T12,1370.049
2026-09-05T13,1144.704
2026-09-05T14,1063.664
2026-09-05T15,1017.976
2026-09-05T16,1072.278
2026-09-05T17,1064.884
2026-09-05T18,869.605
2026-09-05T19,793.169
2026-09-05T20,831.29
2026-09-05T21,835.363
2026-09-05T22,982.786
2026-09-05T23,1634.549
2026-09-06T00,1233.903
2026-09-06T01,1477.476
2026-09-06T02,1399.229
2026-09-06T03,1369.023
2026-09-06T04,1337.41
2026-09-06T05,1300.331
2026-09-06T06,1252.177
2026-09-06T07,1130.627
2026-09-06T08,1102.53
2026-09-06T09,1268.242
2026-09-06T10,1703.068
2026-09-06T11,1358.753
2026-09-06T12,1129.702
2026-09-06T13,943.889
2026-09-06T14,877.066
2026-09-06T15,839.393
2026-09-06T16,884.169
2026-09-06T17,878.072
2026-09-06T18,717.051
2026-09-06T19,654.024
2026-09-06T20,685.458
2026-09-06T21,688.816
2026-09-06T22,810.377
2026-09-06T23,1347.801
2026-09-07T00,1468.769
2026-09-07T01,1758.706
2026-09-07T02,1665.565
2026-09-07T03,1629.61
2026-09-07T04,1591.978
2026-09-07T05,1547.843
2026-09-07T06,1490.522
2026-09-07T07,1345.836
2026-09-07T08,1312.391
2026-09-07T09,1509.645
2026-09-07T10,2027.238
2026-09-07T11,1617.384
2026-09-07T12,1344.735
2026-09-07T13,1123.554
2026-09-07T14,1044.011
2026-09-07T15,999.167
2026-09-07T16,1052.466
2026-09-07T17,1045.208
2026-09-07T18,853.538
2026-09-07T19,778.514
2026-09-07T20,815.931
2026-09-07T21,819.928
2026-09-07T22,964.628
2026-09-07T23,1604.348
2026-09-08T00,1264.987
2026-09-08T01,1514.697
2026-09-08T02,1434.479
2026-09-08T03,1403.512
2026-09-08T04,1371.102
2026-09-08T05,1333.089
2026-09-08T06,1283.722
2026-09-08T07,1159.11
2026-09-08T08,1130.305
2026-09-08T09,1300.191
2026-09-08T10,1745.972
2026-09-08T11,1392.982
2026-09-08T12,1158.162
2026-09-08T13,967.668
2026-09-08T14,899.161
2026-09-08T15,860.539
2026-09-08T16,906.443
2026-09-08T17,900.192
2026-09-08T18,735.115
2026-09-08T19,670.5
2026-09-08T20,702.726
2026-09-08T21,706.168
2026-09-08T22,830.792
2026-09-08T23,1381.755
2026-09-09T00,1184.747
2026-09-09T01,1418.617
2026-09-09T02,1343.487
2026-09-09T03,1314.484
2026-09-09T04,1284.13
2026-09-09T05,1248.529
2026-09-09T06,1202.293
2026-09-09T07,1085.586
2026-09-09T08,1058.608
2026-09-09T09,1217.718
2026-09-09T10,1635.221
2026-09-09T11,1304.623
2026-09-09T12,1084.697
2026-09-09T13,906.287
2026-09-09T14,842.126
2026-09-09T15,805.953
2026-09-09T16,848.945
2026-09-09T17,843.091
2026-09-09T18,688.485
2026-09-09T19,627.969
2026-09-09T20,658.151
2026-09-09T21,661.375
2026-09-09T22,778.093
2026-09-09T23,1294.107
2026-09-10T00,1201.938
2026-09-10T01,1439.202
2026-09-10T02,1362.982
2026-09-10T03,1333.559
2026-09-10T04,1302.764
2026-09-10T05,1266.646
2026-09-10T06,1219.739
2026-09-10T07,1101.338
2026-09-10T08,1073.969
2026-09-10T09,1235.388
2026-09-10T10,1658.95
2026-09-10T11,1323.554
2026-09-10T12,1100.437
2026-09-10T13,919.438
2026-09-10T14,854.346
2026-09-10T15,817.648
2026-09-10T16,861.264
2026-09-10T17,855.325
2026-09-10T18,698.475
2026-09-10T19,637.082
2026-09-10T20,667.701
2026-09-10T21,670.972
2026-09-10T22,789.384
2026-09-10T23,1312.886
2026-09-11T00,1259.443
2026-09-11T01,1508.058
2026-09-11T02,1428.192
2026-09-11T03,1397.361
2026-09-11T04,1365.093
2026-09-11T05,1327.247
2026-09-11T06,1278.096
2026-09-11T07,1154.03
2026-09-11T08,1125.352
2026-09-11T09,1294.493
2026-09-11T10,1738.32
2026-09-11T11,1386.878
2026-09-11T12,1153.086
2026-09-11T13,963.427
2026-09-11T14,895.221
2026-09-11T15,856.768
2026-09-11T16,902.47
2026-09-11T17,896.247
2026-09-11T18,731.893
2026-09-11T19,667.562
2026-09-11T20,699.646
2026-09-11T21,703.074
2026-09-11T22,827.151
2026-09-11T23,1375.699
2026-09-12T00,1228.574
2026-09-12T01,1471.096
2026-09-12T02,1393.187
2026-09-12T03,1363.112
2026-09-12T04,1331.634
2026-09-12T05,1294.716
2026-09-12T06,1246.77
2026-09-12T07,1125.745
2026-09-12T08,1097.769
2026-09-12T09,1262.765
2026-09-12T10,1695.714
2026-09-12T11,1352.885
2026-09-12T12,1124.824
2026-09-12T13,939.813
2026-09-12T14,873.279
2026-09-12T15,835.768
2026-09-12T16,880.351
2026-09-12T17,874.28
2026-09-12T18,713.954
2026-09-12T19,651.2
2026-09-12T20,682.498
2026-09-12T21,685.841
2026-09-12T22,806.877
2026-09-12T23,1341.981
2026-09-13T00,1318.793
2026-09-13T01,1579.124
2026-09-13T02,1495.494
2026-09-13T03,1463.21
2026-09-13T04,1429.421
2026-09-13T05,1389.792
2026-09-13T06,1338.325
2026-09-13T07,1208.413
2026-09-13T08,1178.383
2026-09-13T09,1355.495
2026-09-13T10,1820.237
2026-09-13T11,1452.233
2026-09-13T12,1207.424
2026-09-13T13,1008.827
2026-09-13T14,937.407
2026-09-13T15,897.142
2026-09-13T16,944.998
2026-09-13T17,938.482
2026-09-13T18,766.383
2026-09-13T19,699.02
2026-09-13T20,732.616
2026-09-13T21,736.205
2026-09-13T22,866.129
2026-09-13T23,1440.528
2026-09-14T00,1153.84
2026-09-14T01,1381.609
2026-09-14T02,1308.44
2026-09-14T03,1280.194
2026-09-14T04,1250.631
2026-09-14T05,1215.959
2026-09-14T06,1170.929
2026-09-14T07,1057.266
2026-09-14T08,1030.992
2026-09-14T09,1185.951
2026-09-14T10,1592.564
2026-09-14T11,1270.589
2026-09-14T12,1056.401
2026-09-14T13,882.645
2026-09-14T14,820.157
2026-09-14T15,784.929
2026-09-14T16,826.799
2026-09-14T17,821.098
2026-09-14T18,670.525
2026-09-14T19,611.588
2026-09-14T20,640.982
2026-09-14T21,644.122
2026-09-14T22,757.795
2026-09-14T23,1260.348
2026-09-15T00,1529.841
2026-09-15T01,1831.833
2026-09-15T02,1734.82
2026-09-15T03,1697.369
2026-09-15T04,1658.173
2026-09-15T05,1612.202
2026-09-15T06,1552.498
2026-09-15T07,1401.796
2026-09-15T08,1366.96
2026-09-15T09,1572.416
2026-09-15T10,2111.531
2026-09-15T11,1684.635
2026-09-15T12,1400.649
2026-09-15T13,1170.271
2026-09-15T14,1087.421
2026-09-15T15,1040.712
2026-09-15T16,1096.227
2026-09-15T17,1088.668
2026-09-15T18,889.028
2026-09-15T19,810.885
2026-09-15T20,849.857
2026-09-15T21,854.021
2026-09-15T22,1004.737
2026-09-15T23,1671.057
2026-09-16T00,1203.398
2026-09-16T01,1440.95
2026-09-16T02,1364.638
2026-09-16T03,1335.178
2026-09-16T04,1304.346
2026-09-16T05,1268.184
2026-09-16T06,1221.22
2026-09-16T07,1102.676
2026-09-16T08,1075.273
2026-09-16T09,1236.888
2026-09-16T10,1660.964
2026-09-16T11,1325.161
2026-09-16T12,1101.773
2026-09-16T13,920.554
2026-09-16T14,855.383
2026-09-16T15,818.641
2026-09-16T16,862.31
2026-09-16T17,856.364
2026-09-16T18,699.324
2026-09-16T19,637.855
2026-09-16T20,668.512
2026-09-16T21,671.787
2026-09-16T22,790.342
2026-09-16T23,1314.48
2026-09-17T00,1316.858
2026-09-17T01,1576.807
2026-09-17T02,1493.3
2026-09-17T03,1461.063
2026-09-17T04,1427.324
2026-09-17T05,1387.752
2026-09-17T06,1336.36
2026-09-17T07,1206.639
2026-09-17T08,1176.653
2026-09-17T09,1353.505
2026-09-17T10,1817.565
2026-09-17T11,1450.101
2026-09-17T12,1205.652
2026-09-17T13,1007.347
2026-09-17T14,936.031
2026-09-17T15,895.825
2026-09-17T16,943.611
2026-09-17T17,937.105
2026-09-17T18,765.258
2026-09-17T19,697.994
2026-09-17T20,731.541
2026-09-17T21,735.125
2026-09-17T22,864.858
2026-09-17T23,1438.413
2026-09-18T00,1207.771
2026-09-18T01,1446.187
2026-09-18T02,1369.597
2026-09-18T03,1340.031
2026-09-18T04,1309.087
2026-09-18T05,1272.794
2026-09-18T06,1225.659
2026-09-18T07,1106.683
2026-09-18T08,1079.181
2026-09-18T09,1241.383
2026-09-18T10,1667.001
2026-09-18T11,1329.978
2026-09-18T12,1105.778
2026-09-18T13,923.9
2026-09-18T14,858.492
2026-09-18T15,821.617
2026-09-18T16,865.444
2026-09-18T17,859.477
2026-09-18T18,701.865
2026-09-18T19,640.174
2026-09-18T20,670.941
2026-09-18T21,674.228
2026-09-18T22,793.215
2026-09-18T23,1319.258
2026-09-19T00,1298.046
2026-09-19T01,1554.282
2026-09-19T02,1471.968
2026-09-19T03,1440.191
2026-09-19T04,1406.934
2026-09-19T05,1367.928
2026-09-19T06,1317.27
2026-09-19T07,1189.402
2026-09-19T08,1159.845
2026-09-19T09,1334.171
2026-09-19T10,1791.601
2026-09-19T11,1429.387
2026-09-19T12,1188.429
2026-09-19T13,992.957
2026-09-19T14,922.66
2026-09-19T15,883.028
2026-09-19T16,930.132
2026-09-19T17,923.718
2026-09-19T18,754.326
2026-09-19T19,688.023
2026-09-19T20,721.091
2026-09-19T21,724.623
2026-09-19T22,852.504
2026-09-19T23,1417.866
2026-09-20T00,1267.401
2026-09-20T01,1517.587
2026-09-20T02,1437.216
2026-09-20T03,1406.19
2026-09-20T04,1373.718
2026-09-20T05,1335.633
2026-09-20T06,1286.171
2026-09-20T07,1161.322
2026-09-20T08,1132.462
2026-09-20T09,1302.672
2026-09-20T10,1749.304
2026-09-20T11,1395.641
2026-09-20T12,1160.372
2026-09-20T13,969.514
2026-09-20T14,900.877
2026-09-20T15,862.181
2026-09-20T16,908.173
2026-09-20T17,901.91
2026-09-20T18,736.518
2026-09-20T19,671.78
2026-09-20T20,704.067
2026-09-20T21,707.516
2026-09-20T22,832.377
2026-09-20T23,1384.392
2026-09-21T00,1174.069
2026-09-21T01,1405.831
2026-09-21T02,1331.379
2026-09-21T03,1302.637
2026-09-21T04,1272.556
2026-09-21T05,1237.276
2026-09-21T06,1191.457
2026-09-21T07,1075.801
2026-09-21T08,1049.067
2026-09-21T09,1206.742
2026-09-21T10,1620.483
2026-09-21T11,1292.864
2026-09-21T12,1074.921
2026-09-21T13,898.119
2026-09-21T14,834.536
2026-09-21T15,798.689
2026-09-21T16,841.294
2026-09-21T17,835.493
2026-09-21T18,682.28
2026-09-21T19,622.309
2026-09-21T20,652.219
2026-09-21T21,655.414
2026-09-21T22,771.08
2026-09-21T23,1282.444
2026-09-22T00,1684.398
2026-09-22T01,2016.899
2026-09-22T02,1910.085
2026-09-22T03,1868.851
2026-09-22T04,1825.695
2026-09-22T05,1775.08
2026-09-22T06,1709.344
2026-09-22T07,1543.417
2026-09-22T08,1505.062
2026-09-22T09,1731.274
2026-09-22T10,2324.854
2026-09-22T11,1854.83
2026-09-22T12,1542.154
2026-09-22T13,1288.501
2026-09-22T14,1197.281
2026-09-22T15,1145.853
2026-09-22T16,1206.977
2026-09-22T17,1198.654
2026-09-22T18,978.844
2026-09-22T19,892.807
2026-09-22T20,935.717
2026-09-22T21,940.301
2026-09-22T22,1106.243
2026-09-22T23,1839.88
2026-09-23T00,1201.02
2026-09-23T01,1438.102
2026-09-23T02,1361.941
2026-09-23T03,1332.54
2026-09-23T04,1301.769
2026-09-23T05,1265.679
2026-09-23T06,1218.807
2026-09-23T07,1100.497
2026-09-23T08,1073.149
2026-09-23T09,1234.444
2026-09-23T10,1657.683
2026-09-23T11,1322.543
2026-09-23T12,1099.596
2026-09-23T13,918.735
2026-09-23T14,853.693
2026-09-23T15,817.024
2026-09-23T16,860.606
2026-09-23T17,854.672
2026-09-23T18,697.942
2026-09-23T19,636.595
2026-09-23T20,667.191
2026-09-23T21,670.459
2026-09-23T22,788.781
2026-09-23T23,1311.883
2026-09-24T00,1191.927
2026-09-24T01,1427.215
2026-09-24T02,1351.63
2026-09-24T03,1322.452
2026-09-24T04,1291.913
2026-09-24T05,1256.096
2026-09-24T06,1209.58
2026-09-24T07,1092.165
2026-09-24T08,1065.024
2026-09-24T09,1225.098
2026-09-24T10,1645.133
2026-09-24T11,1312.53
2026-09-24T12,1091.272
2026-09-24T13,911.78
2026-09-24T14,847.23
2026-09-24T15,810.838
2026-09-24T16,854.091
2026-09-24T17,848.202
2026-09-24T18,692.658
2026-09-24T19,631.775
2026-09-24T20,662.14
2026-09-24T21,665.383
2026-09-24T22,782.809
2026-09-24T23,1301.951
2026-09-25T00,1220.5
2026-09-25T01,1461.428
2026-09-25T02,1384.031
2026-09-25T03,1354.153
2026-09-25T04,1322.883
2026-09-25T05,1286.207
2026-09-25T06,1238.576
2026-09-25T07,1118.346
2026-09-25T08,1090.554
2026-09-25T09,1254.466
2026-09-25T10,1684.569
2026-09-25T11,1343.994
2026-09-25T12,1117.431
2026-09-25T13,933.637
2026-09-25T14,867.539
2026-09-25T15,830.275
2026-09-25T16,874.565
2026-09-25T17,868.534
2026-09-25T18,709.262
2026-09-25T19,646.92
2026-09-25T20,678.012
2026-09-25T21,681.334
2026-09-25T22,801.574
2026-09-25T23,1333.161
2026-09-26T00,1199.443
2026-09-26T01,1436.214
2026-09-26T02,1360.153
2026-09-26T03,1330.79
2026-09-26T04,1300.059
2026-09-26T05,1264.017
2026-09-26T06,1217.207
2026-09-26T07,1099.052
2026-09-26T08,1071.74
2026-09-26T09,1232.823
2026-09-26T10,1655.506
2026-09-26T11,1320.806
2026-09-26T12,1098.153
2026-09-26T13,917.529
2026-09-26T14,852.572
2026-09-26T15,815.951
2026-09-26T16,859.476
2026-09-26T17,853.55
2026-09-26T18,697.025
2026-09-26T19,635.759
2026-09-26T20,666.315
2026-09-26T21,669.579
2026-09-26T22,787.745
2026-09-26T23,1310.161
2026-09-27T00,1217.889
2026-09-27T01,1458.301
2026-09-27T02,1381.07
2026-09-27T03,1351.256
2026-09-27T04,1320.053
2026-09-27T05,1283.456
2026-09-27T06,1235.926
2026-09-27T07,1115.954
2026-09-27T08,1088.221
2026-09-27T09,1251.782
2026-09-27T10,1680.965
2026-09-27T11,1341.119
2026-09-27T12,1115.041
2026-09-27T13,931.639
2026-09-27T14,865.684
2026-09-27T15,828.499
2026-09-27T16,872.694
2026-09-27T17,866.676
2026-09-27T18,707.745
2026-09-27T19,645.536
2026-09-27T20,676.562
2026-09-27T21,679.876
2026-09-27T22,799.859
2026-09-27T23,1330.309
2026-09-28T00,1313.806
2026-09-28T01,1573.153
2026-09-28T02,1489.839
2026-09-28T03,1457.677
2026-09-28T04,1424.016
2026-09-28T05,1384.537
2026-09-28T06,1333.264
2026-09-28T07,1203.843
2026-09-28T08,1173.927
2026-09-28T09,1350.369
2026-09-28T10,1813.354
2026-09-28T11,1446.741
2026-09-28T12,1202.858
2026-09-28T13,1005.013
2026-09-28T14,933.862
2026-09-28T15,893.749
2026-09-28T16,941.425
2026-09-28T17,934.933
2026-09-28T18,763.485
2026-09-28T19,696.377
2026-09-28T20,729.846
2026-09-28T21,733.421
2026-09-28T22,862.854
2026-09-28T23,1435.081
2026-09-29T00,1457.217
2026-09-29T01,1744.873
2026-09-29T02,1652.465
2026-09-29T03,1616.792
2026-09-29T04,1579.457
2026-09-29T05,1535.668
2026-09-29T06,1478.798
2026-09-29T07,1335.251
2026-09-29T08,1302.068
2026-09-29T09,1497.771
2026-09-29T10,2011.293
2026-09-29T11,1604.662
2026-09-29T12,1334.158
2026-09-29T13,1114.716
2026-09-29T14,1035.799
2026-09-29T15,991.308
2026-09-29T16,1044.187
2026-09-29T17,1036.987
2026-09-29T18,846.824
2026-09-29T19,772.391
2026-09-29T20,809.513
2026-09-29T21,813.479
2026-09-29T22,957.04
2026-09-29T23,1591.729
2026-09-30T00,1148.2
2026-09-30T01,1374.855
2026-09-30T02,1302.044
2026-09-30T03,1273.935
2026-09-30T04,1244.517
2026-09-30T05,1210.015
2026-09-30T06,1165.205
2026-09-30T07,1052.098
2026-09-30T08,1025.952
2026-09-30T09,1180.154
2026-09-30T10,1584.778
2026-09-30T11,1264.378
2026-09-30T12,1051.237
2026-09-30T13,878.33
2026-09-30T14,816.148
2026-09-30T15,781.091
2026-09-30T16,822.757
2026-09-30T17,817.084
2026-09-30T18,667.247
2026-09-30T19,608.598
2026-09-30T20,637.848
2026-09-30T21,640.973
2026-09-30T22,754.09
2026-09-30T23,1254.187
2026-10-01T00,1213.027
2026-10-01T01,1452.48
2026-10-01T02,1375.557
2026-10-01T03,1345.862
2026-10-01T04,1314.783
2026-10-01T05,1278.332
2026-10-01T06,1230.992
2026-10-01T07,1111.499
2026-10-01T08,1083.878
2026-10-01T09,1246.785
2026-10-01T10,1674.255
2026-10-01T11,1335.765
2026-10-01T12,1110.59
2026-10-01T13,927.92
2026-10-01T14,862.228
2026-10-01T15,825.192
2026-10-01T16,869.21
2026-10-01T17,863.217
2026-10-01T18,704.92
2026-10-01T19,642.959
2026-10-01T20,673.861
2026-10-01T21,677.162
2026-10-01T22,796.667
2026-10-01T23,1324.999
2026-10-02T00,1233.309
2026-10-02T01,1476.766
2026-10-02T02,1398.557
2026-10-02T03,1368.365
2026-10-02T04,1336.767
2026-10-02T05,1299.706
2026-10-02T06,1251.575
2026-10-02T07,1130.084
2026-10-02T08,1102.0
2026-10-02T09,1267.632
2026-10-02T10,1702.249
2026-10-02T11,1358.099
2026-10-02T12,1129.159
2026-10-02T13,943.435
2026-10-02T14,876.644
2026-10-02T15,838.989
2026-10-02T16,883.744
2026-10-02T17,877.65
2026-10-02T18,716.706
2026-10-02T19,653.71
2026-10-02T20,685.128
2026-10-02T21,688.484
2026-10-02T22,809.987
2026-10-02T23,1347.153
2026-10-03T00,1337.992
2026-10-03T01,1602.113
2026-10-03T02,1517.266
2026-10-03T03,1484.511
2026-10-03T04,1450.231
2026-10-03T05,1410.025
2026-10-03T06,1357.808
2026-10-03T07,1226.005
2026-10-03T08,1195.537
2026-10-03T09,1375.228
2026-10-03T10,1846.735
2026-10-03T11,1473.374
2026-10-03T12,1225.002
2026-10-03T13,1023.514
2026-10-03T14,951.054
2026-10-03T15,910.202
2026-10-03T16,958.755
2026-10-03T17,952.144
2026-10-03T18,777.54
2026-10-03T19,709.196
2026-10-03T20,743.282
2026-10-03T21,746.923
2026-10-03T22,878.738
2026-10-03T23,1461.499
2026-10-04T00,1161.076
2026-10-04T01,1390.273
2026-10-04T02,1316.645
2026-10-04T03,1288.222
2026-10-04T04,1258.474
2026-10-04T05,1223.584
2026-10-04T06,1178.271
2026-10-04T07,1063.896
2026-10-04T08,1037.457
2026-10-04T09,1193.388
2026-10-04T10,1602.551
2026-10-04T11,1278.557
2026-10-04T12,1063.026
2026-10-04T13,888.18
2026-10-04T14,825.301
2026-10-04T15,789.851
2026-10-04T16,831.984
2026-10-04T17,826.247
2026-10-04T18,674.729
2026-10-04T19,615.423
2026-10-04T20,645.001
2026-10-04T21,648.161
2026-10-04T22,762.547
2026-10-04T23,1268.252
2026-10-05T00,1429.323
2026-10-05T01,1711.472
2026-10-05T02,1620.833
2026-10-05T03,1585.843
2026-10-05T04,1549.223
2026-10-05T05,1506.272
2026-10-05T06,1450.491
2026-10-05T07,1309.691
2026-10-05T08,1277.144
2026-10-05T09,1469.1
2026-10-05T10,1972.792
2026-10-05T11,1573.946
2026-10-05T12,1308.619
2026-10-05T13,1093.378
2026-10-05T14,1015.972
2026-10-05T15,972.332
2026-10-05T16,1024.199
2026-10-05T17,1017.137
2026-10-05T18,830.614
2026-10-05T19,757.606
2026-10-05T20,794.018
2026-10-05T21,797.907
2026-10-05T22,938.72
2026-10-05T23,1561.26
2026-10-06T00,1205.465
2026-10-06T01,1443.425
2026-10-06T02,1366.982
2026-10-06T03,1337.472
2026-10-06T04,1306.587
2026-10-06T05,1270.363
2026-10-06T06,1223.318
2026-10-06T07,1104.57
2026-10-06T08,1077.121
2026-10-06T09,1239.013
2026-10-06T10,1663.818
2026-10-06T11,1327.438
2026-10-06T12,1103.666
2026-10-06T13,922.136
2026-10-06T14,856.853
2026-10-06T15,820.048
2026-10-06T16,863.792
2026-10-06T17,857.835
2026-10-06T18,700.525
2026-10-06T19,638.951
2026-10-06T20,669.66
2026-10-06T21,672.941
2026-10-06T22,791.7
2026-10-06T23,1316.739
2026-10-07T00,1217.558
2026-10-07T01,1457.905
2026-10-07T02,1380.695
2026-10-07T03,1350.889
2026-10-07T04,1319.694
2026-10-07T05,1283.107
2026-10-07T06,1235.59
2026-10-07T07,1115.651
2026-10-07T08,1087.926
2026-10-07T09,1251.442
2026-10-07T10,1680.509
2026-10-07T11,1340.754
2026-10-07T12,1114.738
2026-10-07T13,931.386
2026-10-07T14,865.448
2026-10-07T15,828.274
2026-10-07T16,872.457
2026-10-07T17,866.441
2026-10-07T18,707.552
2026-10-07T19,645.361
2026-10-07T20,676.378
2026-10-07T21,679.691
2026-10-07T22,799.642
2026-10-07T23,1329.948
2026-10-08T00,1404.504
2026-10-08T01,1681.754
2026-10-08T02,1592.689
2026-10-08T03,1558.306
2026-10-08T04,1522.322
2026-10-08T05,1480.117
2026-10-08T06,1425.304
2026-10-08T07,1286.949
2026-10-08T08,1254.967
2026-10-08T09,1443.59
2026-10-08T10,1938.536
2026-10-08T11,1546.616
2026-10-08T12,1285.896
2026-10-08T13,1074.393
2026-10-08T14,998.331
2026-10-08T15,955.448
2026-10-08T16,1006.415
2026-10-08T17,999.475
2026-10-08T18,816.191
2026-10-08T19,744.45
2026-10-08T20,780.23
2026-10-08T21,784.052
2026-10-08T22,922.42
2026-10-08T23,1534.15
2026-10-09T00,1293.274
2026-10-09T01,1548.567
2026-10-09T02,1466.556
2026-10-09T03,1434.896
2026-10-09T04,1401.761
2026-10-09T05,1362.899
2026-10-09T06,1312.427
2026-10-09T07,1185.029
2026-10-09T08,1155.58
2026-10-09T09,1329.265
2026-10-09T10,1785.014
2026-10-09T11,1424.131
2026-10-09T12,1184.06
2026-10-09T13,989.306
2026-10-09T14,919.268
2026-10-09T15,879.782
2026-10-09T16,926.712
2026-10-09T17,920.322
2026-10-09T18,751.553
2026-10-09T19,685.494
2026-10-09T20,718.44
2026-10-09T21,721.959
2026-10-09T22,849.369
2026-10-09T23,1412.653
2026-10-10T00,1306.234
2026-10-10T01,1564.085
2026-10-10T02,1481.252
2026-10-10T03,1449.275
2026-10-10T04,1415.808
2026-10-10T05,1376.556
2026-10-10T06,1325.579
2026-10-10T07,1196.904
2026-10-10T08,1167.16
2026-10-10T09,1342.586
2026-10-10T10,1802.901
2026-10-10T11,1438.402
2026-10-10T12,1195.925
2026-10-10T13,999.22
2026-10-10T14,928.48
2026-10-10T15,888.598
2026-10-10T16,935.998
2026-10-10T17,929.544
2026-10-10T18,759.084
2026-10-10T19,692.363
2026-10-10T20,725.639
2026-10-10T21,729.194
2026-10-10T22,857.881
2026-10-10T23,1426.809
2026-10-11T00,1105.482
2026-10-11T01,1323.705
2026-10-11T02,1253.602
2026-10-11T03,1226.54
2026-10-11T04,1198.216
2026-10-11T05,1164.997
2026-10-11T06,1121.854
2026-10-11T07,1012.955
2026-10-11T08,987.782
2026-10-11T09,1136.247
2026-10-11T10,1525.818
2026-10-11T11,1217.338
2026-10-11T12,1012.126
2026-10-11T13,845.652
2026-10-11T14,785.784
2026-10-11T15,752.032
2026-10-11T16,792.147
2026-10-11T17,786.685
2026-10-11T18,642.422
2026-10-11T19,585.956
2026-10-11T20,614.118
2026-10-11T21,617.126
2026-10-11T22,726.035
2026-10-11T23,1207.526
2026-10-12T00,1864.463
2026-10-12T01,2232.509
2026-10-12T02,2114.277
2026-10-12T03,2068.634
2026-10-12T04,2020.865
2026-10-12T05,1964.839
2026-10-12T06,1892.076
2026-10-12T07,1708.411
2026-10-12T08,1665.955
2026-10-12T09,1916.35
2026-10-12T10,2573.386
2026-10-12T11,2053.115
2026-10-12T12,1707.013
2026-10-12T13,1426.244
2026-10-12T14,1325.273
2026-10-12T15,1268.347
2026-10-12T16,1336.005
2026-10-12T17,1326.792
2026-10-12T18,1083.485
2026-10-12T19,988.25
2026-10-12T20,1035.747
2026-10-12T21,1040.821
2026-10-12T22,1224.503
2026-10-12T23,2036.567
2026-10-13T00,1249.708
2026-10-13T01,1496.402
2026-10-13T02,1417.153
2026-10-13T03,1386.56
2026-10-13T04,1354.541
2026-10-13T05,1316.988
2026-10-13T06,1268.216
2026-10-13T07,1145.11
2026-10-13T08,1116.653
2026-10-13T09,1284.487
2026-10-13T10,1724.883
2026-10-13T11,1376.158
2026-10-13T12,1144.173
2026-10-13T13,955.98
2026-10-13T14,888.301
2026-10-13T15,850.145
2026-10-13T16,895.494
2026-10-13T17,889.32
2026-10-13T18,726.236
2026-10-13T19,662.402
2026-10-13T20,694.238
2026-10-13T21,697.639
2026-10-13T22,820.757
2026-10-13T23,1365.066
2026-10-14T00,1206.675
2026-10-14T01,1444.874
2026-10-14T02,1368.354
2026-10-14T03,1338.814
2026-10-14T04,1307.898
2026-10-14T05,1271.638
2026-10-14T06,1224.546
2026-10-14T07,1105.679
2026-10-14T08,1078.202
2026-10-14T09,1240.256
2026-10-14T10,1665.488
2026-10-14T11,1328.77
2026-10-14T12,1104.774
2026-10-14T13,923.061
2026-10-14T14,857.713
2026-10-14T15,820.871
2026-10-14T16,864.659
2026-10-14T17,858.696
2026-10-14T18,701.228
2026-10-14T19,639.592
2026-10-14T20,670.332
2026-10-14T21,673.616
2026-10-14T22,792.495
2026-10-14T23,1318.06
2026-10-15T00,1213.517
2026-10-15T01,1453.067
2026-10-15T02,1376.113
2026-10-15T03,1346.406
2026-10-15T04,1315.314
2026-10-15T05,1278.849
2026-10-15T06,1231.49
2026-10-15T07,1111.948
2026-10-15T08,1084.315
2026-10-15T09,1247.289
2026-10-15T10,1674.932
2026-10-15T11,1336.305
2026-10-15T12,1111.038
2026-10-15T13,928.295
2026-10-15T14,862.576
2026-10-15T15,825.525
2026-10-15T16,869.561
2026-10-15T17,863.565
2026-10-15T18,705.204
2026-10-15T19,643.219
2026-10-15T20,674.133
2026-10-15T21,677.436
2026-10-15T22,796.988
2026-10-15T23,1325.534
2026-10-16T00,1225.703
2026-10-16T01,1467.657
2026-10-16T02,1389.931
2026-10-16T03,1359.925
2026-10-16T04,1328.522
2026-10-16T05,1291.69
2026-10-16T06,1243.855
2026-10-16T07,1123.114
2026-10-16T08,1095.203
2026-10-16T09,1259.813
2026-10-16T10,1691.75
2026-10-16T11,1349.723
2026-10-16T12,1122.195
2026-10-16T13,937.617
2026-10-16T14,871.238
2026-10-16T15,833.815
2026-10-16T16,878.293
2026-10-16T17,872.237
2026-10-16T18,712.285
2026-10-16T19,649.678
2026-10-16T20,680.902
2026-10-16T21,684.238
2026-10-16T22,804.991
2026-10-16T23,1338.844
2026-10-17T00,1048.389
2026-10-17T01,1255.342
2026-10-17T02,1188.86
2026-10-17T03,1163.195
2026-10-17T04,1136.334
2026-10-17T05,1104.83
2026-10-17T06,1063.916
2026-10-17T07,960.641
2026-10-17T08,936.768
2026-10-17T09,1077.565
2026-10-17T10,1447.017
2026-10-17T11,1154.468
2026-10-17T12,959.855
2026-10-17T13,801.978
2026-10-17T14,745.202
2026-10-17T15,713.193
2026-10-17T16,751.237
2026-10-17T17,746.056
2026-10-17T18,609.244
2026-10-17T19,555.694
2026-10-17T20,582.401
2026-10-17T21,585.254
2026-10-17T22,688.539
2026-10-17T23,1145.163
2026-10-18T00,1082.388
2026-10-18T01,1296.052
2026-10-18T02,1227.414
2026-10-18T03,1200.917
2026-10-18T04,1173.185
2026-10-18T05,1140.66
2026-10-18T06,1098.418
2026-10-18T07,991.794
2026-10-18T08,967.147
2026-10-18T09,1112.51
2026-10-18T10,1493.943
2026-10-18T11,1191.907
2026-10-18T12,990.983
2026-10-18T13,827.986
2026-10-18T14,769.369
2026-10-18T15,736.321
2026-10-18T16,775.599
2026-10-18T17,770.251
2026-10-18T18,629.002
2026-10-18T19,573.715
2026-10-18T20,601.288
2026-10-18T21,604.234
2026-10-18T22,710.868
2026-10-18T23,1182.3
2026-10-19T00,1189.448
2026-10-19T01,1424.246
2026-10-19T02,1348.819
2026-10-19T03,1319.701
2026-10-19T04,1289.226
2026-10-19T05,1253.484
2026-10-19T06,1207.064
2026-10-19T07,1089.894
2026-10-19T08,1062.809
2026-10-19T09,1222.55
2026-10-19T10,1641.711
2026-10-19T11,1309.8
2026-10-19T12,1089.002
2026-10-19T13,909.883
2026-10-19T14,845.468
2026-10-19T15,809.152
2026-10-19T16,852.314
2026-10-19T17,846.437
2026-10-19T18,691.217
2026-10-19T19,630.461
2026-10-19T20,660.762
2026-10-19T21,663.999
2026-10-19T22,781.181
2026-10-19T23,1299.243
2026-10-20T00,1152.154
2026-10-20T01,1379.591
2026-10-20T02,1306.528
2026-10-20T03,1278.323
2026-10-20T04,1248.804
2026-10-20T05,1214.182
2026-10-20T06,1169.218
2026-10-20T07,1055.721
2026-10-20T08,1029.486
2026-10-20T09,1184.218
2026-10-20T10,1590.237
2026-10-20T11,1268.733
2026-10-20T12,1054.857
2026-10-20T13,881.355
2026-10-20T14,818.959
2026-10-20T15,783.782
2026-10-20T16,825.591
2026-10-20T17,819.898
2026-10-20T18,669.545
2026-10-20T19,610.694
2026-10-20T20,640.045
2026-10-20T21,643.18
2026-10-20T22,756.688
2026-10-20T23,1258.507
2026-10-21T00,1207.562
2026-10-21T01,1445.936
2026-10-21T02,1369.36
2026-10-21T03,1339.799
2026-10-21T04,1308.86
2026-10-21T05,1272.573
2026-10-21T06,1225.446
2026-10-21T07,1106.492
2026-10-21T08,1078.994
2026-10-21T09,1241.168
2026-10-21T10,1666.712
2026-10-21T11,1329.747
2026-10-21T12,1105.586
2026-10-21T13,923.74
2026-10-21T14,858.343
2026-10-21T15,821.474
2026-10-21T16,865.294
2026-10-21T17,859.328
2026-10-21T18,701.744
2026-10-21T19,640.063
2026-10-21T20,670.825
2026-10-21T21,674.112
2026-10-21T22,793.077
2026-10-21T23,1319.029
2026-10-22T00,1209.971
2026-10-22T01,1448.82
2026-10-22T02,1372.091
2026-10-22T03,1342.471
2026-10-22T04,1311.47
2026-10-22T05,1275.111
2026-10-22T06,1227.891
2026-10-22T07,1108.699
2026-10-22T08,1081.147
2026-10-22T09,1243.644
2026-10-22T10,1670.037
2026-10-22T11,1332.4
2026-10-22T12,1107.792
2026-10-22T13,925.582
2026-10-22T14,860.055
2026-10-22T15,823.113
2026-10-22T16,867.02
2026-10-22T17,861.042
2026-10-22T18,703.143
2026-10-22T19,641.339
2026-10-22T20,672.163
2026-10-22T21,675.456
2026-10-22T22,794.659
2026-10-22T23,1321.66
2026-10-23T00,1262.582
2026-10-23T01,1511.817
2026-10-23T02,1431.752
2026-10-23T03,1400.844
2026-10-23T04,1368.495
2026-10-23T05,1330.555
2026-10-23T06,1281.281
2026-10-23T07,1156.907
2026-10-23T08,1128.157
2026-10-23T09,1297.72
2026-10-23T10,1742.653
2026-10-23T11,1390.334
2026-10-23T12,1155.96
2026-10-23T13,965.828
2026-10-23T14,897.452
2026-10-23T15,858.903
2026-10-23T16,904.72
2026-10-23T17,898.481
2026-10-23T18,733.717
2026-10-23T19,669.226
2026-10-23T20,701.39
2026-10-23T21,704.826
2026-10-23T22,829.212
2026-10-23T23,1379.128
2026-10-24T00,1279.765
2026-10-24T01,1532.392
2026-10-24T02,1451.237
2026-10-24T03,1419.908
2026-10-24T04,1387.119
2026-10-24T05,1348.663
2026-10-24T06,1298.718
2026-10-24T07,1172.651
2026-10-24T08,1143.51
2026-10-24T09,1315.38
2026-10-24T10,1766.369
2026-10-24T11,1409.256
2026-10-24T12,1171.692
2026-10-24T13,978.972
2026-10-24T14,909.666
2026-10-24T15,870.592
2026-10-24T16,917.032
2026-10-24T17,910.709
2026-10-24T18,743.702
2026-10-24T19,678.333
2026-10-24T20,710.935
2026-10-24T21,714.418
2026-10-24T22,840.497
2026-10-24T23,1397.897
2026-10-25T00,1195.211
2026-10-25T01,1431.147
2026-10-25T02,1355.354
2026-10-25T03,1326.095
2026-10-25T04,1295.473
2026-10-25T05,1259.557
2026-10-25T06,1212.912
2026-10-25T07,1095.175
2026-10-25T08,1067.958
2026-10-25T09,1228.474
2026-10-25T10,1649.665
2026-10-25T11,1316.147
2026-10-25T12,1094.278
2026-10-25T13,914.292
2026-10-25T14,849.564
2026-10-25T15,813.072
2026-10-25T16,856.444
2026-10-25T17,850.538
2026-10-25T18,694.566
2026-10-25T19,633.516
2026-10-25T20,663.964
2026-10-25T21,667.217
2026-10-25T22,784.966
2026-10-25T23,1305.538
2026-10-26T00,1390.438
2026-10-26T01,1664.912
2026-10-26T02,1576.739
2026-10-26T03,1542.701
2026-10-26T04,1507.076
2026-10-26T05,1465.294
2026-10-26T06,1411.031
2026-10-26T07,1274.061
2026-10-26T08,1242.4
2026-10-26T09,1429.134
2026-10-26T10,1919.123
2026-10-26T11,1531.127
2026-10-26T12,1273.019
2026-10-26T13,1063.633
2026-10-26T14,988.333
2026-10-26T15,945.88
2026-10-26T16,996.336
2026-10-26T17,989.466
2026-10-26T18,808.017
2026-10-26T19,736.995
2026-10-26T20,772.416
2026-10-26T21,776.2
2026-10-26T22,913.183
2026-10-26T23,1518.786
2026-10-27T00,1338.103
2026-10-27T01,1602.246
2026-10-27T02,1517.391
2026-10-27T03,1484.634
2026-10-27T04,1450.351
2026-10-27T05,1410.142
2026-10-27T06,1357.92
2026-10-27T07,1226.106
2026-10-27T08,1195.637
2026-10-27T09,1375.342
2026-10-27T10,1846.888
2026-10-27T11,1473.496
2026-10-27T12,1225.103
2026-10-27T13,1023.599
2026-10-27T14,951.133
2026-10-27T15,910.278
2026-10-27T16,958.835
2026-10-27T17,952.223
2026-10-27T18,777.604
2026-10-27T19,709.255
2026-10-27T20,743.343
2026-10-27T21,746.985
2026-10-27T22,878.811
2026-10-27T23,1461.62
2026-10-28T00,1158.736
2026-10-28T01,1387.472
2026-10-28T02,1313.992
2026-10-28T03,1285.626
2026-10-28T04,1255.938
2026-10-28T05,1221.118
2026-10-28T06,1175.897
2026-10-28T07,1061.752
2026-10-28T08,1035.367
2026-10-28T09,1190.983
2026-10-28T10,1599.321
2026-10-28T11,1275.981
2026-10-28T12,1060.883
2026-10-28T13,886.39
2026-10-28T14,823.637
2026-10-28T15,788.259
2026-10-28T16,830.307
2026-10-28T17,824.582
2026-10-28T18,673.37
2026-10-28T19,614.183
2026-10-28T20,643.701
2026-10-28T21,646.855
2026-10-28T22,761.01
2026-10-28T23,1265.696
2026-10-29T00,989.509
2026-10-29T01,1184.839
2026-10-29T02,1122.091
2026-10-29T03,1097.867
2026-10-29T04,1072.515
2026-10-29T05,1042.781
2026-10-29T06,1004.164
2026-10-29T07,906.689
2026-10-29T08,884.157
2026-10-29T09,1017.047
2026-10-29T10,1365.749
2026-10-29T11,1089.631
2026-10-29T12,905.947
2026-10-29T13,756.937
2026-10-29T14,703.35
2026-10-29T15,673.138
2026-10-29T16,709.045
2026-10-29T17,704.156
2026-10-29T18,575.028
2026-10-29T19,524.485
2026-10-29T20,549.692
2026-10-29T21,552.385
2026-10-29T22,649.869
2026-10-29T23,1080.848
2026-10-30T00,1241.072
2026-10-30T01,1486.06
2026-10-30T02,1407.359
2026-10-30T03,1376.977
2026-10-30T04,1345.18
2026-10-30T05,1307.886
2026-10-30T06,1259.452
2026-10-30T07,1137.196
2026-10-30T08,1108.936
2026-10-30T09,1275.61
2026-10-30T10,1712.963
2026-10-30T11,1366.647
2026-10-30T12,1136.266
2026-10-30T13,949.373
2026-10-30T14,882.162
2026-10-30T15,844.27
2026-10-30T16,889.306
2026-10-30T17,883.174
2026-10-30T18,721.217
2026-10-30T19,657.824
2026-10-30T20,689.44
2026-10-30T21,692.818
2026-10-30T22,815.085
2026-10-30T23,1355.632
2026-10-31T00,1332.814
2026-10-31T01,1595.913
2026-10-31T02,1511.394
2026-10-31T03,1478.767
2026-10-31T04,1444.619
2026-10-31T05,1404.568
2026-10-31T06,1352.553
2026-10-31T07,1221.26
2026-10-31T08,1190.911
2026-10-31T09,1369.906
2026-10-31T10,1839.589
2026-10-31T11,1467.673
2026-10-31T12,1220.261
2026-10-31T13,1019.553
2026-10-31T14,947.373
2026-10-31T15,906.68
2026-10-31T16,955.045
2026-10-31T17,948.46
2026-10-31T18,774.531
2026-10-31T19,706.452
2026-10-31T20,740.405
2026-10-31T21,744.032
2026-10-31T22,875.338
2026-10-31T23,1455.843
2026-11-01T00,1267.292
2026-11-01T01,1517.456
2026-11-01T02,1437.092
2026-11-01T03,1406.069
2026-11-01T04,1373.6
2026-11-01T05,1335.518
2026-11-01T06,1286.06
2026-11-01T07,1161.222
2026-11-01T08,1132.365
2026-11-01T09,1302.56
2026-11-01T10,1749.153
2026-11-01T11,1395.52
2026-11-01T12,1160.272
2026-11-01T13,969.431
2026-11-01T14,900.799
2026-11-01T15,862.107
2026-11-01T16,908.094
2026-11-01T17,901.832
2026-11-01T18,736.454
2026-11-01T19,671.722
2026-11-01T20,704.006
2026-11-01T21,707.455
2026-11-01T22,832.305
2026-11-01T23,1384.272
2026-11-02T00,1438.158
2026-11-02T01,1722.052
2026-11-02T02,1630.853
2026-11-02T03,1595.646
2026-11-02T04,1558.799
2026-11-02T05,1515.583
2026-11-02T06,1459.457
2026-11-02T07,1317.787
2026-11-02T08,1285.039
2026-11-02T09,1478.181
2026-11-02T10,1984.987
2026-11-02T11,1583.675
2026-11-02T12,1316.709
2026-11-02T13,1100.137
2026-11-02T14,1022.252
2026-11-02T15,978.343
2026-11-02T16,1030.531
2026-11-02T17,1023.425
2026-11-02T18,835.749
2026-11-02T19,762.289
2026-11-02T20,798.926
2026-11-02T21,802.84
2026-11-02T22,944.523
2026-11-02T23,1570.911
2026-11-03T00,1226.935
2026-11-03T01,1469.133
2026-11-03T02,1391.328
2026-11-03T03,1361.293
2026-11-03T04,1329.858
2026-11-03T05,1292.989
2026-11-03T06,1245.106
2026-11-03T07,1124.243
2026-11-03T08,1096.304
2026-11-03T09,1261.08
2026-11-03T10,1693.451
2026-11-03T11,1351.08
2026-11-03T12,1123.323
2026-11-03T13,938.559
2026-11-03T14,872.114
2026-11-03T15,834.653
2026-11-03T16,879.176
2026-11-03T17,873.114
2026-11-03T18,713.002
2026-11-03T19,650.331
2026-11-03T20,681.587
2026-11-03T21,684.926
2026-11-03T22,805.801
2026-11-03T23,1340.19
2026-11-04T00,1321.361
2026-11-04T01,1582.199
2026-11-04T02,1498.407
2026-11-04T03,1466.059
2026-11-04T04,1432.205
2026-11-04T05,1392.499
2026-11-04T06,1340.931
2026-11-04T07,1210.766
2026-11-04T08,1180.677
2026-11-04T09,1358.134
2026-11-04T10,1823.781
2026-11-04T11,1455.061
2026-11-04T12,1209.775
2026-11-04T13,1010.792
2026-11-04T14,939.232
2026-11-04T15,898.889
2026-11-04T16,946.838
2026-11-04T17,940.31
2026-11-04T18,767.875
2026-11-04T19,700.381
2026-11-04T20,734.043
2026-11-04T21,737.639
2026-11-04T22,867.816
2026-11-04T23,1443.333
2026-11-05T00,1292.45
2026-11-05T01,1547.581
2026-11-05T02,1465.622
2026-11-05T03,1433.983
2026-11-05T04,1400.869
2026-11-05T05,1362.031
2026-11-05T06,1311.592
2026-11-05T07,1184.275
2026-11-05T08,1154.845
2026-11-05T09,1328.419
2026-11-05T10,1783.877
2026-11-05T11,1423.225
2026-11-05T12,1183.306
2026-11-05T13,988.676
2026-11-05T14,918.682
2026-11-05T15,879.221
2026-11-05T16,926.122
2026-11-05T17,919.736
2026-11-05T18,751.074
2026-11-05T19,685.057
2026-11-05T20,717.982
2026-11-05T21,721.5
2026-11-05T22,848.828
2026-11-05T23,1411.753
2026-11-06T00,1355.279
2026-11-06T01,1622.812
2026-11-06T02,1536.868
2026-11-06T03,1503.691
2026-11-06T04,1468.967
2026-11-06T05,1428.242
2026-11-06T06,1375.35
2026-11-06T07,1241.844
2026-11-06T08,1210.983
2026-11-06T09,1392.996
2026-11-06T10,1870.595
2026-11-06T11,1492.41
2026-11-06T12,1240.828
2026-11-06T13,1036.737
2026-11-06T14,963.341
2026-11-06T15,921.962
2026-11-06T16,971.142
2026-11-06T17,964.446
2026-11-06T18,787.585
2026-11-06T19,718.359
2026-11-06T20,752.885
2026-11-06T21,756.573
2026-11-06T22,890.091
2026-11-06T23,1480.381
2026-11-07T00,1292.048
2026-11-07T01,1547.1
2026-11-07T02,1465.166
2026-11-07T03,1433.536
2026-11-07T04,1400.433
2026-11-07T05,1361.607
2026-11-07T06,1311.183
2026-11-07T07,1183.906
2026-11-07T08,1154.485
2026-11-07T09,1328.005
2026-11-07T10,1783.322
2026-11-07T11,1422.782
2026-11-07T12,1182.938
2026-11-07T13,988.368
2026-11-07T14,918.396
2026-11-07T15,878.948
2026-11-07T16,925.834
2026-11-07T17,919.45
2026-11-07T18,750.841
2026-11-07T19,684.844
2026-11-07T20,717.759
2026-11-07T21,721.275
2026-11-07T22,848.564
2026-11-07T23,1411.314
2026-11-08T00,1304.841
2026-11-08T01,1562.418
2026-11-08T02,1479.673
2026-11-08T03,1447.731
2026-11-08T04,1414.299
2026-11-08T05,1375.089
2026-11-08T06,1324.166
2026-11-08T07,1195.629
2026-11-08T08,1165.916
2026-11-08T09,1341.155
2026-11-08T10,1800.98
2026-11-08T11,1436.869
2026-11-08T12,1194.65
2026-11-08T13,998.155
2026-11-08T14,927.49
2026-11-08T15,887.651
2026-11-08T16,935.001
2026-11-08T17,928.554
2026-11-08T18,758.275
2026-11-08T19,691.625
2026-11-08T20,724.866
2026-11-08T21,728.417
2026-11-08T22,856.966
2026-11-08T23,1425.288
2026-11-09T00,1444.163
2026-11-09T01,1729.242
2026-11-09T02,1637.662
2026-11-09T03,1602.309
2026-11-09T04,1565.308
2026-11-09T05,1521.912
2026-11-09T06,1465.551
2026-11-09T07,1323.29
2026-11-09T08,1290.405
2026-11-09T09,1484.354
2026-11-09T10,1993.276
2026-11-09T11,1590.288
2026-11-09T12,1322.207
2026-11-09T13,1104.731
2026-11-09T14,1026.521
2026-11-09T15,982.428
2026-11-09T16,1034.834
2026-11-09T17,1027.698
2026-11-09T18,839.238
2026-11-09T19,765.472
2026-11-09T20,802.262
2026-11-09T21,806.192
2026-11-09T22,948.467
2026-11-09T23,1577.47
2026-11-10T00,1206.443
2026-11-10T01,1444.596
2026-11-10T02,1368.091
2026-11-10T03,1338.557
2026-11-10T04,1307.646
2026-11-10T05,1271.393
2026-11-10T06,1224.31
2026-11-10T07,1105.466
2026-11-10T08,1077.994
2026-11-10T09,1240.018
2026-11-10T10,1665.167
2026-11-10T11,1328.514
2026-11-10T12,1104.561
2026-11-10T13,922.884
2026-11-10T14,857.548
2026-11-10T15,820.713
2026-11-10T16,864.492
2026-11-10T17,858.531
2026-11-10T18,701.093
2026-11-10T19,639.469
2026-11-10T20,670.203
2026-11-10T21,673.487
2026-11-10T22,792.342
2026-11-10T23,1317.807
2026-11-11T00,1196.683
2026-11-11T01,1432.909
2026-11-11T02,1357.023
2026-11-11T03,1327.728
2026-11-11T04,1297.067
2026-11-11T05,1261.108
2026-11-11T06,1214.405
2026-11-11T07,1096.523
2026-11-11T08,1069.273
2026-11-11T09,1229.986
2026-11-11T10,1651.696
2026-11-11T11,1317.767
2026-11-11T12,1095.625
2026-11-11T13,915.417
2026-11-11T14,850.61
2026-11-11T15,814.073
2026-11-11T16,857.498
2026-11-11T17,851.585
2026-11-11T18,695.421
2026-11-11T19,634.296
2026-11-11T20,664.781
2026-11-11T21,668.038
2026-11-11T22,785.932
2026-11-11T23,1307.145
2026-11-12T00,1232.383
2026-11-12T01,1475.656
2026-11-12T02,1397.506
2026-11-12T03,1367.337
2026-11-12T04,1335.762
2026-11-12T05,1298.73
2026-11-12T06,1250.635
2026-11-12T07,1129.235
2026-11-12T08,1101.172
2026-11-12T09,1266.68
2026-11-12T10,1700.97
2026-11-12T11,1357.079
2026-11-12T12,1128.311
2026-11-12T13,942.727
2026-11-12T14,875.986
2026-11-12T15,838.359
2026-11-12T16,883.08
2026-11-12T17,876.991
2026-11-12T18,716.168
2026-11-12T19,653.219
2026-11-12T20,684.614
2026-11-12T21,687.967
2026-11-12T22,809.379
2026-11-12T23,1346.141
2026-11-13T00,1173.407
2026-11-13T01,1405.039
2026-11-13T02,1330.629
2026-11-13T03,1301.904
2026-11-13T04,1271.84
2026-11-13T05,1236.579
2026-11-13T06,1190.786
2026-11-13T07,1075.195
2026-11-13T08,1048.476
2026-11-13T09,1206.063
2026-11-13T10,1619.571
2026-11-13T11,1292.136
2026-11-13T12,1074.316
2026-11-13T13,897.613
2026-11-13T14,834.066
2026-11-13T15,798.24
2026-11-13T16,840.82
2026-11-13T17,835.022
2026-11-13T18,681.896
2026-11-13T19,621.959
2026-11-13T20,651.851
2026-11-13T21,655.045
2026-11-13T22,770.646
2026-11-13T23,1281.722
2026-11-14T00,1647.393
2026-11-14T01,1972.59
2026-11-14T02,1868.123
2026-11-14T03,1827.794
2026-11-14T04,1785.586
2026-11-14T05,1736.083
2026-11-14T06,1671.791
2026-11-14T07,1509.51
2026-11-14T08,1471.997
2026-11-14T09,1693.24
2026-11-14T10,2273.78
2026-11-14T11,1814.082
2026-11-14T12,1508.275
2026-11-14T13,1260.194
2026-11-14T14,1170.978
2026-11-14T15,1120.68
2026-11-14T16,1180.461
2026-11-14T17,1172.321
2026-11-14T18,957.34
2026-11-14T19,873.193
2026-11-14T20,915.16
2026-11-14T21,919.643
2026-11-14T22,1081.94
2026-11-14T23,1799.46
2026-11-15T00,1395.811
2026-11-15T01,1671.345
2026-11-15T02,1582.831
2026-11-15T03,1548.662
2026-11-15T04,1512.9
2026-11-15T05,1470.956
2026-11-15T06,1416.483
2026-11-15T07,1278.984
2026-11-15T08,1247.2
2026-11-15T09,1434.656
2026-11-15T10,1926.538
2026-11-15T11,1537.043
2026-11-15T12,1277.938
2026-11-15T13,1067.743
2026-11-15T14,992.152
2026-11-15T15,949.535
2026-11-15T16,1000.186
2026-11-15T17,993.289
2026-11-15T18,811.14
2026-11-15T19,739.843
2026-11-15T20,775.401
2026-11-15T21,779.2
2026-11-15T22,916.711
2026-11-15T23,1524.655
2026-11-16T00,1403.097
2026-11-16T01,1680.069
2026-11-16T02,1591.094
2026-11-16T03,1556.746
2026-11-16T04,1520.797
2026-11-16T05,1478.634
2026-11-16T06,1423.877
2026-11-16T07,1285.66
2026-11-16T08,1253.71
2026-11-16T09,1442.144
2026-11-16T10,1936.595
2026-11-16T11,1545.066
2026-11-16T12,1284.608
2026-11-16T13,1073.316
2026-11-16T14,997.331
2026-11-16T15,954.491
2026-11-16T16,1005.407
2026-11-16T17,998.474
2026-11-16T18,815.374
2026-11-16T19,743.705
2026-11-16T20,779.449
2026-11-16T21,783.267
2026-11-16T22,921.496
2026-11-16T23,1532.613
2026-11-17T00,1158.7
2026-11-17T01,1387.429
2026-11-17T02,1313.951
2026-11-17T03,1285.586
2026-11-17T04,1255.899
2026-11-17T05,1221.08
2026-11-17T06,1175.861
2026-11-17T07,1061.719
2026-11-17T08,1035.335
2026-11-17T09,1190.946
2026-11-17T10,1599.271
2026-11-17T11,1275.941
2026-11-17T12,1060.85
2026-11-17T13,886.362
2026-11-17T14,823.612
2026-11-17T15,788.235
2026-11-17T16,830.281
2026-11-17T17,824.556
2026-11-17T18,673.349
2026-11-17T19,614.163
2026-11-17T20,643.681
2026-11-17T21,646.835
2026-11-17T22,760.987
2026-11-17T23,1265.657
2026-11-18T00,1319.382
2026-11-18T01,1579.829
2026-11-18T02,1496.162
2026-11-18T03,1463.863
2026-11-18T04,1430.059
2026-11-18T05,1390.412
2026-11-18T06,1338.922
2026-11-18T07,1208.952
2026-11-18T08,1178.908
2026-11-18T09,1356.1
2026-11-18T10,1821.049
2026-11-18T11,1452.881
2026-11-18T12,1207.963
2026-11-18T13,1009.278
2026-11-18T14,937.825
2026-11-18T15,897.542
2026-11-18T16,945.42
2026-11-18T17,938.901
2026-11-18T18,766.725
2026-11-18T19,699.332
2026-11-18T20,732.943
2026-11-18T21,736.534
2026-11-18T22,866.516
2026-11-18T23,1441.17
2026-11-19T00,1228.388
2026-11-19T01,1470.873
2026-11-19T02,1392.976
2026-11-19T03,1362.905
2026-11-19T04,1331.432
2026-11-19T05,1294.52
2026-11-19T06,1246.58
2026-11-19T07,1125.574
2026-11-19T08,1097.603
2026-11-19T09,1262.574
2026-11-19T10,1695.457
2026-11-19T11,1352.68
2026-11-19T12,1124.653
2026-11-19T13,939.671
2026-11-19T14,873.146
2026-11-19T15,835.641
2026-11-19T16,880.217
2026-11-19T17,874.148
2026-11-19T18,713.846
2026-11-19T19,651.101
2026-11-19T20,682.394
2026-11-19T21,685.737
2026-11-19T22,806.755
2026-11-19T23,1341.777
2026-11-20T00,1463.967
2026-11-20T01,1752.955
2026-11-20T02,1660.119
2026-11-20T03,1624.281
2026-11-20T04,1586.773
2026-11-20T05,1542.781
2026-11-20T06,1485.648
2026-11-20T07,1341.436
2026-11-20T08,1308.1
2026-11-20T09,1504.708
2026-11-20T10,2020.609
2026-11-20T11,1612.095
2026-11-20T12,1340.338
2026-11-20T13,1119.88
2026-11-20T14,1040.597
2026-11-20T15,995.9
2026-11-20T16,1049.024
2026-11-20T17,1041.791
2026-11-20T18,850.747
2026-11-20T19,775.969
2026-11-20T20,813.263
2026-11-20T21,817.247
2026-11-20T22,961.473
2026-11-20T23,1599.102
2026-11-21T00,1195.381
2026-11-21T01,1431.35
2026-11-21T02,1355.546
2026-11-21T03,1326.283
2026-11-21T04,1295.656
2026-11-21T05,1259.736
2026-11-21T06,1213.084
2026-11-21T07,1095.33
2026-11-21T08,1068.11
2026-11-21T09,1228.648
2026-11-21T10,1649.899
2026-11-21T11,1316.333
2026-11-21T12,1094.433
2026-11-21T13,914.421
2026-11-21T14,849.685
2026-11-21T15,813.187
2026-11-21T16,856.565
2026-11-21T17,850.659
2026-11-21T18,694.665
2026-11-21T19,633.606
2026-11-21T20,664.058
2026-11-21T21,667.311
2026-11-21T22,785.077
2026-11-21T23,1305.723
2026-11-22T00,1280.543
2026-11-22T01,1533.324
2026-11-22T02,1452.12
2026-11-22T03,1420.772
2026-11-22T04,1387.963
2026-11-22T05,1349.483
2026-11-22T06,1299.508
2026-11-22T07,1173.365
2026-11-22T08,1144.205
2026-11-22T09,1316.181
2026-11-22T10,1767.443
2026-11-22T11,1410.113
2026-11-22T12,1172.404
2026-11-22T13,979.568
2026-11-22T14,910.219
2026-11-22T15,871.122
2026-11-22T16,917.59
2026-11-22T17,911.263
2026-11-22T18,744.155
2026-11-22T19,678.746
2026-11-22T20,711.368
2026-11-22T21,714.853
2026-11-22T22,841.008
2026-11-22T23,1398.747
2026-11-23T00,1409.185
2026-11-23T01,1687.359
2026-11-23T02,1597.998
2026-11-23T03,1563.501
2026-11-23T04,1527.396
2026-11-23T05,1485.05
2026-11-23T06,1430.055
2026-11-23T07,1291.239
2026-11-23T08,1259.151
2026-11-23T09,1448.402
2026-11-23T10,1944.998
2026-11-23T11,1551.771
2026-11-23T12,1290.182
2026-11-23T13,1077.974
2026-11-23T14,1001.658
2026-11-23T15,958.633
2026-11-23T16,1009.77
2026-11-23T17,1002.807
2026-11-23T18,818.912
2026-11-23T19,746.932
2026-11-23T20,782.831
2026-11-23T21,786.666
2026-11-23T22,925.495
2026-11-23T23,1539.263
2026-11-24T00,1333.212
2026-11-24T01,1596.39
2026-11-24T02,1511.846
2026-11-24T03,1479.208
2026-11-24T04,1445.05
2026-11-24T05,1404.988
2026-11-24T06,1352.957
2026-11-24T07,1221.625
2026-11-24T08,1191.267
2026-11-24T09,1370.315
2026-11-24T10,1840.138
2026-11-24T11,1468.111
2026-11-24T12,1220.625
2026-11-24T13,1019.858
2026-11-24T14,947.656
2026-11-24T15,906.951
2026-11-24T16,955.33
2026-11-24T17,948.743
2026-11-24T18,774.762
2026-11-24T19,706.663
2026-11-24T20,740.626
2026-11-24T21,744.255
2026-11-24T22,875.599
2026-11-24T23,1456.278
2026-11-25T00,1228.661
2026-11-25T01,1471.2
2026-11-25T02,1393.286
2026-11-25T03,1363.208
2026-11-25T04,1331.729
2026-11-25T05,1294.808
2026-11-25T06,1246.858
2026-11-25T07,1125.825
2026-11-25T08,1097.847
2026-11-25T09,1262.854
2026-11-25T10,1695.834
2026-11-25T11,1352.981
2026-11-25T12,1124.903
2026-11-25T13,939.88
2026-11-25T14,873.341
2026-11-25T15,835.827
2026-11-25T16,880.413
2026-11-25T17,874.342
2026-11-25T18,714.005
2026-11-25T19,651.246
2026-11-25T20,682.546
2026-11-25T21,685.89
2026-11-25T22,806.934
2026-11-25T23,1342.076
2026-11-26T00,1291.029
2026-11-26T01,1545.879
2026-11-26T02,1464.01
2026-11-26T03,1432.405
2026-11-26T04,1399.328
2026-11-26T05,1360.533
2026-11-26T06,1310.149
2026-11-26T07,1182.972
2026-11-26T08,1153.574
2026-11-26T09,1326.958
2026-11-26T10,1781.915
2026-11-26T11,1421.659
2026-11-26T12,1182.004
2026-11-26T13,987.589
2026-11-26T14,917.672
2026-11-26T15,878.254
2026-11-26T16,925.103
2026-11-26T17,918.724
2026-11-26T18,750.248
2026-11-26T19,684.304
2026-11-26T20,717.192
2026-11-26T21,720.706
2026-11-26T22,847.895
2026-11-26T23,1410.2
2026-11-27T00,1290.01
2026-11-27T01,1544.659
2026-11-27T02,1462.854
2026-11-27T03,1431.275
2026-11-27T04,1398.223
2026-11-27T05,1359.459
2026-11-27T06,1309.115
2026-11-27T07,1182.038
2026-11-27T08,1152.664
2026-11-27T09,1325.91
2026-11-27T10,1780.509
2026-11-27T11,1420.537
2026-11-27T12,1181.071
2026-11-27T13,986.809
2026-11-27T14,916.948
2026-11-27T15,877.561
2026-11-27T16,924.373
2026-11-27T17,917.999
2026-11-27T18,749.656
2026-11-27T19,683.764
2026-11-27T20,716.626
2026-11-27T21,720.137
2026-11-27T22,847.226
2026-11-27T23,1409.087
2026-11-28T00,1205.655
2026-11-28T01,1443.652
2026-11-28T02,1367.197
2026-11-28T03,1337.682
2026-11-28T04,1306.792
2026-11-28T05,1270.563
2026-11-28T06,1223.51
2026-11-28T07,1104.744
2026-11-28T08,1077.29
2026-11-28T09,1239.208
2026-11-28T10,1664.079
2026-11-28T11,1327.647
2026-11-28T12,1103.84
2026-11-28T13,922.281
2026-11-28T14,856.987
2026-11-28T15,820.177
2026-11-28T16,863.927
2026-11-28T17,857.97
2026-11-28T18,700.635
2026-11-28T19,639.052
2026-11-28T20,669.765
2026-11-28T21,673.047
2026-11-28T22,791.825
2026-11-28T23,1316.946
2026-11-29T00,1173.452
2026-11-29T01,1405.092
2026-11-29T02,1330.679
2026-11-29T03,1301.953
2026-11-29T04,1271.888
2026-11-29T05,1236.626
2026-11-29T06,1190.831
2026-11-29T07,1075.236
2026-11-29T08,1048.516
2026-11-29T09,1206.109
2026-11-29T10,1619.632
2026-11-29T11,1292.185
2026-11-29T12,1074.356
2026-11-29T13,897.647
2026-11-29T14,834.097
2026-11-29T15,798.27
2026-11-29T16,840.852
2026-11-29T17,835.054
2026-11-29T18,681.921
2026-11-29T19,621.983
2026-11-29T20,651.876
2026-11-29T21,655.07
2026-11-29T22,770.675
2026-11-29T23,1281.77
2026-11-30T00,1858.667
2026-11-30T01,2225.57
2026-11-30T02,2107.704
2026-11-30T03,2062.204
2026-11-30T04,2014.583
2026-11-30T05,1958.731
2026-11-30T06,1886.194
2026-11-30T07,1703.1
2026-11-30T08,1660.777
2026-11-30T09,1910.393
2026-11-30T10,2565.386
2026-11-30T11,2046.733
2026-11-30T12,1701.707
2026-11-30T13,1421.811
2026-11-30T14,1321.153
2026-11-30T15,1264.404
2026-11-30T16,1331.852
2026-11-30T17,1322.668
2026-11-30T18,1080.117
2026-11-30T19,985.178
2026-11-30T20,1032.527
2026-11-30T21,1037.585
2026-11-30T22,1220.696
2026-11-30T23,2030.236
2026-12-01T00,1170.204
2026-12-01T01,1401.203
2026-12-01T02,1326.996
2026-12-01T03,1298.349
2026-12-01T04,1268.368
2026-12-01T05,1233.203
2026-12-01T06,1187.535
2026-12-01T07,1072.26
2026-12-01T08,1045.613
2026-12-01T09,1202.77
2026-12-01T10,1615.149
2026-12-01T11,1288.609
2026-12-01T12,1071.383
2026-12-01T13,895.162
2026-12-01T14,831.789
2026-12-01T15,796.06
2026-12-01T16,838.525
2026-12-01T17,832.743
2026-12-01T18,680.034
2026-12-01T19,620.261
2026-12-01T20,650.072
2026-12-01T21,653.256
2026-12-01T22,768.542
2026-12-01T23,1278.222
2026-12-02T00,1209.671
2026-12-02T01,1448.461
2026-12-02T02,1371.751
2026-12-02T03,1342.138
2026-12-02T04,1311.145
2026-12-02T05,1274.795
2026-12-02T06,1227.586
2026-12-02T07,1108.424
2026-12-02T08,1080.878
2026-12-02T09,1243.335
2026-12-02T10,1669.622
2026-12-02T11,1332.069
2026-12-02T12,1107.517
2026-12-02T13,925.353
2026-12-02T14,859.842
2026-12-02T15,822.909
2026-12-02T16,866.805
2026-12-02T17,860.828
2026-12-02T18,702.969
2026-12-02T19,641.18
2026-12-02T20,671.996
2026-12-02T21,675.288
2026-12-02T22,794.462
2026-12-02T23,1321.332
2026-12-03T00,1156.536
2026-12-03T01,1384.837
2026-12-03T02,1311.497
2026-12-03T03,1283.185
2026-12-03T04,1253.553
2026-12-03T05,1218.8
2026-12-03T06,1173.665
2026-12-03T07,1059.736
2026-12-03T08,1033.401
2026-12-03T09,1188.722
2026-12-03T10,1596.285
2026-12-03T11,1273.558
2026-12-03T12,1058.869
2026-12-03T13,884.707
2026-12-03T14,822.074
2026-12-03T15,786.762
2026-12-03T16,828.731
2026-12-03T17,823.016
2026-12-03T18,672.091
2026-12-03T19,613.017
2026-12-03T20,642.479
2026-12-03T21,645.627
2026-12-03T22,759.566
2026-12-03T23,1263.293
2026-12-04T00,1202.176
2026-12-04T01,1439.487
2026-12-04T02,1363.252
2026-12-04T03,1333.823
2026-12-04T04,1303.022
2026-12-04T05,1266.897
2026-12-04T06,1219.98
2026-12-04T07,1101.556
2026-12-04T08,1074.182
2026-12-04T09,1235.632
2026-12-04T10,1659.278
2026-12-04T11,1323.816
2026-12-04T12,1100.655
2026-12-04T13,919.62
2026-12-04T14,854.515
2026-12-04T15,817.81
2026-12-04T16,861.435
2026-12-04T17,855.495
2026-12-04T18,698.614
2026-12-04T19,637.208
2026-12-04T20,667.833
2026-12-04T21,671.105
2026-12-04T22,789.54
2026-12-04T23,1313.146
2026-12-05T00,1268.685
2026-12-05T01,1519.125
2026-12-05T02,1438.672
2026-12-05T03,1407.615
2026-12-05T04,1375.11
2026-12-05T05,1336.986
2026-12-05T06,1287.474
2026-12-05T07,1162.499
2026-12-05T08,1133.609
2026-12-05T09,1303.992
2026-12-05T10,1751.076
2026-12-05T11,1397.054
2026-12-05T12,1161.547
2026-12-05T13,970.497
2026-12-05T14,901.79
2026-12-05T15,863.054
2026-12-05T16,909.093
2026-12-05T17,902.824
2026-12-05T18,737.264
2026-12-05T19,672.46
2026-12-05T20,704.78
2026-12-05T21,708.233
2026-12-05T22,833.22
2026-12-05T23,1385.794
2026-12-06T00,1515.425
2026-12-06T01,1814.572
2026-12-06T02,1718.473
2026-12-06T03,1681.375
2026-12-06T04,1642.548
2026-12-06T05,1597.01
2026-12-06T06,1537.869
2026-12-06T07,1388.587
2026-12-06T08,1354.08
2026-12-06T09,1557.599
2026-12-06T10,2091.634
2026-12-06T11,1668.761
2026-12-06T12,1387.451
2026-12-06T13,1159.244
2026-12-06T14,1077.174
2026-12-06T15,1030.906
2026-12-06T16,1085.898
2026-12-06T17,1078.41
2026-12-06T18,880.65
2026-12-06T19,803.244
2026-12-06T20,841.849
2026-12-06T21,845.973
2026-12-06T22,995.269
2026-12-06T23,1655.31
2026-12-07T00,1376.327
2026-12-07T01,1648.016
2026-12-07T02,1560.737
2026-12-07T03,1527.045
2026-12-07T04,1491.782
2026-12-07T05,1450.424
2026-12-07T06,1396.711
2026-12-07T07,1261.131
2026-12-07T08,1229.791
2026-12-07T09,1414.63
2026-12-07T10,1899.647
2026-12-07T11,1515.588
2026-12-07T12,1260.1
2026-12-07T13,1052.839
2026-12-07T14,978.303
2026-12-07T15,936.281
2026-12-07T16,986.225
2026-12-07T17,979.425
2026-12-07T18,799.817
2026-12-07T19,729.516
2026-12-07T20,764.578
2026-12-07T21,768.323
2026-12-07T22,903.915
2026-12-07T23,1503.373
2026-12-08T00,1415.685
2026-12-08T01,1695.143
2026-12-08T02,1605.369
2026-12-08T03,1570.713
2026-12-08T04,1534.442
2026-12-08T05,1491.901
2026-12-08T06,1436.652
2026-12-08T07,1297.195
2026-12-08T08,1264.959
2026-12-08T09,1455.084
2026-12-08T10,1953.97
2026-12-08T11,1558.929
2026-12-08T12,1296.134
2026-12-08T13,1082.946
2026-12-08T14,1006.279
2026-12-08T15,963.055
2026-12-08T16,1014.428
2026-12-08T17,1007.433
2026-12-08T18,822.689
2026-12-08T19,750.377
2026-12-08T20,786.442
2026-12-08T21,790.294
2026-12-08T22,929.764
2026-12-08T23,1546.364
2026-12-09T00,1196.32
2026-12-09T01,1432.475
2026-12-09T02,1356.612
2026-12-09T03,1327.326
2026-12-09T04,1296.675
2026-12-09T05,1260.726
2026-12-09T06,1214.038
2026-12-09T07,1096.191
2026-12-09T08,1068.949
2026-12-09T09,1229.614
2026-12-09T10,1651.196
2026-12-09T11,1317.368
2026-12-09T12,1095.294
2026-12-09T13,915.14
2026-12-09T14,850.353
2026-12-09T15,813.827
2026-12-09T16,857.239
2026-12-09T17,851.328
2026-12-09T18,695.211
2026-12-09T19,634.104
2026-12-09T20,664.58
2026-12-09T21,667.836
2026-12-09T22,785.694
2026-12-09T23,1306.75
2026-12-10T00,1224.374
2026-12-10T01,1466.067
2026-12-10T02,1388.425
2026-12-10T03,1358.452
2026-12-10T04,1327.082
2026-12-10T05,1290.29
2026-12-10T06,1242.507
2026-12-10T07,1121.897
2026-12-10T08,1094.016
2026-12-10T09,1258.448
2026-12-10T10,1689.917
2026-12-10T11,1348.26
2026-12-10T12,1120.979
2026-12-10T13,936.6
2026-12-10T14,870.293
2026-12-10T15,832.911
2026-12-10T16,877.341
2026-12-10T17,871.291
2026-12-10T18,711.514
2026-12-10T19,648.974
2026-12-10T20,680.165
2026-12-10T21,683.497
2026-12-10T22,804.119
2026-12-10T23,1337.393
2026-12-11T00,1049.954
2026-12-11T01,1257.216
2026-12-11T02,1190.635
2026-12-11T03,1164.932
2026-12-11T04,1138.031
2026-12-11T05,1106.48
2026-12-11T06,1065.504
2026-12-11T07,962.075
2026-12-11T08,938.167
2026-12-11T09,1079.174
2026-12-11T10,1449.177
2026-12-11T11,1156.192
2026-12-11T12,961.288
2026-12-11T13,803.176
2026-12-11T14,746.315
2026-12-11T15,714.258
2026-12-11T16,752.358
2026-12-11T17,747.17
2026-12-11T18,610.154
2026-12-11T19,556.523
2026-12-11T20,583.271
2026-12-11T21,586.128
2026-12-11T22,689.567
2026-12-11T23,1146.873
2026-12-12T00,1174.813
2026-12-12T01,1406.722
2026-12-12T02,1332.223
2026-12-12T03,1303.463
2026-12-12T04,1273.363
2026-12-12T05,1238.061
2026-12-12T06,1192.212
2026-12-12T07,1076.483
2026-12-12T08,1049.732
2026-12-12T09,1207.508
2026-12-12T10,1621.511
2026-12-12T11,1293.684
2026-12-12T12,1075.602
2026-12-12T13,898.688
2026-12-12T14,835.065
2026-12-12T15,799.196
2026-12-12T16,841.827
2026-12-12T17,836.022
2026-12-12T18,682.712
2026-12-12T19,622.704
2026-12-12T20,652.632
2026-12-12T21,655.829
2026-12-12T22,771.569
2026-12-12T23,1283.257
2026-12-13T00,1200.579
2026-12-13T01,1437.574
2026-12-13T02,1361.441
2026-12-13T03,1332.051
2026-12-13T04,1301.291
2026-12-13T05,1265.214
2026-12-13T06,1218.36
2026-12-13T07,1100.093
2026-12-13T08,1072.755
2026-12-13T09,1233.991
2026-12-13T10,1657.074
2026-12-13T11,1322.057
2026-12-13T12,1099.193
2026-12-13T13,918.398
2026-12-13T14,853.38
2026-12-13T15,816.724
2026-12-13T16,860.29
2026-12-13T17,854.358
2026-12-13T18,697.686
2026-12-13T19,636.361
2026-12-13T20,666.946
2026-12-13T21,670.213
2026-12-13T22,788.491
2026-12-13T23,1311.401
2026-12-14T00,1473.544
2026-12-14T01,1764.422
2026-12-14T02,1670.979
2026-12-14T03,1634.907
2026-12-14T04,1597.153
2026-12-14T05,1552.874
2026-12-14T06,1495.367
2026-12-14T07,1350.211
2026-12-14T08,1316.657
2026-12-14T09,1514.552
2026-12-14T10,2033.827
2026-12-14T11,1622.641
2026-12-14T12,1349.106
2026-12-14T13,1127.206
2026-12-14T14,1047.405
2026-12-14T15,1002.415
2026-12-14T16,1055.887
2026-12-14T17,1048.606
2026-12-14T18,856.312
2026-12-14T19,781.045
2026-12-14T20,818.583
2026-12-14T21,822.593
2026-12-14T22,967.763
2026-12-14T23,1609.563
2026-12-15T00,1123.489
2026-12-15T01,1345.267
2026-12-15T02,1274.022
2026-12-15T03,1246.519
2026-12-15T04,1217.734
2026-12-15T05,1183.974
2026-12-15T06,1140.128
2026-12-15T07,1029.455
2026-12-15T08,1003.872
2026-12-15T09,1154.755
2026-12-15T10,1550.672
2026-12-15T11,1237.167
2026-12-15T12,1028.613
2026-12-15T13,859.427
2026-12-15T14,798.584
2026-12-15T15,764.281
2026-12-15T16,805.051
2026-12-15T17,799.499
2026-12-15T18,652.887
2026-12-15T19,595.5
2026-12-15T20,624.121
2026-12-15T21,627.178
2026-12-15T22,737.862
2026-12-15T23,1227.196
2026-12-16T00,1267.492
2026-12-16T01,1517.696
2026-12-16T02,1437.319
2026-12-16T03,1406.291
2026-12-16T04,1373.816
2026-12-16T05,1335.729
2026-12-16T06,1286.263
2026-12-16T07,1161.405
2026-12-16T08,1132.543
2026-12-16T09,1302.766
2026-12-16T10,1749.429
2026-12-16T11,1395.74
2026-12-16T12,1160.455
2026-12-16T13,969.584
2026-12-16T14,900.942
2026-12-16T15,862.243
2026-12-16T16,908.237
2026-12-16T17,901.975
2026-12-16T18,736.57
2026-12-16T19,671.828
2026-12-16T20,704.117
2026-12-16T21,707.567
2026-12-16T22,832.437
2026-12-16T23,1384.491
2026-12-17T00,912.838
2026-12-17T01,1093.033
2026-12-17T02,1035.146
2026-12-17T03,1012.8
2026-12-17T04,989.412
2026-12-17T05,961.981
2026-12-17T06,926.357
2026-12-17T07,836.435
2026-12-17T08,815.649
2026-12-17T09,938.242
2026-12-17T10,1259.925
2026-12-17T11,1005.201
2026-12-17T12,835.75
2026-12-17T13,698.287
2026-12-17T14,648.851
2026-12-17T15,620.98
2026-12-17T16,654.106
2026-12-17T17,649.595
2026-12-17T18,530.472
2026-12-17T19,483.845
2026-12-17T20,507.1
2026-12-17T21,509.584
2026-12-17T22,599.514
2026-12-17T23,997.099
2026-12-18T00,1454.563
2026-12-18T01,1741.694
2026-12-18T02,1649.455
2026-12-18T03,1613.847
2026-12-18T04,1576.58
2026-12-18T05,1532.871
2026-12-18T06,1476.105
2026-12-18T07,1332.819
2026-12-18T08,1299.697
2026-12-18T09,1495.043
2026-12-18T10,2007.629
2026-12-18T11,1601.74
2026-12-18T12,1331.728
2026-12-18T13,1112.686
2026-12-18T14,1033.913
2026-12-18T15,989.502
2026-12-18T16,1042.285
2026-12-18T17,1035.098
2026-12-18T18,845.282
2026-12-18T19,770.984
2026-12-18T20,808.039
2026-12-18T21,811.997
2026-12-18T22,955.297
2026-12-18T23,1588.83
2026-12-19T00,1259.133
2026-12-19T01,1507.687
2026-12-19T02,1427.84
2026-12-19T03,1397.017
2026-12-19T04,1364.756
2026-12-19T05,1326.92
2026-12-19T06,1277.781
2026-12-19T07,1153.746
2026-12-19T08,1125.074
2026-12-19T09,1294.174
2026-12-19T10,1737.892
2026-12-19T11,1386.536
2026-12-19T12,1152.802
2026-12-19T13,963.19
2026-12-19T14,895.0
2026-12-19T15,856.556
2026-12-19T16,902.248
2026-12-19T17,896.026
2026-12-19T18,731.713
2026-12-19T19,667.397
2026-12-19T20,699.474
2026-12-19T21,702.9
2026-12-19T22,826.947
2026-12-19T23,1375.36
2026-12-20T00,1271.472
2026-12-20T01,1522.462
2026-12-20T02,1441.833
2026-12-20T03,1410.707
2026-12-20T04,1378.131
2026-12-20T05,1339.924
2026-12-20T06,1290.303
2026-12-20T07,1165.053
2026-12-20T08,1136.1
2026-12-20T09,1306.857
2026-12-20T10,1754.923
2026-12-20T11,1400.124
2026-12-20T12,1164.099
2026-12-20T13,972.629
2026-12-20T14,903.771
2026-12-20T15,864.951
2026-12-20T16,911.09
2026-12-20T17,904.807
2026-12-20T18,738.883
2026-12-20T19,673.938
2026-12-20T20,706.329
2026-12-20T21,709.789
2026-12-20T22,835.051
2026-12-20T23,1388.839
2026-12-21T00,1264.637
2026-12-21T01,1514.278
2026-12-21T02,1434.082
2026-12-21T03,1403.124
2026-12-21T04,1370.723
2026-12-21T05,1332.721
2026-12-21T06,1283.367
2026-12-21T07,1158.79
2026-12-21T08,1129.993
2026-12-21T09,1299.832
2026-12-21T10,1745.489
2026-12-21T11,1392.597
2026-12-21T12,1157.841
2026-12-21T13,967.4
2026-12-21T14,898.913
2026-12-21T15,860.301
2026-12-21T16,906.192
2026-12-21T17,899.943
2026-12-21T18,734.911
2026-12-21T19,670.315
2026-12-21T20,702.532
2026-12-21T21,705.973
2026-12-21T22,830.562
2026-12-21T23,1381.373
2026-12-22T00,1268.778
2026-12-22T01,1519.236
2026-12-22T02,1438.778
2026-12-22T03,1407.718
2026-12-22T04,1375.211
2026-12-22T05,1337.084
2026-12-22T06,1287.569
2026-12-22T07,1162.584
2026-12-22T08,1133.692
2026-12-22T09,1304.088
2026-12-22T10,1751.204
2026-12-22T11,1397.157
2026-12-22T12,1161.632
2026-12-22T13,970.568
2026-12-22T14,901.856
2026-12-22T15,863.118
2026-12-22T16,909.159
2026-12-22T17,902.89
2026-12-22T18,737.318
2026-12-22T19,672.51
2026-12-22T20,704.832
2026-12-22T21,708.285
2026-12-22T22,833.281
2026-12-22T23,1385.896
2026-12-23T00,1052.108
2026-12-23T01,1259.796
2026-12-23T02,1193.077
2026-12-23T03,1167.322
2026-12-23T04,1140.366
2026-12-23T05,1108.75
2026-12-23T06,1067.69
2026-12-23T07,964.049
2026-12-23T08,940.092
2026-12-23T09,1081.388
2026-12-23T10,1452.151
2026-12-23T11,1158.564
2026-12-23T12,963.26
2026-12-23T13,804.824
2026-12-23T14,747.846
2026-12-23T15,715.723
2026-12-23T16,753.902
2026-12-23T17,748.703
2026-12-23T18,611.406
2026-12-23T19,557.665
2026-12-23T20,584.467
2026-12-23T21,587.331
2026-12-23T22,690.982
2026-12-23T23,1149.226
2026-12-24T00,1590.338
2026-12-24T01,1904.272
2026-12-24T02,1803.423
2026-12-24T03,1764.491
2026-12-24T04,1723.745
2026-12-24T05,1675.956
2026-12-24T06,1613.891
2026-12-24T07,1457.23
2026-12-24T08,1421.016
2026-12-24T09,1634.596
2026-12-24T10,2195.03
2026-12-24T11,1751.253
2026-12-24T12,1456.037
2026-12-24T13,1216.549
2026-12-24T14,1130.423
2026-12-24T15,1081.867
2026-12-24T16,1139.577
2026-12-24T17,1131.719
2026-12-24T18,924.184
2026-12-24T19,842.951
2026-12-24T20,883.465
2026-12-24T21,887.793
2026-12-24T22,1044.469
2026-12-24T23,1737.138
2026-12-25T00,2267.162
2026-12-25T01,2714.702
2026-12-25T02,2570.932
2026-12-25T03,2515.432
2026-12-25T04,2457.345
2026-12-25T05,2389.218
2026-12-25T06,2300.739
2026-12-25T07,2077.405
2026-12-25T08,2025.78
2026-12-25T09,2330.256
2026-12-25T10,3129.202
2026-12-25T11,2496.56
2026-12-25T12,2075.705
2026-12-25T13,1734.294
2026-12-25T14,1611.514
2026-12-25T15,1542.293
2026-12-25T16,1624.564
2026-12-25T17,1613.362
2026-12-25T18,1317.503
2026-12-25T19,1201.698
2026-12-25T20,1259.454
2026-12-25T21,1265.624
2026-12-25T22,1488.979
2026-12-25T23,2476.438
2026-12-26T00,1205.23
2026-12-26T01,1443.144
2026-12-26T02,1366.715
2026-12-26T03,1337.211
2026-12-26T04,1306.332
2026-12-26T05,1270.115
2026-12-26T06,1223.08
2026-12-26T07,1104.355
2026-12-26T08,1076.911
2026-12-26T09,1238.771
2026-12-26T10,1663.494
2026-12-26T11,1327.179
2026-12-26T12,1103.451
2026-12-26T13,921.956
2026-12-26T14,856.686
2026-12-26T15,819.888
2026-12-26T16,863.623
2026-12-26T17,857.668
2026-12-26T18,700.389
2026-12-26T19,638.827
2026-12-26T20,669.53
2026-12-26T21,672.81
2026-12-26T22,791.546
2026-12-26T23,1316.482
2026-12-27T00,1413.616
2026-12-27T01,1692.665
2026-12-27T02,1603.022
2026-12-27T03,1568.417
2026-12-27T04,1532.198
2026-12-27T05,1489.72
2026-12-27T06,1434.552
2026-12-27T07,1295.299
2026-12-27T08,1263.11
2026-12-27T09,1452.956
2026-12-27T10,1951.114
2026-12-27T11,1556.65
2026-12-27T12,1294.239
2026-12-27T13,1081.363
2026-12-27T14,1004.808
2026-12-27T15,961.647
2026-12-27T16,1012.945
2026-12-27T17,1005.96
2026-12-27T18,821.487
2026-12-27T19,749.28
2026-12-27T20,785.292
2026-12-27T21,789.139
2026-12-27T22,928.405
2026-12-27T23,1544.103
2026-12-28T00,1655.403
2026-12-28T01,1982.181
2026-12-28T02,1877.206
2026-12-28T03,1836.681
2026-12-28T04,1794.268
2026-12-28T05,1744.524
2026-12-28T06,1679.92
2026-12-28T07,1516.849
2026-12-28T08,1479.154
2026-12-28T09,1701.472
2026-12-28T10,2284.835
2026-12-28T11,1822.902
2026-12-28T12,1515.608
2026-12-28T13,1266.321
2026-12-28T14,1176.672
2026-12-28T15,1126.129
2026-12-28T16,1186.2
2026-12-28T17,1178.021
2026-12-28T18,961.995
2026-12-28T19,877.439
2026-12-28T20,919.61
2026-12-28T21,924.115
2026-12-28T22,1087.201
2026-12-28T23,1808.209
2026-12-29T00,1198.005
2026-12-29T01,1434.492
2026-12-29T02,1358.522
2026-12-29T03,1329.195
2026-12-29T04,1298.501
2026-12-29T05,1262.501
2026-12-29T06,1215.747
2026-12-29T07,1097.734
2026-12-29T08,1070.455
2026-12-29T09,1231.345
2026-12-29T10,1653.521
2026-12-29T11,1319.223
2026-12-29T12,1096.836
2026-12-29T13,916.429
2026-12-29T14,851.55
2026-12-29T15,814.973
2026-12-29T16,858.446
2026-12-29T17,852.526
2026-12-29T18,696.19
2026-12-29T19,634.997
2026-12-29T20,665.516
2026-12-29T21,668.776
2026-12-29T22,786.8
2026-12-29T23,1308.59
2026-12-30T00,1284.847
2026-12-30T01,1538.477
2026-12-30T02,1457.0
2026-12-30T03,1425.547
2026-12-30T04,1392.628
2026-12-30T05,1354.019
2026-12-30T06,1303.876
2026-12-30T07,1177.308
2026-12-30T08,1148.051
2026-12-30T09,1320.604
2026-12-30T10,1773.384
2026-12-30T11,1414.852
2026-12-30T12,1176.345
2026-12-30T13,982.86
2026-12-30T14,913.278
2026-12-30T15,874.049
2026-12-30T16,920.674
2026-12-30T17,914.325
2026-12-30T18,746.656
2026-12-30T19,681.027
2026-12-30T20,713.759
2026-12-30T21,717.255
2026-12-30T22,843.835
2026-12-30T23,1403.448
2026-12-31T00,1205.765
2026-12-31T01,1443.784
2026-12-31T02,1367.322
2026-12-31T03,1337.804
2026-12-31T04,1306.911
2026-12-31T05,1270.679
2026-12-31T06,1223.622
2026-12-31T07,1104.845
2026-12-31T08,1077.388
2026-12-31T09,1239.321
2026-12-31T10,1664.231
2026-12-31T11,1327.768
2026-12-31T12,1103.94
2026-12-31T13,922.365
2026-12-31T14,857.066
2026-12-31T15,820.251
2026-12-31T16,864.006
2026-12-31T17,858.048
2026-12-31T18,700.699
2026-12-31T19,639.11
2026-12-31T20,669.827
2026-12-31T21,673.108
2026-12-31T22,791.897
2026-12-31T23,1317.066
