bucket,value
2026-01-01T00,2424.253
2026-01-01T01,2902.802
2026-01-01T02,2749.071
2026-01-01T03,2689.725
2026-01-01T04,2627.613
2026-01-01T05,2554.766
2026-01-01T06,2460.156
2026-01-01T07,2221.348
2026-01-01T08,2166.145
2026-01-01T09,2491.719
2026-01-01T10,3346.024
2026-01-01T11,2669.546
2026-01-01T12,2219.53
2026-01-01T13,1854.463
2026-01-01T14,1723.175
2026-01-01T15,1649.158
2026-01-01T16,1737.129
2026-01-01T17,1725.151
2026-01-01T18,1408.792
2026-01-01T19,1284.964
2026-01-01T20,1346.721
2026-01-01T21,1353.319
2026-01-01T22,1592.15
2026-01-01T23,2648.029
2026-01-02T00,1863.081
2026-01-02T01,2230.855
2026-01-02T02,2112.71
2026-01-02T03,2067.101
2026-01-02T04,2019.367
2026-01-02T05,1963.383
2026-01-02T06,1890.673
2026-01-02T07,1707.145
2026-01-02T08,1664.721
2026-01-02T09,1914.93
2026-01-02T10,2571.478
2026-01-02T11,2051.593
2026-01-02T12,1705.748
2026-01-02T13,1425.187
2026-01-02T14,1324.29
2026-01-02T15,1267.407
2026-01-02T16,1335.015
2026-01-02T17,1325.809
2026-01-02T18,1082.682
2026-01-02T19,987.517
2026-01-02T20,1034.979
2026-01-02T21,1040.049
2026-01-02T22,1223.595
2026-01-02T23,2035.057
2026-01-03T00,1758.498
2026-01-03T01,2105.627
2026-01-03T02,1994.114
2026-01-03T03,1951.066
2026-01-03T04,1906.011
2026-01-03T05,1853.169
2026-01-03T06,1784.542
2026-01-03T07,1611.315
2026-01-03T08,1571.273
2026-01-03T09,1807.436
2026-01-03T10,2427.13
2026-01-03T11,1936.428
2026-01-03T12,1609.997
2026-01-03T13,1345.185
2026-01-03T14,1249.952
2026-01-03T15,1196.262
2026-01-03T16,1260.074
2026-01-03T17,1251.386
2026-01-03T18,1021.906
2026-01-03T19,932.084
2026-01-03T20,976.881
2026-01-03T21,981.667
2026-01-03T22,1154.909
2026-01-03T23,1920.821
2026-01-04T00,2109.428
2026-01-04T01,2525.831
2026-01-04T02,2392.065
2026-01-04T03,2340.425
2026-01-04T04,2286.38
2026-01-04T05,2222.992
2026-01-04T06,2140.669
2026-01-04T07,1932.873
2026-01-04T08,1884.84
2026-01-04T09,2168.133
2026-01-04T10,2911.494
2026-01-04T11,2322.867
2026-01-04T12,1931.292
2026-01-04T13,1613.634
2026-01-04T14,1499.396
2026-01-04T15,1434.991
2026-01-04T16,1511.538
2026-01-04T17,1501.115
2026-01-04T18,1225.84
2026-01-04T19,1118.093
2026-01-04T20,1171.83
2026-01-04T21,1177.571
2026-01-04T22,1385.386
2026-01-04T23,2304.144
2026-01-05T00,2257.84
2026-01-05T01,2703.54
2026-01-05T02,2560.361
2026-01-05T03,2505.089
2026-01-05T04,2447.241
2026-01-05T05,2379.394
2026-01-05T06,2291.279
2026-01-05T07,2068.863
2026-01-05T08,2017.45
2026-01-05T09,2320.675
2026-01-05T10,3116.336
2026-01-05T11,2486.295
2026-01-05T12,2067.17
2026-01-05T13,1727.163
2026-01-05T14,1604.888
2026-01-05T15,1535.952
2026-01-05T16,1617.884
2026-01-05T17,1606.728
2026-01-05T18,1312.086
2026-01-05T19,1196.757
2026-01-05T20,1254.276
2026-01-05T21,1260.42
2026-01-05T22,1482.857
2026-01-05T23,2466.255
2026-01-06T00,2181.587
2026-01-06T01,2612.234
2026-01-06T02,2473.891
2026-01-06T03,2420.486
2026-01-06T04,2364.591
2026-01-06T05,2299.035
2026-01-06T06,2213.896
2026-01-06T07,1998.992
2026-01-06T08,1949.315
2026-01-06T09,2242.3
2026-01-06T10,3011.089
2026-01-06T11,2402.326
2026-01-06T12,1997.357
2026-01-06T13,1668.832
2026-01-06T14,1550.686
2026-01-06T15,1484.079
2026-01-06T16,1563.244
2026-01-06T17,1552.465
2026-01-06T18,1267.773
2026-01-06T19,1156.34
2026-01-06T20,1211.915
2026-01-06T21,1217.852
2026-01-06T22,1432.777
2026-01-06T23,2382.964
2026-01-07T00,2108.504
2026-01-07T01,2524.725
2026-01-07T02,2391.017
2026-01-07T03,2339.4
2026-01-07T04,2285.378
2026-01-07T05,2222.019
2026-01-07T06,2139.731
2026-01-07T07,1932.027
2026-01-07T08,1884.014
2026-01-07T09,2167.183
2026-01-07T10,2910.219
2026-01-07T11,2321.849
2026-01-07T12,1930.446
2026-01-07T13,1612.927
2026-01-07T14,1498.739
2026-01-07T15,1434.362
2026-01-07T16,1510.876
2026-01-07T17,1500.458
2026-01-07T18,1225.303
2026-01-07T19,1117.603
2026-01-07T20,1171.317
2026-01-07T21,1177.055
2026-01-07T22,1384.779
2026-01-07T23,2303.135
2026-01-08T00,1942.714
2026-01-08T01,2326.208
2026-01-08T02,2203.013
2026-01-08T03,2155.455
2026-01-08T04,2105.681
2026-01-08T05,2047.303
2026-01-08T06,1971.486
2026-01-08T07,1780.113
2026-01-08T08,1735.875
2026-01-08T09,1996.779
2026-01-08T10,2681.39
2026-01-08T11,2139.284
2026-01-08T12,1778.656
2026-01-08T13,1486.104
2026-01-08T14,1380.894
2026-01-08T15,1321.58
2026-01-08T16,1392.077
2026-01-08T17,1382.478
2026-01-08T18,1128.958
2026-01-08T19,1029.726
2026-01-08T20,1079.217
2026-01-08T21,1084.504
2026-01-08T22,1275.895
2026-01-08T23,2122.041
2026-01-09T00,1976.013
2026-01-09T01,2366.08
2026-01-09T02,2240.773
2026-01-09T03,2192.4
2026-01-09T04,2141.773
2026-01-09T05,2082.394
2026-01-09T06,2005.278
2026-01-09T07,1810.625
2026-01-09T08,1765.629
2026-01-09T09,2031.005
2026-01-09T10,2727.35
2026-01-09T11,2175.952
2026-01-09T12,1809.143
2026-01-09T13,1511.576
2026-01-09T14,1404.563
2026-01-09T15,1344.232
2026-01-09T16,1415.938
2026-01-09T17,1406.174
2026-01-09T18,1148.309
2026-01-09T19,1047.376
2026-01-09T20,1097.715
2026-01-09T21,1103.093
2026-01-09T22,1297.764
2026-01-09T23,2158.414
2026-01-10T00,1976.466
2026-01-10T01,2366.622
2026-01-10T02,2241.286
2026-01-10T03,2192.902
2026-01-10T04,2142.263
2026-01-10T05,2082.871
2026-01-10T06,2005.737
2026-01-10T07,1811.039
2026-01-10T08,1766.033
2026-01-10T09,2031.47
2026-01-10T10,2727.975
2026-01-10T11,2176.451
2026-01-10T12,1809.557
2026-01-10T13,1511.922
2026-01-10T14,1404.885
2026-01-10T15,1344.54
2026-01-10T16,1416.262
2026-01-10T17,1406.496
2026-01-10T18,1148.572
2026-01-10T19,1047.616
2026-01-10T20,1097.967
2026-01-10T21,1103.345
2026-01-10T22,1298.062
2026-01-10T23,2158.908
2026-01-11T00,2111.092
2026-01-11T01,2527.824
2026-01-11T02,2393.951
2026-01-11T03,2342.271
2026-01-11T04,2288.183
2026-01-11T05,2224.746
2026-01-11T06,2142.358
2026-01-11T07,1934.398
2026-01-11T08,1886.326
2026-01-11T09,2169.843
2026-01-11T10,2913.791
2026-01-11T11,2324.699
2026-01-11T12,1932.815
2026-01-11T13,1614.907
2026-01-11T14,1500.579
2026-01-11T15,1436.123
2026-01-11T16,1512.73
2026-01-11T17,1502.299
2026-01-11T18,1226.807
2026-01-11T19,1118.974
2026-01-11T20,1172.754
2026-01-11T21,1178.499
2026-01-11T22,1386.479
2026-01-11T23,2305.962
2026-01-12T00,2565.641
2026-01-12T01,3072.1
2026-01-12T02,2909.403
2026-01-12T03,2846.596
2026-01-12T04,2780.862
2026-01-12T05,2703.765
2026-01-12T06,2603.638
2026-01-12T07,2350.902
2026-01-12T08,2292.48
2026-01-12T09,2637.042
2026-01-12T10,3541.171
2026-01-12T11,2825.24
2026-01-12T12,2348.978
2026-01-12T13,1962.619
2026-01-12T14,1823.675
2026-01-12T15,1745.341
2026-01-12T16,1838.443
2026-01-12T17,1825.766
2026-01-12T18,1490.956
2026-01-12T19,1359.906
2026-01-12T20,1425.265
2026-01-12T21,1432.247
2026-01-12T22,1685.008
2026-01-12T23,2802.468
2026-01-13T00,2100.881
2026-01-13T01,2515.596
2026-01-13T02,2382.372
2026-01-13T03,2330.942
2026-01-13T04,2277.115
2026-01-13T05,2213.985
2026-01-13T06,2131.995
2026-01-13T07,1925.041
2026-01-13T08,1877.202
2026-01-13T09,2159.348
2026-01-13T10,2899.696
2026-01-13T11,2313.454
2026-01-13T12,1923.466
2026-01-13T13,1607.095
2026-01-13T14,1493.32
2026-01-13T15,1429.176
2026-01-13T16,1505.413
2026-01-13T17,1495.033
2026-01-13T18,1220.873
2026-01-13T19,1113.562
2026-01-13T20,1167.082
2026-01-13T21,1172.799
2026-01-13T22,1379.772
2026-01-13T23,2294.808
2026-01-14T00,2064.384
2026-01-14T01,2471.896
2026-01-14T02,2340.985
2026-01-14T03,2290.449
2026-01-14T04,2237.557
2026-01-14T05,2175.523
2026-01-14T06,2094.958
2026-01-14T07,1891.6
2026-01-14T08,1844.592
2026-01-14T09,2121.836
2026-01-14T10,2849.323
2026-01-14T11,2273.265
2026-01-14T12,1890.052
2026-01-14T13,1579.177
2026-01-14T14,1467.378
2026-01-14T15,1404.349
2026-01-14T16,1479.261
2026-01-14T17,1469.061
2026-01-14T18,1199.664
2026-01-14T19,1094.217
2026-01-14T20,1146.807
2026-01-14T21,1152.425
2026-01-14T22,1355.803
2026-01-14T23,2254.942
2026-01-15T00,1942.667
2026-01-15T01,2326.151
2026-01-15T02,2202.959
2026-01-15T03,2155.402
2026-01-15T04,2105.629
2026-01-15T05,2047.253
2026-01-15T06,1971.438
2026-01-15T07,1780.069
2026-01-15T08,1735.833
2026-01-15T09,1996.731
2026-01-15T10,2681.325
2026-01-15T11,2139.232
2026-01-15T12,1778.613
2026-01-15T13,1486.067
2026-01-15T14,1380.861
2026-01-15T15,1321.547
2026-01-15T16,1392.043
2026-01-15T17,1382.444
2026-01-15T18,1128.931
2026-01-15T19,1029.701
2026-01-15T20,1079.191
2026-01-15T21,1084.477
2026-01-15T22,1275.864
2026-01-15T23,2121.989
2026-01-16T00,1996.356
2026-01-16T01,2390.438
2026-01-16T02,2263.842
2026-01-16T03,2214.971
2026-01-16T04,2163.822
2026-01-16T05,2103.832
2026-01-16T06,2025.922
2026-01-16T07,1829.265
2026-01-16T08,1783.806
2026-01-16T09,2051.914
2026-01-16T10,2755.428
2026-01-16T11,2198.353
2026-01-16T12,1827.768
2026-01-16T13,1527.138
2026-01-16T14,1419.023
2026-01-16T15,1358.071
2026-01-16T16,1430.515
2026-01-16T17,1420.65
2026-01-16T18,1160.131
2026-01-16T19,1058.159
2026-01-16T20,1109.016
2026-01-16T21,1114.449
2026-01-16T22,1311.125
2026-01-16T23,2180.634
2026-01-17T00,1997.471
2026-01-17T01,2391.774
2026-01-17T02,2265.107
2026-01-17T03,2216.208
2026-01-17T04,2165.031
2026-01-17T05,2105.008
2026-01-17T06,2027.054
2026-01-17T07,1830.287
2026-01-17T08,1784.803
2026-01-17T09,2053.06
2026-01-17T10,2756.968
2026-01-17T11,2199.582
2026-01-17T12,1828.789
2026-01-17T13,1527.991
2026-01-17T14,1419.816
2026-01-17T15,1358.829
2026-01-17T16,1431.314
2026-01-17T17,1421.444
2026-01-17T18,1160.779
2026-01-17T19,1058.75
2026-01-17T20,1109.636
2026-01-17T21,1115.071
2026-01-17T22,1311.857
2026-01-17T23,2181.853
2026-01-18T00,1942.905
2026-01-18T01,2326.436
2026-01-18T02,2203.229
2026-01-18T03,2155.667
2026-01-18T04,2105.887
2026-01-18T05,2047.504
2026-01-18T06,1971.68
2026-01-18T07,1780.288
2026-01-18T08,1736.046
2026-01-18T09,1996.975
2026-01-18T10,2681.654
2026-01-18T11,2139.494
2026-01-18T12,1778.831
2026-01-18T13,1486.25
2026-01-18T14,1381.03
2026-01-18T15,1321.709
2026-01-18T16,1392.214
2026-01-18T17,1382.614
2026-01-18T18,1129.069
2026-01-18T19,1029.828
2026-01-18T20,1079.323
2026-01-18T21,1084.61
2026-01-18T22,1276.02
2026-01-18T23,2122.25
2026-01-19T00,2629.749
2026-01-19T01,3148.864
2026-01-19T02,2982.101
2026-01-19T03,2917.725
2026-01-19T04,2850.348
2026-01-19T05,2771.325
2026-01-19T06,2668.696
2026-01-19T07,2409.644
2026-01-19T08,2349.762
2026-01-19T09,2702.934
2026-01-19T10,3629.656
2026-01-19T11,2895.835
2026-01-19T12,2407.672
2026-01-19T13,2011.66
2026-01-19T14,1869.243
2026-01-19T15,1788.952
2026-01-19T16,1884.38
2026-01-19T17,1871.387
2026-01-19T18,1528.211
2026-01-19T19,1393.886
2026-01-19T20,1460.879
2026-01-19T21,1468.035
2026-01-19T22,1727.111
2026-01-19T23,2872.494
2026-01-20T00,1800.062
2026-01-20T01,2155.395
2026-01-20T02,2041.247
2026-01-20T03,1997.181
2026-01-20T04,1951.062
2026-01-20T05,1896.97
2026-01-20T06,1826.721
2026-01-20T07,1649.4
2026-01-20T08,1608.411
2026-01-20T09,1850.157
2026-01-20T10,2484.497
2026-01-20T11,1982.197
2026-01-20T12,1648.05
2026-01-20T13,1376.98
2026-01-20T14,1279.496
2026-01-20T15,1224.537
2026-01-20T16,1289.857
2026-01-20T17,1280.963
2026-01-20T18,1046.06
2026-01-20T19,954.114
2026-01-20T20,999.971
2026-01-20T21,1004.869
2026-01-20T22,1182.207
2026-01-20T23,1966.221
2026-01-21T00,1955.982
2026-01-21T01,2342.094
2026-01-21T02,2218.058
2026-01-21T03,2170.175
2026-01-21T04,2120.061
2026-01-21T05,2061.284
2026-01-21T06,1984.95
2026-01-21T07,1792.27
2026-01-21T08,1747.73
2026-01-21T09,2010.416
2026-01-21T10,2699.702
2026-01-21T11,2153.894
2026-01-21T12,1790.803
2026-01-21T13,1496.253
2026-01-21T14,1390.325
2026-01-21T15,1330.605
2026-01-21T16,1401.584
2026-01-21T17,1391.919
2026-01-21T18,1136.668
2026-01-21T19,1036.759
2026-01-21T20,1086.587
2026-01-21T21,1091.91
2026-01-21T22,1284.609
2026-01-21T23,2136.533
2026-01-22T00,1970.259
2026-01-22T01,2359.189
2026-01-22T02,2234.248
2026-01-22T03,2186.015
2026-01-22T04,2135.536
2026-01-22T05,2076.33
2026-01-22T06,1999.438
2026-01-22T07,1805.352
2026-01-22T08,1760.487
2026-01-22T09,2025.09
2026-01-22T10,2719.408
2026-01-22T11,2169.615
2026-01-22T12,1803.875
2026-01-22T13,1507.174
2026-01-22T14,1400.473
2026-01-22T15,1340.317
2026-01-22T16,1411.814
2026-01-22T17,1402.079
2026-01-22T18,1144.965
2026-01-22T19,1044.326
2026-01-22T20,1094.518
2026-01-22T21,1099.88
2026-01-22T22,1293.985
2026-01-22T23,2152.128
2026-01-23T00,2012.881
2026-01-23T01,2410.225
2026-01-23T02,2282.581
2026-01-23T03,2233.305
2026-01-23T04,2181.733
2026-01-23T05,2121.247
2026-01-23T06,2042.692
2026-01-23T07,1844.407
2026-01-23T08,1798.571
2026-01-23T09,2068.898
2026-01-23T10,2778.236
2026-01-23T11,2216.55
2026-01-23T12,1842.897
2026-01-23T13,1539.778
2026-01-23T14,1430.769
2026-01-23T15,1369.312
2026-01-23T16,1442.356
2026-01-23T17,1432.41
2026-01-23T18,1169.734
2026-01-23T19,1066.918
2026-01-23T20,1118.196
2026-01-23T21,1123.674
2026-01-23T22,1321.978
2026-01-23T23,2198.685
2026-01-24T00,2021.433
2026-01-24T01,2420.466
2026-01-24T02,2292.279
2026-01-24T03,2242.794
2026-01-24T04,2191.003
2026-01-24T05,2130.26
2026-01-24T06,2051.37
2026-01-24T07,1852.243
2026-01-24T08,1806.213
2026-01-24T09,2077.689
2026-01-24T10,2790.04
2026-01-24T11,2225.968
2026-01-24T12,1850.727
2026-01-24T13,1546.321
2026-01-24T14,1436.848
2026-01-24T15,1375.13
2026-01-24T16,1448.484
2026-01-24T17,1438.496
2026-01-24T18,1174.704
2026-01-24T19,1071.451
2026-01-24T20,1122.947
2026-01-24T21,1128.448
2026-01-24T22,1327.594
2026-01-24T23,2208.026
2026-01-25T00,1986.308
2026-01-25T01,2378.407
2026-01-25T02,2252.448
2026-01-25T03,2203.822
2026-01-25T04,2152.931
2026-01-25T05,2093.244
2026-01-25T06,2015.725
2026-01-25T07,1820.058
2026-01-25T08,1774.828
2026-01-25T09,2041.586
2026-01-25T10,2741.56
2026-01-25T11,2187.289
2026-01-25T12,1818.569
2026-01-25T13,1519.451
2026-01-25T14,1411.881
2026-01-25T15,1351.235
2026-01-25T16,1423.315
2026-01-25T17,1413.5
2026-01-25T18,1154.292
2026-01-25T19,1052.833
2026-01-25T20,1103.434
2026-01-25T21,1108.84
2026-01-25T22,1304.526
2026-01-25T23,2169.659
2026-01-26T00,2769.211
2026-01-26T01,3315.856
2026-01-26T02,3140.249
2026-01-26T03,3072.459
2026-01-26T04,3001.509
2026-01-26T05,2918.295
2026-01-26T06,2810.223
2026-01-26T07,2537.434
2026-01-26T08,2474.376
2026-01-26T09,2846.277
2026-01-26T10,3822.145
2026-01-26T11,3049.408
2026-01-26T12,2535.357
2026-01-26T13,2118.343
2026-01-26T14,1968.374
2026-01-26T15,1883.825
2026-01-26T16,1984.314
2026-01-26T17,1970.631
2026-01-26T18,1609.256
2026-01-26T19,1467.807
2026-01-26T20,1538.353
2026-01-26T21,1545.889
2026-01-26T22,1818.704
2026-01-26T23,3024.83
2026-01-27T00,1986.818
2026-01-27T01,2379.018
2026-01-27T02,2253.026
2026-01-27T03,2204.389
2026-01-27T04,2153.485
2026-01-27T05,2093.781
2026-01-27T06,2016.243
2026-01-27T07,1820.526
2026-01-27T08,1775.284
2026-01-27T09,2042.111
2026-01-27T10,2742.264
2026-01-27T11,2187.851
2026-01-27T12,1819.036
2026-01-27T13,1519.842
2026-01-27T14,1412.244
2026-01-27T15,1351.583
2026-01-27T16,1423.68
2026-01-27T17,1413.863
2026-01-27T18,1154.588
2026-01-27T19,1053.104
2026-01-27T20,1103.718
2026-01-27T21,1109.125
2026-01-27T22,1304.861
2026-01-27T23,2170.216
2026-01-28T00,1699.876
2026-01-28T01,2035.433
2026-01-28T02,1927.637
2026-01-28T03,1886.024
2026-01-28T04,1842.472
2026-01-28T05,1791.391
2026-01-28T06,1725.051
2026-01-28T07,1557.6
2026-01-28T08,1518.892
2026-01-28T09,1747.183
2026-01-28T10,2346.218
2026-01-28T11,1871.875
2026-01-28T12,1556.325
2026-01-28T13,1300.341
2026-01-28T14,1208.283
2026-01-28T15,1156.383
2026-01-28T16,1218.068
2026-01-28T17,1209.669
2026-01-28T18,987.839
2026-01-28T19,901.011
2026-01-28T20,944.315
2026-01-28T21,948.941
2026-01-28T22,1116.409
2026-01-28T23,1856.787
2026-01-29T00,2077.826
2026-01-29T01,2487.991
2026-01-29T02,2356.228
2026-01-29T03,2305.363
2026-01-29T04,2252.127
2026-01-29T05,2189.689
2026-01-29T06,2108.599
2026-01-29T07,1903.916
2026-01-29T08,1856.602
2026-01-29T09,2135.651
2026-01-29T10,2867.876
2026-01-29T11,2288.067
2026-01-29T12,1902.358
2026-01-29T13,1589.459
2026-01-29T14,1476.933
2026-01-29T15,1413.493
2026-01-29T16,1488.893
2026-01-29T17,1478.626
2026-01-29T18,1207.475
2026-01-29T19,1101.342
2026-01-29T20,1154.274
2026-01-29T21,1159.929
2026-01-29T22,1364.631
2026-01-29T23,2269.625
2026-01-30T00,2083.734
2026-01-30T01,2495.065
2026-01-30T02,2362.928
2026-01-30T03,2311.918
2026-01-30T04,2258.53
2026-01-30T05,2195.915
2026-01-30T06,2114.594
2026-01-30T07,1909.33
2026-01-30T08,1861.881
2026-01-30T09,2141.724
2026-01-30T10,2876.03
2026-01-30T11,2294.573
2026-01-30T12,1907.767
2026-01-30T13,1593.979
2026-01-30T14,1481.132
2026-01-30T15,1417.512
2026-01-30T16,1493.127
2026-01-30T17,1482.831
2026-01-30T18,1210.909
2026-01-30T19,1104.473
2026-01-30T20,1157.556
2026-01-30T21,1163.227
2026-01-30T22,1368.511
2026-01-30T23,2276.078
2026-01-31T00,2000.061
2026-01-31T01,2394.874
2026-01-31T02,2268.043
2026-01-31T03,2219.081
2026-01-31T04,2167.838
2026-01-31T05,2107.737
2026-01-31T06,2029.682
2026-01-31T07,1832.659
2026-01-31T08,1787.116
2026-01-31T09,2055.722
2026-01-31T10,2760.541
2026-01-31T11,2202.433
2026-01-31T12,1831.16
2026-01-31T13,1529.971
2026-01-31T14,1421.656
2026-01-31T15,1360.591
2026-01-31T16,1433.169
2026-01-31T17,1423.287
2026-01-31T18,1162.284
2026-01-31T19,1060.123
2026-01-31T20,1111.074
2026-01-31T21,1116.517
2026-01-31T22,1313.558
2026-01-31T23,2184.681
2026-02-01T00,1811.806
2026-02-01T01,2169.458
2026-02-01T02,2054.565
2026-02-01T03,2010.211
2026-02-01T04,1963.791
2026-02-01T05,1909.347
2026-02-01T06,1838.639
2026-02-01T07,1660.161
2026-02-01T08,1618.905
2026-02-01T09,1862.228
2026-02-01T10,2500.707
2026-02-01T11,1995.13
2026-02-01T12,1658.803
2026-02-01T13,1385.964
2026-02-01T14,1287.844
2026-02-01T15,1232.526
2026-02-01T16,1298.273
2026-02-01T17,1289.321
2026-02-01T18,1052.885
2026-02-01T19,960.339
2026-02-01T20,1006.495
2026-02-01T21,1011.425
2026-02-01T22,1189.92
2026-02-01T23,1979.049
2026-02-02T00,2304.895
2026-02-02T01,2759.883
2026-02-02T02,2613.721
2026-02-02T03,2557.297
2026-02-02T04,2498.243
2026-02-02T05,2428.982
2026-02-02T06,2339.03
2026-02-02T07,2111.98
2026-02-02T08,2059.495
2026-02-02T09,2369.039
2026-02-02T10,3181.282
2026-02-02T11,2538.111
2026-02-02T12,2110.251
2026-02-02T13,1763.158
2026-02-02T14,1638.335
2026-02-02T15,1567.962
2026-02-02T16,1651.602
2026-02-02T17,1640.213
2026-02-02T18,1339.43
2026-02-02T19,1221.699
2026-02-02T20,1280.416
2026-02-02T21,1286.688
2026-02-02T22,1513.76
2026-02-02T23,2517.654
2026-02-03T00,1927.219
2026-02-03T01,2307.654
2026-02-03T02,2185.442
2026-02-03T03,2138.263
2026-02-03T04,2088.886
2026-02-03T05,2030.974
2026-02-03T06,1955.761
2026-02-03T07,1765.915
2026-02-03T08,1722.03
2026-02-03T09,1980.853
2026-02-03T10,2660.004
2026-02-03T11,2122.221
2026-02-03T12,1764.47
2026-02-03T13,1474.251
2026-02-03T14,1369.88
2026-02-03T15,1311.039
2026-02-03T16,1380.974
2026-02-03T17,1371.451
2026-02-03T18,1119.954
2026-02-03T19,1021.513
2026-02-03T20,1070.609
2026-02-03T21,1075.854
2026-02-03T22,1265.719
2026-02-03T23,2105.116
2026-02-04T00,2055.898
2026-02-04T01,2461.734
2026-02-04T02,2331.361
2026-02-04T03,2281.033
2026-02-04T04,2228.359
2026-02-04T05,2166.58
2026-02-04T06,2086.346
2026-02-04T07,1883.823
2026-02-04T08,1837.008
2026-02-04T09,2113.113
2026-02-04T10,2837.609
2026-02-04T11,2263.92
2026-02-04T12,1882.282
2026-02-04T13,1572.685
2026-02-04T14,1461.346
2026-02-04T15,1398.575
2026-02-04T16,1473.18
2026-02-04T17,1463.022
2026-02-04T18,1194.732
2026-02-04T19,1089.719
2026-02-04T20,1142.093
2026-02-04T21,1147.688
2026-02-04T22,1350.229
2026-02-04T23,2245.672
2026-02-05T00,1734.12
2026-02-05T01,2076.436
2026-02-05T02,1966.469
2026-02-05T03,1924.018
2026-02-05T04,1879.588
2026-02-05T05,1827.478
2026-02-05T06,1759.802
2026-02-05T07,1588.977
2026-02-05T08,1549.49
2026-02-05T09,1782.38
2026-02-05T10,2393.482
2026-02-05T11,1909.583
2026-02-05T12,1587.677
2026-02-05T13,1326.537
2026-02-05T14,1232.624
2026-02-05T15,1179.678
2026-02-05T16,1242.606
2026-02-05T17,1234.037
2026-02-05T18,1007.739
2026-02-05T19,919.162
2026-02-05T20,963.338
2026-02-05T21,968.058
2026-02-05T22,1138.899
2026-02-05T23,1894.192
2026-02-06T00,1817.362
2026-02-06T01,2176.11
2026-02-06T02,2060.865
2026-02-06T03,2016.375
2026-02-06T04,1969.813
2026-02-06T05,1915.202
2026-02-06T06,1844.277
2026-02-06T07,1665.252
2026-02-06T08,1623.869
2026-02-06T09,1867.938
2026-02-06T10,2508.375
2026-02-06T11,2001.248
2026-02-06T12,1663.889
2026-02-06T13,1390.214
2026-02-06T14,1291.793
2026-02-06T15,1236.305
2026-02-06T16,1302.254
2026-02-06T17,1293.274
2026-02-06T18,1056.113
2026-02-06T19,963.284
2026-02-06T20,1009.581
2026-02-06T21,1014.527
2026-02-06T22,1193.569
2026-02-06T23,1985.118
2026-02-07T00,1771.201
2026-02-07T01,2120.837
2026-02-07T02,2008.519
2026-02-07T03,1965.159
2026-02-07T04,1919.78
2026-02-07T05,1866.556
2026-02-07T06,1797.432
2026-02-07T07,1622.955
2026-02-07T08,1582.623
2026-02-07T09,1820.493
2026-02-07T10,2444.663
2026-02-07T11,1950.416
2026-02-07T12,1621.627
2026-02-07T13,1354.902
2026-02-07T14,1258.981
2026-02-07T15,1204.903
2026-02-07T16,1269.177
2026-02-07T17,1260.425
2026-02-07T18,1029.288
2026-02-07T19,938.817
2026-02-07T20,983.938
2026-02-07T21,988.758
2026-02-07T22,1163.252
2026-02-07T23,1934.696
2026-02-08T00,1838.021
2026-02-08T01,2200.848
2026-02-08T02,2084.292
2026-02-08T03,2039.297
2026-02-08T04,1992.205
2026-02-08T05,1936.973
2026-02-08T06,1865.242
2026-02-08T07,1684.182
2026-02-08T08,1642.329
2026-02-08T09,1889.172
2026-02-08T10,2536.889
2026-02-08T11,2023.997
2026-02-08T12,1682.804
2026-02-08T13,1406.017
2026-02-08T14,1306.477
2026-02-08T15,1250.359
2026-02-08T16,1317.057
2026-02-08T17,1307.976
2026-02-08T18,1068.119
2026-02-08T19,974.234
2026-02-08T20,1021.058
2026-02-08T21,1026.06
2026-02-08T22,1207.137
2026-02-08T23,2007.684
2026-02-09T00,2104.388
2026-02-09T01,2519.796
2026-02-09T02,2386.349
2026-02-09T03,2334.833
2026-02-09T04,2280.916
2026-02-09T05,2217.68
2026-02-09T06,2135.554
2026-02-09T07,1928.255
2026-02-09T08,1880.336
2026-02-09T09,2162.952
2026-02-09T10,2904.537
2026-02-09T11,2317.316
2026-02-09T12,1926.677
2026-02-09T13,1609.778
2026-02-09T14,1495.813
2026-02-09T15,1431.562
2026-02-09T16,1507.926
2026-02-09T17,1497.528
2026-02-09T18,1222.911
2026-02-09T19,1115.421
2026-02-09T20,1169.03
2026-02-09T21,1174.757
2026-02-09T22,1382.076
2026-02-09T23,2298.639
2026-02-10T00,1940.894
2026-02-10T01,2324.029
2026-02-10T02,2200.949
2026-02-10T03,2153.436
2026-02-10T04,2103.708
2026-02-10T05,2045.385
2026-02-10T06,1969.639
2026-02-10T07,1778.445
2026-02-10T08,1734.249
2026-02-10T09,1994.909
2026-02-10T10,2678.879
2026-02-10T11,2137.28
2026-02-10T12,1776.99
2026-02-10T13,1484.712
2026-02-10T14,1379.601
2026-02-10T15,1320.342
2026-02-10T16,1390.773
2026-02-10T17,1381.183
2026-02-10T18,1127.901
2026-02-10T19,1028.762
2026-02-10T20,1078.206
2026-02-10T21,1083.488
2026-02-10T22,1274.7
2026-02-10T23,2120.053
2026-02-11T00,1672.3
2026-02-11T01,2002.413
2026-02-11T02,1896.366
2026-02-11T03,1855.428
2026-02-11T04,1812.582
2026-02-11T05,1762.33
2026-02-11T06,1697.067
2026-02-11T07,1532.332
2026-02-11T08,1494.252
2026-02-11T09,1718.839
2026-02-11T10,2308.157
2026-02-11T11,1841.508
2026-02-11T12,1531.078
2026-02-11T13,1279.247
2026-02-11T14,1188.682
2026-02-11T15,1137.624
2026-02-11T16,1198.308
2026-02-11T17,1190.045
2026-02-11T18,971.814
2026-02-11T19,886.395
2026-02-11T20,928.996
2026-02-11T21,933.547
2026-02-11T22,1098.298
2026-02-11T23,1826.666
2026-02-12T00,1888.551
2026-02-12T01,2261.353
2026-02-12T02,2141.593
2026-02-12T03,2095.361
2026-02-12T04,2046.974
2026-02-12T05,1990.224
2026-02-12T06,1916.521
2026-02-12T07,1730.483
2026-02-12T08,1687.479
2026-02-12T09,1941.109
2026-02-12T10,2606.633
2026-02-12T11,2079.641
2026-02-12T12,1729.067
2026-02-12T13,1444.671
2026-02-12T14,1342.395
2026-02-12T15,1284.734
2026-02-12T16,1353.266
2026-02-12T17,1343.934
2026-02-12T18,1097.483
2026-02-12T19,1001.018
2026-02-12T20,1049.128
2026-02-12T21,1054.268
2026-02-12T22,1240.323
2026-02-12T23,2062.879
2026-02-13T00,1809.522
2026-02-13T01,2166.723
2026-02-13T02,2051.975
2026-02-13T03,2007.677
2026-02-13T04,1961.315
2026-02-13T05,1906.94
2026-02-13T06,1836.321
2026-02-13T07,1658.069
2026-02-13T08,1616.864
2026-02-13T09,1859.88
2026-02-13T10,2497.555
2026-02-13T11,1992.615
2026-02-13T12,1656.712
2026-02-13T13,1384.217
2026-02-13T14,1286.22
2026-02-13T15,1230.972
2026-02-13T16,1296.636
2026-02-13T17,1287.695
2026-02-13T18,1051.557
2026-02-13T19,959.129
2026-02-13T20,1005.226
2026-02-13T21,1010.15
2026-02-13T22,1188.42
2026-02-13T23,1976.554
2026-02-14T00,1867.251
2026-02-14T01,2235.848
2026-02-14T02,2117.438
2026-02-14T03,2071.728
2026-02-14T04,2023.887
2026-02-14T05,1967.777
2026-02-14T06,1894.905
2026-02-14T07,1710.966
2026-02-14T08,1668.446
2026-02-14T09,1919.216
2026-02-14T10,2577.233
2026-02-14T11,2056.185
2026-02-14T12,1709.565
2026-02-14T13,1428.377
2026-02-14T14,1327.254
2026-02-14T15,1270.244
2026-02-14T16,1338.003
2026-02-14T17,1328.776
2026-02-14T18,1085.105
2026-02-14T19,989.727
2026-02-14T20,1037.295
2026-02-14T21,1042.377
2026-02-14T22,1226.334
2026-02-14T23,2039.612
2026-02-15T00,1822.989
2026-02-15T01,2182.848
2026-02-15T02,2067.246
2026-02-15T03,2022.618
2026-02-15T04,1975.912
2026-02-15T05,1921.132
2026-02-15T06,1849.987
2026-02-15T07,1670.408
2026-02-15T08,1628.897
2026-02-15T09,1873.722
2026-02-15T10,2516.142
2026-02-15T11,2007.444
2026-02-15T12,1669.041
2026-02-15T13,1394.518
2026-02-15T14,1295.793
2026-02-15T15,1240.133
2026-02-15T16,1306.286
2026-02-15T17,1297.278
2026-02-15T18,1059.383
2026-02-15T19,966.266
2026-02-15T20,1012.707
2026-02-15T21,1017.668
2026-02-15T22,1197.264
2026-02-15T23,1991.264
2026-02-16T00,2547.335
2026-02-16T01,3050.181
2026-02-16T02,2888.645
2026-02-16T03,2826.285
2026-02-16T04,2761.02
2026-02-16T05,2684.474
2026-02-16T06,2585.061
2026-02-16T07,2334.128
2026-02-16T08,2276.123
2026-02-16T09,2618.226
2026-02-16T10,3515.905
2026-02-16T11,2805.082
2026-02-16T12,2332.218
2026-02-16T13,1948.616
2026-02-16T14,1810.663
2026-02-16T15,1732.888
2026-02-16T16,1825.325
2026-02-16T17,1812.739
2026-02-16T18,1480.318
2026-02-16T19,1350.203
2026-02-16T20,1415.096
2026-02-16T21,1422.028
2026-02-16T22,1672.985
2026-02-16T23,2782.473
2026-02-17T00,1697.463
2026-02-17T01,2032.544
2026-02-17T02,1924.901
2026-02-17T03,1883.347
2026-02-17T04,1839.856
2026-02-17T05,1788.848
2026-02-17T06,1722.602
2026-02-17T07,1555.389
2026-02-17T08,1516.736
2026-02-17T09,1744.703
2026-02-17T10,2342.887
2026-02-17T11,1869.217
2026-02-17T12,1554.116
2026-02-17T13,1298.496
2026-02-17T14,1206.568
2026-02-17T15,1154.741
2026-02-17T16,1216.339
2026-02-17T17,1207.952
2026-02-17T18,986.437
2026-02-17T19,899.732
2026-02-17T20,942.975
2026-02-17T21,947.594
2026-02-17T22,1114.824
2026-02-17T23,1854.151
2026-02-18T00,1819.288
2026-02-18T01,2178.416
2026-02-18T02,2063.049
2026-02-18T03,2018.512
2026-02-18T04,1971.9
2026-02-18T05,1917.231
2026-02-18T06,1846.231
2026-02-18T07,1667.017
2026-02-18T08,1625.59
2026-02-18T09,1869.918
2026-02-18T10,2511.033
2026-02-18T11,2003.369
2026-02-18T12,1665.653
2026-02-18T13,1391.687
2026-02-18T14,1293.162
2026-02-18T15,1237.616
2026-02-18T16,1303.634
2026-02-18T17,1294.645
2026-02-18T18,1057.232
2026-02-18T19,964.305
2026-02-18T20,1010.651
2026-02-18T21,1015.602
2026-02-18T22,1194.833
2026-02-18T23,1987.221
2026-02-19T00,1949.948
2026-02-19T01,2334.869
2026-02-19T02,2211.216
2026-02-19T03,2163.481
2026-02-19T04,2113.521
2026-02-19T05,2054.926
2026-02-19T06,1978.827
2026-02-19T07,1786.741
2026-02-19T08,1742.339
2026-02-19T09,2004.214
2026-02-19T10,2691.374
2026-02-19T11,2147.25
2026-02-19T12,1785.279
2026-02-19T13,1491.637
2026-02-19T14,1386.036
2026-02-19T15,1326.501
2026-02-19T16,1397.26
2026-02-19T17,1387.625
2026-02-19T18,1133.162
2026-02-19T19,1033.561
2026-02-19T20,1083.235
2026-02-19T21,1088.542
2026-02-19T22,1280.646
2026-02-19T23,2129.943
2026-02-20T00,1814.745
2026-02-20T01,2172.977
2026-02-20T02,2057.897
2026-02-20T03,2013.472
2026-02-20T04,1966.977
2026-02-20T05,1912.444
2026-02-20T06,1841.621
2026-02-20T07,1662.854
2026-02-20T08,1621.531
2026-02-20T09,1865.249
2026-02-20T10,2504.763
2026-02-20T11,1998.366
2026-02-20T12,1661.494
2026-02-20T13,1388.212
2026-02-20T14,1289.933
2026-02-20T15,1234.525
2026-02-20T16,1300.379
2026-02-20T17,1291.412
2026-02-20T18,1054.592
2026-02-20T19,961.897
2026-02-20T20,1008.127
2026-02-20T21,1013.066
2026-02-20T22,1191.85
2026-02-20T23,1982.259
2026-02-21T00,1839.477
2026-02-21T01,2202.591
2026-02-21T02,2085.943
2026-02-21T03,2040.912
2026-02-21T04,1993.783
2026-02-21T05,1938.507
2026-02-21T06,1866.719
2026-02-21T07,1685.516
2026-02-21T08,1643.629
2026-02-21T09,1890.669
2026-02-21T10,2538.899
2026-02-21T11,2025.601
2026-02-21T12,1684.137
2026-02-21T13,1407.131
2026-02-21T14,1307.512
2026-02-21T15,1251.35
2026-02-21T16,1318.101
2026-02-21T17,1309.012
2026-02-21T18,1068.965
2026-02-21T19,975.006
2026-02-21T20,1021.866
2026-02-21T21,1026.872
2026-02-21T22,1208.093
2026-02-21T23,2009.274
2026-02-22T00,1867.764
2026-02-22T01,2236.463
2026-02-22T02,2118.021
2026-02-22T03,2072.298
2026-02-22T04,2024.444
2026-02-22T05,1968.318
2026-02-22T06,1895.426
2026-02-22T07,1711.436
2026-02-22T08,1668.906
2026-02-22T09,1919.744
2026-02-22T10,2577.943
2026-02-22T11,2056.751
2026-02-22T12,1710.036
2026-02-22T13,1428.77
2026-02-22T14,1327.619
2026-02-22T15,1270.593
2026-02-22T16,1338.371
2026-02-22T17,1329.142
2026-02-22T18,1085.403
2026-02-22T19,990.0
2026-02-22T20,1037.581
2026-02-22T21,1042.664
2026-02-22T22,1226.671
2026-02-22T23,2040.173
2026-02-23T00,2527.849
2026-02-23T01,3026.849
2026-02-23T02,2866.548
2026-02-23T03,2804.666
2026-02-23T04,2739.9
2026-02-23T05,2663.939
2026-02-23T06,2565.287
2026-02-23T07,2316.273
2026-02-23T08,2258.712
2026-02-23T09,2598.198
2026-02-23T10,3489.01
2026-02-23T11,2783.625
2026-02-23T12,2314.378
2026-02-23T13,1933.71
2026-02-23T14,1796.812
2026-02-23T15,1719.632
2026-02-23T16,1811.363
2026-02-23T17,1798.872
2026-02-23T18,1468.994
2026-02-23T19,1339.874
2026-02-23T20,1404.271
2026-02-23T21,1411.15
2026-02-23T22,1660.188
2026-02-23T23,2761.188
2026-02-24T00,2135.202
2026-02-24T01,2556.692
2026-02-24T02,2421.291
2026-02-24T03,2369.021
2026-02-24T04,2314.315
2026-02-24T05,2250.153
2026-02-24T06,2166.824
2026-02-24T07,1956.49
2026-02-24T08,1907.869
2026-02-24T09,2194.624
2026-02-24T10,2947.067
2026-02-24T11,2351.248
2026-02-24T12,1954.889
2026-02-24T13,1633.349
2026-02-24T14,1517.716
2026-02-24T15,1452.524
2026-02-24T16,1530.006
2026-02-24T17,1519.456
2026-02-24T18,1240.818
2026-02-24T19,1131.754
2026-02-24T20,1186.148
2026-02-24T21,1191.958
2026-02-24T22,1402.313
2026-02-24T23,2332.297
2026-02-25T00,1837.991
2026-02-25T01,2200.812
2026-02-25T02,2084.258
2026-02-25T03,2039.264
2026-02-25T04,1992.173
2026-02-25T05,1936.942
2026-02-25T06,1865.212
2026-02-25T07,1684.155
2026-02-25T08,1642.302
2026-02-25T09,1889.142
2026-02-25T10,2536.848
2026-02-25T11,2023.965
2026-02-25T12,1682.777
2026-02-25T13,1405.994
2026-02-25T14,1306.456
2026-02-25T15,1250.339
2026-02-25T16,1317.036
2026-02-25T17,1307.954
2026-02-25T18,1068.101
2026-02-25T19,974.218
2026-02-25T20,1021.041
2026-02-25T21,1026.043
2026-02-25T22,1207.117
2026-02-25T23,2007.651
2026-02-26T00,1916.748
2026-02-26T01,2295.116
2026-02-26T02,2173.568
2026-02-26T03,2126.646
2026-02-26T04,2077.537
2026-02-26T05,2019.939
2026-02-26T06,1945.136
2026-02-26T07,1756.32
2026-02-26T08,1712.674
2026-02-26T09,1970.091
2026-02-26T10,2645.552
2026-02-26T11,2110.691
2026-02-26T12,1754.883
2026-02-26T13,1466.241
2026-02-26T14,1362.438
2026-02-26T15,1303.916
2026-02-26T16,1373.471
2026-02-26T17,1364.0
2026-02-26T18,1113.869
2026-02-26T19,1015.963
2026-02-26T20,1064.792
2026-02-26T21,1070.009
2026-02-26T22,1258.842
2026-02-26T23,2093.679
2026-02-27T00,1861.09
2026-02-27T01,2228.471
2026-02-27T02,2110.452
2026-02-27T03,2064.892
2026-02-27T04,2017.209
2026-02-27T05,1961.284
2026-02-27T06,1888.653
2026-02-27T07,1705.32
2026-02-27T08,1662.942
2026-02-27T09,1912.883
2026-02-27T10,2568.73
2026-02-27T11,2049.401
2026-02-27T12,1703.925
2026-02-27T13,1423.664
2026-02-27T14,1322.875
2026-02-27T15,1266.053
2026-02-27T16,1333.588
2026-02-27T17,1324.392
2026-02-27T18,1081.525
2026-02-27T19,986.462
2026-02-27T20,1033.873
2026-02-27T21,1038.938
2026-02-27T22,1222.288
2026-02-27T23,2032.882
2026-02-28T00,1810.025
2026-02-28T01,2167.326
2026-02-28T02,2052.545
2026-02-28T03,2008.236
2026-02-28T04,1961.861
2026-02-28T05,1907.471
2026-02-28T06,1836.832
2026-02-28T07,1658.53
2026-02-28T08,1617.314
2026-02-28T09,1860.398
2026-02-28T10,2498.249
2026-02-28T11,1993.169
2026-02-28T12,1657.173
2026-02-28T13,1384.602
2026-02-28T14,1286.578
2026-02-28T15,1231.315
2026-02-28T16,1296.997
2026-02-28T17,1288.054
2026-02-28T18,1051.85
2026-02-28T19,959.395
2026-02-28T20,1005.506
2026-02-28T21,1010.431
2026-02-28T22,1188.75
2026-02-28T23,1977.104
2026-03-01T00,1806.739
2026-03-01T01,2163.391
2026-03-01T02,2048.818
2026-03-01T03,2004.589
2026-03-01T04,1958.299
2026-03-01T05,1904.007
2026-03-01T06,1833.497
2026-03-01T07,1655.518
2026-03-01T08,1614.377
2026-03-01T09,1857.02
2026-03-01T10,2493.713
2026-03-01T11,1989.55
2026-03-01T12,1654.164
2026-03-01T13,1382.088
2026-03-01T14,1284.242
2026-03-01T15,1229.079
2026-03-01T16,1294.642
2026-03-01T17,1285.715
2026-03-01T18,1049.94
2026-03-01T19,957.653
2026-03-01T20,1003.68
2026-03-01T21,1008.597
2026-03-01T22,1186.592
2026-03-01T23,1973.514
2026-03-02T00,2546.906
2026-03-02T01,3049.667
2026-03-02T02,2888.158
2026-03-02T03,2825.809
2026-03-02T04,2760.555
2026-03-02T05,2684.022
2026-03-02T06,2584.625
2026-03-02T07,2333.735
2026-03-02T08,2275.739
2026-03-02T09,2617.785
2026-03-02T10,3515.313
2026-03-02T11,2804.609
2026-03-02T12,2331.825
2026-03-02T13,1948.287
2026-03-02T14,1810.358
2026-03-02T15,1732.596
2026-03-02T16,1825.018
2026-03-02T17,1812.434
2026-03-02T18,1480.069
2026-03-02T19,1349.975
2026-03-02T20,1414.857
2026-03-02T21,1421.789
2026-03-02T22,1672.703
2026-03-02T23,2782.004
2026-03-03T00,2186.218
2026-03-03T01,2617.78
2026-03-03T02,2479.143
2026-03-03T03,2425.624
2026-03-03T04,2369.612
2026-03-03T05,2303.917
2026-03-03T06,2218.596
2026-03-03T07,2003.236
2026-03-03T08,1953.454
2026-03-03T09,2247.06
2026-03-03T10,3017.482
2026-03-03T11,2407.427
2026-03-03T12,2001.597
2026-03-03T13,1672.375
2026-03-03T14,1553.979
2026-03-03T15,1487.229
2026-03-03T16,1566.563
2026-03-03T17,1555.761
2026-03-03T18,1270.465
2026-03-03T19,1158.795
2026-03-03T20,1214.488
2026-03-03T21,1220.438
2026-03-03T22,1435.819
2026-03-03T23,2388.023
2026-03-04T00,2125.309
2026-03-04T01,2544.847
2026-03-04T02,2410.073
2026-03-04T03,2358.045
2026-03-04T04,2303.593
2026-03-04T05,2239.728
2026-03-04T06,2156.785
2026-03-04T07,1947.425
2026-03-04T08,1899.03
2026-03-04T09,2184.456
2026-03-04T10,2933.413
2026-03-04T11,2340.355
2026-03-04T12,1945.832
2026-03-04T13,1625.782
2026-03-04T14,1510.684
2026-03-04T15,1445.794
2026-03-04T16,1522.918
2026-03-04T17,1512.416
2026-03-04T18,1235.069
2026-03-04T19,1126.51
2026-03-04T20,1180.652
2026-03-04T21,1186.436
2026-03-04T22,1395.816
2026-03-04T23,2321.491
2026-03-05T00,1920.9
2026-03-05T01,2300.087
2026-03-05T02,2178.276
2026-03-05T03,2131.252
2026-03-05T04,2082.037
2026-03-05T05,2024.314
2026-03-05T06,1949.349
2026-03-05T07,1760.124
2026-03-05T08,1716.384
2026-03-05T09,1974.358
2026-03-05T10,2651.282
2026-03-05T11,2115.263
2026-03-05T12,1758.684
2026-03-05T13,1469.417
2026-03-05T14,1365.389
2026-03-05T15,1306.74
2026-03-05T16,1376.446
2026-03-05T17,1366.954
2026-03-05T18,1116.282
2026-03-05T19,1018.164
2026-03-05T20,1067.099
2026-03-05T21,1072.326
2026-03-05T22,1261.568
2026-03-05T23,2098.213
2026-03-06T00,1746.875
2026-03-06T01,2091.709
2026-03-06T02,1980.933
2026-03-06T03,1938.17
2026-03-06T04,1893.413
2026-03-06T05,1840.92
2026-03-06T06,1772.746
2026-03-06T07,1600.665
2026-03-06T08,1560.887
2026-03-06T09,1795.49
2026-03-06T10,2411.087
2026-03-06T11,1923.629
2026-03-06T12,1599.355
2026-03-06T13,1336.294
2026-03-06T14,1241.69
2026-03-06T15,1188.355
2026-03-06T16,1251.746
2026-03-06T17,1243.114
2026-03-06T18,1015.151
2026-03-06T19,925.923
2026-03-06T20,970.424
2026-03-06T21,975.178
2026-03-06T22,1147.276
2026-03-06T23,1908.124
2026-03-07T00,1804.211
2026-03-07T01,2160.364
2026-03-07T02,2045.952
2026-03-07T03,2001.785
2026-03-07T04,1955.559
2026-03-07T05,1901.343
2026-03-07T06,1830.932
2026-03-07T07,1653.202
2026-03-07T08,1612.119
2026-03-07T09,1854.422
2026-03-07T10,2490.224
2026-03-07T11,1986.767
2026-03-07T12,1651.849
2026-03-07T13,1380.154
2026-03-07T14,1282.445
2026-03-07T15,1227.359
2026-03-07T16,1292.831
2026-03-07T17,1283.916
2026-03-07T18,1048.471
2026-03-07T19,956.314
2026-03-07T20,1002.276
2026-03-07T21,1007.186
2026-03-07T22,1184.932
2026-03-07T23,1970.753
2026-03-08T00,1830.489
2026-03-08T01,2191.83
2026-03-08T02,2075.751
2026-03-08T03,2030.941
2026-03-08T04,1984.042
2026-03-08T05,1929.036
2026-03-08T06,1857.599
2026-03-08T07,1677.281
2026-03-08T08,1635.599
2026-03-08T09,1881.431
2026-03-08T10,2526.494
2026-03-08T11,2015.704
2026-03-08T12,1675.909
2026-03-08T13,1400.256
2026-03-08T14,1301.124
2026-03-08T15,1245.236
2026-03-08T16,1311.661
2026-03-08T17,1302.616
2026-03-08T18,1063.742
2026-03-08T19,970.242
2026-03-08T20,1016.874
2026-03-08T21,1021.855
2026-03-08T22,1202.19
2026-03-08T23,1999.457
2026-03-09T00,2486.455
2026-03-09T01,2977.283
2026-03-09T02,2819.607
2026-03-09T03,2758.739
2026-03-09T04,2695.033
2026-03-09T05,2620.316
2026-03-09T06,2523.279
2026-03-09T07,2278.343
2026-03-09T08,2221.724
2026-03-09T09,2555.652
2026-03-09T10,3431.877
2026-03-09T11,2738.042
2026-03-09T12,2276.479
2026-03-09T13,1902.045
2026-03-09T14,1767.389
2026-03-09T15,1691.473
2026-03-09T16,1781.701
2026-03-09T17,1769.415
2026-03-09T18,1444.939
2026-03-09T19,1317.934
2026-03-09T20,1381.276
2026-03-09T21,1388.042
2026-03-09T22,1633.002
2026-03-09T23,2715.973
2026-03-10T00,1676.144
2026-03-10T01,2007.016
2026-03-10T02,1900.725
2026-03-10T03,1859.693
2026-03-10T04,1816.748
2026-03-10T05,1766.381
2026-03-10T06,1700.967
2026-03-10T07,1535.854
2026-03-10T08,1497.686
2026-03-10T09,1722.79
2026-03-10T10,2313.462
2026-03-10T11,1845.741
2026-03-10T12,1534.597
2026-03-10T13,1282.187
2026-03-10T14,1191.414
2026-03-10T15,1140.238
2026-03-10T16,1201.062
2026-03-10T17,1192.78
2026-03-10T18,974.048
2026-03-10T19,888.432
2026-03-10T20,931.132
2026-03-10T21,935.693
2026-03-10T22,1100.822
2026-03-10T23,1830.864
2026-03-11T00,1988.95
2026-03-11T01,2381.571
2026-03-11T02,2255.444
2026-03-11T03,2206.754
2026-03-11T04,2155.795
2026-03-11T05,2096.028
2026-03-11T06,2018.407
2026-03-11T07,1822.479
2026-03-11T08,1777.189
2026-03-11T09,2044.302
2026-03-11T10,2745.207
2026-03-11T11,2190.199
2026-03-11T12,1820.988
2026-03-11T13,1521.473
2026-03-11T14,1413.759
2026-03-11T15,1353.033
2026-03-11T16,1425.208
2026-03-11T17,1415.38
2026-03-11T18,1155.827
2026-03-11T19,1054.234
2026-03-11T20,1104.902
2026-03-11T21,1110.315
2026-03-11T22,1306.261
2026-03-11T23,2172.545
2026-03-12T00,1704.446
2026-03-12T01,2040.905
2026-03-12T02,1932.819
2026-03-12T03,1891.094
2026-03-12T04,1847.425
2026-03-12T05,1796.207
2026-03-12T06,1729.689
2026-03-12T07,1561.787
2026-03-12T08,1522.975
2026-03-12T09,1751.88
2026-03-12T10,2352.525
2026-03-12T11,1876.907
2026-03-12T12,1560.509
2026-03-12T13,1303.837
2026-03-12T14,1211.531
2026-03-12T15,1159.492
2026-03-12T16,1221.342
2026-03-12T17,1212.921
2026-03-12T18,990.495
2026-03-12T19,903.433
2026-03-12T20,946.854
2026-03-12T21,951.492
2026-03-12T22,1119.41
2026-03-12T23,1861.779
2026-03-13T00,1723.968
2026-03-13T01,2064.281
2026-03-13T02,1954.958
2026-03-13T03,1912.755
2026-03-13T04,1868.585
2026-03-13T05,1816.78
2026-03-13T06,1749.5
2026-03-13T07,1579.676
2026-03-13T08,1540.419
2026-03-13T09,1771.946
2026-03-13T10,2379.471
2026-03-13T11,1898.405
2026-03-13T12,1578.383
2026-03-13T13,1318.771
2026-03-13T14,1225.408
2026-03-13T15,1172.772
2026-03-13T16,1235.332
2026-03-13T17,1226.813
2026-03-13T18,1001.84
2026-03-13T19,913.781
2026-03-13T20,957.699
2026-03-13T21,962.391
2026-03-13T22,1132.232
2026-03-13T23,1883.103
2026-03-14T00,1669.567
2026-03-14T01,1999.141
2026-03-14T02,1893.268
2026-03-14T03,1852.396
2026-03-14T04,1809.62
2026-03-14T05,1759.451
2026-03-14T06,1694.294
2026-03-14T07,1529.828
2026-03-14T08,1491.81
2026-03-14T09,1716.031
2026-03-14T10,2304.385
2026-03-14T11,1838.499
2026-03-14T12,1528.576
2026-03-14T13,1277.156
2026-03-14T14,1186.74
2026-03-14T15,1135.765
2026-03-14T16,1196.35
2026-03-14T17,1188.1
2026-03-14T18,970.226
2026-03-14T19,884.946
2026-03-14T20,927.478
2026-03-14T21,932.022
2026-03-14T22,1096.503
2026-03-14T23,1823.681
2026-03-15T00,1805.16
2026-03-15T01,2161.5
2026-03-15T02,2047.028
2026-03-15T03,2002.837
2026-03-15T04,1956.587
2026-03-15T05,1902.343
2026-03-15T06,1831.894
2026-03-15T07,1654.072
2026-03-15T08,1612.966
2026-03-15T09,1855.397
2026-03-15T10,2491.534
2026-03-15T11,1987.812
2026-03-15T12,1652.718
2026-03-15T13,1380.88
2026-03-15T14,1283.12
2026-03-15T15,1228.005
2026-03-15T16,1293.511
2026-03-15T17,1284.591
2026-03-15T18,1049.022
2026-03-15T19,956.816
2026-03-15T20,1002.803
2026-03-15T21,1007.715
2026-03-15T22,1185.555
2026-03-15T23,1971.79
2026-03-16T00,2376.66
2026-03-16T01,2845.815
2026-03-16T02,2695.102
2026-03-16T03,2636.921
2026-03-16T04,2576.028
2026-03-16T05,2504.611
2026-03-16T06,2411.858
2026-03-16T07,2177.738
2026-03-16T08,2123.619
2026-03-16T09,2442.802
2026-03-16T10,3280.335
2026-03-16T11,2617.138
2026-03-16T12,2175.956
2026-03-16T13,1818.056
2026-03-16T14,1689.346
2026-03-16T15,1616.782
2026-03-16T16,1703.026
2026-03-16T17,1691.283
2026-03-16T18,1381.135
2026-03-16T19,1259.737
2026-03-16T20,1320.283
2026-03-16T21,1326.75
2026-03-16T22,1560.893
2026-03-16T23,2596.043
2026-03-17T00,1647.702
2026-03-17T01,1972.96
2026-03-17T02,1868.473
2026-03-17T03,1828.137
2026-03-17T04,1785.921
2026-03-17T05,1736.408
2026-03-17T06,1672.104
2026-03-17T07,1509.793
2026-03-17T08,1472.273
2026-03-17T09,1693.557
2026-03-17T10,2274.206
2026-03-17T11,1814.421
2026-03-17T12,1508.557
2026-03-17T13,1260.43
2026-03-17T14,1171.198
2026-03-17T15,1120.89
2026-03-17T16,1180.682
2026-03-17T17,1172.541
2026-03-17T18,957.52
2026-03-17T19,873.357
2026-03-17T20,915.332
2026-03-17T21,919.816
2026-03-17T22,1082.143
2026-03-17T23,1799.797
2026-03-18T00,1712.928
2026-03-18T01,2051.061
2026-03-18T02,1942.438
2026-03-18T03,1900.505
2026-03-18T04,1856.618
2026-03-18T05,1805.146
2026-03-18T06,1738.296
2026-03-18T07,1569.559
2026-03-18T08,1530.554
2026-03-18T09,1760.598
2026-03-18T10,2364.232
2026-03-18T11,1886.247
2026-03-18T12,1568.275
2026-03-18T13,1310.326
2026-03-18T14,1217.561
2026-03-18T15,1165.262
2026-03-18T16,1227.42
2026-03-18T17,1218.957
2026-03-18T18,995.424
2026-03-18T19,907.929
2026-03-18T20,951.566
2026-03-18T21,956.228
2026-03-18T22,1124.981
2026-03-18T23,1871.044
2026-03-19T00,1721.89
2026-03-19T01,2061.793
2026-03-19T02,1952.602
2026-03-19T03,1910.449
2026-03-19T04,1866.333
2026-03-19T05,1814.591
2026-03-19T06,1747.392
2026-03-19T07,1577.772
2026-03-19T08,1538.563
2026-03-19T09,1769.81
2026-03-19T10,2376.603
2026-03-19T11,1896.117
2026-03-19T12,1576.481
2026-03-19T13,1317.182
2026-03-19T14,1223.931
2026-03-19T15,1171.359
2026-03-19T16,1233.843
2026-03-19T17,1225.335
2026-03-19T18,1000.632
2026-03-19T19,912.68
2026-03-19T20,956.545
2026-03-19T21,961.231
2026-03-19T22,1130.867
2026-03-19T23,1880.834
2026-03-20T00,1868.182
2026-03-20T01,2236.963
2026-03-20T02,2118.494
2026-03-20T03,2072.761
2026-03-20T04,2024.896
2026-03-20T05,1968.758
2026-03-20T06,1895.85
2026-03-20T07,1711.819
2026-03-20T08,1669.279
2026-03-20T09,1920.173
2026-03-20T10,2578.519
2026-03-20T11,2057.21
2026-03-20T12,1710.418
2026-03-20T13,1429.089
2026-03-20T14,1327.916
2026-03-20T15,1270.877
2026-03-20T16,1338.67
2026-03-20T17,1329.439
2026-03-20T18,1085.646
2026-03-20T19,990.221
2026-03-20T20,1037.813
2026-03-20T21,1042.897
2026-03-20T22,1226.945
2026-03-20T23,2040.629
2026-03-21T00,1915.33
2026-03-21T01,2293.418
2026-03-21T02,2171.96
2026-03-21T03,2125.072
2026-03-21T04,2076.0
2026-03-21T05,2018.445
2026-03-21T06,1943.697
2026-03-21T07,1755.021
2026-03-21T08,1711.407
2026-03-21T09,1968.633
2026-03-21T10,2643.595
2026-03-21T11,2109.13
2026-03-21T12,1753.585
2026-03-21T13,1465.156
2026-03-21T14,1361.43
2026-03-21T15,1302.951
2026-03-21T16,1372.455
2026-03-21T17,1362.991
2026-03-21T18,1113.045
2026-03-21T19,1015.212
2026-03-21T20,1064.005
2026-03-21T21,1069.217
2026-03-21T22,1257.911
2026-03-21T23,2092.13
2026-03-22T00,1834.425
2026-03-22T01,2196.542
2026-03-22T02,2080.214
2026-03-22T03,2035.307
2026-03-22T04,1988.307
2026-03-22T05,1933.184
2026-03-22T06,1861.593
2026-03-22T07,1680.887
2026-03-22T08,1639.115
2026-03-22T09,1885.476
2026-03-22T10,2531.926
2026-03-22T11,2020.038
2026-03-22T12,1679.512
2026-03-22T13,1403.266
2026-03-22T14,1303.921
2026-03-22T15,1247.913
2026-03-22T16,1314.481
2026-03-22T17,1305.417
2026-03-22T18,1066.029
2026-03-22T19,972.328
2026-03-22T20,1019.06
2026-03-22T21,1024.052
2026-03-22T22,1204.775
2026-03-22T23,2003.756
2026-03-23T00,2257.341
2026-03-23T01,2702.942
2026-03-23T02,2559.796
2026-03-23T03,2504.536
2026-03-23T04,2446.701
2026-03-23T05,2378.868
2026-03-23T06,2290.773
2026-03-23T07,2068.406
2026-03-23T08,2017.005
2026-03-23T09,2320.162
2026-03-23T10,3115.648
2026-03-23T11,2485.746
2026-03-23T12,2066.714
2026-03-23T13,1726.782
2026-03-23T14,1604.533
2026-03-23T15,1535.613
2026-03-23T16,1617.527
2026-03-23T17,1606.373
2026-03-23T18,1311.796
2026-03-23T19,1196.493
2026-03-23T20,1253.999
2026-03-23T21,1260.142
2026-03-23T22,1482.529
2026-03-23T23,2465.711
2026-03-24T00,1876.375
2026-03-24T01,2246.773
2026-03-24T02,2127.785
2026-03-24T03,2081.851
2026-03-24T04,2033.776
2026-03-24T05,1977.392
2026-03-24T06,1904.164
2026-03-24T07,1719.326
2026-03-24T08,1676.599
2026-03-24T09,1928.593
2026-03-24T10,2589.827
2026-03-24T11,2066.232
2026-03-24T12,1717.919
2026-03-24T13,1435.356
2026-03-24T14,1333.74
2026-03-24T15,1276.45
2026-03-24T16,1344.54
2026-03-24T17,1335.269
2026-03-24T18,1090.407
2026-03-24T19,994.563
2026-03-24T20,1042.364
2026-03-24T21,1047.47
2026-03-24T22,1232.326
2026-03-24T23,2049.578
2026-03-25T00,1894.704
2026-03-25T01,2268.72
2026-03-25T02,2148.569
2026-03-25T03,2102.187
2026-03-25T04,2053.643
2026-03-25T05,1996.708
2026-03-25T06,1922.764
2026-03-25T07,1736.121
2026-03-25T08,1692.977
2026-03-25T09,1947.433
2026-03-25T10,2615.125
2026-03-25T11,2086.416
2026-03-25T12,1734.7
2026-03-25T13,1449.377
2026-03-25T14,1346.768
2026-03-25T15,1288.919
2026-03-25T16,1357.674
2026-03-25T17,1348.312
2026-03-25T18,1101.058
2026-03-25T19,1004.279
2026-03-25T20,1052.546
2026-03-25T21,1057.702
2026-03-25T22,1244.364
2026-03-25T23,2069.599
2026-03-26T00,1786.931
2026-03-26T01,2139.672
2026-03-26T02,2026.356
2026-03-26T03,1982.612
2026-03-26T04,1936.829
2026-03-26T05,1883.132
2026-03-26T06,1813.395
2026-03-26T07,1637.368
2026-03-26T08,1596.678
2026-03-26T09,1836.66
2026-03-26T10,2466.373
2026-03-26T11,1967.738
2026-03-26T12,1636.028
2026-03-26T13,1366.935
2026-03-26T14,1270.162
2026-03-26T15,1215.604
2026-03-26T16,1280.448
2026-03-26T17,1271.619
2026-03-26T18,1038.429
2026-03-26T19,947.154
2026-03-26T20,992.676
2026-03-26T21,997.539
2026-03-26T22,1173.583
2026-03-26T23,1951.878
2026-03-27T00,1850.507
2026-03-27T01,2215.799
2026-03-27T02,2098.451
2026-03-27T03,2053.151
2026-03-27T04,2005.739
2026-03-27T05,1950.132
2026-03-27T06,1877.913
2026-03-27T07,1695.624
2026-03-27T08,1653.486
2026-03-27T09,1902.006
2026-03-27T10,2554.124
2026-03-27T11,2037.747
2026-03-27T12,1694.236
2026-03-27T13,1415.569
2026-03-27T14,1315.353
2026-03-27T15,1258.854
2026-03-27T16,1326.005
2026-03-27T17,1316.861
2026-03-27T18,1075.375
2026-03-27T19,980.853
2026-03-27T20,1027.994
2026-03-27T21,1033.03
2026-03-27T22,1215.337
2026-03-27T23,2021.323
2026-03-28T00,1866.015
2026-03-28T01,2234.368
2026-03-28T02,2116.037
2026-03-28T03,2070.357
2026-03-28T04,2022.548
2026-03-28T05,1966.475
2026-03-28T06,1893.651
2026-03-28T07,1709.833
2026-03-28T08,1667.342
2026-03-28T09,1917.946
2026-03-28T10,2575.528
2026-03-28T11,2054.824
2026-03-28T12,1708.434
2026-03-28T13,1427.432
2026-03-28T14,1326.376
2026-03-28T15,1269.403
2026-03-28T16,1337.117
2026-03-28T17,1327.897
2026-03-28T18,1084.387
2026-03-28T19,989.072
2026-03-28T20,1036.609
2026-03-28T21,1041.687
2026-03-28T22,1225.522
2026-03-28T23,2038.262
2026-03-29T00,1861.419
2026-03-29T01,2228.864
2026-03-29T02,2110.825
2026-03-29T03,2065.257
2026-03-29T04,2017.565
2026-03-29T05,1961.631
2026-03-29T06,1888.986
2026-03-29T07,1705.622
2026-03-29T08,1663.235
2026-03-29T09,1913.221
2026-03-29T10,2569.184
2026-03-29T11,2049.763
2026-03-29T12,1704.226
2026-03-29T13,1423.916
2026-03-29T14,1323.109
2026-03-29T15,1266.276
2026-03-29T16,1333.823
2026-03-29T17,1324.626
2026-03-29T18,1081.716
2026-03-29T19,986.636
2026-03-29T20,1034.056
2026-03-29T21,1039.121
2026-03-29T22,1222.503
2026-03-29T23,2033.241
2026-03-30T00,2603.796
2026-03-30T01,3117.787
2026-03-30T02,2952.671
2026-03-30T03,2888.929
2026-03-30T04,2822.218
2026-03-30T05,2743.975
2026-03-30T06,2642.358
2026-03-30T07,2385.863
2026-03-30T08,2326.572
2026-03-30T09,2676.259
2026-03-30T10,3593.834
2026-03-30T11,2867.256
2026-03-30T12,2383.911
2026-03-30T13,1991.806
2026-03-30T14,1850.796
2026-03-30T15,1771.297
2026-03-30T16,1865.783
2026-03-30T17,1852.918
2026-03-30T18,1513.129
2026-03-30T19,1380.13
2026-03-30T20,1446.461
2026-03-30T21,1453.547
2026-03-30T22,1710.066
2026-03-30T23,2844.146
2026-03-31T00,1827.274
2026-03-31T01,2187.979
2026-03-31T02,2072.105
2026-03-31T03,2027.373
2026-03-31T04,1980.556
2026-03-31T05,1925.647
2026-03-31T06,1854.336
2026-03-31T07,1674.335
2026-03-31T08,1632.726
2026-03-31T09,1878.126
2026-03-31T10,2522.056
2026-03-31T11,2012.163
2026-03-31T12,1672.964
2026-03-31T13,1397.796
2026-03-31T14,1298.838
2026-03-31T15,1243.048
2026-03-31T16,1309.356
2026-03-31T17,1300.328
2026-03-31T18,1061.873
2026-03-31T19,968.538
2026-03-31T20,1015.087
2026-03-31T21,1020.06
2026-03-31T22,1200.078
2026-03-31T23,1995.945
2026-04-01T00,1753.132
2026-04-01T01,2099.201
2026-04-01T02,1988.028
2026-04-01T03,1945.112
2026-04-01T04,1900.195
2026-04-01T05,1847.514
2026-04-01T06,1779.095
2026-04-01T07,1606.398
2026-04-01T08,1566.477
2026-04-01T09,1801.921
2026-04-01T10,2419.723
2026-04-01T11,1930.519
2026-04-01T12,1605.083
2026-04-01T13,1341.08
2026-04-01T14,1246.138
2026-04-01T15,1192.611
2026-04-01T16,1256.229
2026-04-01T17,1247.567
2026-04-01T18,1018.787
2026-04-01T19,929.239
2026-04-01T20,973.9
2026-04-01T21,978.671
2026-04-01T22,1151.385
2026-04-01T23,1914.959
2026-04-02T00,1824.362
2026-04-02T01,2184.492
2026-04-02T02,2068.802
2026-04-02T03,2024.142
2026-04-02T04,1977.4
2026-04-02T05,1922.579
2026-04-02T06,1851.381
2026-04-02T07,1671.666
2026-04-02T08,1630.124
2026-04-02T09,1875.133
2026-04-02T10,2518.037
2026-04-02T11,2008.956
2026-04-02T12,1670.298
2026-04-02T13,1395.568
2026-04-02T14,1296.768
2026-04-02T15,1241.067
2026-04-02T16,1307.27
2026-04-02T17,1298.256
2026-04-02T18,1060.181
2026-04-02T19,966.994
2026-04-02T20,1013.47
2026-04-02T21,1018.435
2026-04-02T22,1198.166
2026-04-02T23,1992.764
2026-04-03T00,1824.888
2026-04-03T01,2185.123
2026-04-03T02,2069.4
2026-04-03T03,2024.726
2026-04-03T04,1977.971
2026-04-03T05,1923.133
2026-04-03T06,1851.915
2026-04-03T07,1672.149
2026-04-03T08,1630.594
2026-04-03T09,1875.674
2026-04-03T10,2518.763
2026-04-03T11,2009.536
2026-04-03T12,1670.78
2026-04-03T13,1395.971
2026-04-03T14,1297.143
2026-04-03T15,1241.425
2026-04-03T16,1307.647
2026-04-03T17,1298.63
2026-04-03T18,1060.487
2026-04-03T19,967.273
2026-04-03T20,1013.762
2026-04-03T21,1018.728
2026-04-03T22,1198.512
2026-04-03T23,1993.339
2026-04-04T00,1859.24
2026-04-04T01,2226.255
2026-04-04T02,2108.354
2026-04-04T03,2062.839
2026-04-04T04,2015.204
2026-04-04T05,1959.334
2026-04-04T06,1886.775
2026-04-04T07,1703.625
2026-04-04T08,1661.288
2026-04-04T09,1910.982
2026-04-04T10,2566.176
2026-04-04T11,2047.363
2026-04-04T12,1702.231
2026-04-04T13,1422.249
2026-04-04T14,1321.56
2026-04-04T15,1264.794
2026-04-04T16,1332.262
2026-04-04T17,1323.075
2026-04-04T18,1080.449
2026-04-04T19,985.481
2026-04-04T20,1032.845
2026-04-04T21,1037.905
2026-04-04T22,1221.072
2026-04-04T23,2030.861
2026-04-05T00,1902.611
2026-04-05T01,2278.188
2026-04-05T02,2157.536
2026-04-05T03,2110.96
2026-04-05T04,2062.213
2026-04-05T05,2005.04
2026-04-05T06,1930.788
2026-04-05T07,1743.366
2026-04-05T08,1700.042
2026-04-05T09,1955.56
2026-04-05T10,2626.038
2026-04-05T11,2095.123
2026-04-05T12,1741.939
2026-04-05T13,1455.426
2026-04-05T14,1352.388
2026-04-05T15,1294.298
2026-04-05T16,1363.34
2026-04-05T17,1353.939
2026-04-05T18,1105.653
2026-04-05T19,1008.47
2026-04-05T20,1056.939
2026-04-05T21,1062.116
2026-04-05T22,1249.557
2026-04-05T23,2078.236
2026-04-06T00,2330.302
2026-04-06T01,2790.305
2026-04-06T02,2642.532
2026-04-06T03,2585.486
2026-04-06T04,2525.781
2026-04-06T05,2455.757
2026-04-06T06,2364.814
2026-04-06T07,2135.26
2026-04-06T08,2082.197
2026-04-06T09,2395.153
2026-04-06T10,3216.35
2026-04-06T11,2566.089
2026-04-06T12,2133.513
2026-04-06T13,1782.594
2026-04-06T14,1656.394
2026-04-06T15,1585.246
2026-04-06T16,1669.808
2026-04-06T17,1658.294
2026-04-06T18,1354.195
2026-04-06T19,1235.165
2026-04-06T20,1294.53
2026-04-06T21,1300.871
2026-04-06T22,1530.447
2026-04-06T23,2545.406
2026-04-07T00,1775.597
2026-04-07T01,2126.102
2026-04-07T02,2013.504
2026-04-07T03,1970.037
2026-04-07T04,1924.545
2026-04-07T05,1871.189
2026-04-07T06,1801.894
2026-04-07T07,1626.983
2026-04-07T08,1586.551
2026-04-07T09,1825.011
2026-04-07T10,2450.73
2026-04-07T11,1955.257
2026-04-07T12,1625.652
2026-04-07T13,1358.265
2026-04-07T14,1262.106
2026-04-07T15,1207.894
2026-04-07T16,1272.327
2026-04-07T17,1263.554
2026-04-07T18,1031.843
2026-04-07T19,941.147
2026-04-07T20,986.38
2026-04-07T21,991.212
2026-04-07T22,1166.139
2026-04-07T23,1939.498
2026-04-08T00,1843.422
2026-04-08T01,2207.315
2026-04-08T02,2090.416
2026-04-08T03,2045.289
2026-04-08T04,1998.059
2026-04-08T05,1942.665
2026-04-08T06,1870.723
2026-04-08T07,1689.131
2026-04-08T08,1647.155
2026-04-08T09,1894.724
2026-04-08T10,2544.344
2026-04-08T11,2029.945
2026-04-08T12,1687.749
2026-04-08T13,1410.149
2026-04-08T14,1310.316
2026-04-08T15,1254.033
2026-04-08T16,1320.928
2026-04-08T17,1311.819
2026-04-08T18,1071.257
2026-04-08T19,977.097
2026-04-08T20,1024.058
2026-04-08T21,1029.075
2026-04-08T22,1210.684
2026-04-08T23,2013.583
2026-04-09T00,1931.18
2026-04-09T01,2312.397
2026-04-09T02,2189.933
2026-04-09T03,2142.657
2026-04-09T04,2093.179
2026-04-09T05,2035.148
2026-04-09T06,1959.781
2026-04-09T07,1769.544
2026-04-09T08,1725.569
2026-04-09T09,1984.924
2026-04-09T10,2665.47
2026-04-09T11,2126.583
2026-04-09T12,1768.096
2026-04-09T13,1477.28
2026-04-09T14,1372.696
2026-04-09T15,1313.733
2026-04-09T16,1383.812
2026-04-09T17,1374.27
2026-04-09T18,1122.256
2026-04-09T19,1023.613
2026-04-09T20,1072.809
2026-04-09T21,1078.065
2026-04-09T22,1268.32
2026-04-09T23,2109.442
2026-04-10T00,1849.476
2026-04-10T01,2214.564
2026-04-10T02,2097.281
2026-04-10T03,2052.006
2026-04-10T04,2004.621
2026-04-10T05,1949.045
2026-04-10T06,1876.866
2026-04-10T07,1694.678
2026-04-10T08,1652.564
2026-04-10T09,1900.946
2026-04-10T10,2552.7
2026-04-10T11,2036.611
2026-04-10T12,1693.291
2026-04-10T13,1414.78
2026-04-10T14,1314.62
2026-04-10T15,1258.152
2026-04-10T16,1325.266
2026-04-10T17,1316.127
2026-04-10T18,1074.775
2026-04-10T19,980.306
2026-04-10T20,1027.421
2026-04-10T21,1032.454
2026-04-10T22,1214.66
2026-04-10T23,2020.196
2026-04-11T00,1862.013
2026-04-11T01,2229.576
2026-04-11T02,2111.499
2026-04-11T03,2065.916
2026-04-11T04,2018.21
2026-04-11T05,1962.257
2026-04-11T06,1889.59
2026-04-11T07,1706.166
2026-04-11T08,1663.767
2026-04-11T09,1913.832
2026-04-11T10,2570.004
2026-04-11T11,2050.417
2026-04-11T12,1704.77
2026-04-11T13,1424.37
2026-04-11T14,1323.531
2026-04-11T15,1266.681
2026-04-11T16,1334.249
2026-04-11T17,1325.049
2026-04-11T18,1082.061
2026-04-11T19,986.951
2026-04-11T20,1034.386
2026-04-11T21,1039.453
2026-04-11T22,1222.894
2026-04-11T23,2033.891
2026-04-12T00,1862.724
2026-04-12T01,2230.427
2026-04-12T02,2112.305
2026-04-12T03,2066.705
2026-04-12T04,2018.98
2026-04-12T05,1963.006
2026-04-12T06,1890.311
2026-04-12T07,1706.817
2026-04-12T08,1664.401
2026-04-12T09,1914.563
2026-04-12T10,2570.985
2026-04-12T11,2051.2
2026-04-12T12,1705.421
2026-04-12T13,1424.914
2026-04-12T14,1324.036
2026-04-12T15,1267.164
2026-04-12T16,1334.759
2026-04-12T17,1325.555
2026-04-12T18,1082.474
2026-04-12T19,987.328
2026-04-12T20,1034.781
2026-04-12T21,1039.85
2026-04-12T22,1223.361
2026-04-12T23,2034.667
2026-04-13T00,2351.685
2026-04-13T01,2815.91
2026-04-13T02,2666.781
2026-04-13T03,2609.211
2026-04-13T04,2548.959
2026-04-13T05,2478.291
2026-04-13T06,2386.514
2026-04-13T07,2154.854
2026-04-13T08,2101.304
2026-04-13T09,2417.132
2026-04-13T10,3245.864
2026-04-13T11,2589.636
2026-04-13T12,2153.091
2026-04-13T13,1798.951
2026-04-13T14,1671.594
2026-04-13T15,1599.792
2026-04-13T16,1685.13
2026-04-13T17,1673.511
2026-04-13T18,1366.621
2026-04-13T19,1246.5
2026-04-13T20,1306.409
2026-04-13T21,1312.809
2026-04-13T22,1544.491
2026-04-13T23,2568.763
2026-04-14T00,1835.496
2026-04-14T01,2197.824
2026-04-14T02,2081.428
2026-04-14T03,2036.495
2026-04-14T04,1989.468
2026-04-14T05,1934.312
2026-04-14T06,1862.679
2026-04-14T07,1681.868
2026-04-14T08,1640.072
2026-04-14T09,1886.577
2026-04-14T10,2533.404
2026-04-14T11,2021.217
2026-04-14T12,1680.492
2026-04-14T13,1404.085
2026-04-14T14,1304.683
2026-04-14T15,1248.642
2026-04-14T16,1315.248
2026-04-14T17,1306.179
2026-04-14T18,1066.651
2026-04-14T19,972.896
2026-04-14T20,1019.655
2026-04-14T21,1024.65
2026-04-14T22,1205.478
2026-04-14T23,2004.926
2026-04-15T00,1849.537
2026-04-15T01,2214.638
2026-04-15T02,2097.351
2026-04-15T03,2052.074
2026-04-15T04,2004.688
2026-04-15T05,1949.11
2026-04-15T06,1876.929
2026-04-15T07,1694.735
2026-04-15T08,1652.619
2026-04-15T09,1901.009
2026-04-15T10,2552.785
2026-04-15T11,2036.679
2026-04-15T12,1693.348
2026-04-15T13,1414.827
2026-04-15T14,1314.664
2026-04-15T15,1258.194
2026-04-15T16,1325.31
2026-04-15T17,1316.171
2026-04-15T18,1074.811
2026-04-15T19,980.339
2026-04-15T20,1027.455
2026-04-15T21,1032.489
2026-04-15T22,1214.7
2026-04-15T23,2020.263
2026-04-16T00,1885.736
2026-04-16T01,2257.981
2026-04-16T02,2138.4
2026-04-16T03,2092.237
2026-04-16T04,2043.922
2026-04-16T05,1987.257
2026-04-16T06,1913.663
2026-04-16T07,1727.903
2026-04-16T08,1684.963
2026-04-16T09,1938.215
2026-04-16T10,2602.747
2026-04-16T11,2076.54
2026-04-16T12,1726.489
2026-04-16T13,1442.517
2026-04-16T14,1340.393
2026-04-16T15,1282.818
2026-04-16T16,1351.248
2026-04-16T17,1341.931
2026-04-16T18,1095.847
2026-04-16T19,999.525
2026-04-16T20,1047.564
2026-04-16T21,1052.696
2026-04-16T22,1238.474
2026-04-16T23,2059.803
2026-04-17T00,1833.783
2026-04-17T01,2195.774
2026-04-17T02,2079.486
2026-04-17T03,2034.595
2026-04-17T04,1987.612
2026-04-17T05,1932.507
2026-04-17T06,1860.942
2026-04-17T07,1680.299
2026-04-17T08,1638.542
2026-04-17T09,1884.817
2026-04-17T10,2531.041
2026-04-17T11,2019.331
2026-04-17T12,1678.924
2026-04-17T13,1402.775
2026-04-17T14,1303.465
2026-04-17T15,1247.477
2026-04-17T16,1314.021
2026-04-17T17,1304.96
2026-04-17T18,1065.656
2026-04-17T19,971.988
2026-04-17T20,1018.704
2026-04-17T21,1023.694
2026-04-17T22,1204.354
2026-04-17T23,2003.055
2026-04-18T00,2356.242
2026-04-18T01,2821.367
2026-04-18T02,2671.948
2026-04-18T03,2614.267
2026-04-18T04,2553.898
2026-04-18T05,2483.094
2026-04-18T06,2391.139
2026-04-18T07,2159.03
2026-04-18T08,2105.376
2026-04-18T09,2421.816
2026-04-18T10,3252.154
2026-04-18T11,2594.654
2026-04-18T12,2157.263
2026-04-18T13,1802.437
2026-04-18T14,1674.833
2026-04-18T15,1602.892
2026-04-18T16,1688.396
2026-04-18T17,1676.754
2026-04-18T18,1369.27
2026-04-18T19,1248.915
2026-04-18T20,1308.94
2026-04-18T21,1315.352
2026-04-18T22,1547.483
2026-04-18T23,2573.741
2026-04-19T00,1914.264
2026-04-19T01,2292.141
2026-04-19T02,2170.751
2026-04-19T03,2123.889
2026-04-19T04,2074.844
2026-04-19T05,2017.321
2026-04-19T06,1942.614
2026-04-19T07,1754.044
2026-04-19T08,1710.454
2026-04-19T09,1967.537
2026-04-19T10,2642.123
2026-04-19T11,2107.955
2026-04-19T12,1752.609
2026-04-19T13,1464.34
2026-04-19T14,1360.672
2026-04-19T15,1302.226
2026-04-19T16,1371.691
2026-04-19T17,1362.232
2026-04-19T18,1112.425
2026-04-19T19,1014.647
2026-04-19T20,1063.412
2026-04-19T21,1068.622
2026-04-19T22,1257.21
2026-04-19T23,2090.965
2026-04-20T00,2421.644
2026-04-20T01,2899.678
2026-04-20T02,2746.113
2026-04-20T03,2686.83
2026-04-20T04,2624.786
2026-04-20T05,2552.016
2026-04-20T06,2457.508
2026-04-20T07,2218.957
2026-04-20T08,2163.814
2026-04-20T09,2489.037
2026-04-20T10,3342.423
2026-04-20T11,2666.673
2026-04-20T12,2217.141
2026-04-20T13,1852.467
2026-04-20T14,1721.321
2026-04-20T15,1647.383
2026-04-20T16,1735.26
2026-04-20T17,1723.295
2026-04-20T18,1407.276
2026-04-20T19,1283.581
2026-04-20T20,1345.272
2026-04-20T21,1351.862
2026-04-20T22,1590.436
2026-04-20T23,2645.18
2026-04-21T00,1738.475
2026-04-21T01,2081.651
2026-04-21T02,1971.408
2026-04-21T03,1928.85
2026-04-21T04,1884.308
2026-04-21T05,1832.068
2026-04-21T06,1764.222
2026-04-21T07,1592.968
2026-04-21T08,1553.381
2026-04-21T09,1786.856
2026-04-21T10,2399.493
2026-04-21T11,1914.379
2026-04-21T12,1591.664
2026-04-21T13,1329.868
2026-04-21T14,1235.719
2026-04-21T15,1182.641
2026-04-21T16,1245.726
2026-04-21T17,1237.136
2026-04-21T18,1010.27
2026-04-21T19,921.47
2026-04-21T20,965.758
2026-04-21T21,970.489
2026-04-21T22,1141.759
2026-04-21T23,1898.949
2026-04-22T00,1853.126
2026-04-22T01,2218.935
2026-04-22T02,2101.421
2026-04-22T03,2056.056
2026-04-22T04,2008.578
2026-04-22T05,1952.892
2026-04-22T06,1880.571
2026-04-22T07,1698.023
2026-04-22T08,1655.826
2026-04-22T09,1904.698
2026-04-22T10,2557.738
2026-04-22T11,2040.631
2026-04-22T12,1696.634
2026-04-22T13,1417.572
2026-04-22T14,1317.215
2026-04-22T15,1260.635
2026-04-22T16,1327.881
2026-04-22T17,1318.725
2026-04-22T18,1076.897
2026-04-22T19,982.241
2026-04-22T20,1029.449
2026-04-22T21,1034.492
2026-04-22T22,1217.057
2026-04-22T23,2024.184
2026-04-23T00,1779.697
2026-04-23T01,2131.01
2026-04-23T02,2018.153
2026-04-23T03,1974.586
2026-04-23T04,1928.988
2026-04-23T05,1875.509
2026-04-23T06,1806.054
2026-04-23T07,1630.74
2026-04-23T08,1590.214
2026-04-23T09,1829.225
2026-04-23T10,2456.389
2026-04-23T11,1959.772
2026-04-23T12,1629.405
2026-04-23T13,1361.401
2026-04-23T14,1265.02
2026-04-23T15,1210.683
2026-04-23T16,1275.264
2026-04-23T17,1266.471
2026-04-23T18,1034.225
2026-04-23T19,943.32
2026-04-23T20,988.657
2026-04-23T21,993.501
2026-04-23T22,1168.832
2026-04-23T23,1943.976
2026-04-24T00,1731.592
2026-04-24T01,2073.41
2026-04-24T02,1963.603
2026-04-24T03,1921.214
2026-04-24T04,1876.849
2026-04-24T05,1824.815
2026-04-24T06,1757.237
2026-04-24T07,1586.662
2026-04-24T08,1547.232
2026-04-24T09,1779.782
2026-04-24T10,2389.994
2026-04-24T11,1906.8
2026-04-24T12,1585.363
2026-04-24T13,1324.603
2026-04-24T14,1230.828
2026-04-24T15,1177.959
2026-04-24T16,1240.795
2026-04-24T17,1232.239
2026-04-24T18,1006.27
2026-04-24T19,917.822
2026-04-24T20,961.935
2026-04-24T21,966.647
2026-04-24T22,1137.239
2026-04-24T23,1891.431
2026-04-25T00,1893.362
2026-04-25T01,2267.113
2026-04-25T02,2147.047
2026-04-25T03,2100.698
2026-04-25T04,2052.188
2026-04-25T05,1995.293
2026-04-25T06,1921.402
2026-04-25T07,1734.891
2026-04-25T08,1691.777
2026-04-25T09,1946.053
2026-04-25T10,2613.272
2026-04-25T11,2084.938
2026-04-25T12,1733.471
2026-04-25T13,1448.351
2026-04-25T14,1345.814
2026-04-25T15,1288.006
2026-04-25T16,1356.713
2026-04-25T17,1347.357
2026-04-25T18,1100.278
2026-04-25T19,1003.567
2026-04-25T20,1051.801
2026-04-25T21,1056.953
2026-04-25T22,1243.482
2026-04-25T23,2068.133
2026-04-26T00,1916.867
2026-04-26T01,2295.258
2026-04-26T02,2173.703
2026-04-26T03,2126.777
2026-04-26T04,2077.665
2026-04-26T05,2020.064
2026-04-26T06,1945.256
2026-04-26T07,1756.429
2026-04-26T08,1712.78
2026-04-26T09,1970.213
2026-04-26T10,2645.716
2026-04-26T11,2110.822
2026-04-26T12,1754.992
2026-04-26T13,1466.332
2026-04-26T14,1362.522
2026-04-26T15,1303.997
2026-04-26T16,1373.556
2026-04-26T17,1364.084
2026-04-26T18,1113.938
2026-04-26T19,1016.026
2026-04-26T20,1064.858
2026-04-26T21,1070.075
2026-04-26T22,1258.92
2026-04-26T23,2093.808
2026-04-27T00,2094.462
2026-04-27T01,2507.911
2026-04-27T02,2375.093
2026-04-27T03,2323.82
2026-04-27T04,2270.158
2026-04-27T05,2207.22
2026-04-27T06,2125.481
2026-04-27T07,1919.16
2026-04-27T08,1871.467
2026-04-27T09,2152.75
2026-04-27T10,2890.837
2026-04-27T11,2306.386
2026-04-27T12,1917.589
2026-04-27T13,1602.185
2026-04-27T14,1488.758
2026-04-27T15,1424.81
2026-04-27T16,1500.814
2026-04-27T17,1490.465
2026-04-27T18,1217.143
2026-04-27T19,1110.16
2026-04-27T20,1163.516
2026-04-27T21,1169.216
2026-04-27T22,1375.557
2026-04-27T23,2287.796
2026-04-28T00,2140.634
2026-04-28T01,2563.197
2026-04-28T02,2427.451
2026-04-28T03,2375.048
2026-04-28T04,2320.203
2026-04-28T05,2255.878
2026-04-28T06,2172.337
2026-04-28T07,1961.467
2026-04-28T08,1912.723
2026-04-28T09,2200.207
2026-04-28T10,2954.565
2026-04-28T11,2357.23
2026-04-28T12,1959.862
2026-04-28T13,1637.505
2026-04-28T14,1521.577
2026-04-28T15,1456.219
2026-04-28T16,1533.899
2026-04-28T17,1523.322
2026-04-28T18,1243.974
2026-04-28T19,1134.633
2026-04-28T20,1189.165
2026-04-28T21,1194.991
2026-04-28T22,1405.881
2026-04-28T23,2338.23
2026-04-29T00,2156.914
2026-04-29T01,2582.691
2026-04-29T02,2445.913
2026-04-29T03,2393.111
2026-04-29T04,2337.849
2026-04-29T05,2273.034
2026-04-29T06,2188.858
2026-04-29T07,1976.385
2026-04-29T08,1927.27
2026-04-29T09,2216.94
2026-04-29T10,2977.035
2026-04-29T11,2375.157
2026-04-29T12,1974.767
2026-04-29T13,1649.959
2026-04-29T14,1533.149
2026-04-29T15,1467.294
2026-04-29T16,1545.564
2026-04-29T17,1534.907
2026-04-29T18,1253.435
2026-04-29T19,1143.262
2026-04-29T20,1198.209
2026-04-29T21,1204.079
2026-04-29T22,1416.573
2026-04-29T23,2356.013
2026-04-30T00,2020.835
2026-04-30T01,2419.749
2026-04-30T02,2291.6
2026-04-30T03,2242.13
2026-04-30T04,2190.354
2026-04-30T05,2129.629
2026-04-30T06,2050.763
2026-04-30T07,1851.695
2026-04-30T08,1805.678
2026-04-30T09,2077.074
2026-04-30T10,2789.214
2026-04-30T11,2225.309
2026-04-30T12,1850.18
2026-04-30T13,1545.863
2026-04-30T14,1436.423
2026-04-30T15,1374.723
2026-04-30T16,1448.055
2026-04-30T17,1438.07
2026-04-30T18,1174.356
2026-04-30T19,1071.134
2026-04-30T20,1122.614
2026-04-30T21,1128.114
2026-04-30T22,1327.201
2026-04-30T23,2207.373
2026-05-01T00,2412.394
2026-05-01T01,2888.602
2026-05-01T02,2735.623
2026-05-01T03,2676.567
2026-05-01T04,2614.759
2026-05-01T05,2542.268
2026-05-01T06,2448.121
2026-05-01T07,2210.481
2026-05-01T08,2155.549
2026-05-01T09,2479.53
2026-05-01T10,3329.655
2026-05-01T11,2656.487
2026-05-01T12,2208.672
2026-05-01T13,1845.391
2026-05-01T14,1714.745
2026-05-01T15,1641.091
2026-05-01T16,1728.632
2026-05-01T17,1716.712
2026-05-01T18,1401.9
2026-05-01T19,1278.678
2026-05-01T20,1340.133
2026-05-01T21,1346.698
2026-05-01T22,1584.361
2026-05-01T23,2635.075
2026-05-02T00,1626.104
2026-05-02T01,1947.099
2026-05-02T02,1843.981
2026-05-02T03,1804.174
2026-05-02T04,1762.512
2026-05-02T05,1713.648
2026-05-02T06,1650.187
2026-05-02T07,1490.003
2026-05-02T08,1452.975
2026-05-02T09,1671.358
2026-05-02T10,2244.396
2026-05-02T11,1790.639
2026-05-02T12,1488.783
2026-05-02T13,1243.909
2026-05-02T14,1155.846
2026-05-02T15,1106.198
2026-05-02T16,1165.206
2026-05-02T17,1157.171
2026-05-02T18,944.969
2026-05-02T19,861.909
2026-05-02T20,903.334
2026-05-02T21,907.759
2026-05-02T22,1067.959
2026-05-02T23,1776.206
2026-05-03T00,2013.786
2026-05-03T01,2411.309
2026-05-03T02,2283.607
2026-05-03T03,2234.309
2026-05-03T04,2182.714
2026-05-03T05,2122.201
2026-05-03T06,2043.61
2026-05-03T07,1845.236
2026-05-03T08,1799.38
2026-05-03T09,2069.829
2026-05-03T10,2779.485
2026-05-03T11,2217.547
2026-05-03T12,1843.726
2026-05-03T13,1540.471
2026-05-03T14,1431.412
2026-05-03T15,1369.928
2026-05-03T16,1443.004
2026-05-03T17,1433.054
2026-05-03T18,1170.26
2026-05-03T19,1067.398
2026-05-03T20,1118.699
2026-05-03T21,1124.179
2026-05-03T22,1322.572
2026-05-03T23,2199.673
2026-05-04T00,2797.514
2026-05-04T01,3349.746
2026-05-04T02,3172.345
2026-05-04T03,3103.862
2026-05-04T04,3032.187
2026-05-04T05,2948.122
2026-05-04T06,2838.946
2026-05-04T07,2563.368
2026-05-04T08,2499.666
2026-05-04T09,2875.368
2026-05-04T10,3861.21
2026-05-04T11,3080.576
2026-05-04T12,2561.27
2026-05-04T13,2139.994
2026-05-04T14,1988.492
2026-05-04T15,1903.079
2026-05-04T16,2004.595
2026-05-04T17,1990.772
2026-05-04T18,1625.704
2026-05-04T19,1482.809
2026-05-04T20,1554.076
2026-05-04T21,1561.689
2026-05-04T22,1837.293
2026-05-04T23,3055.746
2026-05-05T00,1886.286
2026-05-05T01,2258.64
2026-05-05T02,2139.023
2026-05-05T03,2092.847
2026-05-05T04,2044.519
2026-05-05T05,1987.836
2026-05-05T06,1914.222
2026-05-05T07,1728.407
2026-05-05T08,1685.455
2026-05-05T09,1938.78
2026-05-05T10,2603.506
2026-05-05T11,2077.146
2026-05-05T12,1726.993
2026-05-05T13,1442.938
2026-05-05T14,1340.784
2026-05-05T15,1283.193
2026-05-05T16,1351.642
2026-05-05T17,1342.322
2026-05-05T18,1096.166
2026-05-05T19,999.817
2026-05-05T20,1047.87
2026-05-05T21,1053.003
2026-05-05T22,1238.835
2026-05-05T23,2060.404
2026-05-06T00,1989.384
2026-05-06T01,2382.091
2026-05-06T02,2255.936
2026-05-06T03,2207.236
2026-05-06T04,2156.266
2026-05-06T05,2096.486
2026-05-06T06,2018.847
2026-05-06T07,1822.877
2026-05-06T08,1777.577
2026-05-06T09,2044.748
2026-05-06T10,2745.806
2026-05-06T11,2190.676
2026-05-06T12,1821.385
2026-05-06T13,1521.805
2026-05-06T14,1414.068
2026-05-06T15,1353.328
2026-05-06T16,1425.519
2026-05-06T17,1415.689
2026-05-06T18,1156.08
2026-05-06T19,1054.464
2026-05-06T20,1105.143
2026-05-06T21,1110.557
2026-05-06T22,1306.546
2026-05-06T23,2173.019
2026-05-07T00,1986.197
2026-05-07T01,2378.274
2026-05-07T02,2252.322
2026-05-07T03,2203.7
2026-05-07T04,2152.811
2026-05-07T05,2093.127
2026-05-07T06,2015.613
2026-05-07T07,1819.957
2026-05-07T08,1774.729
2026-05-07T09,2041.472
2026-05-07T10,2741.407
2026-05-07T11,2187.167
2026-05-07T12,1818.467
2026-05-07T13,1519.367
2026-05-07T14,1411.802
2026-05-07T15,1351.16
2026-05-07T16,1423.235
2026-05-07T17,1413.421
2026-05-07T18,1154.227
2026-05-07T19,1052.774
2026-05-07T20,1103.373
2026-05-07T21,1108.778
2026-05-07T22,1304.453
2026-05-07T23,2169.538
2026-05-08T00,1967.064
2026-05-08T01,2355.365
2026-05-08T02,2230.625
2026-05-08T03,2182.471
2026-05-08T04,2132.073
2026-05-08T05,2072.964
2026-05-08T06,1996.197
2026-05-08T07,1802.425
2026-05-08T08,1757.633
2026-05-08T09,2021.807
2026-05-08T10,2714.999
2026-05-08T11,2166.098
2026-05-08T12,1800.95
2026-05-08T13,1504.731
2026-05-08T14,1398.202
2026-05-08T15,1338.144
2026-05-08T16,1409.525
2026-05-08T17,1399.806
2026-05-08T18,1143.109
2026-05-08T19,1042.633
2026-05-08T20,1092.744
2026-05-08T21,1098.097
2026-05-08T22,1291.887
2026-05-08T23,2148.639
2026-05-09T00,1900.347
2026-05-09T01,2275.477
2026-05-09T02,2154.969
2026-05-09T03,2108.448
2026-05-09T04,2059.76
2026-05-09T05,2002.655
2026-05-09T06,1928.492
2026-05-09T07,1741.292
2026-05-09T08,1698.019
2026-05-09T09,1953.233
2026-05-09T10,2622.914
2026-05-09T11,2092.63
2026-05-09T12,1739.867
2026-05-09T13,1453.695
2026-05-09T14,1350.78
2026-05-09T15,1292.758
2026-05-09T16,1361.718
2026-05-09T17,1352.329
2026-05-09T18,1104.338
2026-05-09T19,1007.27
2026-05-09T20,1055.681
2026-05-09T21,1060.853
2026-05-09T22,1248.07
2026-05-09T23,2075.763
2026-05-10T00,2013.507
2026-05-10T01,2410.975
2026-05-10T02,2283.291
2026-05-10T03,2234.0
2026-05-10T04,2182.412
2026-05-10T05,2121.907
2026-05-10T06,2043.327
2026-05-10T07,1844.981
2026-05-10T08,1799.131
2026-05-10T09,2069.542
2026-05-10T10,2779.101
2026-05-10T11,2217.24
2026-05-10T12,1843.471
2026-05-10T13,1540.258
2026-05-10T14,1431.214
2026-05-10T15,1369.738
2026-05-10T16,1442.804
2026-05-10T17,1432.856
2026-05-10T18,1170.098
2026-05-10T19,1067.25
2026-05-10T20,1118.544
2026-05-10T21,1124.023
2026-05-10T22,1322.389
2026-05-10T23,2199.369
2026-05-11T00,2158.413
2026-05-11T01,2584.486
2026-05-11T02,2447.613
2026-05-11T03,2394.775
2026-05-11T04,2339.474
2026-05-11T05,2274.615
2026-05-11T06,2190.38
2026-05-11T07,1977.759
2026-05-11T08,1928.609
2026-05-11T09,2218.481
2026-05-11T10,2979.105
2026-05-11T11,2376.808
2026-05-11T12,1976.14
2026-05-11T13,1651.105
2026-05-11T14,1534.215
2026-05-11T15,1468.314
2026-05-11T16,1546.639
2026-05-11T17,1535.974
2026-05-11T18,1254.306
2026-05-11T19,1144.057
2026-05-11T20,1199.042
2026-05-11T21,1204.916
2026-05-11T22,1417.557
2026-05-11T23,2357.651
2026-05-12T00,1519.852
2026-05-12T01,1819.872
2026-05-12T02,1723.493
2026-05-12T03,1686.286
2026-05-12T04,1647.346
2026-05-12T05,1601.675
2026-05-12T06,1542.361
2026-05-12T07,1392.644
2026-05-12T08,1358.035
2026-05-12T09,1562.149
2026-05-12T10,2097.744
2026-05-12T11,1673.636
2026-05-12T12,1391.504
2026-05-12T13,1162.63
2026-05-12T14,1080.321
2026-05-12T15,1033.917
2026-05-12T16,1089.07
2026-05-12T17,1081.56
2026-05-12T18,883.223
2026-05-12T19,805.59
2026-05-12T20,844.309
2026-05-12T21,848.445
2026-05-12T22,998.177
2026-05-12T23,1660.146
2026-05-13T00,1914.534
2026-05-13T01,2292.464
2026-05-13T02,2171.056
2026-05-13T03,2124.188
2026-05-13T04,2075.136
2026-05-13T05,2017.605
2026-05-13T06,1942.888
2026-05-13T07,1754.291
2026-05-13T08,1710.695
2026-05-13T09,1967.814
2026-05-13T10,2642.495
2026-05-13T11,2108.252
2026-05-13T12,1752.855
2026-05-13T13,1464.547
2026-05-13T14,1360.863
2026-05-13T15,1302.409
2026-05-13T16,1371.884
2026-05-13T17,1362.424
2026-05-13T18,1112.582
2026-05-13T19,1014.789
2026-05-13T20,1063.562
2026-05-13T21,1068.772
2026-05-13T22,1257.387
2026-05-13T23,2091.259
2026-05-14T00,1969.211
2026-05-14T01,2357.935
2026-05-14T02,2233.06
2026-05-14T03,2184.853
2026-05-14T04,2134.4
2026-05-14T05,2075.226
2026-05-14T06,1998.375
2026-05-14T07,1804.392
2026-05-14T08,1759.551
2026-05-14T09,2024.013
2026-05-14T10,2717.962
2026-05-14T11,2168.462
2026-05-14T12,1802.915
2026-05-14T13,1506.373
2026-05-14T14,1399.728
2026-05-14T15,1339.605
2026-05-14T16,1411.063
2026-05-14T17,1401.333
2026-05-14T18,1144.356
2026-05-14T19,1043.771
2026-05-14T20,1093.936
2026-05-14T21,1099.295
2026-05-14T22,1293.297
2026-05-14T23,2150.984
2026-05-15T00,2006.136
2026-05-15T01,2402.15
2026-05-15T02,2274.933
2026-05-15T03,2225.822
2026-05-15T04,2174.423
2026-05-15T05,2114.14
2026-05-15T06,2035.847
2026-05-15T07,1838.227
2026-05-15T08,1792.545
2026-05-15T09,2061.967
2026-05-15T10,2768.928
2026-05-15T11,2209.124
2026-05-15T12,1836.723
2026-05-15T13,1534.619
2026-05-15T14,1425.975
2026-05-15T15,1364.724
2026-05-15T16,1437.523
2026-05-15T17,1427.61
2026-05-15T18,1165.815
2026-05-15T19,1063.343
2026-05-15T20,1114.449
2026-05-15T21,1119.909
2026-05-15T22,1317.548
2026-05-15T23,2191.318
2026-05-16T00,1901.258
2026-05-16T01,2276.568
2026-05-16T02,2156.002
2026-05-16T03,2109.459
2026-05-16T04,2060.747
2026-05-16T05,2003.615
2026-05-16T06,1929.416
2026-05-16T07,1742.127
2026-05-16T08,1698.833
2026-05-16T09,1954.17
2026-05-16T10,2624.172
2026-05-16T11,2093.633
2026-05-16T12,1740.701
2026-05-16T13,1454.391
2026-05-16T14,1351.427
2026-05-16T15,1293.378
2026-05-16T16,1362.371
2026-05-16T17,1352.977
2026-05-16T18,1104.867
2026-05-16T19,1007.753
2026-05-16T20,1056.187
2026-05-16T21,1061.361
2026-05-16T22,1248.668
2026-05-16T23,2076.759
2026-05-17T00,1897.421
2026-05-17T01,2271.974
2026-05-17T02,2151.651
2026-05-17T03,2105.202
2026-05-17T04,2056.588
2026-05-17T05,1999.572
2026-05-17T06,1925.522
2026-05-17T07,1738.611
2026-05-17T08,1695.405
2026-05-17T09,1950.226
2026-05-17T10,2618.876
2026-05-17T11,2089.408
2026-05-17T12,1737.188
2026-05-17T13,1451.456
2026-05-17T14,1348.7
2026-05-17T15,1290.768
2026-05-17T16,1359.622
2026-05-17T17,1350.246
2026-05-17T18,1102.638
2026-05-17T19,1005.719
2026-05-17T20,1054.056
2026-05-17T21,1059.22
2026-05-17T22,1246.149
2026-05-17T23,2072.568
2026-05-18T00,2411.347
2026-05-18T01,2887.349
2026-05-18T02,2734.436
2026-05-18T03,2675.406
2026-05-18T04,2613.625
2026-05-18T05,2541.165
2026-05-18T06,2447.059
2026-05-18T07,2209.522
2026-05-18T08,2154.613
2026-05-18T09,2478.454
2026-05-18T10,3328.21
2026-05-18T11,2655.334
2026-05-18T12,2207.714
2026-05-18T13,1844.59
2026-05-18T14,1714.001
2026-05-18T15,1640.378
2026-05-18T16,1727.881
2026-05-18T17,1715.967
2026-05-18T18,1401.292
2026-05-18T19,1278.123
2026-05-18T20,1339.552
2026-05-18T21,1346.114
2026-05-18T22,1583.674
2026-05-18T23,2633.932
2026-05-19T00,1862.554
2026-05-19T01,2230.223
2026-05-19T02,2112.112
2026-05-19T03,2066.516
2026-05-19T04,2018.796
2026-05-19T05,1962.827
2026-05-19T06,1890.138
2026-05-19T07,1706.662
2026-05-19T08,1664.25
2026-05-19T09,1914.388
2026-05-19T10,2570.751
2026-05-19T11,2051.013
2026-05-19T12,1705.265
2026-05-19T13,1424.784
2026-05-19T14,1323.916
2026-05-19T15,1267.048
2026-05-19T16,1334.637
2026-05-19T17,1325.434
2026-05-19T18,1082.375
2026-05-19T19,987.238
2026-05-19T20,1034.686
2026-05-19T21,1039.755
2026-05-19T22,1223.249
2026-05-19T23,2034.481
2026-05-20T00,1818.98
2026-05-20T01,2178.048
2026-05-20T02,2062.7
2026-05-20T03,2018.171
2026-05-20T04,1971.567
2026-05-20T05,1916.907
2026-05-20T06,1845.919
2026-05-20T07,1666.735
2026-05-20T08,1625.315
2026-05-20T09,1869.602
2026-05-20T10,2510.609
2026-05-20T11,2003.03
2026-05-20T12,1665.371
2026-05-20T13,1391.452
2026-05-20T14,1292.943
2026-05-20T15,1237.406
2026-05-20T16,1303.414
2026-05-20T17,1294.426
2026-05-20T18,1057.054
2026-05-20T19,964.142
2026-05-20T20,1010.48
2026-05-20T21,1015.43
2026-05-20T22,1194.632
2026-05-20T23,1986.886
2026-05-21T00,1979.681
2026-05-21T01,2370.472
2026-05-21T02,2244.933
2026-05-21T03,2196.47
2026-05-21T04,2145.749
2026-05-21T05,2086.26
2026-05-21T06,2009.0
2026-05-21T07,1813.986
2026-05-21T08,1768.907
2026-05-21T09,2034.775
2026-05-21T10,2732.413
2026-05-21T11,2179.992
2026-05-21T12,1812.502
2026-05-21T13,1514.382
2026-05-21T14,1407.171
2026-05-21T15,1346.727
2026-05-21T16,1418.566
2026-05-21T17,1408.784
2026-05-21T18,1150.441
2026-05-21T19,1049.321
2026-05-21T20,1099.753
2026-05-21T21,1105.14
2026-05-21T22,1300.174
2026-05-21T23,2162.421
2026-05-22T00,1849.919
2026-05-22T01,2215.095
2026-05-22T02,2097.784
2026-05-22T03,2052.498
2026-05-22T04,2005.101
2026-05-22T05,1949.512
2026-05-22T06,1877.317
2026-05-22T07,1695.085
2026-05-22T08,1652.96
2026-05-22T09,1901.402
2026-05-22T10,2553.312
2026-05-22T11,2037.1
2026-05-22T12,1693.698
2026-05-22T13,1415.119
2026-05-22T14,1314.935
2026-05-22T15,1258.454
2026-05-22T16,1325.583
2026-05-22T17,1316.443
2026-05-22T18,1075.033
2026-05-22T19,980.541
2026-05-22T20,1027.667
2026-05-22T21,1032.702
2026-05-22T22,1214.951
2026-05-22T23,2020.681
2026-05-23T00,1943.329
2026-05-23T01,2326.944
2026-05-23T02,2203.71
2026-05-23T03,2156.137
2026-05-23T04,2106.348
2026-05-23T05,2047.951
2026-05-23T06,1972.11
2026-05-23T07,1780.677
2026-05-23T08,1736.425
2026-05-23T09,1997.412
2026-05-23T10,2682.24
2026-05-23T11,2139.962
2026-05-23T12,1779.22
2026-05-23T13,1486.574
2026-05-23T14,1381.332
2026-05-23T15,1321.998
2026-05-23T16,1392.518
2026-05-23T17,1382.916
2026-05-23T18,1129.316
2026-05-23T19,1030.053
2026-05-23T20,1079.559
2026-05-23T21,1084.847
2026-05-23T22,1276.299
2026-05-23T23,2122.713
2026-05-24T00,2032.943
2026-05-24T01,2434.247
2026-05-24T02,2305.331
2026-05-24T03,2255.564
2026-05-24T04,2203.478
2026-05-24T05,2142.389
2026-05-24T06,2063.051
2026-05-24T07,1862.789
2026-05-24T08,1816.497
2026-05-24T09,2089.519
2026-05-24T10,2805.926
2026-05-24T11,2238.642
2026-05-24T12,1861.265
2026-05-24T13,1555.125
2026-05-24T14,1445.029
2026-05-24T15,1382.96
2026-05-24T16,1456.731
2026-05-24T17,1446.686
2026-05-24T18,1181.392
2026-05-24T19,1077.552
2026-05-24T20,1129.341
2026-05-24T21,1134.873
2026-05-24T22,1335.153
2026-05-24T23,2220.598
2026-05-25T00,2284.785
2026-05-25T01,2735.803
2026-05-25T02,2590.916
2026-05-25T03,2534.984
2026-05-25T04,2476.446
2026-05-25T05,2407.789
2026-05-25T06,2318.622
2026-05-25T07,2093.553
2026-05-25T08,2041.526
2026-05-25T09,2348.369
2026-05-25T10,3153.526
2026-05-25T11,2515.966
2026-05-25T12,2091.84
2026-05-25T13,1747.775
2026-05-25T14,1624.04
2026-05-25T15,1554.281
2026-05-25T16,1637.192
2026-05-25T17,1625.903
2026-05-25T18,1327.744
2026-05-25T19,1211.039
2026-05-25T20,1269.244
2026-05-25T21,1275.462
2026-05-25T22,1500.553
2026-05-25T23,2495.687
2026-05-26T00,2152.816
2026-05-26T01,2577.784
2026-05-26T02,2441.266
2026-05-26T03,2388.564
2026-05-26T04,2333.407
2026-05-26T05,2268.716
2026-05-26T06,2184.699
2026-05-26T07,1972.63
2026-05-26T08,1923.608
2026-05-26T09,2212.728
2026-05-26T10,2971.379
2026-05-26T11,2370.645
2026-05-26T12,1971.015
2026-05-26T13,1646.824
2026-05-26T14,1530.236
2026-05-26T15,1464.507
2026-05-26T16,1542.628
2026-05-26T17,1531.991
2026-05-26T18,1251.054
2026-05-26T19,1141.09
2026-05-26T20,1195.933
2026-05-26T21,1201.791
2026-05-26T22,1413.881
2026-05-26T23,2351.537
2026-05-27T00,1968.219
2026-05-27T01,2356.747
2026-05-27T02,2231.935
2026-05-27T03,2183.753
2026-05-27T04,2133.325
2026-05-27T05,2074.181
2026-05-27T06,1997.368
2026-05-27T07,1803.483
2026-05-27T08,1758.665
2026-05-27T09,2022.994
2026-05-27T10,2716.593
2026-05-27T11,2167.369
2026-05-27T12,1802.007
2026-05-27T13,1505.614
2026-05-27T14,1399.023
2026-05-27T15,1338.93
2026-05-27T16,1410.353
2026-05-27T17,1400.628
2026-05-27T18,1143.78
2026-05-27T19,1043.245
2026-05-27T20,1093.385
2026-05-27T21,1098.742
2026-05-27T22,1292.646
2026-05-27T23,2149.9
2026-05-28T00,1655.082
2026-05-28T01,1981.796
2026-05-28T02,1876.841
2026-05-28T03,1836.325
2026-05-28T04,1793.92
2026-05-28T05,1744.185
2026-05-28T06,1679.594
2026-05-28T07,1516.555
2026-05-28T08,1478.867
2026-05-28T09,1701.142
2026-05-28T10,2284.392
2026-05-28T11,1822.548
2026-05-28T12,1515.314
2026-05-28T13,1266.076
2026-05-28T14,1176.443
2026-05-28T15,1125.91
2026-05-28T16,1185.97
2026-05-28T17,1177.792
2026-05-28T18,961.808
2026-05-28T19,877.268
2026-05-28T20,919.431
2026-05-28T21,923.935
2026-05-28T22,1086.99
2026-05-28T23,1807.858
2026-05-29T00,2001.99
2026-05-29T01,2397.185
2026-05-29T02,2270.231
2026-05-29T03,2221.222
2026-05-29T04,2169.929
2026-05-29T05,2109.77
2026-05-29T06,2031.64
2026-05-29T07,1834.428
2026-05-29T08,1788.841
2026-05-29T09,2057.705
2026-05-29T10,2763.205
2026-05-29T11,2204.558
2026-05-29T12,1832.927
2026-05-29T13,1531.448
2026-05-29T14,1423.028
2026-05-29T15,1361.904
2026-05-29T16,1434.552
2026-05-29T17,1424.66
2026-05-29T18,1163.405
2026-05-29T19,1061.146
2026-05-29T20,1112.146
2026-05-29T21,1117.594
2026-05-29T22,1314.825
2026-05-29T23,2186.789
2026-05-30T00,2003.645
2026-05-30T01,2399.166
2026-05-30T02,2272.107
2026-05-30T03,2223.057
2026-05-30T04,2171.722
2026-05-30T05,2111.513
2026-05-30T06,2033.319
2026-05-30T07,1835.943
2026-05-30T08,1790.319
2026-05-30T09,2059.405
2026-05-30T10,2765.488
2026-05-30T11,2206.379
2026-05-30T12,1834.441
2026-05-30T13,1532.713
2026-05-30T14,1424.204
2026-05-30T15,1363.029
2026-05-30T16,1435.737
2026-05-30T17,1425.837
2026-05-30T18,1164.367
2026-05-30T19,1062.022
2026-05-30T20,1113.065
2026-05-30T21,1118.518
2026-05-30T22,1315.912
2026-05-30T23,2188.596
2026-05-31T00,2017.542
2026-05-31T01,2415.807
2026-05-31T02,2287.867
2026-05-31T03,2238.477
2026-05-31T04,2186.786
2026-05-31T05,2126.16
2026-05-31T06,2047.422
2026-05-31T07,1848.678
2026-05-31T08,1802.737
2026-05-31T09,2073.69
2026-05-31T10,2784.67
2026-05-31T11,2221.684
2026-05-31T12,1847.165
2026-05-31T13,1543.344
2026-05-31T14,1434.083
2026-05-31T15,1372.483
2026-05-31T16,1445.696
2026-05-31T17,1435.727
2026-05-31T18,1172.443
2026-05-31T19,1069.389
2026-05-31T20,1120.786
2026-05-31T21,1126.276
2026-05-31T22,1325.039
2026-05-31T23,2203.777
2026-06-01T00,2337.726
2026-06-01T01,2799.195
2026-06-01T02,2650.951
2026-06-01T03,2593.723
2026-06-01T04,2533.828
2026-06-01T05,2463.581
2026-06-01T06,2372.348
2026-06-01T07,2142.063
2026-06-01T08,2088.831
2026-06-01T09,2402.784
2026-06-01T10,3226.597
2026-06-01T11,2574.264
2026-06-01T12,2140.31
2026-06-01T13,1788.273
2026-06-01T14,1661.671
2026-06-01T15,1590.296
2026-06-01T16,1675.128
2026-06-01T17,1663.577
2026-06-01T18,1358.509
2026-06-01T19,1239.101
2026-06-01T20,1298.654
2026-06-01T21,1305.016
2026-06-01T22,1535.323
2026-06-01T23,2553.515
2026-06-02T00,1862.783
2026-06-02T01,2230.498
2026-06-02T02,2112.372
2026-06-02T03,2066.771
2026-06-02T04,2019.044
2026-06-02T05,1963.068
2026-06-02T06,1890.371
2026-06-02T07,1706.872
2026-06-02T08,1664.454
2026-06-02T09,1914.624
2026-06-02T10,2571.067
2026-06-02T11,2051.265
2026-06-02T12,1705.475
2026-06-02T13,1424.959
2026-06-02T14,1324.079
2026-06-02T15,1267.204
2026-06-02T16,1334.801
2026-06-02T17,1325.597
2026-06-02T18,1082.508
2026-06-02T19,987.359
2026-06-02T20,1034.814
2026-06-02T21,1039.883
2026-06-02T22,1223.4
2026-06-02T23,2034.732
2026-06-03T00,2067.47
2026-06-03T01,2475.59
2026-06-03T02,2344.484
2026-06-03T03,2293.872
2026-06-03T04,2240.902
2026-06-03T05,2178.775
2026-06-03T06,2098.089
2026-06-03T07,1894.427
2026-06-03T08,1847.349
2026-06-03T09,2125.007
2026-06-03T10,2853.582
2026-06-03T11,2276.663
2026-06-03T12,1892.877
2026-06-03T13,1581.537
2026-06-03T14,1469.572
2026-06-03T15,1406.448
2026-06-03T16,1481.472
2026-06-03T17,1471.257
2026-06-03T18,1201.457
2026-06-03T19,1095.853
2026-06-03T20,1148.521
2026-06-03T21,1154.148
2026-06-03T22,1357.83
2026-06-03T23,2258.313
2026-06-04T00,2119.119
2026-06-04T01,2537.435
2026-06-04T02,2403.053
2026-06-04T03,2351.177
2026-06-04T04,2296.883
2026-06-04T05,2233.204
2026-06-04T06,2150.503
2026-06-04T07,1941.753
2026-06-04T08,1893.498
2026-06-04T09,2178.093
2026-06-04T10,2924.869
2026-06-04T11,2333.538
2026-06-04T12,1940.164
2026-06-04T13,1621.046
2026-06-04T14,1506.284
2026-06-04T15,1441.583
2026-06-04T16,1518.482
2026-06-04T17,1508.011
2026-06-04T18,1231.471
2026-06-04T19,1123.229
2026-06-04T20,1177.213
2026-06-04T21,1182.98
2026-06-04T22,1391.75
2026-06-04T23,2314.729
2026-06-05T00,2286.759
2026-06-05T01,2738.168
2026-06-05T02,2593.156
2026-06-05T03,2537.175
2026-06-05T04,2478.586
2026-06-05T05,2409.87
2026-06-05T06,2320.626
2026-06-05T07,2095.362
2026-06-05T08,2043.291
2026-06-05T09,2350.399
2026-06-05T10,3156.251
2026-06-05T11,2518.141
2026-06-05T12,2093.648
2026-06-05T13,1749.285
2026-06-05T14,1625.444
2026-06-05T15,1555.625
2026-06-05T16,1638.607
2026-06-05T17,1627.308
2026-06-05T18,1328.891
2026-06-05T19,1212.086
2026-06-05T20,1270.341
2026-06-05T21,1276.564
2026-06-05T22,1501.85
2026-06-05T23,2497.844
2026-06-06T00,2189.726
2026-06-06T01,2621.98
2026-06-06T02,2483.121
2026-06-06T03,2429.516
2026-06-06T04,2373.413
2026-06-06T05,2307.613
2026-06-06T06,2222.156
2026-06-06T07,2006.45
2026-06-06T08,1956.588
2026-06-06T09,2250.665
2026-06-06T10,3022.323
2026-06-06T11,2411.289
2026-06-06T12,2004.809
2026-06-06T13,1675.059
2026-06-06T14,1556.472
2026-06-06T15,1489.616
2026-06-06T16,1569.076
2026-06-06T17,1558.257
2026-06-06T18,1272.503
2026-06-06T19,1160.654
2026-06-06T20,1216.437
2026-06-06T21,1222.396
2026-06-06T22,1438.122
2026-06-06T23,2391.854
2026-06-07T00,2241.464
2026-06-07T01,2683.931
2026-06-07T02,2541.791
2026-06-07T03,2486.919
2026-06-07T04,2429.491
2026-06-07T05,2362.136
2026-06-07T06,2274.66
2026-06-07T07,2053.858
2026-06-07T08,2002.817
2026-06-07T09,2303.843
2026-06-07T10,3093.733
2026-06-07T11,2468.262
2026-06-07T12,2052.177
2026-06-07T13,1714.636
2026-06-07T14,1593.247
2026-06-07T15,1524.811
2026-06-07T16,1606.15
2026-06-07T17,1595.074
2026-06-07T18,1302.569
2026-06-07T19,1188.077
2026-06-07T20,1245.178
2026-06-07T21,1251.278
2026-06-07T22,1472.101
2026-06-07T23,2448.368
2026-06-08T00,2061.298
2026-06-08T01,2468.2
2026-06-08T02,2337.485
2026-06-08T03,2287.024
2026-06-08T04,2234.212
2026-06-08T05,2172.271
2026-06-08T06,2091.826
2026-06-08T07,1888.771
2026-06-08T08,1841.834
2026-06-08T09,2118.663
2026-06-08T10,2845.063
2026-06-08T11,2269.866
2026-06-08T12,1887.226
2026-06-08T13,1576.816
2026-06-08T14,1465.184
2026-06-08T15,1402.249
2026-06-08T16,1477.049
2026-06-08T17,1466.864
2026-06-08T18,1197.87
2026-06-08T19,1092.581
2026-06-08T20,1145.093
2026-06-08T21,1150.702
2026-06-08T22,1353.776
2026-06-08T23,2251.571
2026-06-09T00,2340.864
2026-06-09T01,2802.952
2026-06-09T02,2654.509
2026-06-09T03,2597.204
2026-06-09T04,2537.229
2026-06-09T05,2466.887
2026-06-09T06,2375.532
2026-06-09T07,2144.938
2026-06-09T08,2091.634
2026-06-09T09,2406.009
2026-06-09T10,3230.928
2026-06-09T11,2577.719
2026-06-09T12,2143.183
2026-06-09T13,1790.673
2026-06-09T14,1663.901
2026-06-09T15,1592.431
2026-06-09T16,1677.376
2026-06-09T17,1665.81
2026-06-09T18,1360.333
2026-06-09T19,1240.764
2026-06-09T20,1300.397
2026-06-09T21,1306.767
2026-06-09T22,1537.383
2026-06-09T23,2556.943
2026-06-10T00,1871.303
2026-06-10T01,2240.7
2026-06-10T02,2122.034
2026-06-10T03,2076.224
2026-06-10T04,2028.279
2026-06-10T05,1972.047
2026-06-10T06,1899.017
2026-06-10T07,1714.679
2026-06-10T08,1672.068
2026-06-10T09,1923.381
2026-06-10T10,2582.827
2026-06-10T11,2060.647
2026-06-10T12,1713.276
2026-06-10T13,1431.477
2026-06-10T14,1330.135
2026-06-10T15,1273.001
2026-06-10T16,1340.906
2026-06-10T17,1331.66
2026-06-10T18,1087.46
2026-06-10T19,991.875
2026-06-10T20,1039.547
2026-06-10T21,1044.639
2026-06-10T22,1228.995
2026-06-10T23,2044.038
2026-06-11T00,2145.117
2026-06-11T01,2568.565
2026-06-11T02,2432.535
2026-06-11T03,2380.022
2026-06-11T04,2325.062
2026-06-11T05,2260.602
2026-06-11T06,2176.886
2026-06-11T07,1965.575
2026-06-11T08,1916.729
2026-06-11T09,2204.815
2026-06-11T10,2960.753
2026-06-11T11,2362.167
2026-06-11T12,1963.967
2026-06-11T13,1640.934
2026-06-11T14,1524.764
2026-06-11T15,1459.269
2026-06-11T16,1537.111
2026-06-11T17,1526.512
2026-06-11T18,1246.58
2026-06-11T19,1137.009
2026-06-11T20,1191.656
2026-06-11T21,1197.493
2026-06-11T22,1408.825
2026-06-11T23,2343.127
2026-06-12T00,2080.929
2026-06-12T01,2491.706
2026-06-12T02,2359.747
2026-06-12T03,2308.805
2026-06-12T04,2255.49
2026-06-12T05,2192.959
2026-06-12T06,2111.748
2026-06-12T07,1906.76
2026-06-12T08,1859.375
2026-06-12T09,2138.841
2026-06-12T10,2872.159
2026-06-12T11,2291.484
2026-06-12T12,1905.199
2026-06-12T13,1591.833
2026-06-12T14,1479.138
2026-06-12T15,1415.604
2026-06-12T16,1491.117
2026-06-12T17,1480.835
2026-06-12T18,1209.278
2026-06-12T19,1102.987
2026-06-12T20,1155.998
2026-06-12T21,1161.661
2026-06-12T22,1366.669
2026-06-12T23,2273.014
2026-06-13T00,1819.765
2026-06-13T01,2178.988
2026-06-13T02,2063.589
2026-06-13T03,2019.041
2026-06-13T04,1972.417
2026-06-13T05,1917.734
2026-06-13T06,1846.715
2026-06-13T07,1667.454
2026-06-13T08,1626.016
2026-06-13T09,1870.408
2026-06-13T10,2511.692
2026-06-13T11,2003.894
2026-06-13T12,1666.089
2026-06-13T13,1392.052
2026-06-13T14,1293.501
2026-06-13T15,1237.94
2026-06-13T16,1303.976
2026-06-13T17,1294.984
2026-06-13T18,1057.509
2026-06-13T19,964.558
2026-06-13T20,1010.916
2026-06-13T21,1015.868
2026-06-13T22,1195.147
2026-06-13T23,1987.742
2026-06-14T00,2090.351
2026-06-14T01,2502.988
2026-06-14T02,2370.431
2026-06-14T03,2319.259
2026-06-14T04,2265.702
2026-06-14T05,2202.888
2026-06-14T06,2121.309
2026-06-14T07,1915.392
2026-06-14T08,1867.793
2026-06-14T09,2148.524
2026-06-14T10,2885.162
2026-06-14T11,2301.859
2026-06-14T12,1913.825
2026-06-14T13,1599.04
2026-06-14T14,1485.835
2026-06-14T15,1422.013
2026-06-14T16,1497.868
2026-06-14T17,1487.539
2026-06-14T18,1214.754
2026-06-14T19,1107.98
2026-06-14T20,1161.232
2026-06-14T21,1166.921
2026-06-14T22,1372.857
2026-06-14T23,2283.306
2026-06-15T00,2232.865
2026-06-15T01,2673.635
2026-06-15T02,2532.04
2026-06-15T03,2477.379
2026-06-15T04,2420.171
2026-06-15T05,2353.075
2026-06-15T06,2265.934
2026-06-15T07,2045.979
2026-06-15T08,1995.134
2026-06-15T09,2295.005
2026-06-15T10,3081.865
2026-06-15T11,2458.793
2026-06-15T12,2044.305
2026-06-15T13,1708.058
2026-06-15T14,1587.136
2026-06-15T15,1518.962
2026-06-15T16,1599.988
2026-06-15T17,1588.956
2026-06-15T18,1297.572
2026-06-15T19,1183.52
2026-06-15T20,1240.402
2026-06-15T21,1246.478
2026-06-15T22,1466.454
2026-06-15T23,2438.975
2026-06-16T00,2011.074
2026-06-16T01,2408.061
2026-06-16T02,2280.531
2026-06-16T03,2231.3
2026-06-16T04,2179.774
2026-06-16T05,2119.342
2026-06-16T06,2040.858
2026-06-16T07,1842.751
2026-06-16T08,1796.957
2026-06-16T09,2067.041
2026-06-16T10,2775.742
2026-06-16T11,2214.56
2026-06-16T12,1841.243
2026-06-16T13,1538.396
2026-06-16T14,1429.485
2026-06-16T15,1368.083
2026-06-16T16,1441.061
2026-06-16T17,1431.124
2026-06-16T18,1168.684
2026-06-16T19,1065.96
2026-06-16T20,1117.192
2026-06-16T21,1122.665
2026-06-16T22,1320.791
2026-06-16T23,2196.711
2026-06-17T00,1754.909
2026-06-17T01,2101.329
2026-06-17T02,1990.044
2026-06-17T03,1947.083
2026-06-17T04,1902.121
2026-06-17T05,1849.387
2026-06-17T06,1780.899
2026-06-17T07,1608.026
2026-06-17T08,1568.065
2026-06-17T09,1803.747
2026-06-17T10,2422.176
2026-06-17T11,1932.476
2026-06-17T12,1606.711
2026-06-17T13,1342.439
2026-06-17T14,1247.401
2026-06-17T15,1193.82
2026-06-17T16,1257.502
2026-06-17T17,1248.831
2026-06-17T18,1019.82
2026-06-17T19,930.181
2026-06-17T20,974.887
2026-06-17T21,979.663
2026-06-17T22,1152.552
2026-06-17T23,1916.9
2026-06-18T00,1769.048
2026-06-18T01,2118.259
2026-06-18T02,2006.077
2026-06-18T03,1962.771
2026-06-18T04,1917.446
2026-06-18T05,1864.287
2026-06-18T06,1795.248
2026-06-18T07,1620.982
2026-06-18T08,1580.699
2026-06-18T09,1818.28
2026-06-18T10,2441.691
2026-06-18T11,1948.046
2026-06-18T12,1619.656
2026-06-18T13,1353.255
2026-06-18T14,1257.451
2026-06-18T15,1203.439
2026-06-18T16,1267.634
2026-06-18T17,1258.893
2026-06-18T18,1028.037
2026-06-18T19,937.675
2026-06-18T20,982.742
2026-06-18T21,987.556
2026-06-18T22,1161.838
2026-06-18T23,1932.344
2026-06-19T00,2039.024
2026-06-19T01,2441.529
2026-06-19T02,2312.227
2026-06-19T03,2262.311
2026-06-19T04,2210.07
2026-06-19T05,2148.798
2026-06-19T06,2069.222
2026-06-19T07,1868.362
2026-06-19T08,1821.931
2026-06-19T09,2095.769
2026-06-19T10,2814.32
2026-06-19T11,2245.339
2026-06-19T12,1866.833
2026-06-19T13,1559.777
2026-06-19T14,1449.352
2026-06-19T15,1387.097
2026-06-19T16,1461.089
2026-06-19T17,1451.014
2026-06-19T18,1184.926
2026-06-19T19,1080.775
2026-06-19T20,1132.719
2026-06-19T21,1138.268
2026-06-19T22,1339.147
2026-06-19T23,2227.241
2026-06-20T00,2080.971
2026-06-20T01,2491.757
2026-06-20T02,2359.795
2026-06-20T03,2308.852
2026-06-20T04,2255.536
2026-06-20T05,2193.003
2026-06-20T06,2111.791
2026-06-20T07,1906.798
2026-06-20T08,1859.413
2026-06-20T09,2138.884
2026-06-20T10,2872.217
2026-06-20T11,2291.531
2026-06-20T12,1905.238
2026-06-20T13,1591.865
2026-06-20T14,1479.168
2026-06-20T15,1415.633
2026-06-20T16,1491.147
2026-06-20T17,1480.865
2026-06-20T18,1209.303
2026-06-20T19,1103.009
2026-06-20T20,1156.022
2026-06-20T21,1161.685
2026-06-20T22,1366.697
2026-06-20T23,2273.061
2026-06-21T00,2028.32
2026-06-21T01,2428.712
2026-06-21T02,2300.088
2026-06-21T03,2250.435
2026-06-21T04,2198.467
2026-06-21T05,2137.517
2026-06-21T06,2058.359
2026-06-21T07,1858.553
2026-06-21T08,1812.367
2026-06-21T09,2084.767
2026-06-21T10,2799.546
2026-06-21T11,2233.551
2026-06-21T12,1857.033
2026-06-21T13,1551.589
2026-06-21T14,1441.743
2026-06-21T15,1379.815
2026-06-21T16,1453.419
2026-06-21T17,1443.397
2026-06-21T18,1178.706
2026-06-21T19,1075.101
2026-06-21T20,1126.773
2026-06-21T21,1132.292
2026-06-21T22,1332.117
2026-06-21T23,2215.549
2026-06-22T00,2359.734
2026-06-22T01,2825.548
2026-06-22T02,2675.908
2026-06-22T03,2618.142
2026-06-22T04,2557.683
2026-06-22T05,2486.774
2026-06-22T06,2394.682
2026-06-22T07,2162.229
2026-06-22T08,2108.496
2026-06-22T09,2425.405
2026-06-22T10,3256.974
2026-06-22T11,2598.5
2026-06-22T12,2160.46
2026-06-22T13,1805.109
2026-06-22T14,1677.315
2026-06-22T15,1605.268
2026-06-22T16,1690.898
2026-06-22T17,1679.238
2026-06-22T18,1371.299
2026-06-22T19,1250.766
2026-06-22T20,1310.88
2026-06-22T21,1317.302
2026-06-22T22,1549.777
2026-06-22T23,2577.556
2026-06-23T00,1953.187
2026-06-23T01,2338.748
2026-06-23T02,2214.889
2026-06-23T03,2167.075
2026-06-23T04,2117.032
2026-06-23T05,2058.34
2026-06-23T06,1982.114
2026-06-23T07,1789.709
2026-06-23T08,1745.233
2026-06-23T09,2007.544
2026-06-23T10,2695.845
2026-06-23T11,2150.817
2026-06-23T12,1788.245
2026-06-23T13,1494.115
2026-06-23T14,1388.338
2026-06-23T15,1328.704
2026-06-23T16,1399.581
2026-06-23T17,1389.931
2026-06-23T18,1135.044
2026-06-23T19,1035.278
2026-06-23T20,1085.035
2026-06-23T21,1090.35
2026-06-23T22,1282.773
2026-06-23T23,2133.481
2026-06-24T00,1769.002
2026-06-24T01,2118.205
2026-06-24T02,2006.026
2026-06-24T03,1962.72
2026-06-24T04,1917.397
2026-06-24T05,1864.239
2026-06-24T06,1795.201
2026-06-24T07,1620.94
2026-06-24T08,1580.658
2026-06-24T09,1818.233
2026-06-24T10,2441.628
2026-06-24T11,1947.995
2026-06-24T12,1619.614
2026-06-24T13,1353.22
2026-06-24T14,1257.419
2026-06-24T15,1203.408
2026-06-24T16,1267.601
2026-06-24T17,1258.861
2026-06-24T18,1028.01
2026-06-24T19,937.651
2026-06-24T20,982.716
2026-06-24T21,987.531
2026-06-24T22,1161.808
2026-06-24T23,1932.294
2026-06-25T00,2044.04
2026-06-25T01,2447.535
2026-06-25T02,2317.914
2026-06-25T03,2267.876
2026-06-25T04,2215.506
2026-06-25T05,2154.083
2026-06-25T06,2074.312
2026-06-25T07,1872.958
2026-06-25T08,1826.413
2026-06-25T09,2100.925
2026-06-25T10,2821.243
2026-06-25T11,2250.862
2026-06-25T12,1871.425
2026-06-25T13,1563.614
2026-06-25T14,1452.917
2026-06-25T15,1390.509
2026-06-25T16,1464.683
2026-06-25T17,1454.583
2026-06-25T18,1187.841
2026-06-25T19,1083.434
2026-06-25T20,1135.505
2026-06-25T21,1141.068
2026-06-25T22,1342.441
2026-06-25T23,2232.72
2026-06-26T00,2296.759
2026-06-26T01,2750.141
2026-06-26T02,2604.495
2026-06-26T03,2548.27
2026-06-26T04,2489.425
2026-06-26T05,2420.408
2026-06-26T06,2330.774
2026-06-26T07,2104.525
2026-06-26T08,2052.225
2026-06-26T09,2360.677
2026-06-26T10,3170.053
2026-06-26T11,2529.152
2026-06-26T12,2102.803
2026-06-26T13,1756.935
2026-06-26T14,1632.552
2026-06-26T15,1562.427
2026-06-26T16,1645.772
2026-06-26T17,1634.424
2026-06-26T18,1334.702
2026-06-26T19,1217.386
2026-06-26T20,1275.896
2026-06-26T21,1282.146
2026-06-26T22,1508.417
2026-06-26T23,2508.767
2026-06-27T00,1994.798
2026-06-27T01,2388.573
2026-06-27T02,2262.076
2026-06-27T03,2213.243
2026-06-27T04,2162.134
2026-06-27T05,2102.191
2026-06-27T06,2024.341
2026-06-27T07,1827.838
2026-06-27T08,1782.414
2026-06-27T09,2050.313
2026-06-27T10,2753.278
2026-06-27T11,2196.638
2026-06-27T12,1826.342
2026-06-27T13,1525.946
2026-06-27T14,1417.916
2026-06-27T15,1357.011
2026-06-27T16,1429.398
2026-06-27T17,1419.542
2026-06-27T18,1159.226
2026-06-27T19,1057.333
2026-06-27T20,1108.151
2026-06-27T21,1113.579
2026-06-27T22,1310.102
2026-06-27T23,2178.933
2026-06-28T00,1724.978
2026-06-28T01,2065.49
2026-06-28T02,1956.103
2026-06-28T03,1913.875
2026-06-28T04,1869.679
2026-06-28T05,1817.844
2026-06-28T06,1750.525
2026-06-28T07,1580.601
2026-06-28T08,1541.321
2026-06-28T09,1772.983
2026-06-28T10,2380.864
2026-06-28T11,1899.516
2026-06-28T12,1579.307
2026-06-28T13,1319.544
2026-06-28T14,1226.126
2026-06-28T15,1173.459
2026-06-28T16,1236.055
2026-06-28T17,1227.532
2026-06-28T18,1002.427
2026-06-28T19,914.316
2026-06-28T20,958.26
2026-06-28T21,962.954
2026-06-28T22,1132.895
2026-06-28T23,1884.206
2026-06-29T00,2176.068
2026-06-29T01,2605.626
2026-06-29T02,2467.633
2026-06-29T03,2414.363
2026-06-29T04,2358.61
2026-06-29T05,2293.22
2026-06-29T06,2208.296
2026-06-29T07,1993.935
2026-06-29T08,1944.384
2026-06-29T09,2236.627
2026-06-29T10,3003.472
2026-06-29T11,2396.249
2026-06-29T12,1992.304
2026-06-29T13,1664.611
2026-06-29T14,1546.764
2026-06-29T15,1480.324
2026-06-29T16,1559.29
2026-06-29T17,1548.537
2026-06-29T18,1264.566
2026-06-29T19,1153.415
2026-06-29T20,1208.85
2026-06-29T21,1214.772
2026-06-29T22,1429.152
2026-06-29T23,2376.935
2026-06-30T00,2011.067
2026-06-30T01,2408.054
2026-06-30T02,2280.524
2026-06-30T03,2231.293
2026-06-30T04,2179.768
2026-06-30T05,2119.336
2026-06-30T06,2040.851
2026-06-30T07,1842.745
2026-06-30T08,1796.951
2026-06-30T09,2067.035
2026-06-30T10,2775.733
2026-06-30T11,2214.553
2026-06-30T12,1841.237
2026-06-30T13,1538.391
2026-06-30T14,1429.48
2026-06-30T15,1368.079
2026-06-30T16,1441.056
2026-06-30T17,1431.119
2026-06-30T18,1168.68
2026-06-30T19,1065.957
2026-06-30T20,1117.188
2026-06-30T21,1122.661
2026-06-30T22,1320.787
2026-06-30T23,2196.704
2026-07-01T00,1720.94
2026-07-01T01,2060.656
2026-07-01T02,1951.524
2026-07-01T03,1909.395
2026-07-01T04,1865.303
2026-07-01T05,1813.59
2026-07-01T06,1746.428
2026-07-01T07,1576.901
2026-07-01T08,1537.714
2026-07-01T09,1768.834
2026-07-01T10,2375.292
2026-07-01T11,1895.071
2026-07-01T12,1575.611
2026-07-01T13,1316.455
2026-07-01T14,1223.256
2026-07-01T15,1170.713
2026-07-01T16,1233.162
2026-07-01T17,1224.659
2026-07-01T18,1000.08
2026-07-01T19,912.176
2026-07-01T20,956.017
2026-07-01T21,960.701
2026-07-01T22,1130.243
2026-07-01T23,1879.796
2026-07-02T00,1960.323
2026-07-02T01,2347.293
2026-07-02T02,2222.981
2026-07-02T03,2174.992
2026-07-02T04,2124.767
2026-07-02T05,2065.86
2026-07-02T06,1989.356
2026-07-02T07,1796.248
2026-07-02T08,1751.61
2026-07-02T09,2014.879
2026-07-02T10,2705.695
2026-07-02T11,2158.675
2026-07-02T12,1794.778
2026-07-02T13,1499.574
2026-07-02T14,1393.411
2026-07-02T15,1333.559
2026-07-02T16,1404.695
2026-07-02T17,1395.009
2026-07-02T18,1139.192
2026-07-02T19,1039.06
2026-07-02T20,1088.999
2026-07-02T21,1094.334
2026-07-02T22,1287.46
2026-07-02T23,2141.276
2026-07-03T00,2001.019
2026-07-03T01,2396.021
2026-07-03T02,2269.129
2026-07-03T03,2220.144
2026-07-03T04,2168.876
2026-07-03T05,2108.746
2026-07-03T06,2030.654
2026-07-03T07,1833.537
2026-07-03T08,1787.972
2026-07-03T09,2056.706
2026-07-03T10,2761.864
2026-07-03T11,2203.488
2026-07-03T12,1832.037
2026-07-03T13,1530.704
2026-07-03T14,1422.337
2026-07-03T15,1361.243
2026-07-03T16,1433.856
2026-07-03T17,1423.968
2026-07-03T18,1162.84
2026-07-03T19,1060.63
2026-07-03T20,1111.606
2026-07-03T21,1117.052
2026-07-03T22,1314.187
2026-07-03T23,2185.727
2026-07-04T00,1744.267
2026-07-04T01,2088.587
2026-07-04T02,1977.976
2026-07-04T03,1935.276
2026-07-04T04,1890.586
2026-07-04T05,1838.172
2026-07-04T06,1770.1
2026-07-04T07,1598.275
2026-07-04T08,1558.557
2026-07-04T09,1792.809
2026-07-04T10,2407.488
2026-07-04T11,1920.757
2026-07-04T12,1596.967
2026-07-04T13,1334.299
2026-07-04T14,1239.837
2026-07-04T15,1186.581
2026-07-04T16,1249.877
2026-07-04T17,1241.258
2026-07-04T18,1013.636
2026-07-04T19,924.54
2026-07-04T20,968.975
2026-07-04T21,973.722
2026-07-04T22,1145.563
2026-07-04T23,1905.276
2026-07-05T00,2064.713
2026-07-05T01,2472.29
2026-07-05T02,2341.358
2026-07-05T03,2290.814
2026-07-05T04,2237.914
2026-07-05T05,2175.87
2026-07-05T06,2095.292
2026-07-05T07,1891.901
2026-07-05T08,1844.886
2026-07-05T09,2122.174
2026-07-05T10,2849.777
2026-07-05T11,2273.628
2026-07-05T12,1890.353
2026-07-05T13,1579.428
2026-07-05T14,1467.612
2026-07-05T15,1404.573
2026-07-05T16,1479.497
2026-07-05T17,1469.295
2026-07-05T18,1199.855
2026-07-05T19,1094.392
2026-07-05T20,1146.99
2026-07-05T21,1152.609
2026-07-05T22,1356.019
2026-07-05T23,2255.302
2026-07-06T00,2102.309
2026-07-06T01,2517.307
2026-07-06T02,2383.991
2026-07-06T03,2332.527
2026-07-06T04,2278.663
2026-07-06T05,2215.49
2026-07-06T06,2133.444
2026-07-06T07,1926.35
2026-07-06T08,1878.478
2026-07-06T09,2160.816
2026-07-06T10,2901.668
2026-07-06T11,2315.027
2026-07-06T12,1924.774
2026-07-06T13,1608.188
2026-07-06T14,1494.335
2026-07-06T15,1430.148
2026-07-06T16,1506.437
2026-07-06T17,1496.049
2026-07-06T18,1221.703
2026-07-06T19,1114.319
2026-07-06T20,1167.875
2026-07-06T21,1173.596
2026-07-06T22,1380.71
2026-07-06T23,2296.368
2026-07-07T00,1944.904
2026-07-07T01,2328.83
2026-07-07T02,2205.496
2026-07-07T03,2157.884
2026-07-07T04,2108.054
2026-07-07T05,2049.61
2026-07-07T06,1973.708
2026-07-07T07,1782.119
2026-07-07T08,1737.832
2026-07-07T09,1999.03
2026-07-07T10,2684.412
2026-07-07T11,2141.695
2026-07-07T12,1780.661
2026-07-07T13,1487.779
2026-07-07T14,1382.451
2026-07-07T15,1323.069
2026-07-07T16,1393.646
2026-07-07T17,1384.036
2026-07-07T18,1130.231
2026-07-07T19,1030.887
2026-07-07T20,1080.433
2026-07-07T21,1085.726
2026-07-07T22,1277.333
2026-07-07T23,2124.433
2026-07-08T00,1963.44
2026-07-08T01,2351.025
2026-07-08T02,2226.516
2026-07-08T03,2178.451
2026-07-08T04,2128.146
2026-07-08T05,2069.145
2026-07-08T06,1992.519
2026-07-08T07,1799.104
2026-07-08T08,1754.395
2026-07-08T09,2018.082
2026-07-08T10,2709.997
2026-07-08T11,2162.107
2026-07-08T12,1797.632
2026-07-08T13,1501.958
2026-07-08T14,1395.627
2026-07-08T15,1335.679
2026-07-08T16,1406.929
2026-07-08T17,1397.227
2026-07-08T18,1141.003
2026-07-08T19,1040.712
2026-07-08T20,1090.731
2026-07-08T21,1096.074
2026-07-08T22,1289.507
2026-07-08T23,2144.681
2026-07-09T00,2027.569
2026-07-09T01,2427.813
2026-07-09T02,2299.237
2026-07-09T03,2249.602
2026-07-09T04,2197.654
2026-07-09T05,2136.726
2026-07-09T06,2057.598
2026-07-09T07,1857.866
2026-07-09T08,1811.696
2026-07-09T09,2083.996
2026-07-09T10,2798.51
2026-07-09T11,2232.725
2026-07-09T12,1856.346
2026-07-09T13,1551.015
2026-07-09T14,1441.21
2026-07-09T15,1379.304
2026-07-09T16,1452.881
2026-07-09T17,1442.863
2026-07-09T18,1178.27
2026-07-09T19,1074.704
2026-07-09T20,1126.356
2026-07-09T21,1131.874
2026-07-09T22,1331.624
2026-07-09T23,2214.729
2026-07-10T00,2031.891
2026-07-10T01,2432.988
2026-07-10T02,2304.138
2026-07-10T03,2254.397
2026-07-10T04,2202.338
2026-07-10T05,2141.281
2026-07-10T06,2061.984
2026-07-10T07,1861.826
2026-07-10T08,1815.558
2026-07-10T09,2088.438
2026-07-10T10,2804.475
2026-07-10T11,2237.484
2026-07-10T12,1860.302
2026-07-10T13,1554.321
2026-07-10T14,1444.282
2026-07-10T15,1382.244
2026-07-10T16,1455.978
2026-07-10T17,1445.938
2026-07-10T18,1180.781
2026-07-10T19,1076.994
2026-07-10T20,1128.757
2026-07-10T21,1134.286
2026-07-10T22,1334.463
2026-07-10T23,2219.45
2026-07-11T00,1918.349
2026-07-11T01,2297.033
2026-07-11T02,2175.383
2026-07-11T03,2128.421
2026-07-11T04,2079.271
2026-07-11T05,2021.626
2026-07-11T06,1946.76
2026-07-11T07,1757.787
2026-07-11T08,1714.104
2026-07-11T09,1971.736
2026-07-11T10,2647.761
2026-07-11T11,2112.453
2026-07-11T12,1756.349
2026-07-11T13,1467.465
2026-07-11T14,1363.575
2026-07-11T15,1305.005
2026-07-11T16,1374.618
2026-07-11T17,1365.139
2026-07-11T18,1114.799
2026-07-11T19,1016.812
2026-07-11T20,1065.682
2026-07-11T21,1070.902
2026-07-11T22,1259.893
2026-07-11T23,2095.427
2026-07-12T00,2064.982
2026-07-12T01,2472.611
2026-07-12T02,2341.663
2026-07-12T03,2291.112
2026-07-12T04,2238.205
2026-07-12T05,2176.153
2026-07-12T06,2095.564
2026-07-12T07,1892.147
2026-07-12T08,1845.125
2026-07-12T09,2122.45
2026-07-12T10,2850.148
2026-07-12T11,2273.923
2026-07-12T12,1890.599
2026-07-12T13,1579.634
2026-07-12T14,1467.803
2026-07-12T15,1404.755
2026-07-12T16,1479.689
2026-07-12T17,1469.486
2026-07-12T18,1200.011
2026-07-12T19,1094.534
2026-07-12T20,1147.139
2026-07-12T21,1152.759
2026-07-12T22,1356.195
2026-07-12T23,2255.595
2026-07-13T00,2206.928
2026-07-13T01,2642.578
2026-07-13T02,2502.628
2026-07-13T03,2448.602
2026-07-13T04,2392.059
2026-07-13T05,2325.741
2026-07-13T06,2239.613
2026-07-13T07,2022.213
2026-07-13T08,1971.959
2026-07-13T09,2268.347
2026-07-13T10,3046.067
2026-07-13T11,2430.232
2026-07-13T12,2020.558
2026-07-13T13,1688.218
2026-07-13T14,1568.7
2026-07-13T15,1501.318
2026-07-13T16,1581.403
2026-07-13T17,1570.498
2026-07-13T18,1282.5
2026-07-13T19,1169.772
2026-07-13T20,1225.993
2026-07-13T21,1231.999
2026-07-13T22,1449.42
2026-07-13T23,2410.644
2026-07-14T00,2106.373
2026-07-14T01,2522.172
2026-07-14T02,2388.599
2026-07-14T03,2337.035
2026-07-14T04,2283.068
2026-07-14T05,2219.772
2026-07-14T06,2137.568
2026-07-14T07,1930.073
2026-07-14T08,1882.109
2026-07-14T09,2164.992
2026-07-14T10,2907.276
2026-07-14T11,2319.502
2026-07-14T12,1928.494
2026-07-14T13,1611.296
2026-07-14T14,1497.224
2026-07-14T15,1432.912
2026-07-14T16,1509.348
2026-07-14T17,1498.941
2026-07-14T18,1224.064
2026-07-14T19,1116.473
2026-07-14T20,1170.132
2026-07-14T21,1175.865
2026-07-14T22,1383.379
2026-07-14T23,2300.806
2026-07-15T00,2203.283
2026-07-15T01,2638.213
2026-07-15T02,2498.495
2026-07-15T03,2444.558
2026-07-15T04,2388.108
2026-07-15T05,2321.9
2026-07-15T06,2235.914
2026-07-15T07,2018.873
2026-07-15T08,1968.702
2026-07-15T09,2264.6
2026-07-15T10,3041.035
2026-07-15T11,2426.218
2026-07-15T12,2017.221
2026-07-15T13,1685.429
2026-07-15T14,1566.108
2026-07-15T15,1498.838
2026-07-15T16,1578.791
2026-07-15T17,1567.904
2026-07-15T18,1280.381
2026-07-15T19,1167.84
2026-07-15T20,1223.968
2026-07-15T21,1229.964
2026-07-15T22,1447.026
2026-07-15T23,2406.663
2026-07-16T00,1847.817
2026-07-16T01,2212.578
2026-07-16T02,2095.4
2026-07-16T03,2050.166
2026-07-16T04,2002.823
2026-07-16T05,1947.297
2026-07-16T06,1875.183
2026-07-16T07,1693.158
2026-07-16T08,1651.082
2026-07-16T09,1899.241
2026-07-16T10,2550.41
2026-07-16T11,2034.785
2026-07-16T12,1691.773
2026-07-16T13,1413.511
2026-07-16T14,1313.441
2026-07-16T15,1257.023
2026-07-16T16,1324.077
2026-07-16T17,1314.947
2026-07-16T18,1073.811
2026-07-16T19,979.427
2026-07-16T20,1026.5
2026-07-16T21,1031.528
2026-07-16T22,1213.57
2026-07-16T23,2018.384
2026-07-17T00,2054.469
2026-07-17T01,2460.023
2026-07-17T02,2329.741
2026-07-17T03,2279.447
2026-07-17T04,2226.81
2026-07-17T05,2165.074
2026-07-17T06,2084.896
2026-07-17T07,1882.514
2026-07-17T08,1835.732
2026-07-17T09,2111.644
2026-07-17T10,2835.637
2026-07-17T11,2262.346
2026-07-17T12,1880.973
2026-07-17T13,1571.592
2026-07-17T14,1460.33
2026-07-17T15,1397.604
2026-07-17T16,1472.156
2026-07-17T17,1462.005
2026-07-17T18,1193.902
2026-07-17T19,1088.962
2026-07-17T20,1141.299
2026-07-17T21,1146.89
2026-07-17T22,1349.291
2026-07-17T23,2244.112
2026-07-18T00,1820.058
2026-07-18T01,2179.339
2026-07-18T02,2063.922
2026-07-18T03,2019.367
2026-07-18T04,1972.735
2026-07-18T05,1918.043
2026-07-18T06,1847.013
2026-07-18T07,1667.723
2026-07-18T08,1626.278
2026-07-18T09,1870.71
2026-07-18T10,2512.097
2026-07-18T11,2004.217
2026-07-18T12,1666.358
2026-07-18T13,1392.276
2026-07-18T14,1293.709
2026-07-18T15,1238.14
2026-07-18T16,1304.186
2026-07-18T17,1295.193
2026-07-18T18,1057.68
2026-07-18T19,964.713
2026-07-18T20,1011.079
2026-07-18T21,1016.032
2026-07-18T22,1195.34
2026-07-18T23,1988.063
2026-07-19T00,2243.966
2026-07-19T01,2686.926
2026-07-19T02,2544.628
2026-07-19T03,2489.695
2026-07-19T04,2432.203
2026-07-19T05,2364.772
2026-07-19T06,2277.199
2026-07-19T07,2056.15
2026-07-19T08,2005.053
2026-07-19T09,2306.414
2026-07-19T10,3097.186
2026-07-19T11,2471.017
2026-07-19T12,2054.468
2026-07-19T13,1716.55
2026-07-19T14,1595.026
2026-07-19T15,1526.513
2026-07-19T16,1607.942
2026-07-19T17,1596.855
2026-07-19T18,1304.023
2026-07-19T19,1189.403
2026-07-19T20,1246.568
2026-07-19T21,1252.675
2026-07-19T22,1473.745
2026-07-19T23,2451.1
2026-07-20T00,2218.411
2026-07-20T01,2656.328
2026-07-20T02,2515.65
2026-07-20T03,2461.343
2026-07-20T04,2404.505
2026-07-20T05,2337.843
2026-07-20T06,2251.266
2026-07-20T07,2032.735
2026-07-20T08,1982.219
2026-07-20T09,2280.149
2026-07-20T10,3061.916
2026-07-20T11,2442.877
2026-07-20T12,2031.071
2026-07-20T13,1697.002
2026-07-20T14,1576.862
2026-07-20T15,1509.129
2026-07-20T16,1589.631
2026-07-20T17,1578.67
2026-07-20T18,1289.173
2026-07-20T19,1175.858
2026-07-20T20,1232.372
2026-07-20T21,1238.409
2026-07-20T22,1456.962
2026-07-20T23,2423.187
2026-07-21T00,1973.718
2026-07-21T01,2363.332
2026-07-21T02,2238.171
2026-07-21T03,2189.854
2026-07-21T04,2139.286
2026-07-21T05,2079.976
2026-07-21T06,2002.949
2026-07-21T07,1808.522
2026-07-21T08,1763.579
2026-07-21T09,2028.646
2026-07-21T10,2724.183
2026-07-21T11,2173.425
2026-07-21T12,1807.042
2026-07-21T13,1509.821
2026-07-21T14,1402.932
2026-07-21T15,1342.671
2026-07-21T16,1414.293
2026-07-21T17,1404.541
2026-07-21T18,1146.976
2026-07-21T19,1046.16
2026-07-21T20,1096.44
2026-07-21T21,1101.812
2026-07-21T22,1296.257
2026-07-21T23,2155.907
2026-07-22T00,2030.254
2026-07-22T01,2431.028
2026-07-22T02,2302.281
2026-07-22T03,2252.581
2026-07-22T04,2200.564
2026-07-22T05,2139.555
2026-07-22T06,2060.322
2026-07-22T07,1860.326
2026-07-22T08,1814.095
2026-07-22T09,2086.755
2026-07-22T10,2802.215
2026-07-22T11,2235.681
2026-07-22T12,1858.803
2026-07-22T13,1553.068
2026-07-22T14,1443.118
2026-07-22T15,1381.131
2026-07-22T16,1454.804
2026-07-22T17,1444.773
2026-07-22T18,1179.83
2026-07-22T19,1076.126
2026-07-22T20,1127.847
2026-07-22T21,1133.372
2026-07-22T22,1333.387
2026-07-22T23,2217.661
2026-07-23T00,1954.187
2026-07-23T01,2339.945
2026-07-23T02,2216.023
2026-07-23T03,2168.184
2026-07-23T04,2118.116
2026-07-23T05,2059.393
2026-07-23T06,1983.129
2026-07-23T07,1790.625
2026-07-23T08,1746.127
2026-07-23T09,2008.571
2026-07-23T10,2697.225
2026-07-23T11,2151.918
2026-07-23T12,1789.16
2026-07-23T13,1494.88
2026-07-23T14,1389.049
2026-07-23T15,1329.384
2026-07-23T16,1400.298
2026-07-23T17,1390.642
2026-07-23T18,1135.625
2026-07-23T19,1035.808
2026-07-23T20,1085.59
2026-07-23T21,1090.908
2026-07-23T22,1283.43
2026-07-23T23,2134.573
2026-07-24T00,2352.878
2026-07-24T01,2817.339
2026-07-24T02,2668.134
2026-07-24T03,2610.535
2026-07-24T04,2550.252
2026-07-24T05,2479.549
2026-07-24T06,2387.725
2026-07-24T07,2155.947
2026-07-24T08,2102.37
2026-07-24T09,2418.358
2026-07-24T10,3247.511
2026-07-24T11,2590.95
2026-07-24T12,2154.183
2026-07-24T13,1799.864
2026-07-24T14,1672.442
2026-07-24T15,1600.604
2026-07-24T16,1685.985
2026-07-24T17,1674.36
2026-07-24T18,1367.315
2026-07-24T19,1247.132
2026-07-24T20,1307.071
2026-07-24T21,1313.474
2026-07-24T22,1545.274
2026-07-24T23,2570.067
2026-07-25T00,1925.288
2026-07-25T01,2305.342
2026-07-25T02,2183.252
2026-07-25T03,2136.121
2026-07-25T04,2086.793
2026-07-25T05,2028.939
2026-07-25T06,1953.802
2026-07-25T07,1764.146
2026-07-25T08,1720.305
2026-07-25T09,1978.869
2026-07-25T10,2657.339
2026-07-25T11,2120.095
2026-07-25T12,1762.702
2026-07-25T13,1472.774
2026-07-25T14,1368.508
2026-07-25T15,1309.725
2026-07-25T16,1379.59
2026-07-25T17,1370.077
2026-07-25T18,1118.832
2026-07-25T19,1020.49
2026-07-25T20,1069.537
2026-07-25T21,1074.776
2026-07-25T22,1264.451
2026-07-25T23,2103.007
2026-07-26T00,1917.4
2026-07-26T01,2295.896
2026-07-26T02,2174.306
2026-07-26T03,2127.368
2026-07-26T04,2078.242
2026-07-26T05,2020.625
2026-07-26T06,1945.796
2026-07-26T07,1756.917
2026-07-26T08,1713.256
2026-07-26T09,1970.76
2026-07-26T10,2646.45
2026-07-26T11,2111.408
2026-07-26T12,1755.479
2026-07-26T13,1466.739
2026-07-26T14,1362.9
2026-07-26T15,1304.359
2026-07-26T16,1373.937
2026-07-26T17,1364.463
2026-07-26T18,1114.247
2026-07-26T19,1016.309
2026-07-26T20,1065.154
2026-07-26T21,1070.372
2026-07-26T22,1259.269
2026-07-26T23,2094.39
2026-07-27T00,2416.419
2026-07-27T01,2893.422
2026-07-27T02,2740.187
2026-07-27T03,2681.033
2026-07-27T04,2619.122
2026-07-27T05,2546.51
2026-07-27T06,2452.206
2026-07-27T07,2214.169
2026-07-27T08,2159.145
2026-07-27T09,2483.667
2026-07-27T10,3335.211
2026-07-27T11,2660.919
2026-07-27T12,2212.357
2026-07-27T13,1848.47
2026-07-27T14,1717.606
2026-07-27T15,1643.829
2026-07-27T16,1731.516
2026-07-27T17,1719.576
2026-07-27T18,1404.239
2026-07-27T19,1280.811
2026-07-27T20,1342.369
2026-07-27T21,1348.945
2026-07-27T22,1587.005
2026-07-27T23,2639.472
2026-07-28T00,2078.594
2026-07-28T01,2488.91
2026-07-28T02,2357.098
2026-07-28T03,2306.214
2026-07-28T04,2252.959
2026-07-28T05,2190.498
2026-07-28T06,2109.378
2026-07-28T07,1904.62
2026-07-28T08,1857.288
2026-07-28T09,2136.44
2026-07-28T10,2868.935
2026-07-28T11,2288.912
2026-07-28T12,1903.061
2026-07-28T13,1590.046
2026-07-28T14,1477.478
2026-07-28T15,1414.015
2026-07-28T16,1489.443
2026-07-28T17,1479.173
2026-07-28T18,1207.921
2026-07-28T19,1101.749
2026-07-28T20,1154.701
2026-07-28T21,1160.357
2026-07-28T22,1365.135
2026-07-28T23,2270.463
2026-07-29T00,2057.88
2026-07-29T01,2464.107
2026-07-29T02,2333.609
2026-07-29T03,2283.232
2026-07-29T04,2230.507
2026-07-29T05,2168.669
2026-07-29T06,2088.357
2026-07-29T07,1885.639
2026-07-29T08,1838.78
2026-07-29T09,2115.15
2026-07-29T10,2840.345
2026-07-29T11,2266.103
2026-07-29T12,1884.097
2026-07-29T13,1574.201
2026-07-29T14,1462.755
2026-07-29T15,1399.924
2026-07-29T16,1474.6
2026-07-29T17,1464.432
2026-07-29T18,1195.884
2026-07-29T19,1090.77
2026-07-29T20,1143.194
2026-07-29T21,1148.794
2026-07-29T22,1351.531
2026-07-29T23,2247.838
2026-07-30T00,2201.482
2026-07-30T01,2636.056
2026-07-30T02,2496.452
2026-07-30T03,2442.559
2026-07-30T04,2386.155
2026-07-30T05,2320.001
2026-07-30T06,2234.086
2026-07-30T07,2017.222
2026-07-30T08,1967.092
2026-07-30T09,2262.748
2026-07-30T10,3038.549
2026-07-30T11,2424.234
2026-07-30T12,2015.571
2026-07-30T13,1684.051
2026-07-30T14,1564.828
2026-07-30T15,1497.613
2026-07-30T16,1577.5
2026-07-30T17,1566.622
2026-07-30T18,1279.334
2026-07-30T19,1166.885
2026-07-30T20,1222.968
2026-07-30T21,1228.959
2026-07-30T22,1445.843
2026-07-30T23,2404.695
2026-07-31T00,2070.13
2026-07-31T01,2478.775
2026-07-31T02,2347.5
2026-07-31T03,2296.823
2026-07-31T04,2243.784
2026-07-31T05,2181.578
2026-07-31T06,2100.788
2026-07-31T07,1896.864
2026-07-31T08,1849.725
2026-07-31T09,2127.741
2026-07-31T10,2857.253
2026-07-31T11,2279.592
2026-07-31T12,1895.312
2026-07-31T13,1583.572
2026-07-31T14,1471.462
2026-07-31T15,1408.257
2026-07-31T16,1483.378
2026-07-31T17,1473.149
2026-07-31T18,1203.003
2026-07-31T19,1097.262
2026-07-31T20,1149.999
2026-07-31T21,1155.632
2026-07-31T22,1359.576
2026-07-31T23,2261.218
2026-08-01T00,1742.995
2026-08-01T01,2087.064
2026-08-01T02,1976.534
2026-08-01T03,1933.865
2026-08-01T04,1889.208
2026-08-01T05,1836.831
2026-08-01T06,1768.809
2026-08-01T07,1597.11
2026-08-01T08,1557.42
2026-08-01T09,1791.502
2026-08-01T10,2405.732
2026-08-01T11,1919.356
2026-08-01T12,1595.803
2026-08-01T13,1333.326
2026-08-01T14,1238.932
2026-08-01T15,1185.716
2026-08-01T16,1248.965
2026-08-01T17,1240.353
2026-08-01T18,1012.897
2026-08-01T19,923.866
2026-08-01T20,968.269
2026-08-01T21,973.012
2026-08-01T22,1144.728
2026-08-01T23,1903.886
2026-08-02T00,1751.644
2026-08-02T01,2097.42
2026-08-02T02,1986.342
2026-08-02T03,1943.461
2026-08-02T04,1898.582
2026-08-02T05,1845.946
2026-08-02T06,1777.586
2026-08-02T07,1605.035
2026-08-02T08,1565.148
2026-08-02T09,1800.392
2026-08-02T10,2417.67
2026-08-02T11,1928.881
2026-08-02T12,1603.722
2026-08-02T13,1339.942
2026-08-02T14,1245.08
2026-08-02T15,1191.599
2026-08-02T16,1255.163
2026-08-02T17,1246.508
2026-08-02T18,1017.923
2026-08-02T19,928.451
2026-08-02T20,973.074
2026-08-02T21,977.841
2026-08-02T22,1150.408
2026-08-02T23,1913.334
2026-08-03T00,2613.457
2026-08-03T01,3129.356
2026-08-03T02,2963.626
2026-08-03T03,2899.649
2026-08-03T04,2832.689
2026-08-03T05,2754.156
2026-08-03T06,2652.162
2026-08-03T07,2394.716
2026-08-03T08,2335.205
2026-08-03T09,2686.189
2026-08-03T10,3607.169
2026-08-03T11,2877.895
2026-08-03T12,2392.756
2026-08-03T13,1999.197
2026-08-03T14,1857.663
2026-08-03T15,1777.869
2026-08-03T16,1872.706
2026-08-03T17,1859.793
2026-08-03T18,1518.743
2026-08-03T19,1385.25
2026-08-03T20,1451.828
2026-08-03T21,1458.94
2026-08-03T22,1716.411
2026-08-03T23,2854.699
2026-08-04T00,2046.925
2026-08-04T01,2450.99
2026-08-04T02,2321.187
2026-08-04T03,2271.078
2026-08-04T04,2218.633
2026-08-04T05,2157.124
2026-08-04T06,2077.24
2026-08-04T07,1875.602
2026-08-04T08,1828.991
2026-08-04T09,2103.89
2026-08-04T10,2825.225
2026-08-04T11,2254.039
2026-08-04T12,1874.067
2026-08-04T13,1565.821
2026-08-04T14,1454.968
2026-08-04T15,1392.472
2026-08-04T16,1466.751
2026-08-04T17,1456.637
2026-08-04T18,1189.518
2026-08-04T19,1084.963
2026-08-04T20,1137.108
2026-08-04T21,1142.679
2026-08-04T22,1344.337
2026-08-04T23,2235.872
2026-08-05T00,1726.333
2026-08-05T01,2067.113
2026-08-05T02,1957.639
2026-08-05T03,1915.378
2026-08-05T04,1871.148
2026-08-05T05,1819.272
2026-08-05T06,1751.9
2026-08-05T07,1581.842
2026-08-05T08,1542.532
2026-08-05T09,1774.376
2026-08-05T10,2382.735
2026-08-05T11,1901.009
2026-08-05T12,1580.548
2026-08-05T13,1320.58
2026-08-05T14,1227.089
2026-08-05T15,1174.381
2026-08-05T16,1237.026
2026-08-05T17,1228.496
2026-08-05T18,1003.214
2026-08-05T19,915.035
2026-08-05T20,959.013
2026-08-05T21,963.711
2026-08-05T22,1133.785
2026-08-05T23,1885.686
2026-08-06T00,1907.231
2026-08-06T01,2283.72
2026-08-06T02,2162.775
2026-08-06T03,2116.086
2026-08-06T04,2067.221
2026-08-06T05,2009.909
2026-08-06T06,1935.477
2026-08-06T07,1747.599
2026-08-06T08,1704.17
2026-08-06T09,1960.308
2026-08-06T10,2632.415
2026-08-06T11,2100.21
2026-08-06T12,1746.169
2026-08-06T13,1458.96
2026-08-06T14,1355.672
2026-08-06T15,1297.441
2026-08-06T16,1366.651
2026-08-06T17,1357.227
2026-08-06T18,1108.338
2026-08-06T19,1010.919
2026-08-06T20,1059.505
2026-08-06T21,1064.696
2026-08-06T22,1252.591
2026-08-06T23,2083.282
2026-08-07T00,2087.946
2026-08-07T01,2500.108
2026-08-07T02,2367.703
2026-08-07T03,2316.59
2026-08-07T04,2263.095
2026-08-07T05,2200.353
2026-08-07T06,2118.868
2026-08-07T07,1913.189
2026-08-07T08,1865.644
2026-08-07T09,2146.053
2026-08-07T10,2881.843
2026-08-07T11,2299.211
2026-08-07T12,1911.623
2026-08-07T13,1597.2
2026-08-07T14,1484.126
2026-08-07T15,1420.377
2026-08-07T16,1496.144
2026-08-07T17,1485.828
2026-08-07T18,1213.356
2026-08-07T19,1106.706
2026-08-07T20,1159.896
2026-08-07T21,1165.578
2026-08-07T22,1371.277
2026-08-07T23,2280.679
2026-08-08T00,2223.764
2026-08-08T01,2662.736
2026-08-08T02,2521.719
2026-08-08T03,2467.281
2026-08-08T04,2410.306
2026-08-08T05,2343.483
2026-08-08T06,2256.698
2026-08-08T07,2037.639
2026-08-08T08,1987.002
2026-08-08T09,2285.65
2026-08-08T10,3069.303
2026-08-08T11,2448.771
2026-08-08T12,2035.972
2026-08-08T13,1701.096
2026-08-08T14,1580.666
2026-08-08T15,1512.77
2026-08-08T16,1593.466
2026-08-08T17,1582.479
2026-08-08T18,1292.283
2026-08-08T19,1178.695
2026-08-08T20,1235.346
2026-08-08T21,1241.397
2026-08-08T22,1460.477
2026-08-08T23,2429.034
2026-08-09T00,2044.568
2026-08-09T01,2448.168
2026-08-09T02,2318.514
2026-08-09T03,2268.463
2026-08-09T04,2216.079
2026-08-09T05,2154.641
2026-08-09T06,2074.849
2026-08-09T07,1873.442
2026-08-09T08,1826.885
2026-08-09T09,2101.468
2026-08-09T10,2821.973
2026-08-09T11,2251.444
2026-08-09T12,1871.909
2026-08-09T13,1564.018
2026-08-09T14,1453.293
2026-08-09T15,1390.868
2026-08-09T16,1465.062
2026-08-09T17,1454.96
2026-08-09T18,1188.148
2026-08-09T19,1083.714
2026-08-09T20,1135.799
2026-08-09T21,1141.363
2026-08-09T22,1342.789
2026-08-09T23,2233.297
2026-08-10T00,2475.504
2026-08-10T01,2964.17
2026-08-10T02,2807.189
2026-08-10T03,2746.588
2026-08-10T04,2683.164
2026-08-10T05,2608.776
2026-08-10T06,2512.166
2026-08-10T07,2268.309
2026-08-10T08,2211.939
2026-08-10T09,2544.396
2026-08-10T10,3416.762
2026-08-10T11,2725.983
2026-08-10T12,2266.453
2026-08-10T13,1893.668
2026-08-10T14,1759.605
2026-08-10T15,1684.023
2026-08-10T16,1773.854
2026-08-10T17,1761.622
2026-08-10T18,1438.575
2026-08-10T19,1312.129
2026-08-10T20,1375.192
2026-08-10T21,1381.929
2026-08-10T22,1625.809
2026-08-10T23,2704.011
2026-08-11T00,2301.046
2026-08-11T01,2755.275
2026-08-11T02,2609.357
2026-08-11T03,2553.027
2026-08-11T04,2494.072
2026-08-11T05,2424.926
2026-08-11T06,2335.125
2026-08-11T07,2108.453
2026-08-11T08,2056.056
2026-08-11T09,2365.084
2026-08-11T10,3175.971
2026-08-11T11,2533.873
2026-08-11T12,2106.728
2026-08-11T13,1760.214
2026-08-11T14,1635.599
2026-08-11T15,1565.344
2026-08-11T16,1648.844
2026-08-11T17,1637.475
2026-08-11T18,1337.194
2026-08-11T19,1219.659
2026-08-11T20,1278.278
2026-08-11T21,1284.54
2026-08-11T22,1511.233
2026-08-11T23,2513.45
2026-08-12T00,2010.389
2026-08-12T01,2407.241
2026-08-12T02,2279.755
2026-08-12T03,2230.54
2026-08-12T04,2179.032
2026-08-12T05,2118.621
2026-08-12T06,2040.163
2026-08-12T07,1842.123
2026-08-12T08,1796.345
2026-08-12T09,2066.337
2026-08-12T10,2774.797
2026-08-12T11,2213.806
2026-08-12T12,1840.616
2026-08-12T13,1537.872
2026-08-12T14,1428.998
2026-08-12T15,1367.617
2026-08-12T16,1440.57
2026-08-12T17,1430.637
2026-08-12T18,1168.286
2026-08-12T19,1065.597
2026-08-12T20,1116.812
2026-08-12T21,1122.283
2026-08-12T22,1320.341
2026-08-12T23,2195.963
2026-08-13T00,2052.043
2026-08-13T01,2457.118
2026-08-13T02,2326.99
2026-08-13T03,2276.756
2026-08-13T04,2224.181
2026-08-13T05,2162.518
2026-08-13T06,2082.434
2026-08-13T07,1880.291
2026-08-13T08,1833.564
2026-08-13T09,2109.151
2026-08-13T10,2832.289
2026-08-13T11,2259.675
2026-08-13T12,1878.753
2026-08-13T13,1569.736
2026-08-13T14,1458.606
2026-08-13T15,1395.953
2026-08-13T16,1470.418
2026-08-13T17,1460.279
2026-08-13T18,1192.492
2026-08-13T19,1087.676
2026-08-13T20,1139.951
2026-08-13T21,1145.536
2026-08-13T22,1347.698
2026-08-13T23,2241.462
2026-08-14T00,2167.523
2026-08-14T01,2595.394
2026-08-14T02,2457.943
2026-08-14T03,2404.882
2026-08-14T04,2349.348
2026-08-14T05,2284.215
2026-08-14T06,2199.625
2026-08-14T07,1986.106
2026-08-14T08,1936.749
2026-08-14T09,2227.845
2026-08-14T10,2991.678
2026-08-14T11,2386.84
2026-08-14T12,1984.481
2026-08-14T13,1658.074
2026-08-14T14,1540.69
2026-08-14T15,1474.512
2026-08-14T16,1553.167
2026-08-14T17,1542.457
2026-08-14T18,1259.6
2026-08-14T19,1148.886
2026-08-14T20,1204.103
2026-08-14T21,1210.002
2026-08-14T22,1423.541
2026-08-14T23,2367.602
2026-08-15T00,2220.476
2026-08-15T01,2658.8
2026-08-15T02,2517.991
2026-08-15T03,2463.634
2026-08-15T04,2406.743
2026-08-15T05,2340.019
2026-08-15T06,2253.362
2026-08-15T07,2034.627
2026-08-15T08,1984.064
2026-08-15T09,2282.271
2026-08-15T10,3064.765
2026-08-15T11,2445.151
2026-08-15T12,2032.962
2026-08-15T13,1698.581
2026-08-15T14,1578.329
2026-08-15T15,1510.534
2026-08-15T16,1591.111
2026-08-15T17,1580.139
2026-08-15T18,1290.373
2026-08-15T19,1176.953
2026-08-15T20,1233.519
2026-08-15T21,1239.562
2026-08-15T22,1458.318
2026-08-15T23,2425.443
2026-08-16T00,2085.378
2026-08-16T01,2497.034
2026-08-16T02,2364.792
2026-08-16T03,2313.742
2026-08-16T04,2260.312
2026-08-16T05,2197.648
2026-08-16T06,2116.263
2026-08-16T07,1910.836
2026-08-16T08,1863.35
2026-08-16T09,2143.414
2026-08-16T10,2878.299
2026-08-16T11,2296.383
2026-08-16T12,1909.273
2026-08-16T13,1595.236
2026-08-16T14,1482.301
2026-08-16T15,1418.63
2026-08-16T16,1494.305
2026-08-16T17,1484.001
2026-08-16T18,1211.864
2026-08-16T19,1105.345
2026-08-16T20,1158.47
2026-08-16T21,1164.145
2026-08-16T22,1369.591
2026-08-16T23,2277.874
2026-08-17T00,2392.469
2026-08-17T01,2864.745
2026-08-17T02,2713.029
2026-08-17T03,2654.461
2026-08-17T04,2593.164
2026-08-17T05,2521.271
2026-08-17T06,2427.902
2026-08-17T07,2192.225
2026-08-17T08,2137.746
2026-08-17T09,2459.051
2026-08-17T10,3302.156
2026-08-17T11,2634.547
2026-08-17T12,2190.431
2026-08-17T13,1830.15
2026-08-17T14,1700.583
2026-08-17T15,1627.537
2026-08-17T16,1714.355
2026-08-17T17,1702.533
2026-08-17T18,1390.322
2026-08-17T19,1268.117
2026-08-17T20,1329.065
2026-08-17T21,1335.576
2026-08-17T22,1571.276
2026-08-17T23,2613.312
2026-08-18T00,2000.509
2026-08-18T01,2395.411
2026-08-18T02,2268.551
2026-08-18T03,2219.579
2026-08-18T04,2168.324
2026-08-18T05,2108.209
2026-08-18T06,2030.137
2026-08-18T07,1833.07
2026-08-18T08,1787.517
2026-08-18T09,2056.183
2026-08-18T10,2761.16
2026-08-18T11,2202.927
2026-08-18T12,1831.57
2026-08-18T13,1530.315
2026-08-18T14,1421.975
2026-08-18T15,1360.896
2026-08-18T16,1433.49
2026-08-18T17,1423.606
2026-08-18T18,1162.544
2026-08-18T19,1060.36
2026-08-18T20,1111.323
2026-08-18T21,1116.767
2026-08-18T22,1313.852
2026-08-18T23,2185.171
2026-08-19T00,1761.831
2026-08-19T01,2109.618
2026-08-19T02,1997.893
2026-08-19T03,1954.764
2026-08-19T04,1909.624
2026-08-19T05,1856.681
2026-08-19T06,1787.924
2026-08-19T07,1614.369
2026-08-19T08,1574.251
2026-08-19T09,1810.862
2026-08-19T10,2431.73
2026-08-19T11,1940.098
2026-08-19T12,1613.048
2026-08-19T13,1347.735
2026-08-19T14,1252.321
2026-08-19T15,1198.529
2026-08-19T16,1262.463
2026-08-19T17,1253.757
2026-08-19T18,1023.843
2026-08-19T19,933.85
2026-08-19T20,978.733
2026-08-19T21,983.527
2026-08-19T22,1157.098
2026-08-19T23,1924.461
2026-08-20T00,2215.291
2026-08-20T01,2652.591
2026-08-20T02,2512.111
2026-08-20T03,2457.881
2026-08-20T04,2401.123
2026-08-20T05,2334.554
2026-08-20T06,2248.099
2026-08-20T07,2029.875
2026-08-20T08,1979.431
2026-08-20T09,2276.942
2026-08-20T10,3057.609
2026-08-20T11,2439.441
2026-08-20T12,2028.214
2026-08-20T13,1694.615
2026-08-20T14,1574.644
2026-08-20T15,1507.007
2026-08-20T16,1587.395
2026-08-20T17,1576.449
2026-08-20T18,1287.359
2026-08-20T19,1174.204
2026-08-20T20,1230.639
2026-08-20T21,1236.667
2026-08-20T22,1454.912
2026-08-20T23,2419.779
2026-08-21T00,1805.779
2026-08-21T01,2162.241
2026-08-21T02,2047.73
2026-08-21T03,2003.524
2026-08-21T04,1957.258
2026-08-21T05,1902.996
2026-08-21T06,1832.523
2026-08-21T07,1654.639
2026-08-21T08,1613.52
2026-08-21T09,1856.033
2026-08-21T10,2492.388
2026-08-21T11,1988.493
2026-08-21T12,1653.285
2026-08-21T13,1381.353
2026-08-21T14,1283.56
2026-08-21T15,1228.426
2026-08-21T16,1293.954
2026-08-21T17,1285.032
2026-08-21T18,1049.382
2026-08-21T19,957.145
2026-08-21T20,1003.147
2026-08-21T21,1008.061
2026-08-21T22,1185.962
2026-08-21T23,1972.466
2026-08-22T00,2046.743
2026-08-22T01,2450.772
2026-08-22T02,2320.98
2026-08-22T03,2270.875
2026-08-22T04,2218.436
2026-08-22T05,2156.932
2026-08-22T06,2077.055
2026-08-22T07,1875.434
2026-08-22T08,1828.828
2026-08-22T09,2103.703
2026-08-22T10,2824.974
2026-08-22T11,2253.839
2026-08-22T12,1873.9
2026-08-22T13,1565.682
2026-08-22T14,1454.838
2026-08-22T15,1392.348
2026-08-22T16,1466.62
2026-08-22T17,1456.507
2026-08-22T18,1189.412
2026-08-22T19,1084.866
2026-08-22T20,1137.007
2026-08-22T21,1142.577
2026-08-22T22,1344.217
2026-08-22T23,2235.672
2026-08-23T00,1898.286
2026-08-23T01,2273.009
2026-08-23T02,2152.632
2026-08-23T03,2106.161
2026-08-23T04,2057.526
2026-08-23T05,2000.483
2026-08-23T06,1926.4
2026-08-23T07,1739.403
2026-08-23T08,1696.177
2026-08-23T09,1951.115
2026-08-23T10,2620.069
2026-08-23T11,2090.36
2026-08-23T12,1737.98
2026-08-23T13,1452.118
2026-08-23T14,1349.314
2026-08-23T15,1291.356
2026-08-23T16,1360.241
2026-08-23T17,1350.862
2026-08-23T18,1103.14
2026-08-23T19,1006.177
2026-08-23T20,1054.536
2026-08-23T21,1059.702
2026-08-23T22,1246.716
2026-08-23T23,2073.512
2026-08-24T00,2635.943
2026-08-24T01,3156.281
2026-08-24T02,2989.125
2026-08-24T03,2924.597
2026-08-24T04,2857.062
2026-08-24T05,2777.853
2026-08-24T06,2674.982
2026-08-24T07,2415.32
2026-08-24T08,2355.297
2026-08-24T09,2709.301
2026-08-24T10,3638.205
2026-08-24T11,2902.656
2026-08-24T12,2413.344
2026-08-24T13,2016.398
2026-08-24T14,1873.646
2026-08-24T15,1793.166
2026-08-24T16,1888.819
2026-08-24T17,1875.795
2026-08-24T18,1531.811
2026-08-24T19,1397.169
2026-08-24T20,1464.32
2026-08-24T21,1471.493
2026-08-24T22,1731.179
2026-08-24T23,2879.26
2026-08-25T00,1756.676
2026-08-25T01,2103.445
2026-08-25T02,1992.048
2026-08-25T03,1949.044
2026-08-25T04,1904.036
2026-08-25T05,1851.249
2026-08-25T06,1782.692
2026-08-25T07,1609.646
2026-08-25T08,1569.644
2026-08-25T09,1805.563
2026-08-25T10,2424.615
2026-08-25T11,1934.422
2026-08-25T12,1608.328
2026-08-25T13,1343.791
2026-08-25T14,1248.657
2026-08-25T15,1195.022
2026-08-25T16,1258.769
2026-08-25T17,1250.089
2026-08-25T18,1020.847
2026-08-25T19,931.118
2026-08-25T20,975.869
2026-08-25T21,980.649
2026-08-25T22,1153.713
2026-08-25T23,1918.83
2026-08-26T00,1786.906
2026-08-26T01,2139.643
2026-08-26T02,2026.328
2026-08-26T03,1982.585
2026-08-26T04,1936.802
2026-08-26T05,1883.107
2026-08-26T06,1813.37
2026-08-26T07,1637.346
2026-08-26T08,1596.656
2026-08-26T09,1836.635
2026-08-26T10,2466.339
2026-08-26T11,1967.711
2026-08-26T12,1636.006
2026-08-26T13,1366.916
2026-08-26T14,1270.145
2026-08-26T15,1215.587
2026-08-26T16,1280.431
2026-08-26T17,1271.601
2026-08-26T18,1038.415
2026-08-26T19,947.141
2026-08-26T20,992.662
2026-08-26T21,997.525
2026-08-26T22,1173.567
2026-08-26T23,1951.851
2026-08-27T00,2118.693
2026-08-27T01,2536.925
2026-08-27T02,2402.571
2026-08-27T03,2350.705
2026-08-27T04,2296.422
2026-08-27T05,2232.756
2026-08-27T06,2150.071
2026-08-27T07,1941.363
2026-08-27T08,1893.118
2026-08-27T09,2177.656
2026-08-27T10,2924.282
2026-08-27T11,2333.069
2026-08-27T12,1939.774
2026-08-27T13,1620.721
2026-08-27T14,1505.981
2026-08-27T15,1441.294
2026-08-27T16,1518.177
2026-08-27T17,1507.708
2026-08-27T18,1231.224
2026-08-27T19,1123.003
2026-08-27T20,1176.977
2026-08-27T21,1182.743
2026-08-27T22,1391.471
2026-08-27T23,2314.265
2026-08-28T00,2185.314
2026-08-28T01,2616.697
2026-08-28T02,2478.118
2026-08-28T03,2424.621
2026-08-28T04,2368.632
2026-08-28T05,2302.964
2026-08-28T06,2217.679
2026-08-28T07,2002.408
2026-08-28T08,1952.646
2026-08-28T09,2246.131
2026-08-28T10,3016.234
2026-08-28T11,2406.431
2026-08-28T12,2000.769
2026-08-28T13,1671.684
2026-08-28T14,1553.336
2026-08-28T15,1486.614
2026-08-28T16,1565.915
2026-08-28T17,1555.117
2026-08-28T18,1269.939
2026-08-28T19,1158.316
2026-08-28T20,1213.986
2026-08-28T21,1219.933
2026-08-28T22,1435.225
2026-08-28T23,2387.035
2026-08-29T00,1903.813
2026-08-29T01,2279.627
2026-08-29T02,2158.899
2026-08-29T03,2112.293
2026-08-29T04,2063.516
2026-08-29T05,2006.307
2026-08-29T06,1932.008
2026-08-29T07,1744.467
2026-08-29T08,1701.116
2026-08-29T09,1956.795
2026-08-29T10,2627.697
2026-08-29T11,2096.446
2026-08-29T12,1743.04
2026-08-29T13,1456.345
2026-08-29T14,1353.243
2026-08-29T15,1295.116
2026-08-29T16,1364.201
2026-08-29T17,1354.795
2026-08-29T18,1106.352
2026-08-29T19,1009.107
2026-08-29T20,1057.606
2026-08-29T21,1062.787
2026-08-29T22,1250.346
2026-08-29T23,2079.549
2026-08-30T00,2098.98
2026-08-30T01,2513.321
2026-08-30T02,2380.216
2026-08-30T03,2328.833
2026-08-30T04,2275.055
2026-08-30T05,2211.982
2026-08-30T06,2130.066
2026-08-30T07,1923.3
2026-08-30T08,1875.504
2026-08-30T09,2157.394
2026-08-30T10,2897.073
2026-08-30T11,2311.361
2026-08-30T12,1921.726
2026-08-30T13,1605.641
2026-08-30T14,1491.969
2026-08-30T15,1427.883
2026-08-30T16,1504.051
2026-08-30T17,1493.68
2026-08-30T18,1219.768
2026-08-30T19,1112.555
2026-08-30T20,1166.026
2026-08-30T21,1171.738
2026-08-30T22,1378.524
2026-08-30T23,2292.732
2026-08-31T00,2425.008
2026-08-31T01,2903.706
2026-08-31T02,2749.927
2026-08-31T03,2690.563
2026-08-31T04,2628.432
2026-08-31T05,2555.561
2026-08-31T06,2460.922
2026-08-31T07,2222.039
2026-08-31T08,2166.82
2026-08-31T09,2492.495
2026-08-31T10,3347.066
2026-08-31T11,2670.377
2026-08-31T12,2220.221
2026-08-31T13,1855.04
2026-08-31T14,1723.712
2026-08-31T15,1649.672
2026-08-31T16,1737.67
2026-08-31T17,1725.688
2026-08-31T18,1409.231
2026-08-31T19,1285.364
2026-08-31T20,1347.141
2026-08-31T21,1353.74
2026-08-31T22,1592.646
2026-08-31T23,2648.854
2026-09-01T00,1830.838
2026-09-01T01,2192.247
2026-09-01T02,2076.147
2026-09-01T03,2031.328
2026-09-01T04,1984.42
2026-09-01T05,1929.404
2026-09-01T06,1857.953
2026-09-01T07,1677.601
2026-09-01T08,1635.911
2026-09-01T09,1881.79
2026-09-01T10,2526.976
2026-09-01T11,2016.088
2026-09-01T12,1676.228
2026-09-01T13,1400.523
2026-09-01T14,1301.372
2026-09-01T15,1245.473
2026-09-01T16,1311.911
2026-09-01T17,1302.864
2026-09-01T18,1063.945
2026-09-01T19,970.427
2026-09-01T20,1017.068
2026-09-01T21,1022.05
2026-09-01T22,1202.419
2026-09-01T23,1999.838
2026-09-02T00,1838.431
2026-09-02T01,2201.339
2026-09-02T02,2084.757
2026-09-02T03,2039.752
2026-09-02T04,1992.649
2026-09-02T05,1937.405
2026-09-02T06,1865.658
2026-09-02T07,1684.558
2026-09-02T08,1642.695
2026-09-02T09,1889.594
2026-09-02T10,2537.455
2026-09-02T11,2024.449
2026-09-02T12,1683.179
2026-09-02T13,1406.331
2026-09-02T14,1306.769
2026-09-02T15,1250.638
2026-09-02T16,1317.351
2026-09-02T17,1308.267
2026-09-02T18,1068.357
2026-09-02T19,974.452
2026-09-02T20,1021.285
2026-09-02T21,1026.288
2026-09-02T22,1207.406
2026-09-02T23,2008.132
2026-09-03T00,2087.804
2026-09-03T01,2499.938
2026-09-03T02,2367.542
2026-09-03T03,2316.433
2026-09-03T04,2262.941
2026-09-03T05,2200.203
2026-09-03T06,2118.724
2026-09-03T07,1913.059
2026-09-03T08,1865.517
2026-09-03T09,2145.907
2026-09-03T10,2881.647
2026-09-03T11,2299.054
2026-09-03T12,1911.493
2026-09-03T13,1597.092
2026-09-03T14,1484.025
2026-09-03T15,1420.28
2026-09-03T16,1496.043
2026-09-03T17,1485.727
2026-09-03T18,1213.273
2026-09-03T19,1106.63
2026-09-03T20,1159.817
2026-09-03T21,1165.499
2026-09-03T22,1371.184
2026-09-03T23,2280.524
2026-09-04T00,1828.274
2026-09-04T01,2189.177
2026-09-04T02,2073.24
2026-09-04T03,2028.483
2026-09-04T04,1981.641
2026-09-04T05,1926.702
2026-09-04T06,1855.351
2026-09-04T07,1675.251
2026-09-04T08,1633.62
2026-09-04T09,1879.155
2026-09-04T10,2523.437
2026-09-04T11,2013.265
2026-09-04T12,1673.881
2026-09-04T13,1398.561
2026-09-04T14,1299.55
2026-09-04T15,1243.729
2026-09-04T16,1310.074
2026-09-04T17,1301.04
2026-09-04T18,1062.455
2026-09-04T19,969.068
2026-09-04T20,1015.643
2026-09-04T21,1020.619
2026-09-04T22,1200.736
2026-09-04T23,1997.038
2026-09-05T00,2101.236
2026-09-05T01,2516.022
2026-09-05T02,2382.775
2026-09-05T03,2331.336
2026-09-05T04,2277.501
2026-09-05T05,2214.359
2026-09-05T06,2132.356
2026-09-05T07,1925.367
2026-09-05T08,1877.52
2026-09-05T09,2159.713
2026-09-05T10,2900.187
2026-09-05T11,2313.846
2026-09-05T12,1923.792
2026-09-05T13,1607.367
2026-09-05T14,1493.573
2026-09-05T15,1429.418
2026-09-05T16,1505.668
2026-09-05T17,1495.286
2026-09-05T18,1221.08
2026-09-05T19,1113.75
2026-09-05T20,1167.279
2026-09-05T21,1172.998
2026-09-05T22,1380.006
2026-09-05T23,2295.196
2026-09-06T00,1815.453
2026-09-06T01,2173.824
2026-09-06T02,2058.7
2026-09-06T03,2014.257
2026-09-06T04,1967.744
2026-09-06T05,1913.19
2026-09-06T06,1842.34
2026-09-06T07,1663.503
2026-09-06T08,1622.163
2026-09-06T09,1865.976
2026-09-06T10,2505.74
2026-09-06T11,1999.146
2026-09-06T12,1662.142
2026-09-06T13,1388.753
2026-09-06T14,1290.436
2026-09-06T15,1235.007
2026-09-06T16,1300.886
2026-09-06T17,1291.916
2026-09-06T18,1055.004
2026-09-06T19,962.272
2026-09-06T20,1008.521
2026-09-06T21,1013.461
2026-09-06T22,1192.315
2026-09-06T23,1983.032
2026-09-07T00,2309.762
2026-09-07T01,2765.711
2026-09-07T02,2619.24
2026-09-07T03,2562.696
2026-09-07T04,2503.518
2026-09-07T05,2434.111
2026-09-07T06,2343.969
2026-09-07T07,2116.439
2026-09-07T08,2063.844
2026-09-07T09,2374.042
2026-09-07T10,3188.0
2026-09-07T11,2543.47
2026-09-07T12,2114.707
2026-09-07T13,1766.881
2026-09-07T14,1641.794
2026-09-07T15,1571.273
2026-09-07T16,1655.089
2026-09-07T17,1643.677
2026-09-07T18,1342.259
2026-09-07T19,1224.278
2026-09-07T20,1283.119
2026-09-07T21,1289.405
2026-09-07T22,1516.957
2026-09-07T23,2522.97
2026-09-08T00,2071.821
2026-09-08T01,2480.8
2026-09-08T02,2349.418
2026-09-08T03,2298.699
2026-09-08T04,2245.617
2026-09-08T05,2183.36
2026-09-08T06,2102.504
2026-09-08T07,1898.413
2026-09-08T08,1851.236
2026-09-08T09,2129.479
2026-09-08T10,2859.587
2026-09-08T11,2281.454
2026-09-08T12,1896.86
2026-09-08T13,1584.865
2026-09-08T14,1472.664
2026-09-08T15,1409.407
2026-09-08T16,1484.59
2026-09-08T17,1474.353
2026-09-08T18,1203.985
2026-09-08T19,1098.159
2026-09-08T20,1150.938
2026-09-08T21,1156.576
2026-09-08T22,1360.687
2026-09-08T23,2263.065
2026-09-09T00,2107.806
2026-09-09T01,2523.889
2026-09-09T02,2390.225
2026-09-09T03,2338.625
2026-09-09T04,2284.621
2026-09-09T05,2221.283
2026-09-09T06,2139.023
2026-09-09T07,1931.387
2026-09-09T08,1883.39
2026-09-09T09,2166.465
2026-09-09T10,2909.255
2026-09-09T11,2321.08
2026-09-09T12,1929.806
2026-09-09T13,1612.393
2026-09-09T14,1498.243
2026-09-09T15,1433.887
2026-09-09T16,1510.375
2026-09-09T17,1499.961
2026-09-09T18,1224.897
2026-09-09T19,1117.233
2026-09-09T20,1170.929
2026-09-09T21,1176.665
2026-09-09T22,1384.321
2026-09-09T23,2302.372
2026-09-10T00,2076.819
2026-09-10T01,2486.785
2026-09-10T02,2355.086
2026-09-10T03,2304.245
2026-09-10T04,2251.035
2026-09-10T05,2188.628
2026-09-10T06,2107.577
2026-09-10T07,1902.994
2026-09-10T08,1855.703
2026-09-10T09,2134.617
2026-09-10T10,2866.486
2026-09-10T11,2286.958
2026-09-10T12,1901.437
2026-09-10T13,1588.689
2026-09-10T14,1476.217
2026-09-10T15,1412.808
2026-09-10T16,1488.172
2026-09-10T17,1477.91
2026-09-10T18,1206.89
2026-09-10T19,1100.808
2026-09-10T20,1153.715
2026-09-10T21,1159.367
2026-09-10T22,1363.97
2026-09-10T23,2268.525
2026-09-11T00,1885.893
2026-09-11T01,2258.169
2026-09-11T02,2138.578
2026-09-11T03,2092.411
2026-09-11T04,2044.093
2026-09-11T05,1987.422
2026-09-11T06,1913.823
2026-09-11T07,1728.047
2026-09-11T08,1685.104
2026-09-11T09,1938.376
2026-09-11T10,2602.964
2026-09-11T11,2076.713
2026-09-11T12,1726.633
2026-09-11T13,1442.637
2026-09-11T14,1340.505
2026-09-11T15,1282.925
2026-09-11T16,1351.361
2026-09-11T17,1342.042
2026-09-11T18,1095.938
2026-09-11T19,999.608
2026-09-11T20,1047.651
2026-09-11T21,1052.784
2026-09-11T22,1238.577
2026-09-11T23,2059.975
2026-09-12T00,2020.815
2026-09-12T01,2419.726
2026-09-12T02,2291.578
2026-09-12T03,2242.108
2026-09-12T04,2190.333
2026-09-12T05,2129.608
2026-09-12T06,2050.743
2026-09-12T07,1851.677
2026-09-12T08,1805.661
2026-09-12T09,2077.053
2026-09-12T10,2789.187
2026-09-12T11,2225.287
2026-09-12T12,1850.161
2026-09-12T13,1545.848
2026-09-12T14,1436.409
2026-09-12T15,1374.71
2026-09-12T16,1448.041
2026-09-12T17,1438.056
2026-09-12T18,1174.345
2026-09-12T19,1071.123
2026-09-12T20,1122.603
2026-09-12T21,1128.103
2026-09-12T22,1327.188
2026-09-12T23,2207.351
2026-09-13T00,2238.41
2026-09-13T01,2680.274
2026-09-13T02,2538.328
2026-09-13T03,2483.531
2026-09-13T04,2426.181
2026-09-13T05,2358.918
2026-09-13T06,2271.561
2026-09-13T07,2051.06
2026-09-13T08,2000.089
2026-09-13T09,2300.704
2026-09-13T10,3089.518
2026-09-13T11,2464.899
2026-09-13T12,2049.381
2026-09-13T13,1712.3
2026-09-13T14,1591.077
2026-09-13T15,1522.734
2026-09-13T16,1603.962
2026-09-13T17,1592.901
2026-09-13T18,1300.794
2026-09-13T19,1186.459
2026-09-13T20,1243.482
2026-09-13T21,1249.574
2026-09-13T22,1470.096
2026-09-13T23,2445.032
2026-09-14T00,2397.254
2026-09-14T01,2870.474
2026-09-14T02,2718.455
2026-09-14T03,2659.77
2026-09-14T04,2598.35
2026-09-14T05,2526.313
2026-09-14T06,2432.757
2026-09-14T07,2196.608
2026-09-14T08,2142.021
2026-09-14T09,2463.969
2026-09-14T10,3308.759
2026-09-14T11,2639.815
2026-09-14T12,2194.811
2026-09-14T13,1833.809
2026-09-14T14,1703.984
2026-09-14T15,1630.791
2026-09-14T16,1717.783
2026-09-14T17,1705.938
2026-09-14T18,1393.102
2026-09-14T19,1270.653
2026-09-14T20,1331.723
2026-09-14T21,1338.247
2026-09-14T22,1574.418
2026-09-14T23,2618.538
2026-09-15T00,1948.763
2026-09-15T01,2333.45
2026-09-15T02,2209.872
2026-09-15T03,2162.166
2026-09-15T04,2112.237
2026-09-15T05,2053.677
2026-09-15T06,1977.624
2026-09-15T07,1785.655
2026-09-15T08,1741.28
2026-09-15T09,2002.996
2026-09-15T10,2689.739
2026-09-15T11,2145.945
2026-09-15T12,1784.194
2026-09-15T13,1490.731
2026-09-15T14,1385.194
2026-09-15T15,1325.694
2026-09-15T16,1396.411
2026-09-15T17,1386.782
2026-09-15T18,1132.473
2026-09-15T19,1032.932
2026-09-15T20,1082.577
2026-09-15T21,1087.88
2026-09-15T22,1279.868
2026-09-15T23,2128.648
2026-09-16T00,2089.364
2026-09-16T01,2501.807
2026-09-16T02,2369.312
2026-09-16T03,2318.164
2026-09-16T04,2264.633
2026-09-16T05,2201.848
2026-09-16T06,2120.308
2026-09-16T07,1914.489
2026-09-16T08,1866.912
2026-09-16T09,2147.511
2026-09-16T10,2883.801
2026-09-16T11,2300.773
2026-09-16T12,1912.922
2026-09-16T13,1598.285
2026-09-16T14,1485.134
2026-09-16T15,1421.342
2026-09-16T16,1497.161
2026-09-16T17,1486.837
2026-09-16T18,1214.18
2026-09-16T19,1107.458
2026-09-16T20,1160.684
2026-09-16T21,1166.37
2026-09-16T22,1372.209
2026-09-16T23,2282.228
2026-09-17T00,2331.967
2026-09-17T01,2792.299
2026-09-17T02,2644.42
2026-09-17T03,2587.333
2026-09-17T04,2527.586
2026-09-17T05,2457.511
2026-09-17T06,2366.503
2026-09-17T07,2136.786
2026-09-17T08,2083.685
2026-09-17T09,2396.864
2026-09-17T10,3218.648
2026-09-17T11,2567.922
2026-09-17T12,2135.037
2026-09-17T13,1783.867
2026-09-17T14,1657.577
2026-09-17T15,1586.378
2026-09-17T16,1671.001
2026-09-17T17,1659.478
2026-09-17T18,1355.162
2026-09-17T19,1236.048
2026-09-17T20,1295.454
2026-09-17T21,1301.801
2026-09-17T22,1531.54
2026-09-17T23,2547.225
2026-09-18T00,2369.121
2026-09-18T01,2836.787
2026-09-18T02,2686.552
2026-09-18T03,2628.556
2026-09-18T04,2567.857
2026-09-18T05,2496.666
2026-09-18T06,2404.208
2026-09-18T07,2170.83
2026-09-18T08,2116.883
2026-09-18T09,2435.053
2026-09-18T10,3269.929
2026-09-18T11,2608.836
2026-09-18T12,2169.054
2026-09-18T13,1812.289
2026-09-18T14,1683.987
2026-09-18T15,1611.653
2026-09-18T16,1697.624
2026-09-18T17,1685.918
2026-09-18T18,1376.754
2026-09-18T19,1255.741
2026-09-18T20,1316.094
2026-09-18T21,1322.542
2026-09-18T22,1555.941
2026-09-18T23,2587.808
2026-09-19T00,1683.269
2026-09-19T01,2015.547
2026-09-19T02,1908.805
2026-09-19T03,1867.598
2026-09-19T04,1824.471
2026-09-19T05,1773.89
2026-09-19T06,1708.198
2026-09-19T07,1542.382
2026-09-19T08,1504.053
2026-09-19T09,1730.113
2026-09-19T10,2323.296
2026-09-19T11,1853.587
2026-09-19T12,1541.12
2026-09-19T13,1287.637
2026-09-19T14,1196.479
2026-09-19T15,1145.085
2026-09-19T16,1206.168
2026-09-19T17,1197.851
2026-09-19T18,978.188
2026-09-19T19,892.209
2026-09-19T20,935.09
2026-09-19T21,939.67
2026-09-19T22,1105.502
2026-09-19T23,1838.647
2026-09-20T00,2029.02
2026-09-20T01,2429.55
2026-09-20T02,2300.882
2026-09-20T03,2251.211
2026-09-20T04,2199.226
2026-09-20T05,2138.255
2026-09-20T06,2059.07
2026-09-20T07,1859.195
2026-09-20T08,1812.992
2026-09-20T09,2085.487
2026-09-20T10,2800.512
2026-09-20T11,2234.322
2026-09-20T12,1857.673
2026-09-20T13,1552.124
2026-09-20T14,1442.241
2026-09-20T15,1380.291
2026-09-20T16,1453.92
2026-09-20T17,1443.895
2026-09-20T18,1179.113
2026-09-20T19,1075.472
2026-09-20T20,1127.161
2026-09-20T21,1132.683
2026-09-20T22,1332.577
2026-09-20T23,2216.313
2026-09-21T00,1903.024
2026-09-21T01,2278.682
2026-09-21T02,2158.004
2026-09-21T03,2111.418
2026-09-21T04,2062.661
2026-09-21T05,2005.476
2026-09-21T06,1931.208
2026-09-21T07,1743.744
2026-09-21T08,1700.411
2026-09-21T09,1955.984
2026-09-21T10,2626.609
2026-09-21T11,2095.578
2026-09-21T12,1742.318
2026-09-21T13,1455.742
2026-09-21T14,1352.682
2026-09-21T15,1294.579
2026-09-21T16,1363.636
2026-09-21T17,1354.233
2026-09-21T18,1105.893
2026-09-21T19,1008.689
2026-09-21T20,1057.168
2026-09-21T21,1062.347
2026-09-21T22,1249.828
2026-09-21T23,2078.687
2026-09-22T00,2108.986
2026-09-22T01,2525.302
2026-09-22T02,2391.563
2026-09-22T03,2339.934
2026-09-22T04,2285.9
2026-09-22T05,2222.526
2026-09-22T06,2140.22
2026-09-22T07,1932.468
2026-09-22T08,1884.444
2026-09-22T09,2167.678
2026-09-22T10,2910.883
2026-09-22T11,2322.38
2026-09-22T12,1930.887
2026-09-22T13,1613.295
2026-09-22T14,1499.081
2026-09-22T15,1434.69
2026-09-22T16,1511.221
2026-09-22T17,1500.8
2026-09-22T18,1225.583
2026-09-22T19,1117.858
2026-09-22T20,1171.584
2026-09-22T21,1177.324
2026-09-22T22,1385.095
2026-09-22T23,2303.661
2026-09-23T00,1798.893
2026-09-23T01,2153.996
2026-09-23T02,2039.921
2026-09-23T03,1995.884
2026-09-23T04,1949.795
2026-09-23T05,1895.739
2026-09-23T06,1825.535
2026-09-23T07,1648.329
2026-09-23T08,1607.367
2026-09-23T09,1848.956
2026-09-23T10,2482.884
2026-09-23T11,1980.911
2026-09-23T12,1646.98
2026-09-23T13,1376.086
2026-09-23T14,1278.665
2026-09-23T15,1223.742
2026-09-23T16,1289.02
2026-09-23T17,1280.132
2026-09-23T18,1045.38
2026-09-23T19,953.495
2026-09-23T20,999.321
2026-09-23T21,1004.217
2026-09-23T22,1181.439
2026-09-23T23,1964.944
2026-09-24T00,2233.794
2026-09-24T01,2674.747
2026-09-24T02,2533.093
2026-09-24T03,2478.41
2026-09-24T04,2421.178
2026-09-24T05,2354.053
2026-09-24T06,2266.876
2026-09-24T07,2046.83
2026-09-24T08,1995.964
2026-09-24T09,2295.959
2026-09-24T10,3083.147
2026-09-24T11,2459.816
2026-09-24T12,2045.155
2026-09-24T13,1708.769
2026-09-24T14,1587.796
2026-09-24T15,1519.594
2026-09-24T16,1600.654
2026-09-24T17,1589.616
2026-09-24T18,1298.112
2026-09-24T19,1184.012
2026-09-24T20,1240.917
2026-09-24T21,1246.997
2026-09-24T22,1467.064
2026-09-24T23,2439.99
2026-09-25T00,2264.37
2026-09-25T01,2711.359
2026-09-25T02,2567.767
2026-09-25T03,2512.334
2026-09-25T04,2454.319
2026-09-25T05,2386.276
2026-09-25T06,2297.906
2026-09-25T07,2074.847
2026-09-25T08,2023.285
2026-09-25T09,2327.387
2026-09-25T10,3125.349
2026-09-25T11,2493.486
2026-09-25T12,2073.149
2026-09-25T13,1732.158
2026-09-25T14,1609.53
2026-09-25T15,1540.394
2026-09-25T16,1622.564
2026-09-25T17,1611.375
2026-09-25T18,1315.881
2026-09-25T19,1200.219
2026-09-25T20,1257.903
2026-09-25T21,1264.066
2026-09-25T22,1487.146
2026-09-25T23,2473.388
2026-09-26T00,1764.264
2026-09-26T01,2112.531
2026-09-26T02,2000.652
2026-09-26T03,1957.463
2026-09-26T04,1912.26
2026-09-26T05,1859.245
2026-09-26T06,1790.392
2026-09-26T07,1616.598
2026-09-26T08,1576.424
2026-09-26T09,1813.362
2026-09-26T10,2435.088
2026-09-26T11,1942.777
2026-09-26T12,1615.275
2026-09-26T13,1349.596
2026-09-26T14,1254.05
2026-09-26T15,1200.184
2026-09-26T16,1264.206
2026-09-26T17,1255.488
2026-09-26T18,1025.256
2026-09-26T19,935.14
2026-09-26T20,980.084
2026-09-26T21,984.885
2026-09-26T22,1158.696
2026-09-26T23,1927.118
2026-09-27T00,2215.269
2026-09-27T01,2652.565
2026-09-27T02,2512.087
2026-09-27T03,2457.857
2026-09-27T04,2401.099
2026-09-27T05,2334.531
2026-09-27T06,2248.078
2026-09-27T07,2029.856
2026-09-27T08,1979.412
2026-09-27T09,2276.919
2026-09-27T10,3057.579
2026-09-27T11,2439.417
2026-09-27T12,2028.195
2026-09-27T13,1694.598
2026-09-27T14,1574.628
2026-09-27T15,1506.992
2026-09-27T16,1587.38
2026-09-27T17,1576.434
2026-09-27T18,1287.347
2026-09-27T19,1174.193
2026-09-27T20,1230.627
2026-09-27T21,1236.655
2026-09-27T22,1454.898
2026-09-27T23,2419.755
2026-09-28T00,2301.951
2026-09-28T01,2756.359
2026-09-28T02,2610.383
2026-09-28T03,2554.031
2026-09-28T04,2495.053
2026-09-28T05,2425.88
2026-09-28T06,2336.043
2026-09-28T07,2109.283
2026-09-28T08,2056.865
2026-09-28T09,2366.014
2026-09-28T10,3177.22
2026-09-28T11,2534.87
2026-09-28T12,2107.557
2026-09-28T13,1760.907
2026-09-28T14,1636.242
2026-09-28T15,1565.96
2026-09-28T16,1649.493
2026-09-28T17,1638.119
2026-09-28T18,1337.72
2026-09-28T19,1220.138
2026-09-28T20,1278.78
2026-09-28T21,1285.045
2026-09-28T22,1511.827
2026-09-28T23,2514.439
2026-09-29T00,2343.355
2026-09-29T01,2805.935
2026-09-29T02,2657.334
2026-09-29T03,2599.968
2026-09-29T04,2539.93
2026-09-29T05,2469.513
2026-09-29T06,2378.06
2026-09-29T07,2147.221
2026-09-29T08,2093.86
2026-09-29T09,2408.57
2026-09-29T10,3234.366
2026-09-29T11,2580.463
2026-09-29T12,2145.464
2026-09-29T13,1792.579
2026-09-29T14,1665.672
2026-09-29T15,1594.125
2026-09-29T16,1679.161
2026-09-29T17,1667.582
2026-09-29T18,1361.78
2026-09-29T19,1242.084
2026-09-29T20,1301.781
2026-09-29T21,1308.158
2026-09-29T22,1539.019
2026-09-29T23,2559.664
2026-09-30T00,1954.519
2026-09-30T01,2340.343
2026-09-30T02,2216.399
2026-09-30T03,2168.552
2026-09-30T04,2118.475
2026-09-30T05,2059.743
2026-09-30T06,1983.465
2026-09-30T07,1790.929
2026-09-30T08,1746.423
2026-09-30T09,2008.912
2026-09-30T10,2697.683
2026-09-30T11,2152.283
2026-09-30T12,1789.464
2026-09-30T13,1495.134
2026-09-30T14,1389.285
2026-09-30T15,1329.61
2026-09-30T16,1400.536
2026-09-30T17,1390.878
2026-09-30T18,1135.818
2026-09-30T19,1035.983
2026-09-30T20,1085.775
2026-09-30T21,1091.094
2026-09-30T22,1283.648
2026-09-30T23,2134.935
2026-10-01T00,2236.934
2026-10-01T01,2678.507
2026-10-01T02,2536.654
2026-10-01T03,2481.894
2026-10-01T04,2424.581
2026-10-01T05,2357.362
2026-10-01T06,2270.063
2026-10-01T07,2049.707
2026-10-01T08,1998.77
2026-10-01T09,2299.187
2026-10-01T10,3087.481
2026-10-01T11,2463.274
2026-10-01T12,2048.03
2026-10-01T13,1711.171
2026-10-01T14,1590.028
2026-10-01T15,1521.73
2026-10-01T16,1602.904
2026-10-01T17,1591.851
2026-10-01T18,1299.937
2026-10-01T19,1185.676
2026-10-01T20,1242.662
2026-10-01T21,1248.75
2026-10-01T22,1469.127
2026-10-01T23,2443.42
2026-10-02T00,2241.888
2026-10-02T01,2684.439
2026-10-02T02,2542.272
2026-10-02T03,2487.39
2026-10-02T04,2429.951
2026-10-02T05,2362.583
2026-10-02T06,2275.091
2026-10-02T07,2054.246
2026-10-02T08,2003.197
2026-10-02T09,2304.279
2026-10-02T10,3094.319
2026-10-02T11,2468.729
2026-10-02T12,2052.566
2026-10-02T13,1714.96
2026-10-02T14,1593.549
2026-10-02T15,1525.1
2026-10-02T16,1606.454
2026-10-02T17,1595.376
2026-10-02T18,1302.816
2026-10-02T19,1188.302
2026-10-02T20,1245.414
2026-10-02T21,1251.515
2026-10-02T22,1472.38
2026-10-02T23,2448.831
2026-10-03T00,2267.558
2026-10-03T01,2715.176
2026-10-03T02,2571.382
2026-10-03T03,2515.871
2026-10-03T04,2457.774
2026-10-03T05,2389.635
2026-10-03T06,2301.141
2026-10-03T07,2077.768
2026-10-03T08,2026.134
2026-10-03T09,2330.664
2026-10-03T10,3129.749
2026-10-03T11,2496.997
2026-10-03T12,2076.068
2026-10-03T13,1734.597
2026-10-03T14,1611.796
2026-10-03T15,1542.563
2026-10-03T16,1624.848
2026-10-03T17,1613.644
2026-10-03T18,1317.733
2026-10-03T19,1201.908
2026-10-03T20,1259.674
2026-10-03T21,1265.845
2026-10-03T22,1489.239
2026-10-03T23,2476.871
2026-10-04T00,1971.176
2026-10-04T01,2360.288
2026-10-04T02,2235.288
2026-10-04T03,2187.034
2026-10-04T04,2136.53
2026-10-04T05,2077.297
2026-10-04T06,2000.37
2026-10-04T07,1806.193
2026-10-04T08,1761.307
2026-10-04T09,2026.033
2026-10-04T10,2720.675
2026-10-04T11,2170.626
2026-10-04T12,1804.715
2026-10-04T13,1507.876
2026-10-04T14,1401.125
2026-10-04T15,1340.942
2026-10-04T16,1412.472
2026-10-04T17,1402.732
2026-10-04T18,1145.498
2026-10-04T19,1044.813
2026-10-04T20,1095.028
2026-10-04T21,1100.393
2026-10-04T22,1294.588
2026-10-04T23,2153.131
2026-10-05T00,2487.764
2026-10-05T01,2978.851
2026-10-05T02,2821.092
2026-10-05T03,2760.191
2026-10-05T04,2696.452
2026-10-05T05,2621.696
2026-10-05T06,2524.608
2026-10-05T07,2279.543
2026-10-05T08,2222.894
2026-10-05T09,2556.997
2026-10-05T10,3433.683
2026-10-05T11,2739.483
2026-10-05T12,2277.678
2026-10-05T13,1903.046
2026-10-05T14,1768.319
2026-10-05T15,1692.363
2026-10-05T16,1782.639
2026-10-05T17,1770.347
2026-10-05T18,1445.7
2026-10-05T19,1318.627
2026-10-05T20,1382.003
2026-10-05T21,1388.773
2026-10-05T22,1633.861
2026-10-05T23,2717.403
2026-10-06T00,1773.756
2026-10-06T01,2123.896
2026-10-06T02,2011.416
2026-10-06T03,1967.994
2026-10-06T04,1922.549
2026-10-06T05,1869.248
2026-10-06T06,1800.025
2026-10-06T07,1625.296
2026-10-06T08,1584.906
2026-10-06T09,1823.119
2026-10-06T10,2448.189
2026-10-06T11,1953.23
2026-10-06T12,1623.966
2026-10-06T13,1356.857
2026-10-06T14,1260.797
2026-10-06T15,1206.641
2026-10-06T16,1271.007
2026-10-06T17,1262.243
2026-10-06T18,1030.772
2026-10-06T19,940.171
2026-10-06T20,985.357
2026-10-06T21,990.184
2026-10-06T22,1164.93
2026-10-06T23,1937.486
2026-10-07T00,1847.502
2026-10-07T01,2212.2
2026-10-07T02,2095.043
2026-10-07T03,2049.816
2026-10-07T04,2002.481
2026-10-07T05,1946.964
2026-10-07T06,1874.863
2026-10-07T07,1692.869
2026-10-07T08,1650.8
2026-10-07T09,1898.917
2026-10-07T10,2549.975
2026-10-07T11,2034.438
2026-10-07T12,1691.484
2026-10-07T13,1413.27
2026-10-07T14,1313.217
2026-10-07T15,1256.809
2026-10-07T16,1323.851
2026-10-07T17,1314.722
2026-10-07T18,1073.628
2026-10-07T19,979.259
2026-10-07T20,1026.324
2026-10-07T21,1031.352
2026-10-07T22,1213.363
2026-10-07T23,2018.04
2026-10-08T00,2144.762
2026-10-08T01,2568.14
2026-10-08T02,2432.132
2026-10-08T03,2379.628
2026-10-08T04,2324.678
2026-10-08T05,2260.228
2026-10-08T06,2176.526
2026-10-08T07,1965.25
2026-10-08T08,1916.412
2026-10-08T09,2204.45
2026-10-08T10,2960.263
2026-10-08T11,2361.776
2026-10-08T12,1963.642
2026-10-08T13,1640.663
2026-10-08T14,1524.511
2026-10-08T15,1459.028
2026-10-08T16,1536.857
2026-10-08T17,1526.259
2026-10-08T18,1246.373
2026-10-08T19,1136.821
2026-10-08T20,1191.459
2026-10-08T21,1197.295
2026-10-08T22,1408.592
2026-10-08T23,2342.74
2026-10-09T00,2274.283
2026-10-09T01,2723.229
2026-10-09T02,2579.008
2026-10-09T03,2523.333
2026-10-09T04,2465.063
2026-10-09T05,2396.722
2026-10-09T06,2307.965
2026-10-09T07,2083.93
2026-10-09T08,2032.143
2026-10-09T09,2337.576
2026-10-09T10,3139.031
2026-10-09T11,2504.402
2026-10-09T12,2082.225
2026-10-09T13,1739.741
2026-10-09T14,1616.576
2026-10-09T15,1547.138
2026-10-09T16,1629.667
2026-10-09T17,1618.429
2026-10-09T18,1321.641
2026-10-09T19,1205.473
2026-10-09T20,1263.41
2026-10-09T21,1269.599
2026-10-09T22,1493.656
2026-10-09T23,2484.216
2026-10-10T00,1884.436
2026-10-10T01,2256.425
2026-10-10T02,2136.926
2026-10-10T03,2090.795
2026-10-10T04,2042.514
2026-10-10T05,1985.887
2026-10-10T06,1912.345
2026-10-10T07,1726.712
2026-10-10T08,1683.802
2026-10-10T09,1936.879
2026-10-10T10,2600.953
2026-10-10T11,2075.109
2026-10-10T12,1725.299
2026-10-10T13,1441.523
2026-10-10T14,1339.47
2026-10-10T15,1281.934
2026-10-10T16,1350.317
2026-10-10T17,1341.006
2026-10-10T18,1095.091
2026-10-10T19,998.836
2026-10-10T20,1046.842
2026-10-10T21,1051.97
2026-10-10T22,1237.62
2026-10-10T23,2058.383
2026-10-11T00,1568.402
2026-10-11T01,1878.006
2026-10-11T02,1778.547
2026-10-11T03,1740.152
2026-10-11T04,1699.969
2026-10-11T05,1652.839
2026-10-11T06,1591.63
2026-10-11T07,1437.13
2026-10-11T08,1401.416
2026-10-11T09,1612.05
2026-10-11T10,2164.753
2026-10-11T11,1727.097
2026-10-11T12,1435.954
2026-10-11T13,1199.769
2026-10-11T14,1114.83
2026-10-11T15,1066.944
2026-10-11T16,1123.858
2026-10-11T17,1116.109
2026-10-11T18,911.436
2026-10-11T19,831.324
2026-10-11T20,871.279
2026-10-11T21,875.547
2026-10-11T22,1030.062
2026-10-11T23,1713.177
2026-10-12T00,2357.774
2026-10-12T01,2823.2
2026-10-12T02,2673.685
2026-10-12T03,2615.966
2026-10-12T04,2555.558
2026-10-12T05,2484.708
2026-10-12T06,2392.693
2026-10-12T07,2160.433
2026-10-12T08,2106.744
2026-10-12T09,2423.39
2026-10-12T10,3254.268
2026-10-12T11,2596.341
2026-10-12T12,2158.665
2026-10-12T13,1803.609
2026-10-12T14,1675.921
2026-10-12T15,1603.934
2026-10-12T16,1689.493
2026-10-12T17,1677.843
2026-10-12T18,1370.16
2026-10-12T19,1249.727
2026-10-12T20,1309.791
2026-10-12T21,1316.207
2026-10-12T22,1548.489
2026-10-12T23,2575.414
2026-10-13T00,2429.994
2026-10-13T01,2909.677
2026-10-13T02,2755.582
2026-10-13T03,2696.095
2026-10-13T04,2633.836
2026-10-13T05,2560.816
2026-10-13T06,2465.982
2026-10-13T07,2226.608
2026-10-13T08,2171.275
2026-10-13T09,2497.62
2026-10-13T10,3353.948
2026-10-13T11,2675.868
2026-10-13T12,2224.786
2026-10-13T13,1858.854
2026-10-13T14,1727.256
2026-10-13T15,1653.064
2026-10-13T16,1741.243
2026-10-13T17,1729.237
2026-10-13T18,1412.129
2026-10-13T19,1288.007
2026-10-13T20,1349.911
2026-10-13T21,1356.524
2026-10-13T22,1595.92
2026-10-13T23,2654.301
2026-10-14T00,2211.355
2026-10-14T01,2647.879
2026-10-14T02,2507.648
2026-10-14T03,2453.514
2026-10-14T04,2396.857
2026-10-14T05,2330.407
2026-10-14T06,2244.106
2026-10-14T07,2026.269
2026-10-14T08,1975.915
2026-10-14T09,2272.896
2026-10-14T10,3052.176
2026-10-14T11,2435.107
2026-10-14T12,2024.611
2026-10-14T13,1691.604
2026-10-14T14,1571.846
2026-10-14T15,1504.329
2026-10-14T16,1584.575
2026-10-14T17,1573.649
2026-10-14T18,1285.072
2026-10-14T19,1172.118
2026-10-14T20,1228.452
2026-10-14T21,1234.47
2026-10-14T22,1452.327
2026-10-14T23,2415.48
2026-10-15T00,1781.429
2026-10-15T01,2133.085
2026-10-15T02,2020.117
2026-10-15T03,1976.508
2026-10-15T04,1930.866
2026-10-15T05,1877.335
2026-10-15T06,1807.812
2026-10-15T07,1632.327
2026-10-15T08,1591.762
2026-10-15T09,1831.006
2026-10-15T10,2458.78
2026-10-15T11,1961.68
2026-10-15T12,1630.991
2026-10-15T13,1362.727
2026-10-15T14,1266.252
2026-10-15T15,1211.861
2026-10-15T16,1276.506
2026-10-15T17,1267.704
2026-10-15T18,1035.232
2026-10-15T19,944.238
2026-10-15T20,989.62
2026-10-15T21,994.468
2026-10-15T22,1169.97
2026-10-15T23,1945.868
2026-10-16T00,1928.011
2026-10-16T01,2308.602
2026-10-16T02,2186.339
2026-10-16T03,2139.141
2026-10-16T04,2089.744
2026-10-16T05,2031.808
2026-10-16T06,1956.565
2026-10-16T07,1766.64
2026-10-16T08,1722.737
2026-10-16T09,1981.667
2026-10-16T10,2661.096
2026-10-16T11,2123.093
2026-10-16T12,1765.194
2026-10-16T13,1474.856
2026-10-16T14,1370.443
2026-10-16T15,1311.577
2026-10-16T16,1381.541
2026-10-16T17,1372.014
2026-10-16T18,1120.414
2026-10-16T19,1021.933
2026-10-16T20,1071.049
2026-10-16T21,1076.296
2026-10-16T22,1266.238
2026-10-16T23,2105.98
2026-10-17T00,1813.465
2026-10-17T01,2171.444
2026-10-17T02,2056.445
2026-10-17T03,2012.051
2026-10-17T04,1965.589
2026-10-17T05,1911.095
2026-10-17T06,1840.322
2026-10-17T07,1661.681
2026-10-17T08,1620.387
2026-10-17T09,1863.933
2026-10-17T10,2502.996
2026-10-17T11,1996.957
2026-10-17T12,1660.321
2026-10-17T13,1387.233
2026-10-17T14,1289.023
2026-10-17T15,1233.654
2026-10-17T16,1299.461
2026-10-17T17,1290.501
2026-10-17T18,1053.848
2026-10-17T19,961.218
2026-10-17T20,1007.416
2026-10-17T21,1012.351
2026-10-17T22,1191.009
2026-10-17T23,1980.861
2026-10-18T00,2023.151
2026-10-18T01,2422.522
2026-10-18T02,2294.227
2026-10-18T03,2244.699
2026-10-18T04,2192.864
2026-10-18T05,2132.07
2026-10-18T06,2053.114
2026-10-18T07,1853.817
2026-10-18T08,1807.748
2026-10-18T09,2079.454
2026-10-18T10,2792.411
2026-10-18T11,2227.859
2026-10-18T12,1852.3
2026-10-18T13,1547.634
2026-10-18T14,1438.069
2026-10-18T15,1376.298
2026-10-18T16,1449.715
2026-10-18T17,1439.718
2026-10-18T18,1175.702
2026-10-18T19,1072.361
2026-10-18T20,1123.901
2026-10-18T21,1129.407
2026-10-18T22,1328.722
2026-10-18T23,2209.902
2026-10-19T00,2161.193
2026-10-19T01,2587.814
2026-10-19T02,2450.765
2026-10-19T03,2397.858
2026-10-19T04,2342.486
2026-10-19T05,2277.544
2026-10-19T06,2193.2
2026-10-19T07,1980.305
2026-10-19T08,1931.093
2026-10-19T09,2221.338
2026-10-19T10,2982.941
2026-10-19T11,2379.869
2026-10-19T12,1978.685
2026-10-19T13,1653.232
2026-10-19T14,1536.19
2026-10-19T15,1470.205
2026-10-19T16,1548.63
2026-10-19T17,1537.952
2026-10-19T18,1255.922
2026-10-19T19,1145.53
2026-10-19T20,1200.586
2026-10-19T21,1206.468
2026-10-19T22,1419.383
2026-10-19T23,2360.687
2026-10-20T00,2137.497
2026-10-20T01,2559.441
2026-10-20T02,2423.894
2026-10-20T03,2371.568
2026-10-20T04,2316.803
2026-10-20T05,2252.572
2026-10-20T06,2169.154
2026-10-20T07,1958.593
2026-10-20T08,1909.92
2026-10-20T09,2196.983
2026-10-20T10,2950.235
2026-10-20T11,2353.776
2026-10-20T12,1956.99
2026-10-20T13,1635.105
2026-10-20T14,1519.347
2026-10-20T15,1454.086
2026-10-20T16,1531.651
2026-10-20T17,1521.09
2026-10-20T18,1242.151
2026-10-20T19,1132.97
2026-10-20T20,1187.423
2026-10-20T21,1193.24
2026-10-20T22,1403.82
2026-10-20T23,2334.804
2026-10-21T00,2074.899
2026-10-21T01,2484.486
2026-10-21T02,2352.909
2026-10-21T03,2302.115
2026-10-21T04,2248.954
2026-10-21T05,2186.604
2026-10-21T06,2105.628
2026-10-21T07,1901.234
2026-10-21T08,1853.987
2026-10-21T09,2132.643
2026-10-21T10,2863.836
2026-10-21T11,2284.844
2026-10-21T12,1899.678
2026-10-21T13,1587.22
2026-10-21T14,1474.852
2026-10-21T15,1411.502
2026-10-21T16,1486.796
2026-10-21T17,1476.543
2026-10-21T18,1205.774
2026-10-21T19,1099.79
2026-10-21T20,1152.648
2026-10-21T21,1158.295
2026-10-21T22,1362.709
2026-10-21T23,2266.428
2026-10-22T00,1822.978
2026-10-22T01,2182.835
2026-10-22T02,2067.233
2026-10-22T03,2022.607
2026-10-22T04,1975.9
2026-10-22T05,1921.12
2026-10-22T06,1849.976
2026-10-22T07,1670.398
2026-10-22T08,1628.887
2026-10-22T09,1873.711
2026-10-22T10,2516.127
2026-10-22T11,2007.432
2026-10-22T12,1669.031
2026-10-22T13,1394.51
2026-10-22T14,1295.785
2026-10-22T15,1240.126
2026-10-22T16,1306.278
2026-10-22T17,1297.271
2026-10-22T18,1059.377
2026-10-22T19,966.261
2026-10-22T20,1012.701
2026-10-22T21,1017.662
2026-10-22T22,1197.257
2026-10-22T23,1991.252
2026-10-23T00,1797.379
2026-10-23T01,2152.184
2026-10-23T02,2038.205
2026-10-23T03,1994.205
2026-10-23T04,1948.154
2026-10-23T05,1894.144
2026-10-23T06,1823.999
2026-10-23T07,1646.942
2026-10-23T08,1606.014
2026-10-23T09,1847.4
2026-10-23T10,2480.795
2026-10-23T11,1979.244
2026-10-23T12,1645.595
2026-10-23T13,1374.928
2026-10-23T14,1277.589
2026-10-23T15,1222.712
2026-10-23T16,1287.935
2026-10-23T17,1279.054
2026-10-23T18,1044.501
2026-10-23T19,952.692
2026-10-23T20,998.481
2026-10-23T21,1003.372
2026-10-23T22,1180.445
2026-10-23T23,1963.291
2026-10-24T00,1958.59
2026-10-24T01,2345.217
2026-10-24T02,2221.015
2026-10-24T03,2173.069
2026-10-24T04,2122.888
2026-10-24T05,2064.033
2026-10-24T06,1987.597
2026-10-24T07,1794.66
2026-10-24T08,1750.061
2026-10-24T09,2013.097
2026-10-24T10,2703.302
2026-10-24T11,2156.766
2026-10-24T12,1793.191
2026-10-24T13,1498.248
2026-10-24T14,1392.179
2026-10-24T15,1332.379
2026-10-24T16,1403.453
2026-10-24T17,1393.775
2026-10-24T18,1138.184
2026-10-24T19,1038.141
2026-10-24T20,1088.036
2026-10-24T21,1093.366
2026-10-24T22,1286.321
2026-10-24T23,2139.382
2026-10-25T00,2299.88
2026-10-25T01,2753.878
2026-10-25T02,2608.034
2026-10-25T03,2551.732
2026-10-25T04,2492.807
2026-10-25T05,2423.697
2026-10-25T06,2333.941
2026-10-25T07,2107.384
2026-10-25T08,2055.014
2026-10-25T09,2363.885
2026-10-25T10,3174.361
2026-10-25T11,2532.589
2026-10-25T12,2105.66
2026-10-25T13,1759.322
2026-10-25T14,1634.77
2026-10-25T15,1564.55
2026-10-25T16,1648.008
2026-10-25T17,1636.645
2026-10-25T18,1336.516
2026-10-25T19,1219.04
2026-10-25T20,1277.63
2026-10-25T21,1283.888
2026-10-25T22,1510.467
2026-10-25T23,2512.176
2026-10-26T00,2863.578
2026-10-26T01,3428.851
2026-10-26T02,3247.26
2026-10-26T03,3177.16
2026-10-26T04,3103.792
2026-10-26T05,3017.743
2026-10-26T06,2905.988
2026-10-26T07,2623.902
2026-10-26T08,2558.696
2026-10-26T09,2943.27
2026-10-26T10,3952.393
2026-10-26T11,3153.324
2026-10-26T12,2621.755
2026-10-26T13,2190.53
2026-10-26T14,2035.45
2026-10-26T15,1948.02
2026-10-26T16,2051.934
2026-10-26T17,2037.785
2026-10-26T18,1664.095
2026-10-26T19,1517.826
2026-10-26T20,1590.775
2026-10-26T21,1598.568
2026-10-26T22,1880.681
2026-10-26T23,3127.908
2026-10-27T00,1950.61
2026-10-27T01,2335.663
2026-10-27T02,2211.967
2026-10-27T03,2164.216
2026-10-27T04,2114.239
2026-10-27T05,2055.624
2026-10-27T06,1979.499
2026-10-27T07,1787.348
2026-10-27T08,1742.931
2026-10-27T09,2004.895
2026-10-27T10,2692.289
2026-10-27T11,2147.979
2026-10-27T12,1785.886
2026-10-27T13,1492.144
2026-10-27T14,1386.507
2026-10-27T15,1326.951
2026-10-27T16,1397.735
2026-10-27T17,1388.097
2026-10-27T18,1133.547
2026-10-27T19,1033.912
2026-10-27T20,1083.603
2026-10-27T21,1088.912
2026-10-27T22,1281.081
2026-10-27T23,2130.666
2026-10-28T00,1969.694
2026-10-28T01,2358.514
2026-10-28T02,2233.608
2026-10-28T03,2185.389
2026-10-28T04,2134.924
2026-10-28T05,2075.735
2026-10-28T06,1998.866
2026-10-28T07,1804.835
2026-10-28T08,1759.983
2026-10-28T09,2024.51
2026-10-28T10,2718.629
2026-10-28T11,2168.994
2026-10-28T12,1803.358
2026-10-28T13,1506.742
2026-10-28T14,1400.072
2026-10-28T15,1339.933
2026-10-28T16,1411.41
2026-10-28T17,1401.677
2026-10-28T18,1144.637
2026-10-28T19,1044.027
2026-10-28T20,1094.205
2026-10-28T21,1099.565
2026-10-28T22,1293.614
2026-10-28T23,2151.512
2026-10-29T00,2019.046
2026-10-29T01,2417.608
2026-10-29T02,2289.572
2026-10-29T03,2240.146
2026-10-29T04,2188.416
2026-10-29T05,2127.744
2026-10-29T06,2048.949
2026-10-29T07,1850.056
2026-10-29T08,1804.081
2026-10-29T09,2075.236
2026-10-29T10,2786.746
2026-10-29T11,2223.34
2026-10-29T12,1848.542
2026-10-29T13,1544.495
2026-10-29T14,1435.152
2026-10-29T15,1373.506
2026-10-29T16,1446.774
2026-10-29T17,1436.797
2026-10-29T18,1173.317
2026-10-29T19,1070.186
2026-10-29T20,1121.621
2026-10-29T21,1127.116
2026-10-29T22,1326.027
2026-10-29T23,2205.419
2026-10-30T00,1849.047
2026-10-30T01,2214.05
2026-10-30T02,2096.795
2026-10-30T03,2051.53
2026-10-30T04,2004.156
2026-10-30T05,1948.593
2026-10-30T06,1876.431
2026-10-30T07,1694.285
2026-10-30T08,1652.181
2026-10-30T09,1900.505
2026-10-30T10,2552.108
2026-10-30T11,2036.139
2026-10-30T12,1692.899
2026-10-30T13,1414.452
2026-10-30T14,1314.315
2026-10-30T15,1257.86
2026-10-30T16,1324.958
2026-10-30T17,1315.822
2026-10-30T18,1074.526
2026-10-30T19,980.078
2026-10-30T20,1027.183
2026-10-30T21,1032.215
2026-10-30T22,1214.378
2026-10-30T23,2019.727
2026-10-31T00,2079.65
2026-10-31T01,2490.175
2026-10-31T02,2358.297
2026-10-31T03,2307.386
2026-10-31T04,2254.104
2026-10-31T05,2191.611
2026-10-31T06,2110.45
2026-10-31T07,1905.588
2026-10-31T08,1858.232
2026-10-31T09,2137.526
2026-10-31T10,2870.394
2026-10-31T11,2290.076
2026-10-31T12,1904.028
2026-10-31T13,1590.855
2026-10-31T14,1478.229
2026-10-31T15,1414.734
2026-10-31T16,1490.2
2026-10-31T17,1479.925
2026-10-31T18,1208.535
2026-10-31T19,1102.309
2026-10-31T20,1155.288
2026-10-31T21,1160.947
2026-10-31T22,1365.829
2026-10-31T23,2271.618
2026-11-01T00,2130.748
2026-11-01T01,2551.359
2026-11-01T02,2416.241
2026-11-01T03,2364.08
2026-11-01T04,2309.488
2026-11-01T05,2245.46
2026-11-01T06,2162.304
2026-11-01T07,1952.409
2026-11-01T08,1903.889
2026-11-01T09,2190.046
2026-11-01T10,2940.92
2026-11-01T11,2346.344
2026-11-01T12,1950.811
2026-11-01T13,1629.942
2026-11-01T14,1514.55
2026-11-01T15,1449.494
2026-11-01T16,1526.815
2026-11-01T17,1516.287
2026-11-01T18,1238.229
2026-11-01T19,1129.393
2026-11-01T20,1183.673
2026-11-01T21,1189.472
2026-11-01T22,1399.388
2026-11-01T23,2327.432
2026-11-02T00,2813.802
2026-11-02T01,3369.249
2026-11-02T02,3190.815
2026-11-02T03,3121.932
2026-11-02T04,3049.84
2026-11-02T05,2965.287
2026-11-02T06,2855.474
2026-11-02T07,2578.292
2026-11-02T08,2514.219
2026-11-02T09,2892.109
2026-11-02T10,3883.69
2026-11-02T11,3098.511
2026-11-02T12,2576.182
2026-11-02T13,2152.453
2026-11-02T14,2000.069
2026-11-02T15,1914.159
2026-11-02T16,2016.266
2026-11-02T17,2002.363
2026-11-02T18,1635.168
2026-11-02T19,1491.442
2026-11-02T20,1563.124
2026-11-02T21,1570.781
2026-11-02T22,1847.99
2026-11-02T23,3073.537
2026-11-03T00,1990.847
2026-11-03T01,2383.842
2026-11-03T02,2257.595
2026-11-03T03,2208.858
2026-11-03T04,2157.851
2026-11-03T05,2098.027
2026-11-03T06,2020.331
2026-11-03T07,1824.217
2026-11-03T08,1778.883
2026-11-03T09,2046.251
2026-11-03T10,2747.824
2026-11-03T11,2192.287
2026-11-03T12,1822.724
2026-11-03T13,1522.923
2026-11-03T14,1415.107
2026-11-03T15,1354.323
2026-11-03T16,1426.567
2026-11-03T17,1416.73
2026-11-03T18,1156.929
2026-11-03T19,1055.239
2026-11-03T20,1105.956
2026-11-03T21,1111.373
2026-11-03T22,1307.507
2026-11-03T23,2174.617
2026-11-04T00,2250.289
2026-11-04T01,2694.498
2026-11-04T02,2551.799
2026-11-04T03,2496.711
2026-11-04T04,2439.057
2026-11-04T05,2371.437
2026-11-04T06,2283.616
2026-11-04T07,2061.945
2026-11-04T08,2010.703
2026-11-04T09,2312.914
2026-11-04T10,3105.914
2026-11-04T11,2477.98
2026-11-04T12,2060.257
2026-11-04T13,1721.387
2026-11-04T14,1599.521
2026-11-04T15,1530.815
2026-11-04T16,1612.474
2026-11-04T17,1601.355
2026-11-04T18,1307.698
2026-11-04T19,1192.755
2026-11-04T20,1250.081
2026-11-04T21,1256.205
2026-11-04T22,1477.898
2026-11-04T23,2458.008
2026-11-05T00,2038.129
2026-11-05T01,2440.458
2026-11-05T02,2311.212
2026-11-05T03,2261.319
2026-11-05T04,2209.1
2026-11-05T05,2147.855
2026-11-05T06,2068.314
2026-11-05T07,1867.542
2026-11-05T08,1821.132
2026-11-05T09,2094.85
2026-11-05T10,2813.085
2026-11-05T11,2244.354
2026-11-05T12,1866.014
2026-11-05T13,1559.093
2026-11-05T14,1448.716
2026-11-05T15,1386.488
2026-11-05T16,1460.448
2026-11-05T17,1450.377
2026-11-05T18,1184.406
2026-11-05T19,1080.301
2026-11-05T20,1132.222
2026-11-05T21,1137.769
2026-11-05T22,1338.56
2026-11-05T23,2226.264
2026-11-06T00,1951.612
2026-11-06T01,2336.862
2026-11-06T02,2213.103
2026-11-06T03,2165.327
2026-11-06T04,2115.325
2026-11-06T05,2056.68
2026-11-06T06,1980.516
2026-11-06T07,1788.266
2026-11-06T08,1743.826
2026-11-06T09,2005.925
2026-11-06T10,2693.672
2026-11-06T11,2149.082
2026-11-06T12,1786.803
2026-11-06T13,1492.91
2026-11-06T14,1387.219
2026-11-06T15,1327.633
2026-11-06T16,1398.453
2026-11-06T17,1388.81
2026-11-06T18,1134.129
2026-11-06T19,1034.443
2026-11-06T20,1084.16
2026-11-06T21,1089.471
2026-11-06T22,1281.739
2026-11-06T23,2131.761
2026-11-07T00,1836.849
2026-11-07T01,2199.444
2026-11-07T02,2082.962
2026-11-07T03,2037.996
2026-11-07T04,1990.934
2026-11-07T05,1935.738
2026-11-07T06,1864.052
2026-11-07T07,1683.108
2026-11-07T08,1641.281
2026-11-07T09,1887.967
2026-11-07T10,2535.272
2026-11-07T11,2022.707
2026-11-07T12,1681.731
2026-11-07T13,1405.12
2026-11-07T14,1305.644
2026-11-07T15,1249.562
2026-11-07T16,1316.217
2026-11-07T17,1307.141
2026-11-07T18,1067.437
2026-11-07T19,973.613
2026-11-07T20,1020.406
2026-11-07T21,1025.405
2026-11-07T22,1206.367
2026-11-07T23,2006.403
2026-11-08T00,2090.483
2026-11-08T01,2503.146
2026-11-08T02,2370.58
2026-11-08T03,2319.405
2026-11-08T04,2265.845
2026-11-08T05,2203.027
2026-11-08T06,2121.443
2026-11-08T07,1915.513
2026-11-08T08,1867.911
2026-11-08T09,2148.66
2026-11-08T10,2885.345
2026-11-08T11,2302.004
2026-11-08T12,1913.946
2026-11-08T13,1599.141
2026-11-08T14,1485.929
2026-11-08T15,1422.103
2026-11-08T16,1497.962
2026-11-08T17,1487.633
2026-11-08T18,1214.83
2026-11-08T19,1108.05
2026-11-08T20,1161.305
2026-11-08T21,1166.994
2026-11-08T22,1372.943
2026-11-08T23,2283.45
2026-11-09T00,2619.985
2026-11-09T01,3137.172
2026-11-09T02,2971.029
2026-11-09T03,2906.891
2026-11-09T04,2839.765
2026-11-09T05,2761.035
2026-11-09T06,2658.787
2026-11-09T07,2400.697
2026-11-09T08,2341.038
2026-11-09T09,2692.898
2026-11-09T10,3616.179
2026-11-09T11,2885.083
2026-11-09T12,2398.733
2026-11-09T13,2004.19
2026-11-09T14,1862.303
2026-11-09T15,1782.31
2026-11-09T16,1877.384
2026-11-09T17,1864.438
2026-11-09T18,1522.537
2026-11-09T19,1388.711
2026-11-09T20,1455.454
2026-11-09T21,1462.585
2026-11-09T22,1720.699
2026-11-09T23,2861.829
2026-11-10T00,2218.149
2026-11-10T01,2656.013
2026-11-10T02,2515.352
2026-11-10T03,2461.051
2026-11-10T04,2404.22
2026-11-10T05,2337.566
2026-11-10T06,2251.0
2026-11-10T07,2032.494
2026-11-10T08,1981.985
2026-11-10T09,2279.879
2026-11-10T10,3061.553
2026-11-10T11,2442.588
2026-11-10T12,2030.831
2026-11-10T13,1696.801
2026-11-10T14,1576.675
2026-11-10T15,1508.951
2026-11-10T16,1589.443
2026-11-10T17,1578.483
2026-11-10T18,1289.02
2026-11-10T19,1175.719
2026-11-10T20,1232.226
2026-11-10T21,1238.263
2026-11-10T22,1456.789
2026-11-10T23,2422.9
2026-11-11T00,2122.119
2026-11-11T01,2541.027
2026-11-11T02,2406.456
2026-11-11T03,2354.506
2026-11-11T04,2300.135
2026-11-11T05,2236.366
2026-11-11T06,2153.548
2026-11-11T07,1944.502
2026-11-11T08,1896.179
2026-11-11T09,2181.177
2026-11-11T10,2929.01
2026-11-11T11,2336.842
2026-11-11T12,1942.911
2026-11-11T13,1623.342
2026-11-11T14,1508.416
2026-11-11T15,1443.624
2026-11-11T16,1520.632
2026-11-11T17,1510.146
2026-11-11T18,1233.215
2026-11-11T19,1124.819
2026-11-11T20,1178.88
2026-11-11T21,1184.655
2026-11-11T22,1393.721
2026-11-11T23,2318.007
2026-11-12T00,2171.916
2026-11-12T01,2600.654
2026-11-12T02,2462.924
2026-11-12T03,2409.755
2026-11-12T04,2354.109
2026-11-12T05,2288.844
2026-11-12T06,2204.082
2026-11-12T07,1990.131
2026-11-12T08,1940.674
2026-11-12T09,2232.359
2026-11-12T10,2997.741
2026-11-12T11,2391.677
2026-11-12T12,1988.502
2026-11-12T13,1661.434
2026-11-12T14,1543.812
2026-11-12T15,1477.5
2026-11-12T16,1556.314
2026-11-12T17,1545.583
2026-11-12T18,1262.153
2026-11-12T19,1151.214
2026-11-12T20,1206.543
2026-11-12T21,1212.454
2026-11-12T22,1426.425
2026-11-12T23,2372.4
2026-11-13T00,1871.928
2026-11-13T01,2241.449
2026-11-13T02,2122.742
2026-11-13T03,2076.917
2026-11-13T04,2028.957
2026-11-13T05,1972.706
2026-11-13T06,1899.652
2026-11-13T07,1715.252
2026-11-13T08,1672.626
2026-11-13T09,1924.023
2026-11-13T10,2583.69
2026-11-13T11,2061.336
2026-11-13T12,1713.848
2026-11-13T13,1431.955
2026-11-13T14,1330.579
2026-11-13T15,1273.426
2026-11-13T16,1341.354
2026-11-13T17,1332.105
2026-11-13T18,1087.823
2026-11-13T19,992.207
2026-11-13T20,1039.894
2026-11-13T21,1044.988
2026-11-13T22,1229.406
2026-11-13T23,2044.721
2026-11-14T00,1861.249
2026-11-14T01,2228.661
2026-11-14T02,2110.632
2026-11-14T03,2065.069
2026-11-14T04,2017.382
2026-11-14T05,1961.452
2026-11-14T06,1888.814
2026-11-14T07,1705.466
2026-11-14T08,1663.084
2026-11-14T09,1913.047
2026-11-14T10,2568.95
2026-11-14T11,2049.576
2026-11-14T12,1704.071
2026-11-14T13,1423.786
2026-11-14T14,1322.988
2026-11-14T15,1266.161
2026-11-14T16,1333.702
2026-11-14T17,1324.505
2026-11-14T18,1081.617
2026-11-14T19,986.546
2026-11-14T20,1033.961
2026-11-14T21,1039.027
2026-11-14T22,1222.392
2026-11-14T23,2033.056
2026-11-15T00,2275.79
2026-11-15T01,2725.034
2026-11-15T02,2580.717
2026-11-15T03,2525.005
2026-11-15T04,2466.697
2026-11-15T05,2398.311
2026-11-15T06,2309.495
2026-11-15T07,2085.311
2026-11-15T08,2033.489
2026-11-15T09,2339.125
2026-11-15T10,3141.112
2026-11-15T11,2506.062
2026-11-15T12,2083.605
2026-11-15T13,1740.895
2026-11-15T14,1617.647
2026-11-15T15,1548.163
2026-11-15T16,1630.747
2026-11-15T17,1619.502
2026-11-15T18,1322.517
2026-11-15T19,1206.272
2026-11-15T20,1264.248
2026-11-15T21,1270.441
2026-11-15T22,1494.646
2026-11-15T23,2485.863
2026-11-16T00,3120.722
2026-11-16T01,3736.755
2026-11-16T02,3538.858
2026-11-16T03,3462.463
2026-11-16T04,3382.507
2026-11-16T05,3288.73
2026-11-16T06,3166.94
2026-11-16T07,2859.524
2026-11-16T08,2788.462
2026-11-16T09,3207.571
2026-11-16T10,4307.311
2026-11-16T11,3436.486
2026-11-16T12,2857.184
2026-11-16T13,2387.236
2026-11-16T14,2218.23
2026-11-16T15,2122.949
2026-11-16T16,2236.194
2026-11-16T17,2220.774
2026-11-16T18,1813.527
2026-11-16T19,1654.124
2026-11-16T20,1733.624
2026-11-16T21,1742.117
2026-11-16T22,2049.562
2026-11-16T23,3408.788
2026-11-17T00,1858.752
2026-11-17T01,2225.671
2026-11-17T02,2107.8
2026-11-17T03,2062.298
2026-11-17T04,2014.675
2026-11-17T05,1958.82
2026-11-17T06,1886.28
2026-11-17T07,1703.178
2026-11-17T08,1660.852
2026-11-17T09,1910.48
2026-11-17T10,2565.503
2026-11-17T11,2046.826
2026-11-17T12,1701.784
2026-11-17T13,1421.875
2026-11-17T14,1321.213
2026-11-17T15,1264.462
2026-11-17T16,1331.912
2026-11-17T17,1322.728
2026-11-17T18,1080.166
2026-11-17T19,985.222
2026-11-17T20,1032.574
2026-11-17T21,1037.632
2026-11-17T22,1220.752
2026-11-17T23,2030.328
2026-11-18T00,2197.213
2026-11-18T01,2630.945
2026-11-18T02,2491.611
2026-11-18T03,2437.823
2026-11-18T04,2381.528
2026-11-18T05,2315.503
2026-11-18T06,2229.754
2026-11-18T07,2013.311
2026-11-18T08,1963.278
2026-11-18T09,2258.361
2026-11-18T10,3032.657
2026-11-18T11,2419.534
2026-11-18T12,2011.663
2026-11-18T13,1680.786
2026-11-18T14,1561.794
2026-11-18T15,1494.709
2026-11-18T16,1574.441
2026-11-18T17,1563.585
2026-11-18T18,1276.854
2026-11-18T19,1164.622
2026-11-18T20,1220.596
2026-11-18T21,1226.576
2026-11-18T22,1443.04
2026-11-18T23,2400.032
2026-11-19T00,2011.539
2026-11-19T01,2408.618
2026-11-19T02,2281.059
2026-11-19T03,2231.816
2026-11-19T04,2180.279
2026-11-19T05,2119.833
2026-11-19T06,2041.33
2026-11-19T07,1843.177
2026-11-19T08,1797.372
2026-11-19T09,2067.519
2026-11-19T10,2776.384
2026-11-19T11,2215.073
2026-11-19T12,1841.669
2026-11-19T13,1538.752
2026-11-19T14,1429.815
2026-11-19T15,1368.399
2026-11-19T16,1441.394
2026-11-19T17,1431.455
2026-11-19T18,1168.954
2026-11-19T19,1066.207
2026-11-19T20,1117.45
2026-11-19T21,1122.925
2026-11-19T22,1321.096
2026-11-19T23,2197.219
2026-11-20T00,2148.015
2026-11-20T01,2572.035
2026-11-20T02,2435.821
2026-11-20T03,2383.237
2026-11-20T04,2328.203
2026-11-20T05,2263.656
2026-11-20T06,2179.827
2026-11-20T07,1968.23
2026-11-20T08,1919.318
2026-11-20T09,2207.793
2026-11-20T10,2964.752
2026-11-20T11,2365.358
2026-11-20T12,1966.62
2026-11-20T13,1643.151
2026-11-20T14,1526.823
2026-11-20T15,1461.24
2026-11-20T16,1539.188
2026-11-20T17,1528.574
2026-11-20T18,1248.264
2026-11-20T19,1138.545
2026-11-20T20,1193.266
2026-11-20T21,1199.111
2026-11-20T22,1410.728
2026-11-20T23,2346.293
2026-11-21T00,2016.926
2026-11-21T01,2415.069
2026-11-21T02,2287.168
2026-11-21T03,2237.793
2026-11-21T04,2186.117
2026-11-21T05,2125.51
2026-11-21T06,2046.797
2026-11-21T07,1848.113
2026-11-21T08,1802.186
2026-11-21T09,2073.056
2026-11-21T10,2783.819
2026-11-21T11,2221.005
2026-11-21T12,1846.601
2026-11-21T13,1542.873
2026-11-21T14,1433.644
2026-11-21T15,1372.064
2026-11-21T16,1445.254
2026-11-21T17,1435.288
2026-11-21T18,1172.085
2026-11-21T19,1069.062
2026-11-21T20,1120.443
2026-11-21T21,1125.932
2026-11-21T22,1324.634
2026-11-21T23,2203.103
2026-11-22T00,2032.006
2026-11-22T01,2433.125
2026-11-22T02,2304.268
2026-11-22T03,2254.524
2026-11-22T04,2202.462
2026-11-22T05,2141.401
2026-11-22T06,2062.1
2026-11-22T07,1861.931
2026-11-22T08,1815.66
2026-11-22T09,2088.556
2026-11-22T10,2804.633
2026-11-22T11,2237.61
2026-11-22T12,1860.407
2026-11-22T13,1554.408
2026-11-22T14,1444.363
2026-11-22T15,1382.322
2026-11-22T16,1456.06
2026-11-22T17,1446.019
2026-11-22T18,1180.848
2026-11-22T19,1077.055
2026-11-22T20,1128.82
2026-11-22T21,1134.35
2026-11-22T22,1334.538
2026-11-22T23,2219.575
2026-11-23T00,2610.582
2026-11-23T01,3125.914
2026-11-23T02,2960.367
2026-11-23T03,2896.459
2026-11-23T04,2829.574
2026-11-23T05,2751.127
2026-11-23T06,2649.245
2026-11-23T07,2392.082
2026-11-23T08,2332.636
2026-11-23T09,2683.234
2026-11-23T10,3603.201
2026-11-23T11,2874.729
2026-11-23T12,2390.124
2026-11-23T13,1996.998
2026-11-23T14,1855.619
2026-11-23T15,1775.913
2026-11-23T16,1870.646
2026-11-23T17,1857.747
2026-11-23T18,1517.073
2026-11-23T19,1383.727
2026-11-23T20,1450.231
2026-11-23T21,1457.336
2026-11-23T22,1714.523
2026-11-23T23,2851.559
2026-11-24T00,1860.046
2026-11-24T01,2227.221
2026-11-24T02,2109.268
2026-11-24T03,2063.734
2026-11-24T04,2016.078
2026-11-24T05,1960.184
2026-11-24T06,1887.593
2026-11-24T07,1704.364
2026-11-24T08,1662.009
2026-11-24T09,1911.81
2026-11-24T10,2567.289
2026-11-24T11,2048.251
2026-11-24T12,1702.969
2026-11-24T13,1422.866
2026-11-24T14,1322.133
2026-11-24T15,1265.343
2026-11-24T16,1332.84
2026-11-24T17,1323.649
2026-11-24T18,1080.918
2026-11-24T19,985.909
2026-11-24T20,1033.293
2026-11-24T21,1038.355
2026-11-24T22,1221.602
2026-11-24T23,2031.742
2026-11-25T00,2203.524
2026-11-25T01,2638.502
2026-11-25T02,2498.768
2026-11-25T03,2444.826
2026-11-25T04,2388.369
2026-11-25T05,2322.154
2026-11-25T06,2236.159
2026-11-25T07,2019.094
2026-11-25T08,1968.917
2026-11-25T09,2264.848
2026-11-25T10,3041.368
2026-11-25T11,2426.484
2026-11-25T12,2017.442
2026-11-25T13,1685.614
2026-11-25T14,1566.28
2026-11-25T15,1499.002
2026-11-25T16,1578.964
2026-11-25T17,1568.076
2026-11-25T18,1280.522
2026-11-25T19,1167.968
2026-11-25T20,1224.102
2026-11-25T21,1230.099
2026-11-25T22,1447.185
2026-11-25T23,2406.926
2026-11-26T00,1899.49
2026-11-26T01,2274.451
2026-11-26T02,2153.997
2026-11-26T03,2107.497
2026-11-26T04,2058.83
2026-11-26T05,2001.751
2026-11-26T06,1927.621
2026-11-26T07,1740.506
2026-11-26T08,1697.253
2026-11-26T09,1952.352
2026-11-26T10,2621.731
2026-11-26T11,2091.686
2026-11-26T12,1739.082
2026-11-26T13,1453.039
2026-11-26T14,1350.17
2026-11-26T15,1292.175
2026-11-26T16,1361.104
2026-11-26T17,1351.718
2026-11-26T18,1103.84
2026-11-26T19,1006.816
2026-11-26T20,1055.205
2026-11-26T21,1060.374
2026-11-26T22,1247.507
2026-11-26T23,2074.827
2026-11-27T00,2229.708
2026-11-27T01,2669.855
2026-11-27T02,2528.461
2026-11-27T03,2473.877
2026-11-27T04,2416.75
2026-11-27T05,2349.748
2026-11-27T06,2262.731
2026-11-27T07,2043.086
2026-11-27T08,1992.314
2026-11-27T09,2291.76
2026-11-27T10,3077.508
2026-11-27T11,2455.317
2026-11-27T12,2041.414
2026-11-27T13,1705.643
2026-11-27T14,1584.892
2026-11-27T15,1516.815
2026-11-27T16,1597.726
2026-11-27T17,1586.709
2026-11-27T18,1295.738
2026-11-27T19,1181.846
2026-11-27T20,1238.648
2026-11-27T21,1244.716
2026-11-27T22,1464.381
2026-11-27T23,2435.527
2026-11-28T00,1680.643
2026-11-28T01,2012.404
2026-11-28T02,1905.828
2026-11-28T03,1864.685
2026-11-28T04,1821.626
2026-11-28T05,1771.123
2026-11-28T06,1705.534
2026-11-28T07,1539.977
2026-11-28T08,1501.707
2026-11-28T09,1727.415
2026-11-28T10,2319.673
2026-11-28T11,1850.696
2026-11-28T12,1538.717
2026-11-28T13,1285.629
2026-11-28T14,1194.613
2026-11-28T15,1143.299
2026-11-28T16,1204.287
2026-11-28T17,1195.982
2026-11-28T18,976.663
2026-11-28T19,890.817
2026-11-28T20,933.631
2026-11-28T21,938.205
2026-11-28T22,1103.778
2026-11-28T23,1835.779
2026-11-29T00,1839.524
2026-11-29T01,2202.648
2026-11-29T02,2085.996
2026-11-29T03,2040.965
2026-11-29T04,1993.834
2026-11-29T05,1938.557
2026-11-29T06,1866.768
2026-11-29T07,1685.56
2026-11-29T08,1643.672
2026-11-29T09,1890.717
2026-11-29T10,2538.964
2026-11-29T11,2025.653
2026-11-29T12,1684.18
2026-11-29T13,1407.167
2026-11-29T14,1307.546
2026-11-29T15,1251.382
2026-11-29T16,1318.135
2026-11-29T17,1309.045
2026-11-29T18,1068.992
2026-11-29T19,975.031
2026-11-29T20,1021.893
2026-11-29T21,1026.899
2026-11-29T22,1208.124
2026-11-29T23,2009.326
2026-11-30T00,2504.995
2026-11-30T01,2999.484
2026-11-30T02,2840.632
2026-11-30T03,2779.31
2026-11-30T04,2715.129
2026-11-30T05,2639.855
2026-11-30T06,2542.095
2026-11-30T07,2295.332
2026-11-30T08,2238.291
2026-11-30T09,2574.709
2026-11-30T10,3457.467
2026-11-30T11,2758.459
2026-11-30T12,2293.454
2026-11-30T13,1916.228
2026-11-30T14,1780.568
2026-11-30T15,1704.085
2026-11-30T16,1794.987
2026-11-30T17,1782.609
2026-11-30T18,1455.714
2026-11-30T19,1327.761
2026-11-30T20,1391.576
2026-11-30T21,1398.393
2026-11-30T22,1645.178
2026-11-30T23,2736.225
2026-12-01T00,2415.967
2026-12-01T01,2892.881
2026-12-01T02,2739.675
2026-12-01T03,2680.532
2026-12-01T04,2618.632
2026-12-01T05,2546.033
2026-12-01T06,2451.747
2026-12-01T07,2213.755
2026-12-01T08,2158.741
2026-12-01T09,2483.202
2026-12-01T10,3334.587
2026-12-01T11,2660.422
2026-12-01T12,2211.943
2026-12-01T13,1848.124
2026-12-01T14,1717.285
2026-12-01T15,1643.521
2026-12-01T16,1731.192
2026-12-01T17,1719.255
2026-12-01T18,1403.977
2026-12-01T19,1280.572
2026-12-01T20,1342.118
2026-12-01T21,1348.693
2026-12-01T22,1586.708
2026-12-01T23,2638.978
2026-12-02T00,2135.486
2026-12-02T01,2557.033
2026-12-02T02,2421.614
2026-12-02T03,2369.337
2026-12-02T04,2314.624
2026-12-02T05,2250.453
2026-12-02T06,2167.113
2026-12-02T07,1956.75
2026-12-02T08,1908.123
2026-12-02T09,2194.916
2026-12-02T10,2947.46
2026-12-02T11,2351.561
2026-12-02T12,1955.149
2026-12-02T13,1633.567
2026-12-02T14,1517.918
2026-12-02T15,1452.718
2026-12-02T16,1530.21
2026-12-02T17,1519.659
2026-12-02T18,1240.983
2026-12-02T19,1131.904
2026-12-02T20,1186.306
2026-12-02T21,1192.117
2026-12-02T22,1402.5
2026-12-02T23,2332.608
2026-12-03T00,1981.11
2026-12-03T01,2372.182
2026-12-03T02,2246.553
2026-12-03T03,2198.055
2026-12-03T04,2147.297
2026-12-03T05,2087.765
2026-12-03T06,2010.45
2026-12-03T07,1815.295
2026-12-03T08,1770.183
2026-12-03T09,2036.243
2026-12-03T10,2734.385
2026-12-03T11,2181.564
2026-12-03T12,1813.809
2026-12-03T13,1515.475
2026-12-03T14,1408.186
2026-12-03T15,1347.699
2026-12-03T16,1419.59
2026-12-03T17,1409.801
2026-12-03T18,1151.271
2026-12-03T19,1050.078
2026-12-03T20,1100.546
2026-12-03T21,1105.938
2026-12-03T22,1301.112
2026-12-03T23,2163.981
2026-12-04T00,2339.912
2026-12-04T01,2801.812
2026-12-04T02,2653.429
2026-12-04T03,2596.148
2026-12-04T04,2536.197
2026-12-04T05,2465.884
2026-12-04T06,2374.566
2026-12-04T07,2144.066
2026-12-04T08,2090.784
2026-12-04T09,2405.031
2026-12-04T10,3229.614
2026-12-04T11,2576.671
2026-12-04T12,2142.311
2026-12-04T13,1789.945
2026-12-04T14,1663.225
2026-12-04T15,1591.783
2026-12-04T16,1676.694
2026-12-04T17,1665.132
2026-12-04T18,1359.779
2026-12-04T19,1240.259
2026-12-04T20,1299.868
2026-12-04T21,1306.236
2026-12-04T22,1536.758
2026-12-04T23,2555.903
2026-12-05T00,2109.393
2026-12-05T01,2525.789
2026-12-05T02,2392.024
2026-12-05T03,2340.386
2026-12-05T04,2286.341
2026-12-05T05,2222.955
2026-12-05T06,2140.633
2026-12-05T07,1932.841
2026-12-05T08,1884.808
2026-12-05T09,2168.096
2026-12-05T10,2911.445
2026-12-05T11,2322.828
2026-12-05T12,1931.259
2026-12-05T13,1613.606
2026-12-05T14,1499.37
2026-12-05T15,1434.967
2026-12-05T16,1511.512
2026-12-05T17,1501.09
2026-12-05T18,1225.819
2026-12-05T19,1118.074
2026-12-05T20,1171.81
2026-12-05T21,1177.551
2026-12-05T22,1385.363
2026-12-05T23,2304.105
2026-12-06T00,1900.424
2026-12-06T01,2275.57
2026-12-06T02,2155.057
2026-12-06T03,2108.534
2026-12-06T04,2059.843
2026-12-06T05,2002.736
2026-12-06T06,1928.57
2026-12-06T07,1741.363
2026-12-06T08,1698.088
2026-12-06T09,1953.313
2026-12-06T10,2623.021
2026-12-06T11,2092.715
2026-12-06T12,1739.938
2026-12-06T13,1453.754
2026-12-06T14,1350.834
2026-12-06T15,1292.811
2026-12-06T16,1361.774
2026-12-06T17,1352.384
2026-12-06T18,1104.383
2026-12-06T19,1007.311
2026-12-06T20,1055.724
2026-12-06T21,1060.896
2026-12-06T22,1248.121
2026-12-06T23,2075.848
2026-12-07T00,2596.32
2026-12-07T01,3108.835
2026-12-07T02,2944.193
2026-12-07T03,2880.634
2026-12-07T04,2814.114
2026-12-07T05,2736.096
2026-12-07T06,2634.771
2026-12-07T07,2379.013
2026-12-07T08,2319.892
2026-12-07T09,2668.574
2026-12-07T10,3583.515
2026-12-07T11,2859.023
2026-12-07T12,2377.066
2026-12-07T13,1986.087
2026-12-07T14,1845.481
2026-12-07T15,1766.211
2026-12-07T16,1860.426
2026-12-07T17,1847.598
2026-12-07T18,1508.784
2026-12-07T19,1376.167
2026-12-07T20,1442.308
2026-12-07T21,1449.374
2026-12-07T22,1705.156
2026-12-07T23,2835.979
2026-12-08T00,2131.518
2026-12-08T01,2552.281
2026-12-08T02,2417.113
2026-12-08T03,2364.934
2026-12-08T04,2310.322
2026-12-08T05,2246.271
2026-12-08T06,2163.086
2026-12-08T07,1953.114
2026-12-08T08,1904.577
2026-12-08T09,2190.837
2026-12-08T10,2941.982
2026-12-08T11,2347.191
2026-12-08T12,1951.516
2026-12-08T13,1630.531
2026-12-08T14,1515.097
2026-12-08T15,1450.018
2026-12-08T16,1527.366
2026-12-08T17,1516.834
2026-12-08T18,1238.677
2026-12-08T19,1129.801
2026-12-08T20,1184.101
2026-12-08T21,1189.902
2026-12-08T22,1399.893
2026-12-08T23,2328.273
2026-12-09T00,1954.195
2026-12-09T01,2339.955
2026-12-09T02,2216.032
2026-12-09T03,2168.193
2026-12-09T04,2118.125
2026-12-09T05,2059.402
2026-12-09T06,1983.137
2026-12-09T07,1790.633
2026-12-09T08,1746.134
2026-12-09T09,2008.58
2026-12-09T10,2697.237
2026-12-09T11,2151.927
2026-12-09T12,1789.168
2026-12-09T13,1494.886
2026-12-09T14,1389.055
2026-12-09T15,1329.39
2026-12-09T16,1400.304
2026-12-09T17,1390.648
2026-12-09T18,1135.63
2026-12-09T19,1035.812
2026-12-09T20,1085.595
2026-12-09T21,1090.913
2026-12-09T22,1283.435
2026-12-09T23,2134.582
2026-12-10T00,2010.462
2026-12-10T01,2407.329
2026-12-10T02,2279.838
2026-12-10T03,2230.622
2026-12-10T04,2179.112
2026-12-10T05,2118.698
2026-12-10T06,2040.237
2026-12-10T07,1842.191
2026-12-10T08,1796.411
2026-12-10T09,2066.413
2026-12-10T10,2774.898
2026-12-10T11,2213.887
2026-12-10T12,1840.683
2026-12-10T13,1537.928
2026-12-10T14,1429.05
2026-12-10T15,1367.667
2026-12-10T16,1440.623
2026-12-10T17,1430.689
2026-12-10T18,1168.329
2026-12-10T19,1065.636
2026-12-10T20,1116.852
2026-12-10T21,1122.324
2026-12-10T22,1320.389
2026-12-10T23,2196.043
2026-12-11T00,2507.084
2026-12-11T01,3001.985
2026-12-11T02,2843.001
2026-12-11T03,2781.627
2026-12-11T04,2717.393
2026-12-11T05,2642.056
2026-12-11T06,2544.214
2026-12-11T07,2297.246
2026-12-11T08,2240.157
2026-12-11T09,2576.855
2026-12-11T10,3460.35
2026-12-11T11,2760.759
2026-12-11T12,2295.366
2026-12-11T13,1917.825
2026-12-11T14,1782.052
2026-12-11T15,1705.506
2026-12-11T16,1796.483
2026-12-11T17,1784.096
2026-12-11T18,1456.927
2026-12-11T19,1328.868
2026-12-11T20,1392.736
2026-12-11T21,1399.559
2026-12-11T22,1646.55
2026-12-11T23,2738.507
2026-12-12T00,2102.33
2026-12-12T01,2517.332
2026-12-12T02,2384.015
2026-12-12T03,2332.549
2026-12-12T04,2278.686
2026-12-12T05,2215.512
2026-12-12T06,2133.465
2026-12-12T07,1926.369
2026-12-12T08,1878.497
2026-12-12T09,2160.837
2026-12-12T10,2901.696
2026-12-12T11,2315.05
2026-12-12T12,1924.793
2026-12-12T13,1608.204
2026-12-12T14,1494.35
2026-12-12T15,1430.162
2026-12-12T16,1506.451
2026-12-12T17,1496.064
2026-12-12T18,1221.715
2026-12-12T19,1114.33
2026-12-12T20,1167.887
2026-12-12T21,1173.608
2026-12-12T22,1380.724
2026-12-12T23,2296.39
2026-12-13T00,2061.655
2026-12-13T01,2468.628
2026-12-13T02,2337.89
2026-12-13T03,2287.42
2026-12-13T04,2234.599
2026-12-13T05,2172.647
2026-12-13T06,2092.188
2026-12-13T07,1889.099
2026-12-13T08,1842.153
2026-12-13T09,2119.03
2026-12-13T10,2845.556
2026-12-13T11,2270.26
2026-12-13T12,1887.553
2026-12-13T13,1577.089
2026-12-13T14,1465.438
2026-12-13T15,1402.492
2026-12-13T16,1477.305
2026-12-13T17,1467.119
2026-12-13T18,1198.078
2026-12-13T19,1092.77
2026-12-13T20,1145.291
2026-12-13T21,1150.902
2026-12-13T22,1354.01
2026-12-13T23,2251.961
2026-12-14T00,2649.057
2026-12-14T01,3171.983
2026-12-14T02,3003.996
2026-12-14T03,2939.147
2026-12-14T04,2871.276
2026-12-14T05,2791.672
2026-12-14T06,2688.29
2026-12-14T07,2427.336
2026-12-14T08,2367.015
2026-12-14T09,2722.779
2026-12-14T10,3656.305
2026-12-14T11,2917.097
2026-12-14T12,2425.35
2026-12-14T13,2026.429
2026-12-14T14,1882.967
2026-12-14T15,1802.087
2026-12-14T16,1898.216
2026-12-14T17,1885.127
2026-12-14T18,1539.431
2026-12-14T19,1404.12
2026-12-14T20,1471.605
2026-12-14T21,1478.814
2026-12-14T22,1739.792
2026-12-14T23,2893.585
2026-12-15T00,1870.982
2026-12-15T01,2240.315
2026-12-15T02,2121.669
2026-12-15T03,2075.867
2026-12-15T04,2027.931
2026-12-15T05,1971.709
2026-12-15T06,1898.691
2026-12-15T07,1714.384
2026-12-15T08,1671.78
2026-12-15T09,1923.051
2026-12-15T10,2582.383
2026-12-15T11,2060.294
2026-12-15T12,1712.981
2026-12-15T13,1431.231
2026-12-15T14,1329.906
2026-12-15T15,1272.782
2026-12-15T16,1340.676
2026-12-15T17,1331.431
2026-12-15T18,1087.273
2026-12-15T19,991.705
2026-12-15T20,1039.368
2026-12-15T21,1044.46
2026-12-15T22,1228.784
2026-12-15T23,2043.687
2026-12-16T00,2118.073
2026-12-16T01,2536.183
2026-12-16T02,2401.868
2026-12-16T03,2350.017
2026-12-16T04,2295.75
2026-12-16T05,2232.103
2026-12-16T06,2149.442
2026-12-16T07,1940.795
2026-12-16T08,1892.564
2026-12-16T09,2177.019
2026-12-16T10,2923.426
2026-12-16T11,2332.387
2026-12-16T12,1939.207
2026-12-16T13,1620.247
2026-12-16T14,1505.541
2026-12-16T15,1440.872
2026-12-16T16,1517.733
2026-12-16T17,1507.267
2026-12-16T18,1230.864
2026-12-16T19,1122.675
2026-12-16T20,1176.633
2026-12-16T21,1182.397
2026-12-16T22,1391.064
2026-12-16T23,2313.587
2026-12-17T00,2165.196
2026-12-17T01,2592.608
2026-12-17T02,2455.305
2026-12-17T03,2402.3
2026-12-17T04,2346.826
2026-12-17T05,2281.763
2026-12-17T06,2197.263
2026-12-17T07,1983.974
2026-12-17T08,1934.67
2026-12-17T09,2225.453
2026-12-17T10,2988.467
2026-12-17T11,2384.278
2026-12-17T12,1982.35
2026-12-17T13,1656.294
2026-12-17T14,1539.036
2026-12-17T15,1472.929
2026-12-17T16,1551.499
2026-12-17T17,1540.801
2026-12-17T18,1258.248
2026-12-17T19,1147.652
2026-12-17T20,1202.81
2026-12-17T21,1208.703
2026-12-17T22,1422.012
2026-12-17T23,2365.06
2026-12-18T00,2046.73
2026-12-18T01,2450.756
2026-12-18T02,2320.965
2026-12-18T03,2270.861
2026-12-18T04,2218.421
2026-12-18T05,2156.918
2026-12-18T06,2077.042
2026-12-18T07,1875.422
2026-12-18T08,1828.816
2026-12-18T09,2103.689
2026-12-18T10,2824.955
2026-12-18T11,2253.824
2026-12-18T12,1873.888
2026-12-18T13,1565.671
2026-12-18T14,1454.829
2026-12-18T15,1392.339
2026-12-18T16,1466.61
2026-12-18T17,1456.497
2026-12-18T18,1189.404
2026-12-18T19,1084.859
2026-12-18T20,1137.0
2026-12-18T21,1142.57
2026-12-18T22,1344.208
2026-12-18T23,2235.658
2026-12-19T00,1711.748
2026-12-19T01,2049.649
2026-12-19T02,1941.1
2026-12-19T03,1899.196
2026-12-19T04,1855.34
2026-12-19T05,1803.902
2026-12-19T06,1737.099
2026-12-19T07,1568.478
2026-12-19T08,1529.5
2026-12-19T09,1759.385
2026-12-19T10,2362.604
2026-12-19T11,1884.948
2026-12-19T12,1567.195
2026-12-19T13,1309.423
2026-12-19T14,1216.722
2026-12-19T15,1164.459
2026-12-19T16,1226.575
2026-12-19T17,1218.117
2026-12-19T18,994.738
2026-12-19T19,907.304
2026-12-19T20,950.911
2026-12-19T21,955.569
2026-12-19T22,1124.206
2026-12-19T23,1869.755
2026-12-20T00,1704.493
2026-12-20T01,2040.962
2026-12-20T02,1932.873
2026-12-20T03,1891.147
2026-12-20T04,1847.476
2026-12-20T05,1796.257
2026-12-20T06,1729.737
2026-12-20T07,1561.83
2026-12-20T08,1523.018
2026-12-20T09,1751.929
2026-12-20T10,2352.591
2026-12-20T11,1876.959
2026-12-20T12,1560.552
2026-12-20T13,1303.873
2026-12-20T14,1211.565
2026-12-20T15,1159.524
2026-12-20T16,1221.376
2026-12-20T17,1212.954
2026-12-20T18,990.522
2026-12-20T19,903.459
2026-12-20T20,946.88
2026-12-20T21,951.519
2026-12-20T22,1119.441
2026-12-20T23,1861.831
2026-12-21T00,2634.111
2026-12-21T01,3154.087
2026-12-21T02,2987.048
2026-12-21T03,2922.565
2026-12-21T04,2855.076
2026-12-21T05,2775.922
2026-12-21T06,2673.123
2026-12-21T07,2413.641
2026-12-21T08,2353.66
2026-12-21T09,2707.418
2026-12-21T10,3635.677
2026-12-21T11,2900.639
2026-12-21T12,2411.666
2026-12-21T13,2014.997
2026-12-21T14,1872.344
2026-12-21T15,1791.92
2026-12-21T16,1887.506
2026-12-21T17,1874.491
2026-12-21T18,1530.746
2026-12-21T19,1396.198
2026-12-21T20,1463.302
2026-12-21T21,1470.47
2026-12-21T22,1729.976
2026-12-21T23,2877.259
2026-12-22T00,1568.18
2026-12-22T01,1877.74
2026-12-22T02,1778.296
2026-12-22T03,1739.907
2026-12-22T04,1699.728
2026-12-22T05,1652.605
2026-12-22T06,1591.405
2026-12-22T07,1436.926
2026-12-22T08,1401.218
2026-12-22T09,1611.822
2026-12-22T10,2164.447
2026-12-22T11,1726.853
2026-12-22T12,1435.751
2026-12-22T13,1199.599
2026-12-22T14,1114.673
2026-12-22T15,1066.793
2026-12-22T16,1123.7
2026-12-22T17,1115.951
2026-12-22T18,911.307
2026-12-22T19,831.206
2026-12-22T20,871.156
2026-12-22T21,875.423
2026-12-22T22,1029.916
2026-12-22T23,1712.935
2026-12-23T00,1673.777
2026-12-23T01,2004.182
2026-12-23T02,1898.042
2026-12-23T03,1857.067
2026-12-23T04,1814.184
2026-12-23T05,1763.887
2026-12-23T06,1698.566
2026-12-23T07,1533.685
2026-12-23T08,1495.572
2026-12-23T09,1720.358
2026-12-23T10,2310.196
2026-12-23T11,1843.135
2026-12-23T12,1532.43
2026-12-23T13,1280.377
2026-12-23T14,1189.732
2026-12-23T15,1138.629
2026-12-23T16,1199.367
2026-12-23T17,1191.096
2026-12-23T18,972.673
2026-12-23T19,887.178
2026-12-23T20,929.817
2026-12-23T21,934.372
2026-12-23T22,1099.268
2026-12-23T23,1828.279
2026-12-24T00,2814.378
2026-12-24T01,3369.938
2026-12-24T02,3191.468
2026-12-24T03,3122.572
2026-12-24T04,3050.465
2026-12-24T05,2965.894
2026-12-24T06,2856.059
2026-12-24T07,2578.82
2026-12-24T08,2514.734
2026-12-24T09,2892.701
2026-12-24T10,3884.486
2026-12-24T11,3099.145
2026-12-24T12,2576.71
2026-12-24T13,2152.894
2026-12-24T14,2000.479
2026-12-24T15,1914.55
2026-12-24T16,2016.679
2026-12-24T17,2002.773
2026-12-24T18,1635.503
2026-12-24T19,1491.748
2026-12-24T20,1563.444
2026-12-24T21,1571.103
2026-12-24T22,1848.368
2026-12-24T23,3074.166
2026-12-25T00,2680.925
2026-12-25T01,3210.141
2026-12-25T02,3040.134
2026-12-25T03,2974.504
2026-12-25T04,2905.816
2026-12-25T05,2825.256
2026-12-25T06,2720.629
2026-12-25T07,2456.536
2026-12-25T08,2395.489
2026-12-25T09,2755.534
2026-12-25T10,3700.29
2026-12-25T11,2952.189
2026-12-25T12,2454.526
2026-12-25T13,2050.807
2026-12-25T14,1905.619
2026-12-25T15,1823.766
2026-12-25T16,1921.051
2026-12-25T17,1907.804
2026-12-25T18,1557.95
2026-12-25T19,1421.011
2026-12-25T20,1489.308
2026-12-25T21,1496.604
2026-12-25T22,1760.721
2026-12-25T23,2928.394
2026-12-26T00,2105.757
2026-12-26T01,2521.435
2026-12-26T02,2387.901
2026-12-26T03,2336.352
2026-12-26T04,2282.4
2026-12-26T05,2219.123
2026-12-26T06,2136.943
2026-12-26T07,1929.509
2026-12-26T08,1881.559
2026-12-26T09,2164.359
2026-12-26T10,2906.426
2026-12-26T11,2318.824
2026-12-26T12,1927.93
2026-12-26T13,1610.825
2026-12-26T14,1496.786
2026-12-26T15,1432.493
2026-12-26T16,1508.907
2026-12-26T17,1498.502
2026-12-26T18,1223.706
2026-12-26T19,1116.146
2026-12-26T20,1169.79
2026-12-26T21,1175.521
2026-12-26T22,1382.975
2026-12-26T23,2300.134
2026-12-27T00,1960.654
2026-12-27T01,2347.689
2026-12-27T02,2223.357
2026-12-27T03,2175.36
2026-12-27T04,2125.126
2026-12-27T05,2066.209
2026-12-27T06,1989.692
2026-12-27T07,1796.552
2026-12-27T08,1751.906
2026-12-27T09,2015.219
2026-12-27T10,2706.152
2026-12-27T11,2159.04
2026-12-27T12,1795.081
2026-12-27T13,1499.827
2026-12-27T14,1393.646
2026-12-27T15,1333.784
2026-12-27T16,1404.932
2026-12-27T17,1395.244
2026-12-27T18,1139.384
2026-12-27T19,1039.236
2026-12-27T20,1089.183
2026-12-27T21,1094.519
2026-12-27T22,1287.677
2026-12-27T23,2141.637
2026-12-28T00,2538.181
2026-12-28T01,3039.22
2026-12-28T02,2878.264
2026-12-28T03,2816.129
2026-12-28T04,2751.099
2026-12-28T05,2674.827
2026-12-28T06,2575.772
2026-12-28T07,2325.74
2026-12-28T08,2267.944
2026-12-28T09,2608.818
2026-12-28T10,3503.271
2026-12-28T11,2795.002
2026-12-28T12,2323.837
2026-12-28T13,1941.613
2026-12-28T14,1804.156
2026-12-28T15,1726.661
2026-12-28T16,1818.766
2026-12-28T17,1806.225
2026-12-28T18,1474.999
2026-12-28T19,1345.351
2026-12-28T20,1410.011
2026-12-28T21,1416.918
2026-12-28T22,1666.973
2026-12-28T23,2772.474
2026-12-29T00,2029.593
2026-12-29T01,2430.236
2026-12-29T02,2301.532
2026-12-29T03,2251.847
2026-12-29T04,2199.847
2026-12-29T05,2138.859
2026-12-29T06,2059.651
2026-12-29T07,1859.72
2026-12-29T08,1813.504
2026-12-29T09,2086.076
2026-12-29T10,2801.303
2026-12-29T11,2234.953
2026-12-29T12,1858.198
2026-12-29T13,1552.562
2026-12-29T14,1442.648
2026-12-29T15,1380.681
2026-12-29T16,1454.331
2026-12-29T17,1444.302
2026-12-29T18,1179.446
2026-12-29T19,1075.776
2026-12-29T20,1127.48
2026-12-29T21,1133.003
2026-12-29T22,1332.953
2026-12-29T23,2216.939
2026-12-30T00,1698.639
2026-12-30T01,2033.952
2026-12-30T02,1926.234
2026-12-30T03,1884.652
2026-12-30T04,1841.131
2026-12-30T05,1790.087
2026-12-30T06,1723.796
2026-12-30T07,1556.466
2026-12-30T08,1517.787
2026-12-30T09,1745.911
2026-12-30T10,2344.51
2026-12-30T11,1870.512
2026-12-30T12,1555.193
2026-12-30T13,1299.395
2026-12-30T14,1207.404
2026-12-30T15,1155.541
2026-12-30T16,1217.182
2026-12-30T17,1208.788
2026-12-30T18,987.12
2026-12-30T19,900.355
2026-12-30T20,943.628
2026-12-30T21,948.251
2026-12-30T22,1115.596
2026-12-30T23,1855.436
2026-12-31T00,3003.661
2026-12-31T01,3596.586
2026-12-31T02,3406.113
2026-12-31T03,3332.583
2026-12-31T04,3255.626
2026-12-31T05,3165.367
2026-12-31T06,3048.146
2026-12-31T07,2752.261
2026-12-31T08,2683.864
2026-12-31T09,3087.252
2026-12-31T10,4145.74
2026-12-31T11,3307.581
2026-12-31T12,2750.009
2026-12-31T13,2297.688
2026-12-31T14,2135.022
2026-12-31T15,2043.315
2026-12-31T16,2152.312
2026-12-31T17,2137.471
2026-12-31T18,1745.5
2026-12-31T19,1592.076
2026-12-31T20,1668.594
2026-12-31T21,1676.769
2026-12-31T22,1972.681
2026-12-31T23,3280.921
