bucket,value
2026-01-01T00,1918.048
2026-01-01T01,1905.075
2026-01-01T02,1883.612
2026-01-01T03,1788.991
2026-01-01T04,1599.874
2026-01-01T05,1450.964
2026-01-01T06,1469.619
2026-01-01T07,1519.684
2026-01-01T08,1619.627
2026-01-01T09,1758.546
2026-01-01T10,1613.928
2026-01-01T11,1360.835
2026-01-01T12,1954.966
2026-01-01T13,1957.574
2026-01-01T14,1920.569
2026-01-01T15,1894.587
2026-01-01T16,1829.437
2026-01-01T17,1439.76
2026-01-01T18,1459.688
2026-01-01T19,1462.029
2026-01-01T20,1409.395
2026-01-01T21,1183.116
2026-01-01T22,853.799
2026-01-01T23,1594.276
2026-01-02T00,1570.928
2026-01-02T01,1456.953
2026-01-02T02,1447.053
2026-01-02T03,1431.293
2026-01-02T04,1455.715
2026-01-02T05,1474.292
2026-01-02T06,1495.339
2026-01-02T07,1671.085
2026-01-02T08,1907.797
2026-01-02T09,2018.119
2026-01-02T10,2527.321
2026-01-02T11,2479.263
2026-01-02T12,2226.02
2026-01-02T13,2608.532
2026-01-02T14,2662.756
2026-01-02T15,2590.245
2026-01-02T16,2480.559
2026-01-02T17,2176.056
2026-01-02T18,2219.607
2026-01-02T19,2164.048
2026-01-02T20,2158.963
2026-01-02T21,1852.206
2026-01-02T22,1028.349
2026-01-02T23,1683.503
2026-01-03T00,1548.572
2026-01-03T01,1453.94
2026-01-03T02,1431.94
2026-01-03T03,1410.114
2026-01-03T04,1414.538
2026-01-03T05,1400.621
2026-01-03T06,1445.098
2026-01-03T07,1631.848
2026-01-03T08,1994.261
2026-01-03T09,2176.186
2026-01-03T10,2604.162
2026-01-03T11,2709.311
2026-01-03T12,2744.434
2026-01-03T13,2721.703
2026-01-03T14,2344.423
2026-01-03T15,2564.746
2026-01-03T16,2505.217
2026-01-03T17,2122.038
2026-01-03T18,2137.592
2026-01-03T19,2063.322
2026-01-03T20,2132.645
2026-01-03T21,1800.676
2026-01-03T22,1090.954
2026-01-03T23,1736.657
2026-01-04T00,1605.796
2026-01-04T01,1472.644
2026-01-04T02,1434.769
2026-01-04T03,1420.808
2026-01-04T04,1436.172
2026-01-04T05,1425.632
2026-01-04T06,1432.868
2026-01-04T07,1521.007
2026-01-04T08,1865.223
2026-01-04T09,1989.103
2026-01-04T10,2479.133
2026-01-04T11,2606.859
2026-01-04T12,2689.046
2026-01-04T13,2618.26
2026-01-04T14,2648.222
2026-01-04T15,2664.395
2026-01-04T16,2545.447
2026-01-04T17,2194.95
2026-01-04T18,2204.519
2026-01-04T19,2242.812
2026-01-04T20,2199.981
2026-01-04T21,1834.31
2026-01-04T22,1045.149
2026-01-04T23,1662.894
2026-01-05T00,1559.567
2026-01-05T01,1478.984
2026-01-05T02,1427.635
2026-01-05T03,1427.827
2026-01-05T04,1412.878
2026-01-05T05,1412.661
2026-01-05T06,1427.419
2026-01-05T07,1515.323
2026-01-05T08,1630.026
2026-01-05T09,1887.76
2026-01-05T10,1859.551
2026-01-05T11,1602.0
2026-01-05T12,2222.288
2026-01-05T13,2501.3
2026-01-05T14,2670.509
2026-01-05T15,2652.211
2026-01-05T16,2579.676
2026-01-05T17,2177.257
2026-01-05T18,2205.364
2026-01-05T19,2183.907
2026-01-05T20,1946.053
2026-01-05T21,1445.969
2026-01-05T22,948.479
2026-01-05T23,1539.355
2026-01-06T00,1527.184
2026-01-06T01,1476.976
2026-01-06T02,1440.635
2026-01-06T03,1464.075
2026-01-06T04,1465.302
2026-01-06T05,1467.351
2026-01-06T06,1463.337
2026-01-06T07,1625.238
2026-01-06T08,2437.202
2026-01-06T09,2189.758
2026-01-06T10,2544.811
2026-01-06T11,2669.29
2026-01-06T12,2751.934
2026-01-06T13,2716.491
2026-01-06T14,2643.332
2026-01-06T15,2629.39
2026-01-06T16,2535.821
2026-01-06T17,2186.166
2026-01-06T18,2141.083
2026-01-06T19,2175.042
2026-01-06T20,2112.764
2026-01-06T21,1770.725
2026-01-06T22,1010.397
2026-01-06T23,1621.696
2026-01-07T00,1564.723
2026-01-07T01,1519.366
2026-01-07T02,1474.583
2026-01-07T03,1449.741
2026-01-07T04,1447.181
2026-01-07T05,1434.281
2026-01-07T06,1458.951
2026-01-07T07,1740.279
2026-01-07T08,2410.194
2026-01-07T09,2179.938
2026-01-07T10,2603.844
2026-01-07T11,2698.92
2026-01-07T12,2676.188
2026-01-07T13,2626.857
2026-01-07T14,2609.342
2026-01-07T15,2607.333
2026-01-07T16,2423.298
2026-01-07T17,2082.538
2026-01-07T18,2082.806
2026-01-07T19,2108.53
2026-01-07T20,2086.586
2026-01-07T21,1715.321
2026-01-07T22,986.695
2026-01-07T23,1387.503
2026-01-08T00,1380.719
2026-01-08T01,1515.147
2026-01-08T02,1467.587
2026-01-08T03,1414.65
2026-01-08T04,1430.06
2026-01-08T05,1423.157
2026-01-08T06,1404.974
2026-01-08T07,1663.49
2026-01-08T08,2312.601
2026-01-08T09,2128.462
2026-01-08T10,2539.454
2026-01-08T11,2578.32
2026-01-08T12,2591.118
2026-01-08T13,2617.693
2026-01-08T14,2611.98
2026-01-08T15,2596.576
2026-01-08T16,2493.49
2026-01-08T17,2108.878
2026-01-08T18,2176.765
2026-01-08T19,2192.379
2026-01-08T20,2116.54
2026-01-08T21,1784.585
2026-01-08T22,1101.171
2026-01-08T23,1678.204
2026-01-09T00,1573.11
2026-01-09T01,1478.728
2026-01-09T02,1439.353
2026-01-09T03,1421.582
2026-01-09T04,1429.915
2026-01-09T05,1458.072
2026-01-09T06,1454.166
2026-01-09T07,1631.008
2026-01-09T08,1946.398
2026-01-09T09,2027.269
2026-01-09T10,2556.06
2026-01-09T11,2598.129
2026-01-09T12,2645.296
2026-01-09T13,2650.098
2026-01-09T14,2663.595
2026-01-09T15,2669.179
2026-01-09T16,2298.887
2026-01-09T17,2177.436
2026-01-09T18,2165.231
2026-01-09T19,2180.43
2026-01-09T20,2104.586
2026-01-09T21,1813.06
2026-01-09T22,1043.765
2026-01-09T23,1588.647
2026-01-10T00,1604.856
2026-01-10T01,1522.154
2026-01-10T02,1471.729
2026-01-10T03,1462.084
2026-01-10T04,1464.411
2026-01-10T05,1454.212
2026-01-10T06,1477.389
2026-01-10T07,2078.85
2026-01-10T08,2389.764
2026-01-10T09,2184.807
2026-01-10T10,2532.82
2026-01-10T11,2645.286
2026-01-10T12,2683.704
2026-01-10T13,2689.995
2026-01-10T14,2690.595
2026-01-10T15,2675.241
2026-01-10T16,2575.405
2026-01-10T17,2192.583
2026-01-10T18,2180.32
2026-01-10T19,2143.088
2026-01-10T20,2127.652
2026-01-10T21,1835.91
2026-01-10T22,1128.064
2026-01-10T23,1383.082
2026-01-11T00,1163.946
2026-01-11T01,1085.205
2026-01-11T02,1877.52
2026-01-11T03,1863.163
2026-01-11T04,1874.78
2026-01-11T05,1855.5
2026-01-11T06,1880.334
2026-01-11T07,2031.632
2026-01-11T08,2319.301
2026-01-11T09,2129.66
2026-01-11T10,2483.61
2026-01-11T11,2601.643
2026-01-11T12,2623.059
2026-01-11T13,2636.481
2026-01-11T14,2617.676
2026-01-11T15,2625.343
2026-01-11T16,2519.752
2026-01-11T17,2128.727
2026-01-11T18,2205.493
2026-01-11T19,2201.07
2026-01-11T20,2258.575
2026-01-11T21,1877.981
2026-01-11T22,1139.705
2026-01-11T23,1818.844
2026-01-12T00,1642.018
2026-01-12T01,1424.652
2026-01-12T02,1464.348
2026-01-12T03,1270.848
2026-01-12T04,1753.645
2026-01-12T05,1910.531
2026-01-12T06,1688.803
2026-01-12T07,1598.461
2026-01-12T08,2090.619
2026-01-12T09,2082.277
2026-01-12T10,2103.453
2026-01-12T11,1833.359
2026-01-12T12,2112.599
2026-01-12T13,2491.252
2026-01-12T14,2620.201
2026-01-12T15,2590.538
2026-01-12T16,2488.963
2026-01-12T17,2110.726
2026-01-12T18,2140.294
2026-01-12T19,2060.939
2026-01-12T20,1952.28
2026-01-12T21,1363.441
2026-01-12T22,911.642
2026-01-12T23,1601.112
2026-01-13T00,1553.599
2026-01-13T01,1494.467
2026-01-13T02,1440.32
2026-01-13T03,1450.706
2026-01-13T04,1442.185
2026-01-13T05,1473.209
2026-01-13T06,1457.957
2026-01-13T07,1645.467
2026-01-13T08,1821.7
2026-01-13T09,1982.194
2026-01-13T10,2566.052
2026-01-13T11,2629.901
2026-01-13T12,2581.171
2026-01-13T13,2573.333
2026-01-13T14,2560.864
2026-01-13T15,2585.343
2026-01-13T16,2474.494
2026-01-13T17,2090.087
2026-01-13T18,2157.78
2026-01-13T19,2126.55
2026-01-13T20,2124.339
2026-01-13T21,1731.882
2026-01-13T22,1012.625
2026-01-13T23,1528.774
2026-01-14T00,629.254
2026-01-14T01,143.498
2026-01-14T02,1704.432
2026-01-14T03,1879.14
2026-01-14T04,1879.813
2026-01-14T05,1865.379
2026-01-14T06,1872.952
2026-01-14T07,2004.233
2026-01-14T08,2365.262
2026-01-14T09,2055.375
2026-01-14T10,2384.422
2026-01-14T11,2478.689
2026-01-14T12,2516.009
2026-01-14T13,2511.196
2026-01-14T14,2485.267
2026-01-14T15,2470.297
2026-01-14T16,2390.936
2026-01-14T17,2057.362
2026-01-14T18,2049.157
2026-01-14T19,2016.28
2026-01-14T20,1978.623
2026-01-14T21,1647.13
2026-01-14T22,920.299
2026-01-14T23,1610.994
2026-01-15T00,1558.718
2026-01-15T01,1468.092
2026-01-15T02,1444.133
2026-01-15T03,1441.239
2026-01-15T04,1442.258
2026-01-15T05,1459.42
2026-01-15T06,1449.255
2026-01-15T07,1627.992
2026-01-15T08,1850.713
2026-01-15T09,1893.889
2026-01-15T10,2441.603
2026-01-15T11,2463.744
2026-01-15T12,2465.146
2026-01-15T13,2458.433
2026-01-15T14,2474.57
2026-01-15T15,2454.878
2026-01-15T16,2352.323
2026-01-15T17,1996.697
2026-01-15T18,2033.382
2026-01-15T19,2046.644
2026-01-15T20,2004.562
2026-01-15T21,1628.42
2026-01-15T22,925.958
2026-01-15T23,1589.932
2026-01-16T00,1538.101
2026-01-16T01,1489.887
2026-01-16T02,1581.373
2026-01-16T03,1938.591
2026-01-16T04,1912.41
2026-01-16T05,1890.335
2026-01-16T06,1778.74
2026-01-16T07,1398.293
2026-01-16T08,1679.132
2026-01-16T09,1927.82
2026-01-16T10,2439.919
2026-01-16T11,2450.826
2026-01-16T12,2418.285
2026-01-16T13,2450.181
2026-01-16T14,2462.737
2026-01-16T15,2438.765
2026-01-16T16,2387.191
2026-01-16T17,2027.395
2026-01-16T18,2026.686
2026-01-16T19,2020.155
2026-01-16T20,1981.596
2026-01-16T21,1661.091
2026-01-16T22,986.626
2026-01-16T23,1658.862
2026-01-17T00,1588.986
2026-01-17T01,1519.956
2026-01-17T02,1450.176
2026-01-17T03,1447.479
2026-01-17T04,1444.987
2026-01-17T05,1455.385
2026-01-17T06,1471.964
2026-01-17T07,1567.568
2026-01-17T08,1657.58
2026-01-17T09,1921.809
2026-01-17T10,2459.56
2026-01-17T11,2480.225
2026-01-17T12,2511.213
2026-01-17T13,2566.015
2026-01-17T14,2583.369
2026-01-17T15,2618.921
2026-01-17T16,2471.53
2026-01-17T17,2111.404
2026-01-17T18,2136.954
2026-01-17T19,2119.558
2026-01-17T20,2046.657
2026-01-17T21,1702.817
2026-01-17T22,1056.323
2026-01-17T23,1745.566
2026-01-18T00,1602.49
2026-01-18T01,1540.86
2026-01-18T02,1482.09
2026-01-18T03,1458.505
2026-01-18T04,1458.536
2026-01-18T05,1439.857
2026-01-18T06,1444.028
2026-01-18T07,1573.097
2026-01-18T08,1847.292
2026-01-18T09,1944.077
2026-01-18T10,2397.719
2026-01-18T11,2508.022
2026-01-18T12,2593.951
2026-01-18T13,2645.447
2026-01-18T14,2607.125
2026-01-18T15,2513.817
2026-01-18T16,2398.043
2026-01-18T17,2062.979
2026-01-18T18,2082.419
2026-01-18T19,2089.358
2026-01-18T20,2027.221
2026-01-18T21,1693.532
2026-01-18T22,1040.364
2026-01-18T23,1670.172
2026-01-19T00,1568.312
2026-01-19T01,1459.178
2026-01-19T02,1449.823
2026-01-19T03,1444.104
2026-01-19T04,1437.133
2026-01-19T05,1423.222
2026-01-19T06,1455.794
2026-01-19T07,1520.69
2026-01-19T08,1609.708
2026-01-19T09,1561.13
2026-01-19T10,1566.153
2026-01-19T11,1606.407
2026-01-19T12,2112.129
2026-01-19T13,2383.525
2026-01-19T14,2554.027
2026-01-19T15,2570.646
2026-01-19T16,2491.311
2026-01-19T17,2106.638
2026-01-19T18,2125.159
2026-01-19T19,2123.022
2026-01-19T20,1901.99
2026-01-19T21,1361.769
2026-01-19T22,791.747
2026-01-19T23,1571.383
2026-01-20T00,1539.218
2026-01-20T01,1445.78
2026-01-20T02,1433.85
2026-01-20T03,1424.574
2026-01-20T04,1421.762
2026-01-20T05,1417.618
2026-01-20T06,1424.949
2026-01-20T07,1577.804
2026-01-20T08,1689.942
2026-01-20T09,1914.717
2026-01-20T10,2447.316
2026-01-20T11,2504.724
2026-01-20T12,2524.026
2026-01-20T13,2495.217
2026-01-20T14,2476.819
2026-01-20T15,2468.137
2026-01-20T16,2371.754
2026-01-20T17,2021.218
2026-01-20T18,1994.212
2026-01-20T19,2037.965
2026-01-20T20,1967.654
2026-01-20T21,1649.127
2026-01-20T22,911.351
2026-01-20T23,1638.267
2026-01-21T00,1564.425
2026-01-21T01,1527.583
2026-01-21T02,1505.484
2026-01-21T03,1486.226
2026-01-21T04,1461.072
2026-01-21T05,1434.442
2026-01-21T06,1455.909
2026-01-21T07,1640.654
2026-01-21T08,1796.755
2026-01-21T09,1824.498
2026-01-21T10,2419.929
2026-01-21T11,2519.971
2026-01-21T12,2530.191
2026-01-21T13,2532.745
2026-01-21T14,2507.566
2026-01-21T15,2484.923
2026-01-21T16,2417.093
2026-01-21T17,2047.663
2026-01-21T18,2086.947
2026-01-21T19,2119.987
2026-01-21T20,1960.802
2026-01-21T21,1604.808
2026-01-21T22,918.366
2026-01-21T23,1532.959
2026-01-22T00,1502.8
2026-01-22T01,1439.302
2026-01-22T02,1412.689
2026-01-22T03,1393.702
2026-01-22T04,1399.52
2026-01-22T05,1367.268
2026-01-22T06,1435.758
2026-01-22T07,1623.783
2026-01-22T08,1935.224
2026-01-22T09,2170.525
2026-01-22T10,2582.696
2026-01-22T11,2574.916
2026-01-22T12,2561.114
2026-01-22T13,2565.275
2026-01-22T14,2543.237
2026-01-22T15,2482.757
2026-01-22T16,2397.382
2026-01-22T17,2142.397
2026-01-22T18,2171.987
2026-01-22T19,2131.882
2026-01-22T20,2037.626
2026-01-22T21,1650.732
2026-01-22T22,962.297
2026-01-22T23,1612.132
2026-01-23T00,1564.992
2026-01-23T01,1510.716
2026-01-23T02,1453.298
2026-01-23T03,1402.71
2026-01-23T04,1354.366
2026-01-23T05,1325.717
2026-01-23T06,1421.896
2026-01-23T07,1579.157
2026-01-23T08,1907.262
2026-01-23T09,2062.352
2026-01-23T10,2420.537
2026-01-23T11,2499.896
2026-01-23T12,2543.852
2026-01-23T13,2543.101
2026-01-23T14,2573.814
2026-01-23T15,2564.396
2026-01-23T16,2421.196
2026-01-23T17,2067.719
2026-01-23T18,2094.315
2026-01-23T19,2048.083
2026-01-23T20,2004.687
2026-01-23T21,1673.519
2026-01-23T22,966.592
2026-01-23T23,1606.826
2026-01-24T00,1549.187
2026-01-24T01,1543.677
2026-01-24T02,1486.464
2026-01-24T03,1420.631
2026-01-24T04,1493.929
2026-01-24T05,1745.258
2026-01-24T06,1833.205
2026-01-24T07,1793.671
2026-01-24T08,1958.843
2026-01-24T09,2106.205
2026-01-24T10,2537.513
2026-01-24T11,2578.741
2026-01-24T12,2590.78
2026-01-24T13,2614.303
2026-01-24T14,2581.317
2026-01-24T15,2593.859
2026-01-24T16,2491.104
2026-01-24T17,2079.971
2026-01-24T18,2150.949
2026-01-24T19,2097.547
2026-01-24T20,2061.214
2026-01-24T21,1737.07
2026-01-24T22,1046.495
2026-01-24T23,2069.068
2026-01-25T00,2011.798
2026-01-25T01,1967.301
2026-01-25T02,1913.198
2026-01-25T03,1900.752
2026-01-25T04,1893.61
2026-01-25T05,1881.412
2026-01-25T06,1845.905
2026-01-25T07,1585.306
2026-01-25T08,1722.075
2026-01-25T09,1936.402
2026-01-25T10,2476.74
2026-01-25T11,2531.088
2026-01-25T12,2544.334
2026-01-25T13,2659.634
2026-01-25T14,2657.053
2026-01-25T15,2630.204
2026-01-25T16,2526.844
2026-01-25T17,2186.795
2026-01-25T18,2186.077
2026-01-25T19,2184.025
2026-01-25T20,2158.095
2026-01-25T21,1826.387
2026-01-25T22,1126.472
2026-01-25T23,1587.492
2026-01-26T00,1384.508
2026-01-26T01,1335.977
2026-01-26T02,1371.135
2026-01-26T03,1357.558
2026-01-26T04,1361.371
2026-01-26T05,1342.876
2026-01-26T06,1344.153
2026-01-26T07,1463.611
2026-01-26T08,1666.377
2026-01-26T09,1894.308
2026-01-26T10,2025.543
2026-01-26T11,1864.224
2026-01-26T12,2163.278
2026-01-26T13,2428.733
2026-01-26T14,2583.917
2026-01-26T15,2574.429
2026-01-26T16,2095.091
2026-01-26T17,2029.255
2026-01-26T18,2012.598
2026-01-26T19,1968.087
2026-01-26T20,1782.758
2026-01-26T21,1276.955
2026-01-26T22,826.253
2026-01-26T23,1504.004
2026-01-27T00,1430.624
2026-01-27T01,1318.329
2026-01-27T02,1316.002
2026-01-27T03,1302.719
2026-01-27T04,1317.908
2026-01-27T05,1295.436
2026-01-27T06,1331.199
2026-01-27T07,1516.373
2026-01-27T08,1760.055
2026-01-27T09,1992.66
2026-01-27T10,2511.805
2026-01-27T11,2541.322
2026-01-27T12,2547.017
2026-01-27T13,2553.057
2026-01-27T14,2516.239
2026-01-27T15,2537.662
2026-01-27T16,2437.503
2026-01-27T17,2095.84
2026-01-27T18,2088.573
2026-01-27T19,2024.481
2026-01-27T20,1984.1
2026-01-27T21,1617.342
2026-01-27T22,966.043
2026-01-27T23,1609.711
2026-01-28T00,1539.657
2026-01-28T01,1461.699
2026-01-28T02,1444.751
2026-01-28T03,1445.22
2026-01-28T04,1455.383
2026-01-28T05,1462.43
2026-01-28T06,1478.361
2026-01-28T07,1621.564
2026-01-28T08,1888.823
2026-01-28T09,1854.794
2026-01-28T10,2447.987
2026-01-28T11,2565.57
2026-01-28T12,2545.829
2026-01-28T13,2563.107
2026-01-28T14,2545.437
2026-01-28T15,2498.887
2026-01-28T16,2400.331
2026-01-28T17,2066.105
2026-01-28T18,2107.094
2026-01-28T19,2042.386
2026-01-28T20,1965.484
2026-01-28T21,1614.066
2026-01-28T22,892.107
2026-01-28T23,1656.926
2026-01-29T00,1591.059
2026-01-29T01,1472.586
2026-01-29T02,1458.593
2026-01-29T03,1449.361
2026-01-29T04,1451.446
2026-01-29T05,1445.393
2026-01-29T06,1484.784
2026-01-29T07,1567.715
2026-01-29T08,1646.555
2026-01-29T09,2030.059
2026-01-29T10,2545.659
2026-01-29T11,2607.987
2026-01-29T12,2631.992
2026-01-29T13,2618.922
2026-01-29T14,2618.085
2026-01-29T15,2609.319
2026-01-29T16,2413.661
2026-01-29T17,2050.136
2026-01-29T18,2076.795
2026-01-29T19,2065.163
2026-01-29T20,1976.693
2026-01-29T21,1578.194
2026-01-29T22,877.788
2026-01-29T23,1592.058
2026-01-30T00,1575.61
2026-01-30T01,1485.84
2026-01-30T02,1481.137
2026-01-30T03,1464.12
2026-01-30T04,1457.405
2026-01-30T05,1461.599
2026-01-30T06,1474.991
2026-01-30T07,1650.077
2026-01-30T08,2012.339
2026-01-30T09,2113.033
2026-01-30T10,2516.262
2026-01-30T11,2624.184
2026-01-30T12,2582.472
2026-01-30T13,2548.94
2026-01-30T14,2532.972
2026-01-30T15,2451.075
2026-01-30T16,2412.192
2026-01-30T17,2074.968
2026-01-30T18,2062.61
2026-01-30T19,2063.171
2026-01-30T20,1964.7
2026-01-30T21,1676.763
2026-01-30T22,991.584
2026-01-30T23,1648.959
2026-01-31T00,1519.162
2026-01-31T01,1446.044
2026-01-31T02,1455.467
2026-01-31T03,1440.239
2026-01-31T04,1455.463
2026-01-31T05,1460.423
2026-01-31T06,1478.155
2026-01-31T07,1679.421
2026-01-31T08,2001.907
2026-01-31T09,2154.993
2026-01-31T10,2459.251
2026-01-31T11,2660.848
2026-01-31T12,2633.237
2026-01-31T13,2706.616
2026-01-31T14,2662.3
2026-01-31T15,2642.475
2026-01-31T16,2491.236
2026-01-31T17,2179.84
2026-01-31T18,2178.727
2026-01-31T19,2177.722
2026-01-31T20,2148.938
2026-01-31T21,1811.852
2026-01-31T22,1141.518
2026-01-31T23,1698.165
2026-02-01T00,1579.761
2026-02-01T01,1534.336
2026-02-01T02,1477.23
2026-02-01T03,1468.156
2026-02-01T04,1463.333
2026-02-01T05,1453.421
2026-02-01T06,1450.971
2026-02-01T07,1602.298
2026-02-01T08,2005.445
2026-02-01T09,2073.863
2026-02-01T10,2562.221
2026-02-01T11,2605.939
2026-02-01T12,2600.881
2026-02-01T13,2627.548
2026-02-01T14,2610.723
2026-02-01T15,2590.988
2026-02-01T16,2491.0
2026-02-01T17,2145.013
2026-02-01T18,2197.205
2026-02-01T19,2221.552
2026-02-01T20,2184.344
2026-02-01T21,1878.998
2026-02-01T22,1155.578
2026-02-01T23,1754.196
2026-02-02T00,1620.796
2026-02-02T01,1527.04
2026-02-02T02,1490.089
2026-02-02T03,1494.873
2026-02-02T04,1476.361
2026-02-02T05,1458.289
2026-02-02T06,1442.893
2026-02-02T07,1531.994
2026-02-02T08,1668.809
2026-02-02T09,1832.383
2026-02-02T10,2028.704
2026-02-02T11,1874.84
2026-02-02T12,2258.995
2026-02-02T13,2515.532
2026-02-02T14,2657.588
2026-02-02T15,2638.801
2026-02-02T16,2514.688
2026-02-02T17,2136.3
2026-02-02T18,2157.798
2026-02-02T19,2147.632
2026-02-02T20,1968.646
2026-02-02T21,1396.603
2026-02-02T22,876.849
2026-02-02T23,1581.497
2026-02-03T00,1500.329
2026-02-03T01,1436.007
2026-02-03T02,1468.44
2026-02-03T03,1458.198
2026-02-03T04,1469.252
2026-02-03T05,1470.473
2026-02-03T06,1478.872
2026-02-03T07,1666.668
2026-02-03T08,2040.671
2026-02-03T09,2134.2
2026-02-03T10,2582.842
2026-02-03T11,2565.247
2026-02-03T12,2140.318
2026-02-03T13,2136.434
2026-02-03T14,2272.714
2026-02-03T15,2620.238
2026-02-03T16,2516.552
2026-02-03T17,2118.92
2026-02-03T18,2075.196
2026-02-03T19,2117.682
2026-02-03T20,2060.781
2026-02-03T21,1723.341
2026-02-03T22,1009.752
2026-02-03T23,1643.874
2026-02-04T00,1554.723
2026-02-04T01,1505.376
2026-02-04T02,1486.494
2026-02-04T03,1480.721
2026-02-04T04,1488.661
2026-02-04T05,1496.473
2026-02-04T06,1513.127
2026-02-04T07,1688.177
2026-02-04T08,2046.198
2026-02-04T09,2124.057
2026-02-04T10,2625.876
2026-02-04T11,2654.14
2026-02-04T12,2618.887
2026-02-04T13,2637.56
2026-02-04T14,2618.179
2026-02-04T15,2616.621
2026-02-04T16,2523.077
2026-02-04T17,2139.919
2026-02-04T18,2124.265
2026-02-04T19,2101.688
2026-02-04T20,2034.397
2026-02-04T21,1686.309
2026-02-04T22,919.698
2026-02-04T23,1588.375
2026-02-05T00,1534.97
2026-02-05T01,1477.476
2026-02-05T02,1489.993
2026-02-05T03,1479.147
2026-02-05T04,1478.38
2026-02-05T05,1471.102
2026-02-05T06,1492.504
2026-02-05T07,1709.137
2026-02-05T08,2067.487
2026-02-05T09,2077.951
2026-02-05T10,2600.077
2026-02-05T11,2621.443
2026-02-05T12,2610.085
2026-02-05T13,2602.388
2026-02-05T14,2593.492
2026-02-05T15,2577.518
2026-02-05T16,2397.047
2026-02-05T17,2095.043
2026-02-05T18,2137.012
2026-02-05T19,2119.729
2026-02-05T20,2051.962
2026-02-05T21,1727.831
2026-02-05T22,1017.501
2026-02-05T23,1969.724
2026-02-06T00,1996.103
2026-02-06T01,1959.355
2026-02-06T02,1944.894
2026-02-06T03,1936.301
2026-02-06T04,1941.194
2026-02-06T05,1946.487
2026-02-06T06,1884.159
2026-02-06T07,1593.139
2026-02-06T08,1708.345
2026-02-06T09,1995.629
2026-02-06T10,2589.108
2026-02-06T11,2635.712
2026-02-06T12,2624.556
2026-02-06T13,2628.713
2026-02-06T14,2633.143
2026-02-06T15,2569.216
2026-02-06T16,2527.954
2026-02-06T17,2151.552
2026-02-06T18,2164.317
2026-02-06T19,2140.023
2026-02-06T20,2069.482
2026-02-06T21,1713.07
2026-02-06T22,962.377
2026-02-06T23,1603.17
2026-02-07T00,1559.182
2026-02-07T01,1459.484
2026-02-07T02,1452.197
2026-02-07T03,1454.94
2026-02-07T04,1461.675
2026-02-07T05,1455.3
2026-02-07T06,1482.128
2026-02-07T07,1638.901
2026-02-07T08,2052.87
2026-02-07T09,2224.25
2026-02-07T10,2629.981
2026-02-07T11,2648.47
2026-02-07T12,2654.975
2026-02-07T13,2644.34
2026-02-07T14,2638.435
2026-02-07T15,2682.326
2026-02-07T16,2610.421
2026-02-07T17,2205.936
2026-02-07T18,2187.813
2026-02-07T19,2240.597
2026-02-07T20,2195.126
2026-02-07T21,1812.929
2026-02-07T22,1072.404
2026-02-07T23,1800.32
2026-02-08T00,1646.25
2026-02-08T01,1563.638
2026-02-08T02,1519.815
2026-02-08T03,1495.423
2026-02-08T04,1491.263
2026-02-08T05,1477.216
2026-02-08T06,1522.95
2026-02-08T07,1662.368
2026-02-08T08,1942.731
2026-02-08T09,2106.842
2026-02-08T10,2582.89
2026-02-08T11,2599.863
2026-02-08T12,2629.169
2026-02-08T13,2686.893
2026-02-08T14,2690.167
2026-02-08T15,2640.036
2026-02-08T16,2541.695
2026-02-08T17,2226.859
2026-02-08T18,2244.611
2026-02-08T19,2273.803
2026-02-08T20,2254.817
2026-02-08T21,1888.891
2026-02-08T22,1096.414
2026-02-08T23,1740.396
2026-02-09T00,1565.45
2026-02-09T01,1461.4
2026-02-09T02,1452.042
2026-02-09T03,1437.806
2026-02-09T04,1439.632
2026-02-09T05,1421.861
2026-02-09T06,1453.886
2026-02-09T07,1569.238
2026-02-09T08,1723.437
2026-02-09T09,1901.166
2026-02-09T10,2011.976
2026-02-09T11,1873.79
2026-02-09T12,2156.011
2026-02-09T13,2536.196
2026-02-09T14,2655.734
2026-02-09T15,2636.46
2026-02-09T16,2470.368
2026-02-09T17,2116.391
2026-02-09T18,2161.842
2026-02-09T19,2156.687
2026-02-09T20,1974.963
2026-02-09T21,1441.765
2026-02-09T22,933.764
2026-02-09T23,1677.135
2026-02-10T00,1617.096
2026-02-10T01,1565.727
2026-02-10T02,1546.639
2026-02-10T03,1480.487
2026-02-10T04,1497.377
2026-02-10T05,1502.601
2026-02-10T06,1515.001
2026-02-10T07,1712.327
2026-02-10T08,2028.407
2026-02-10T09,2187.853
2026-02-10T10,2602.9
2026-02-10T11,2659.594
2026-02-10T12,2641.195
2026-02-10T13,2681.528
2026-02-10T14,2646.743
2026-02-10T15,2602.508
2026-02-10T16,2470.038
2026-02-10T17,2074.006
2026-02-10T18,2069.024
2026-02-10T19,2107.476
2026-02-10T20,2033.786
2026-02-10T21,1684.584
2026-02-10T22,951.556
2026-02-10T23,1573.548
2026-02-11T00,1516.194
2026-02-11T01,1439.141
2026-02-11T02,1414.496
2026-02-11T03,1391.872
2026-02-11T04,1384.743
2026-02-11T05,1384.999
2026-02-11T06,1461.603
2026-02-11T07,1651.491
2026-02-11T08,2049.701
2026-02-11T09,2182.558
2026-02-11T10,2619.661
2026-02-11T11,2643.571
2026-02-11T12,2648.974
2026-02-11T13,2613.532
2026-02-11T14,2598.804
2026-02-11T15,2600.581
2026-02-11T16,2499.341
2026-02-11T17,2099.668
2026-02-11T18,2149.516
2026-02-11T19,2110.27
2026-02-11T20,2030.496
2026-02-11T21,1630.312
2026-02-11T22,900.655
2026-02-11T23,1596.822
2026-02-12T00,1568.837
2026-02-12T01,1513.15
2026-02-12T02,1456.767
2026-02-12T03,1459.255
2026-02-12T04,1458.881
2026-02-12T05,1473.654
2026-02-12T06,1511.972
2026-02-12T07,1698.536
2026-02-12T08,1915.974
2026-02-12T09,2043.65
2026-02-12T10,2478.26
2026-02-12T11,2536.168
2026-02-12T12,2527.763
2026-02-12T13,2524.784
2026-02-12T14,2509.029
2026-02-12T15,2514.402
2026-02-12T16,2397.996
2026-02-12T17,2059.373
2026-02-12T18,2035.985
2026-02-12T19,2037.081
2026-02-12T20,1976.165
2026-02-12T21,1623.419
2026-02-12T22,945.015
2026-02-12T23,1673.881
2026-02-13T00,1625.839
2026-02-13T01,1576.665
2026-02-13T02,1518.287
2026-02-13T03,1515.298
2026-02-13T04,1520.529
2026-02-13T05,1500.187
2026-02-13T06,1544.46
2026-02-13T07,1666.705
2026-02-13T08,2043.847
2026-02-13T09,2187.155
2026-02-13T10,2562.851
2026-02-13T11,2592.378
2026-02-13T12,2628.926
2026-02-13T13,2635.972
2026-02-13T14,2640.612
2026-02-13T15,2665.927
2026-02-13T16,2564.998
2026-02-13T17,2171.358
2026-02-13T18,2154.288
2026-02-13T19,2160.302
2026-02-13T20,2061.724
2026-02-13T21,1693.066
2026-02-13T22,929.891
2026-02-13T23,1618.735
2026-02-14T00,1575.188
2026-02-14T01,1539.922
2026-02-14T02,1522.057
2026-02-14T03,1483.923
2026-02-14T04,1479.664
2026-02-14T05,1489.375
2026-02-14T06,1508.922
2026-02-14T07,1664.157
2026-02-14T08,1987.833
2026-02-14T09,2120.579
2026-02-14T10,2604.488
2026-02-14T11,2652.022
2026-02-14T12,2649.902
2026-02-14T13,2654.093
2026-02-14T14,2646.057
2026-02-14T15,2619.56
2026-02-14T16,2537.692
2026-02-14T17,2183.339
2026-02-14T18,2190.398
2026-02-14T19,2218.491
2026-02-14T20,2146.91
2026-02-14T21,1842.686
2026-02-14T22,1070.642
2026-02-14T23,1654.099
2026-02-15T00,1487.28
2026-02-15T01,1406.918
2026-02-15T02,1382.489
2026-02-15T03,1417.675
2026-02-15T04,1460.314
2026-02-15T05,1434.006
2026-02-15T06,1714.642
2026-02-15T07,2080.538
2026-02-15T08,2376.829
2026-02-15T09,2042.275
2026-02-15T10,2574.102
2026-02-15T11,2621.079
2026-02-15T12,2669.666
2026-02-15T13,2685.319
2026-02-15T14,2665.881
2026-02-15T15,2615.367
2026-02-15T16,2512.524
2026-02-15T17,2157.506
2026-02-15T18,2161.019
2026-02-15T19,2165.212
2026-02-15T20,2123.99
2026-02-15T21,1827.441
2026-02-15T22,1084.467
2026-02-15T23,1735.461
2026-02-16T00,1628.646
2026-02-16T01,1566.31
2026-02-16T02,1502.555
2026-02-16T03,1499.323
2026-02-16T04,1477.272
2026-02-16T05,1481.16
2026-02-16T06,1490.115
2026-02-16T07,1603.229
2026-02-16T08,1708.884
2026-02-16T09,1951.385
2026-02-16T10,2108.784
2026-02-16T11,1927.666
2026-02-16T12,2180.534
2026-02-16T13,2410.738
2026-02-16T14,2587.27
2026-02-16T15,2586.098
2026-02-16T16,2523.761
2026-02-16T17,2133.376
2026-02-16T18,2112.364
2026-02-16T19,2092.224
2026-02-16T20,1876.405
2026-02-16T21,1379.053
2026-02-16T22,898.034
2026-02-16T23,1605.813
2026-02-17T00,1543.274
2026-02-17T01,1500.549
2026-02-17T02,1479.631
2026-02-17T03,1471.052
2026-02-17T04,1456.316
2026-02-17T05,1466.201
2026-02-17T06,1465.313
2026-02-17T07,1647.815
2026-02-17T08,1892.464
2026-02-17T09,1920.543
2026-02-17T10,2486.739
2026-02-17T11,2573.172
2026-02-17T12,2554.579
2026-02-17T13,2559.381
2026-02-17T14,2571.312
2026-02-17T15,2559.968
2026-02-17T16,2407.779
2026-02-17T17,2011.787
2026-02-17T18,2051.257
2026-02-17T19,2053.305
2026-02-17T20,1992.07
2026-02-17T21,1619.065
2026-02-17T22,849.139
2026-02-17T23,1600.286
2026-02-18T00,1577.77
2026-02-18T01,1558.497
2026-02-18T02,1484.767
2026-02-18T03,1476.29
2026-02-18T04,1472.248
2026-02-18T05,1487.176
2026-02-18T06,1481.787
2026-02-18T07,1647.091
2026-02-18T08,1959.29
2026-02-18T09,2014.572
2026-02-18T10,2538.934
2026-02-18T11,2595.093
2026-02-18T12,2610.51
2026-02-18T13,2621.375
2026-02-18T14,2575.017
2026-02-18T15,2579.897
2026-02-18T16,2499.845
2026-02-18T17,2125.465
2026-02-18T18,2116.181
2026-02-18T19,2068.647
2026-02-18T20,2041.655
2026-02-18T21,1671.445
2026-02-18T22,895.232
2026-02-18T23,1563.216
2026-02-19T00,1576.696
2026-02-19T01,1490.074
2026-02-19T02,1474.781
2026-02-19T03,1469.2
2026-02-19T04,1475.758
2026-02-19T05,1446.143
2026-02-19T06,1485.806
2026-02-19T07,1716.704
2026-02-19T08,1991.076
2026-02-19T09,2138.252
2026-02-19T10,2509.877
2026-02-19T11,2559.171
2026-02-19T12,2598.557
2026-02-19T13,2626.968
2026-02-19T14,2593.469
2026-02-19T15,2589.142
2026-02-19T16,2495.148
2026-02-19T17,2078.596
2026-02-19T18,2054.481
2026-02-19T19,2035.936
2026-02-19T20,2001.226
2026-02-19T21,1652.142
2026-02-19T22,920.821
2026-02-19T23,1650.975
2026-02-20T00,1590.164
2026-02-20T01,1512.408
2026-02-20T02,1502.341
2026-02-20T03,1495.568
2026-02-20T04,1495.911
2026-02-20T05,1504.68
2026-02-20T06,1505.099
2026-02-20T07,1672.843
2026-02-20T08,2043.855
2026-02-20T09,2087.801
2026-02-20T10,2527.355
2026-02-20T11,2534.027
2026-02-20T12,2550.228
2026-02-20T13,2619.619
2026-02-20T14,2591.387
2026-02-20T15,2587.509
2026-02-20T16,2448.345
2026-02-20T17,2085.25
2026-02-20T18,2055.0
2026-02-20T19,2066.879
2026-02-20T20,1987.696
2026-02-20T21,1662.473
2026-02-20T22,929.684
2026-02-20T23,1490.88
2026-02-21T00,1420.545
2026-02-21T01,1350.335
2026-02-21T02,1433.076
2026-02-21T03,1440.387
2026-02-21T04,1439.581
2026-02-21T05,1427.165
2026-02-21T06,1438.645
2026-02-21T07,1619.479
2026-02-21T08,1948.926
2026-02-21T09,2114.273
2026-02-21T10,2580.111
2026-02-21T11,2592.635
2026-02-21T12,2519.907
2026-02-21T13,2519.097
2026-02-21T14,2546.821
2026-02-21T15,2471.797
2026-02-21T16,2437.497
2026-02-21T17,2071.035
2026-02-21T18,2090.664
2026-02-21T19,2099.95
2026-02-21T20,2045.199
2026-02-21T21,1735.857
2026-02-21T22,1084.935
2026-02-21T23,1778.084
2026-02-22T00,1623.747
2026-02-22T01,1587.755
2026-02-22T02,1537.079
2026-02-22T03,1519.367
2026-02-22T04,1512.57
2026-02-22T05,1506.095
2026-02-22T06,1505.621
2026-02-22T07,1604.647
2026-02-22T08,1918.241
2026-02-22T09,1969.764
2026-02-22T10,2430.217
2026-02-22T11,2550.103
2026-02-22T12,2617.261
2026-02-22T13,2612.529
2026-02-22T14,2643.541
2026-02-22T15,2668.091
2026-02-22T16,2488.343
2026-02-22T17,2191.895
2026-02-22T18,2126.519
2026-02-22T19,2194.01
2026-02-22T20,2117.076
2026-02-22T21,1821.355
2026-02-22T22,1104.276
2026-02-22T23,1775.896
2026-02-23T00,1559.972
2026-02-23T01,1497.616
2026-02-23T02,1477.774
2026-02-23T03,1474.281
2026-02-23T04,1456.0
2026-02-23T05,1452.995
2026-02-23T06,1453.43
2026-02-23T07,1557.659
2026-02-23T08,1785.656
2026-02-23T09,1896.599
2026-02-23T10,2050.98
2026-02-23T11,1912.506
2026-02-23T12,2214.857
2026-02-23T13,2480.444
2026-02-23T14,2604.057
2026-02-23T15,2599.556
2026-02-23T16,2554.433
2026-02-23T17,2171.739
2026-02-23T18,2148.708
2026-02-23T19,2126.422
2026-02-23T20,1871.034
2026-02-23T21,1358.672
2026-02-23T22,854.355
2026-02-23T23,1543.254
2026-02-24T00,1555.59
2026-02-24T01,1523.384
2026-02-24T02,1466.711
2026-02-24T03,1461.372
2026-02-24T04,1456.491
2026-02-24T05,1482.434
2026-02-24T06,1490.344
2026-02-24T07,1477.205
2026-02-24T08,2017.991
2026-02-24T09,2140.934
2026-02-24T10,2575.452
2026-02-24T11,2599.701
2026-02-24T12,2616.181
2026-02-24T13,2608.961
2026-02-24T14,2613.55
2026-02-24T15,2619.517
2026-02-24T16,2495.818
2026-02-24T17,2071.966
2026-02-24T18,2072.559
2026-02-24T19,2031.849
2026-02-24T20,2009.036
2026-02-24T21,1683.624
2026-02-24T22,945.328
2026-02-24T23,1603.002
2026-02-25T00,1550.669
2026-02-25T01,1536.579
2026-02-25T02,1489.342
2026-02-25T03,1479.684
2026-02-25T04,1473.126
2026-02-25T05,1460.002
2026-02-25T06,1483.888
2026-02-25T07,1652.964
2026-02-25T08,2013.717
2026-02-25T09,2198.554
2026-02-25T10,2575.297
2026-02-25T11,2568.013
2026-02-25T12,2529.099
2026-02-25T13,2563.237
2026-02-25T14,2578.958
2026-02-25T15,2557.553
2026-02-25T16,2442.755
2026-02-25T17,2019.268
2026-02-25T18,2055.517
2026-02-25T19,2032.742
2026-02-25T20,1939.304
2026-02-25T21,1547.914
2026-02-25T22,830.712
2026-02-25T23,1603.107
2026-02-26T00,1567.381
2026-02-26T01,1482.93
2026-02-26T02,1452.614
2026-02-26T03,1454.161
2026-02-26T04,1451.615
2026-02-26T05,1466.211
2026-02-26T06,1478.245
2026-02-26T07,1653.228
2026-02-26T08,1952.135
2026-02-26T09,1947.547
2026-02-26T10,2470.936
2026-02-26T11,2546.029
2026-02-26T12,2550.961
2026-02-26T13,2547.024
2026-02-26T14,2573.303
2026-02-26T15,2558.158
2026-02-26T16,2506.492
2026-02-26T17,2106.404
2026-02-26T18,2087.736
2026-02-26T19,2102.698
2026-02-26T20,1992.755
2026-02-26T21,1703.301
2026-02-26T22,928.848
2026-02-26T23,1630.286
2026-02-27T00,1585.904
2026-02-27T01,1546.245
2026-02-27T02,1509.868
2026-02-27T03,1501.461
2026-02-27T04,1504.207
2026-02-27T05,1505.495
2026-02-27T06,1531.61
2026-02-27T07,1706.855
2026-02-27T08,2008.715
2026-02-27T09,2043.15
2026-02-27T10,2556.161
2026-02-27T11,2600.964
2026-02-27T12,2562.701
2026-02-27T13,2580.965
2026-02-27T14,2587.482
2026-02-27T15,2574.205
2026-02-27T16,2448.399
2026-02-27T17,2089.966
2026-02-27T18,2127.233
2026-02-27T19,2057.891
2026-02-27T20,2065.168
2026-02-27T21,1701.32
2026-02-27T22,917.406
2026-02-27T23,1684.629
2026-02-28T00,1591.32
2026-02-28T01,1563.499
2026-02-28T02,1528.339
2026-02-28T03,1479.551
2026-02-28T04,1473.506
2026-02-28T05,1496.333
2026-02-28T06,1505.769
2026-02-28T07,1690.918
2026-02-28T08,2017.315
2026-02-28T09,2078.014
2026-02-28T10,2495.183
2026-02-28T11,2519.997
2026-02-28T12,2540.075
2026-02-28T13,2570.003
2026-02-28T14,2557.063
2026-02-28T15,2552.228
2026-02-28T16,2456.606
2026-02-28T17,2107.262
2026-02-28T18,2073.993
2026-02-28T19,2079.424
2026-02-28T20,2084.165
2026-02-28T21,1722.718
2026-02-28T22,1025.707
2026-02-28T23,1762.012
2026-03-01T00,1680.661
2026-03-01T01,1612.729
2026-03-01T02,1558.298
2026-03-01T03,1545.863
2026-03-01T04,1552.226
2026-03-01T05,1544.913
2026-03-01T06,1612.347
2026-03-01T07,1695.27
2026-03-01T08,1681.146
2026-03-01T09,1926.731
2026-03-01T10,2510.688
2026-03-01T11,2592.001
2026-03-01T12,2554.499
2026-03-01T13,2606.946
2026-03-01T14,2570.554
2026-03-01T15,2536.032
2026-03-01T16,2470.755
2026-03-01T17,2091.721
2026-03-01T18,2110.434
2026-03-01T19,2118.33
2026-03-01T20,2034.7
2026-03-01T21,1676.92
2026-03-01T22,968.314
2026-03-01T23,1723.924
2026-03-02T00,1642.676
2026-03-02T01,1625.211
2026-03-02T02,1600.576
2026-03-02T03,1595.026
2026-03-02T04,1537.192
2026-03-02T05,1513.028
2026-03-02T06,1507.801
2026-03-02T07,1595.72
2026-03-02T08,1722.813
2026-03-02T09,1738.576
2026-03-02T10,1636.488
2026-03-02T11,1665.459
2026-03-02T12,2140.964
2026-03-02T13,2403.583
2026-03-02T14,2578.381
2026-03-02T15,2576.198
2026-03-02T16,2528.039
2026-03-02T17,2072.504
2026-03-02T18,2051.163
2026-03-02T19,2011.382
2026-03-02T20,1838.892
2026-03-02T21,1339.886
2026-03-02T22,815.625
2026-03-02T23,1628.819
2026-03-03T00,1554.653
2026-03-03T01,1520.933
2026-03-03T02,1502.854
2026-03-03T03,1496.276
2026-03-03T04,1496.659
2026-03-03T05,1476.945
2026-03-03T06,1485.436
2026-03-03T07,1568.002
2026-03-03T08,1530.282
2026-03-03T09,1053.48
2026-03-03T10,1004.515
2026-03-03T11,1368.818
2026-03-03T12,2002.432
2026-03-03T13,1954.662
2026-03-03T14,1931.855
2026-03-03T15,1964.89
2026-03-03T16,1941.479
2026-03-03T17,1573.073
2026-03-03T18,1600.481
2026-03-03T19,1600.73
2026-03-03T20,1565.145
2026-03-03T21,1341.429
2026-03-03T22,918.154
2026-03-03T23,1669.816
2026-03-04T00,1538.622
2026-03-04T01,1443.403
2026-03-04T02,1426.031
2026-03-04T03,1436.015
2026-03-04T04,1425.471
2026-03-04T05,1408.558
2026-03-04T06,1318.115
2026-03-04T07,1139.132
2026-03-04T08,796.149
2026-03-04T09,822.602
2026-03-04T10,1006.764
2026-03-04T11,1457.754
2026-03-04T12,2036.152
2026-03-04T13,1995.915
2026-03-04T14,1955.297
2026-03-04T15,1952.353
2026-03-04T16,1883.141
2026-03-04T17,1535.289
2026-03-04T18,1569.571
2026-03-04T19,1575.734
2026-03-04T20,1518.125
2026-03-04T21,1320.464
2026-03-04T22,909.193
2026-03-04T23,1513.15
2026-03-05T00,1459.913
2026-03-05T01,1402.241
2026-03-05T02,1403.968
2026-03-05T03,1365.626
2026-03-05T04,1382.417
2026-03-05T05,1373.092
2026-03-05T06,1091.232
2026-03-05T07,1081.339
2026-03-05T08,811.025
2026-03-05T09,992.368
2026-03-05T10,1112.775
2026-03-05T11,2054.721
2026-03-05T12,2680.884
2026-03-05T13,2728.954
2026-03-05T14,2727.497
2026-03-05T15,2725.154
2026-03-05T16,2586.683
2026-03-05T17,2144.832
2026-03-05T18,2137.52
2026-03-05T19,2088.556
2026-03-05T20,2064.997
2026-03-05T21,1717.059
2026-03-05T22,986.541
2026-03-05T23,1630.607
2026-03-06T00,1581.486
2026-03-06T01,1546.785
2026-03-06T02,1508.158
2026-03-06T03,1504.942
2026-03-06T04,1512.328
2026-03-06T05,1519.498
2026-03-06T06,1532.183
2026-03-06T07,1701.161
2026-03-06T08,1319.756
2026-03-06T09,1731.602
2026-03-06T10,2512.547
2026-03-06T11,2639.578
2026-03-06T12,2677.8
2026-03-06T13,2647.187
2026-03-06T14,2657.612
2026-03-06T15,2621.29
2026-03-06T16,2554.981
2026-03-06T17,2118.826
2026-03-06T18,2102.699
2026-03-06T19,2083.627
2026-03-06T20,2071.917
2026-03-06T21,1680.982
2026-03-06T22,972.269
2026-03-06T23,1599.786
2026-03-07T00,1208.986
2026-03-07T01,1485.756
2026-03-07T02,1470.179
2026-03-07T03,1436.195
2026-03-07T04,1431.675
2026-03-07T05,1431.712
2026-03-07T06,1451.695
2026-03-07T07,1527.993
2026-03-07T08,982.196
2026-03-07T09,1549.144
2026-03-07T10,2416.849
2026-03-07T11,2494.012
2026-03-07T12,2500.275
2026-03-07T13,2537.212
2026-03-07T14,2525.505
2026-03-07T15,2543.923
2026-03-07T16,2447.438
2026-03-07T17,2079.304
2026-03-07T18,2033.64
2026-03-07T19,2074.541
2026-03-07T20,2095.762
2026-03-07T21,1764.124
2026-03-07T22,1005.428
2026-03-07T23,1752.455
2026-03-08T00,1620.707
2026-03-08T01,1523.704
2026-03-08T02,1488.802
2026-03-08T03,1484.769
2026-03-08T04,1476.146
2026-03-08T05,1472.665
2026-03-08T06,1504.256
2026-03-08T07,1500.462
2026-03-08T08,999.598
2026-03-08T09,1738.379
2026-03-08T10,2550.102
2026-03-08T11,2615.081
2026-03-08T12,2647.244
2026-03-08T13,2723.779
2026-03-08T14,2665.5
2026-03-08T15,2645.004
2026-03-08T16,2599.789
2026-03-08T17,2211.327
2026-03-08T18,2193.25
2026-03-08T19,2184.034
2026-03-08T20,2142.525
2026-03-08T21,1851.074
2026-03-08T22,1127.541
2026-03-08T23,1863.26
2026-03-09T00,1706.951
2026-03-09T01,1562.874
2026-03-09T02,1531.674
2026-03-09T03,1490.199
2026-03-09T04,1482.757
2026-03-09T05,1493.884
2026-03-09T06,1471.873
2026-03-09T07,1585.421
2026-03-09T08,1738.44
2026-03-09T09,1855.129
2026-03-09T10,2108.135
2026-03-09T11,1909.125
2026-03-09T12,2153.068
2026-03-09T13,2482.532
2026-03-09T14,2685.823
2026-03-09T15,2678.218
2026-03-09T16,2602.3
2026-03-09T17,2169.105
2026-03-09T18,2168.103
2026-03-09T19,2113.26
2026-03-09T20,1918.156
2026-03-09T21,1358.179
2026-03-09T22,852.548
2026-03-09T23,1572.247
2026-03-10T00,1545.909
2026-03-10T01,1438.964
2026-03-10T02,1434.75
2026-03-10T03,1432.388
2026-03-10T04,1429.59
2026-03-10T05,1460.575
2026-03-10T06,1459.36
2026-03-10T07,1514.427
2026-03-10T08,1013.641
2026-03-10T09,1764.22
2026-03-10T10,2600.101
2026-03-10T11,2613.519
2026-03-10T12,2587.149
2026-03-10T13,2601.141
2026-03-10T14,2598.021
2026-03-10T15,2619.003
2026-03-10T16,2492.756
2026-03-10T17,2059.514
2026-03-10T18,2069.409
2026-03-10T19,2030.483
2026-03-10T20,2003.048
2026-03-10T21,1647.627
2026-03-10T22,915.691
2026-03-10T23,1630.714
2026-03-11T00,1602.898
2026-03-11T01,1526.654
2026-03-11T02,1490.042
2026-03-11T03,1486.679
2026-03-11T04,1485.64
2026-03-11T05,1519.338
2026-03-11T06,1550.178
2026-03-11T07,1563.421
2026-03-11T08,1004.968
2026-03-11T09,1730.933
2026-03-11T10,2595.975
2026-03-11T11,2638.513
2026-03-11T12,2644.235
2026-03-11T13,2641.109
2026-03-11T14,2629.273
2026-03-11T15,2679.712
2026-03-11T16,2536.697
2026-03-11T17,2112.295
2026-03-11T18,2107.932
2026-03-11T19,2081.893
2026-03-11T20,1991.753
2026-03-11T21,1652.658
2026-03-11T22,945.754
2026-03-11T23,1639.452
2026-03-12T00,1584.372
2026-03-12T01,1501.271
2026-03-12T02,1476.065
2026-03-12T03,1219.029
2026-03-12T04,766.697
2026-03-12T05,624.286
2026-03-12T06,1021.959
2026-03-12T07,1329.243
2026-03-12T08,1099.849
2026-03-12T09,1709.115
2026-03-12T10,2583.928
2026-03-12T11,2609.321
2026-03-12T12,2598.792
2026-03-12T13,2647.757
2026-03-12T14,2655.437
2026-03-12T15,2650.609
2026-03-12T16,2533.959
2026-03-12T17,2117.389
2026-03-12T18,2096.733
2026-03-12T19,2109.851
2026-03-12T20,2027.611
2026-03-12T21,1738.36
2026-03-12T22,981.71
2026-03-12T23,1646.658
2026-03-13T00,1082.48
2026-03-13T01,1054.122
2026-03-13T02,1925.38
2026-03-13T03,1931.468
2026-03-13T04,1966.406
2026-03-13T05,1995.654
2026-03-13T06,2033.002
2026-03-13T07,2192.964
2026-03-13T08,1966.791
2026-03-13T09,1850.795
2026-03-13T10,2613.997
2026-03-13T11,2610.75
2026-03-13T12,2632.158
2026-03-13T13,2689.335
2026-03-13T14,2677.784
2026-03-13T15,2700.323
2026-03-13T16,2607.507
2026-03-13T17,2180.171
2026-03-13T18,2198.365
2026-03-13T19,2186.548
2026-03-13T20,2115.008
2026-03-13T21,1789.827
2026-03-13T22,1037.85
2026-03-13T23,1721.315
2026-03-14T00,1633.613
2026-03-14T01,1594.28
2026-03-14T02,1548.916
2026-03-14T03,1526.731
2026-03-14T04,1548.169
2026-03-14T05,1559.616
2026-03-14T06,1600.163
2026-03-14T07,1820.472
2026-03-14T08,1922.699
2026-03-14T09,1827.57
2026-03-14T10,2593.702
2026-03-14T11,2686.251
2026-03-14T12,2721.419
2026-03-14T13,2786.807
2026-03-14T14,2774.161
2026-03-14T15,2731.491
2026-03-14T16,2651.234
2026-03-14T17,2232.265
2026-03-14T18,2250.596
2026-03-14T19,2231.457
2026-03-14T20,2194.701
2026-03-14T21,1846.145
2026-03-14T22,1053.064
2026-03-14T23,1765.479
2026-03-15T00,1593.938
2026-03-15T01,1506.26
2026-03-15T02,1508.474
2026-03-15T03,1510.619
2026-03-15T04,1509.738
2026-03-15T05,1509.074
2026-03-15T06,1560.637
2026-03-15T07,1563.701
2026-03-15T08,1009.547
2026-03-15T09,1661.245
2026-03-15T10,2532.633
2026-03-15T11,2671.433
2026-03-15T12,2741.705
2026-03-15T13,2752.219
2026-03-15T14,2766.155
2026-03-15T15,2810.606
2026-03-15T16,2724.258
2026-03-15T17,2279.459
2026-03-15T18,2260.599
2026-03-15T19,2344.392
2026-03-15T20,2278.315
2026-03-15T21,1907.133
2026-03-15T22,1129.918
2026-03-15T23,1848.943
2026-03-16T00,1694.493
2026-03-16T01,1632.56
2026-03-16T02,1556.519
2026-03-16T03,1539.037
2026-03-16T04,1522.676
2026-03-16T05,1528.585
2026-03-16T06,1553.818
2026-03-16T07,1641.26
2026-03-16T08,1759.281
2026-03-16T09,1895.853
2026-03-16T10,2079.577
2026-03-16T11,1938.947
2026-03-16T12,2289.009
2026-03-16T13,2578.41
2026-03-16T14,2725.447
2026-03-16T15,2703.112
2026-03-16T16,2566.734
2026-03-16T17,2121.7
2026-03-16T18,2108.408
2026-03-16T19,2124.478
2026-03-16T20,1912.316
2026-03-16T21,1409.718
2026-03-16T22,875.747
2026-03-16T23,1629.313
2026-03-17T00,1552.892
2026-03-17T01,1507.637
2026-03-17T02,1492.504
2026-03-17T03,1467.649
2026-03-17T04,1468.098
2026-03-17T05,1493.489
2026-03-17T06,1546.921
2026-03-17T07,1549.958
2026-03-17T08,1025.528
2026-03-17T09,1740.85
2026-03-17T10,2608.215
2026-03-17T11,2650.624
2026-03-17T12,2645.592
2026-03-17T13,2661.48
2026-03-17T14,2650.81
2026-03-17T15,2630.395
2026-03-17T16,2509.48
2026-03-17T17,2101.909
2026-03-17T18,2101.092
2026-03-17T19,2114.285
2026-03-17T20,2072.092
2026-03-17T21,1713.895
2026-03-17T22,911.052
2026-03-17T23,1649.552
2026-03-18T00,1572.355
2026-03-18T01,1515.616
2026-03-18T02,1498.912
2026-03-18T03,1485.47
2026-03-18T04,1497.062
2026-03-18T05,1501.115
2026-03-18T06,1545.368
2026-03-18T07,1494.566
2026-03-18T08,1069.216
2026-03-18T09,1668.657
2026-03-18T10,2122.694
2026-03-18T11,2461.585
2026-03-18T12,2703.725
2026-03-18T13,2719.706
2026-03-18T14,2742.005
2026-03-18T15,2435.808
2026-03-18T16,2305.412
2026-03-18T17,2212.099
2026-03-18T18,2171.133
2026-03-18T19,2068.691
2026-03-18T20,2061.326
2026-03-18T21,1724.003
2026-03-18T22,960.614
2026-03-18T23,1650.858
2026-03-19T00,1523.277
2026-03-19T01,1427.9
2026-03-19T02,1392.637
2026-03-19T03,1376.606
2026-03-19T04,1484.581
2026-03-19T05,1498.9
2026-03-19T06,1535.618
2026-03-19T07,1551.213
2026-03-19T08,1129.787
2026-03-19T09,1751.264
2026-03-19T10,2633.455
2026-03-19T11,2693.248
2026-03-19T12,2649.423
2026-03-19T13,2665.186
2026-03-19T14,2658.626
2026-03-19T15,2587.13
2026-03-19T16,2532.851
2026-03-19T17,2134.232
2026-03-19T18,2176.21
2026-03-19T19,2147.567
2026-03-19T20,2147.325
2026-03-19T21,1775.756
2026-03-19T22,927.48
2026-03-19T23,1628.726
2026-03-20T00,1596.587
2026-03-20T01,1518.392
2026-03-20T02,1481.742
2026-03-20T03,1476.178
2026-03-20T04,1483.883
2026-03-20T05,1505.974
2026-03-20T06,1563.624
2026-03-20T07,1772.302
2026-03-20T08,1749.485
2026-03-20T09,1693.221
2026-03-20T10,2494.772
2026-03-20T11,2663.952
2026-03-20T12,2738.458
2026-03-20T13,2697.874
2026-03-20T14,2706.522
2026-03-20T15,2694.923
2026-03-20T16,2606.311
2026-03-20T17,2205.194
2026-03-20T18,2147.855
2026-03-20T19,2085.554
2026-03-20T20,1991.559
2026-03-20T21,1697.211
2026-03-20T22,970.87
2026-03-20T23,1192.555
2026-03-21T00,1282.914
2026-03-21T01,1518.274
2026-03-21T02,1438.771
2026-03-21T03,1438.361
2026-03-21T04,1440.508
2026-03-21T05,1512.542
2026-03-21T06,1575.172
2026-03-21T07,1767.291
2026-03-21T08,1954.905
2026-03-21T09,1653.129
2026-03-21T10,2319.704
2026-03-21T11,2442.645
2026-03-21T12,2487.451
2026-03-21T13,2747.289
2026-03-21T14,2696.464
2026-03-21T15,2684.641
2026-03-21T16,2602.242
2026-03-21T17,2199.625
2026-03-21T18,2187.876
2026-03-21T19,2254.571
2026-03-21T20,2193.355
2026-03-21T21,1881.692
2026-03-21T22,1162.168
2026-03-21T23,1427.408
2026-03-22T00,1706.06
2026-03-22T01,1575.244
2026-03-22T02,1553.11
2026-03-22T03,1566.322
2026-03-22T04,1519.447
2026-03-22T05,1524.173
2026-03-22T06,1568.371
2026-03-22T07,1719.904
2026-03-22T08,1885.964
2026-03-22T09,1731.267
2026-03-22T10,2605.083
2026-03-22T11,2735.827
2026-03-22T12,2754.937
2026-03-22T13,2809.031
2026-03-22T14,2783.298
2026-03-22T15,2745.664
2026-03-22T16,2674.648
2026-03-22T17,2294.504
2026-03-22T18,2291.991
2026-03-22T19,2290.342
2026-03-22T20,2199.993
2026-03-22T21,1891.104
2026-03-22T22,1116.64
2026-03-22T23,2114.077
2026-03-23T00,2077.225
2026-03-23T01,1957.473
2026-03-23T02,1907.963
2026-03-23T03,1979.493
2026-03-23T04,1981.828
2026-03-23T05,1994.827
2026-03-23T06,2040.58
2026-03-23T07,2097.283
2026-03-23T08,2041.144
2026-03-23T09,1826.845
2026-03-23T10,1968.29
2026-03-23T11,1708.822
2026-03-23T12,2246.091
2026-03-23T13,2520.008
2026-03-23T14,2706.407
2026-03-23T15,2695.798
2026-03-23T16,2616.528
2026-03-23T17,2146.203
2026-03-23T18,2153.506
2026-03-23T19,2161.408
2026-03-23T20,2018.667
2026-03-23T21,1482.208
2026-03-23T22,956.299
2026-03-23T23,1718.107
2026-03-24T00,1621.776
2026-03-24T01,1597.801
2026-03-24T02,1580.215
2026-03-24T03,1577.554
2026-03-24T04,1557.634
2026-03-24T05,1565.6
2026-03-24T06,1565.045
2026-03-24T07,1730.29
2026-03-24T08,1777.001
2026-03-24T09,1849.989
2026-03-24T10,2685.119
2026-03-24T11,2706.969
2026-03-24T12,2715.805
2026-03-24T13,2753.494
2026-03-24T14,2734.232
2026-03-24T15,2690.583
2026-03-24T16,2568.784
2026-03-24T17,2179.477
2026-03-24T18,2218.436
2026-03-24T19,2166.414
2026-03-24T20,2054.494
2026-03-24T21,1716.124
2026-03-24T22,993.894
2026-03-24T23,2056.269
2026-03-25T00,2124.55
2026-03-25T01,2076.611
2026-03-25T02,2015.413
2026-03-25T03,2011.963
2026-03-25T04,2008.3
2026-03-25T05,1941.787
2026-03-25T06,1334.993
2026-03-25T07,1350.235
2026-03-25T08,1709.973
2026-03-25T09,1952.073
2026-03-25T10,2797.294
2026-03-25T11,2864.858
2026-03-25T12,2881.174
2026-03-25T13,2836.675
2026-03-25T14,2813.082
2026-03-25T15,2844.447
2026-03-25T16,2746.296
2026-03-25T17,2366.349
2026-03-25T18,2280.676
2026-03-25T19,2252.087
2026-03-25T20,2139.964
2026-03-25T21,1710.519
2026-03-25T22,963.398
2026-03-25T23,2108.282
2026-03-26T00,2099.905
2026-03-26T01,2021.904
2026-03-26T02,2009.098
2026-03-26T03,2008.742
2026-03-26T04,2014.764
2026-03-26T05,2026.062
2026-03-26T06,1774.005
2026-03-26T07,1692.378
2026-03-26T08,1828.987
2026-03-26T09,1822.494
2026-03-26T10,2669.348
2026-03-26T11,2746.384
2026-03-26T12,2685.766
2026-03-26T13,2802.948
2026-03-26T14,2869.541
2026-03-26T15,2812.303
2026-03-26T16,2728.068
2026-03-26T17,2385.787
2026-03-26T18,2392.135
2026-03-26T19,2240.458
2026-03-26T20,2085.17
2026-03-26T21,1719.715
2026-03-26T22,1018.615
2026-03-26T23,2071.422
2026-03-27T00,2077.645
2026-03-27T01,2012.229
2026-03-27T02,2006.028
2026-03-27T03,1979.291
2026-03-27T04,1990.191
2026-03-27T05,2007.447
2026-03-27T06,1912.167
2026-03-27T07,1654.807
2026-03-27T08,1601.683
2026-03-27T09,1930.991
2026-03-27T10,2776.02
2026-03-27T11,2841.268
2026-03-27T12,2855.672
2026-03-27T13,2833.763
2026-03-27T14,2881.823
2026-03-27T15,2940.388
2026-03-27T16,2842.454
2026-03-27T17,2433.336
2026-03-27T18,2410.831
2026-03-27T19,2358.52
2026-03-27T20,2350.726
2026-03-27T21,2055.478
2026-03-27T22,1444.174
2026-03-27T23,1207.069
2026-03-28T00,1071.37
2026-03-28T01,993.635
2026-03-28T02,2004.995
2026-03-28T03,2008.686
2026-03-28T04,1997.67
2026-03-28T05,2015.898
2026-03-28T06,2066.468
2026-03-28T07,2252.507
2026-03-28T08,2530.622
2026-03-28T09,2329.693
2026-03-28T10,2728.634
2026-03-28T11,2716.308
2026-03-28T12,2578.237
2026-03-28T13,2585.552
2026-03-28T14,2758.619
2026-03-28T15,2730.079
2026-03-28T16,2656.148
2026-03-28T17,2281.44
2026-03-28T18,2269.972
2026-03-28T19,2215.247
2026-03-28T20,2176.477
2026-03-28T21,1796.117
2026-03-28T22,1081.302
2026-03-28T23,2225.325
2026-03-29T00,1962.294
2026-03-29T01,1292.452
2026-03-29T02,1237.856
2026-03-29T03,2015.803
2026-03-29T04,2007.946
2026-03-29T05,2004.254
2026-03-29T06,2061.967
2026-03-29T07,1746.995
2026-03-29T08,1811.95
2026-03-29T09,1700.903
2026-03-29T10,2648.277
2026-03-29T11,2693.012
2026-03-29T12,2739.556
2026-03-29T13,2721.136
2026-03-29T14,2779.514
2026-03-29T15,2740.488
2026-03-29T16,2669.627
2026-03-29T17,2235.278
2026-03-29T18,2239.058
2026-03-29T19,2240.316
2026-03-29T20,2170.501
2026-03-29T21,1834.65
2026-03-29T22,1100.853
2026-03-29T23,2244.314
2026-03-30T00,2149.747
2026-03-30T01,2067.858
2026-03-30T02,2009.515
2026-03-30T03,2002.997
2026-03-30T04,2006.047
2026-03-30T05,2004.38
2026-03-30T06,2022.964
2026-03-30T07,1906.824
2026-03-30T08,1735.229
2026-03-30T09,1839.917
2026-03-30T10,1973.232
2026-03-30T11,1781.311
2026-03-30T12,2259.977
2026-03-30T13,2512.462
2026-03-30T14,2693.171
2026-03-30T15,2689.519
2026-03-30T16,2635.043
2026-03-30T17,2246.585
2026-03-30T18,2083.233
2026-03-30T19,1982.991
2026-03-30T20,1823.523
2026-03-30T21,1337.834
2026-03-30T22,800.254
2026-03-30T23,1457.385
2026-03-31T00,1452.434
2026-03-31T01,1387.309
2026-03-31T02,1416.836
2026-03-31T03,1398.831
2026-03-31T04,1418.23
2026-03-31T05,1429.906
2026-03-31T06,1515.603
2026-03-31T07,1691.503
2026-03-31T08,1712.658
2026-03-31T09,1861.115
2026-03-31T10,2698.909
2026-03-31T11,2702.87
2026-03-31T12,2731.471
2026-03-31T13,2695.36
2026-03-31T14,2719.983
2026-03-31T15,2711.759
2026-03-31T16,2571.568
2026-03-31T17,2108.616
2026-03-31T18,2077.733
2026-03-31T19,2061.262
2026-03-31T20,1982.828
2026-03-31T21,1703.287
2026-03-31T22,973.263
2026-03-31T23,1667.665
2026-04-01T00,1626.071
2026-04-01T01,1592.46
2026-04-01T02,1522.682
2026-04-01T03,1513.883
2026-04-01T04,1537.135
2026-04-01T05,1550.695
2026-04-01T06,1581.948
2026-04-01T07,1781.529
2026-04-01T08,1632.223
2026-04-01T09,1909.485
2026-04-01T10,2707.236
2026-04-01T11,2751.257
2026-04-01T12,2845.444
2026-04-01T13,2774.524
2026-04-01T14,2724.539
2026-04-01T15,2798.538
2026-04-01T16,2617.586
2026-04-01T17,2236.362
2026-04-01T18,2207.606
2026-04-01T19,2146.174
2026-04-01T20,2063.718
2026-04-01T21,1698.75
2026-04-01T22,878.042
2026-04-01T23,1661.112
2026-04-02T00,1620.607
2026-04-02T01,1537.708
2026-04-02T02,1526.211
2026-04-02T03,1514.974
2026-04-02T04,1531.222
2026-04-02T05,1558.379
2026-04-02T06,1600.977
2026-04-02T07,1780.289
2026-04-02T08,1814.4
2026-04-02T09,1835.963
2026-04-02T10,2606.143
2026-04-02T11,2665.256
2026-04-02T12,2684.405
2026-04-02T13,2718.212
2026-04-02T14,2660.856
2026-04-02T15,2647.235
2026-04-02T16,2544.199
2026-04-02T17,2158.1
2026-04-02T18,2117.712
2026-04-02T19,2062.819
2026-04-02T20,2065.88
2026-04-02T21,1718.597
2026-04-02T22,918.168
2026-04-02T23,1689.687
2026-04-03T00,1627.141
2026-04-03T01,1541.702
2026-04-03T02,1526.005
2026-04-03T03,1526.237
2026-04-03T04,1537.543
2026-04-03T05,1551.908
2026-04-03T06,1596.094
2026-04-03T07,1773.37
2026-04-03T08,1935.913
2026-04-03T09,1869.424
2026-04-03T10,2724.347
2026-04-03T11,2709.23
2026-04-03T12,2749.294
2026-04-03T13,2747.265
2026-04-03T14,2729.807
2026-04-03T15,2681.562
2026-04-03T16,2600.472
2026-04-03T17,2232.14
2026-04-03T18,2157.281
2026-04-03T19,2181.886
2026-04-03T20,2164.681
2026-04-03T21,1756.864
2026-04-03T22,956.796
2026-04-03T23,1541.036
2026-04-04T00,1585.502
2026-04-04T01,1532.275
2026-04-04T02,1529.784
2026-04-04T03,1520.237
2026-04-04T04,1503.998
2026-04-04T05,1442.136
2026-04-04T06,1472.438
2026-04-04T07,1649.779
2026-04-04T08,1998.153
2026-04-04T09,1877.876
2026-04-04T10,2740.104
2026-04-04T11,2702.995
2026-04-04T12,2725.479
2026-04-04T13,2753.938
2026-04-04T14,2708.875
2026-04-04T15,2706.954
2026-04-04T16,2621.385
2026-04-04T17,2218.125
2026-04-04T18,2269.653
2026-04-04T19,2219.876
2026-04-04T20,2142.615
2026-04-04T21,1843.805
2026-04-04T22,1087.633
2026-04-04T23,1688.384
2026-04-05T00,1552.357
2026-04-05T01,1514.397
2026-04-05T02,1529.366
2026-04-05T03,1514.382
2026-04-05T04,1516.625
2026-04-05T05,1519.832
2026-04-05T06,1577.61
2026-04-05T07,1767.74
2026-04-05T08,1926.254
2026-04-05T09,1756.87
2026-04-05T10,2588.352
2026-04-05T11,2736.829
2026-04-05T12,2791.3
2026-04-05T13,2834.906
2026-04-05T14,2769.047
2026-04-05T15,2689.72
2026-04-05T16,2635.283
2026-04-05T17,2250.479
2026-04-05T18,2242.981
2026-04-05T19,2229.693
2026-04-05T20,2219.872
2026-04-05T21,1885.783
2026-04-05T22,1136.967
2026-04-05T23,1824.356
2026-04-06T00,1626.761
2026-04-06T01,1549.04
2026-04-06T02,1533.605
2026-04-06T03,1542.05
2026-04-06T04,1521.327
2026-04-06T05,1516.542
2026-04-06T06,1564.266
2026-04-06T07,1646.263
2026-04-06T08,1754.841
2026-04-06T09,2010.466
2026-04-06T10,2085.074
2026-04-06T11,1935.863
2026-04-06T12,2342.079
2026-04-06T13,2654.547
2026-04-06T14,2801.099
2026-04-06T15,2749.342
2026-04-06T16,2670.269
2026-04-06T17,2174.704
2026-04-06T18,2191.18
2026-04-06T19,2145.021
2026-04-06T20,1928.94
2026-04-06T21,1398.678
2026-04-06T22,945.282
2026-04-06T23,1673.763
2026-04-07T00,1608.681
2026-04-07T01,1536.684
2026-04-07T02,1533.01
2026-04-07T03,1517.048
2026-04-07T04,1529.444
2026-04-07T05,1557.189
2026-04-07T06,1596.196
2026-04-07T07,1800.589
2026-04-07T08,1932.41
2026-04-07T09,1858.949
2026-04-07T10,2700.668
2026-04-07T11,2692.039
2026-04-07T12,2688.445
2026-04-07T13,2726.018
2026-04-07T14,2695.917
2026-04-07T15,2663.205
2026-04-07T16,2582.451
2026-04-07T17,2177.694
2026-04-07T18,2158.305
2026-04-07T19,2157.306
2026-04-07T20,2118.242
2026-04-07T21,1775.576
2026-04-07T22,962.215
2026-04-07T23,1675.719
2026-04-08T00,1639.29
2026-04-08T01,1580.638
2026-04-08T02,1538.952
2026-04-08T03,1543.433
2026-04-08T04,1533.242
2026-04-08T05,1530.055
2026-04-08T06,1576.426
2026-04-08T07,1761.43
2026-04-08T08,1756.96
2026-04-08T09,1905.732
2026-04-08T10,2729.033
2026-04-08T11,2739.786
2026-04-08T12,2785.409
2026-04-08T13,2736.323
2026-04-08T14,2686.303
2026-04-08T15,2700.458
2026-04-08T16,2612.063
2026-04-08T17,2176.465
2026-04-08T18,2195.309
2026-04-08T19,2167.981
2026-04-08T20,2066.607
2026-04-08T21,1741.401
2026-04-08T22,941.48
2026-04-08T23,1725.224
2026-04-09T00,1708.92
2026-04-09T01,1605.364
2026-04-09T02,1575.993
2026-04-09T03,1576.703
2026-04-09T04,1584.778
2026-04-09T05,1611.456
2026-04-09T06,1624.021
2026-04-09T07,1863.516
2026-04-09T08,2007.496
2026-04-09T09,1745.027
2026-04-09T10,2616.595
2026-04-09T11,2697.595
2026-04-09T12,2776.355
2026-04-09T13,2794.714
2026-04-09T14,2730.608
2026-04-09T15,2709.988
2026-04-09T16,2571.858
2026-04-09T17,2169.642
2026-04-09T18,2158.237
2026-04-09T19,2131.787
2026-04-09T20,2100.194
2026-04-09T21,1719.02
2026-04-09T22,914.729
2026-04-09T23,1660.405
2026-04-10T00,1635.328
2026-04-10T01,1552.757
2026-04-10T02,1526.236
2026-04-10T03,1523.872
2026-04-10T04,1515.322
2026-04-10T05,1553.791
2026-04-10T06,1599.289
2026-04-10T07,1742.331
2026-04-10T08,1993.33
2026-04-10T09,1815.914
2026-04-10T10,2642.832
2026-04-10T11,2756.937
2026-04-10T12,2735.467
2026-04-10T13,2697.299
2026-04-10T14,2737.83
2026-04-10T15,2717.109
2026-04-10T16,2667.303
2026-04-10T17,2211.087
2026-04-10T18,2213.702
2026-04-10T19,2191.869
2026-04-10T20,2135.142
2026-04-10T21,1771.51
2026-04-10T22,988.194
2026-04-10T23,1715.549
2026-04-11T00,1643.219
2026-04-11T01,1539.573
2026-04-11T02,1530.063
2026-04-11T03,1523.402
2026-04-11T04,1537.1
2026-04-11T05,1546.41
2026-04-11T06,1600.644
2026-04-11T07,1861.115
2026-04-11T08,2009.888
2026-04-11T09,1766.888
2026-04-11T10,2637.248
2026-04-11T11,2697.44
2026-04-11T12,2761.289
2026-04-11T13,2764.559
2026-04-11T14,2761.59
2026-04-11T15,2677.527
2026-04-11T16,2277.111
2026-04-11T17,2235.453
2026-04-11T18,2267.041
2026-04-11T19,2324.018
2026-04-11T20,2273.634
2026-04-11T21,1917.731
2026-04-11T22,1112.959
2026-04-11T23,1632.099
2026-04-12T00,1621.217
2026-04-12T01,1559.087
2026-04-12T02,1553.271
2026-04-12T03,1542.848
2026-04-12T04,1533.973
2026-04-12T05,1522.482
2026-04-12T06,1587.404
2026-04-12T07,1728.223
2026-04-12T08,1864.198
2026-04-12T09,1692.886
2026-04-12T10,2614.544
2026-04-12T11,2694.108
2026-04-12T12,2764.192
2026-04-12T13,2779.409
2026-04-12T14,2699.531
2026-04-12T15,2719.712
2026-04-12T16,2630.572
2026-04-12T17,2222.092
2026-04-12T18,2261.97
2026-04-12T19,2236.539
2026-04-12T20,2172.865
2026-04-12T21,1847.085
2026-04-12T22,1114.679
2026-04-12T23,1618.113
2026-04-13T00,1712.669
2026-04-13T01,1614.835
2026-04-13T02,1548.673
2026-04-13T03,1519.819
2026-04-13T04,1518.763
2026-04-13T05,1517.725
2026-04-13T06,1571.212
2026-04-13T07,1669.993
2026-04-13T08,1851.781
2026-04-13T09,2058.129
2026-04-13T10,2220.126
2026-04-13T11,1939.464
2026-04-13T12,2340.603
2026-04-13T13,2570.534
2026-04-13T14,2758.647
2026-04-13T15,2773.208
2026-04-13T16,2655.178
2026-04-13T17,2235.335
2026-04-13T18,2209.566
2026-04-13T19,2218.801
2026-04-13T20,1991.521
2026-04-13T21,1453.789
2026-04-13T22,831.175
2026-04-13T23,1562.455
2026-04-14T00,1558.93
2026-04-14T01,1485.387
2026-04-14T02,1468.082
2026-04-14T03,1458.126
2026-04-14T04,1453.487
2026-04-14T05,1502.091
2026-04-14T06,1583.367
2026-04-14T07,1785.597
2026-04-14T08,2005.027
2026-04-14T09,1866.887
2026-04-14T10,2657.87
2026-04-14T11,2713.952
2026-04-14T12,2713.737
2026-04-14T13,2718.776
2026-04-14T14,2655.44
2026-04-14T15,2407.38
2026-04-14T16,2152.205
2026-04-14T17,2147.68
2026-04-14T18,2201.893
2026-04-14T19,2198.991
2026-04-14T20,2109.481
2026-04-14T21,1736.773
2026-04-14T22,900.742
2026-04-14T23,1650.099
2026-04-15T00,1649.768
2026-04-15T01,1528.092
2026-04-15T02,1519.167
2026-04-15T03,1507.807
2026-04-15T04,1517.598
2026-04-15T05,1549.554
2026-04-15T06,1577.132
2026-04-15T07,1775.16
2026-04-15T08,1804.207
2026-04-15T09,1735.735
2026-04-15T10,2595.663
2026-04-15T11,2710.211
2026-04-15T12,2718.336
2026-04-15T13,2715.419
2026-04-15T14,2649.032
2026-04-15T15,2642.981
2026-04-15T16,2620.292
2026-04-15T17,2175.068
2026-04-15T18,2207.897
2026-04-15T19,2176.445
2026-04-15T20,2085.994
2026-04-15T21,1751.256
2026-04-15T22,932.691
2026-04-15T23,1684.496
2026-04-16T00,1627.189
2026-04-16T01,1559.774
2026-04-16T02,1540.579
2026-04-16T03,1543.26
2026-04-16T04,1541.511
2026-04-16T05,1550.287
2026-04-16T06,1596.848
2026-04-16T07,1782.709
2026-04-16T08,2091.1
2026-04-16T09,1861.839
2026-04-16T10,2660.367
2026-04-16T11,2702.904
2026-04-16T12,2711.887
2026-04-16T13,2700.948
2026-04-16T14,2411.389
2026-04-16T15,2721.313
2026-04-16T16,2646.529
2026-04-16T17,2233.72
2026-04-16T18,2240.528
2026-04-16T19,2215.091
2026-04-16T20,2174.481
2026-04-16T21,1860.448
2026-04-16T22,1113.471
2026-04-16T23,1828.827
2026-04-17T00,1661.523
2026-04-17T01,1566.045
2026-04-17T02,1550.046
2026-04-17T03,1547.538
2026-04-17T04,1541.853
2026-04-17T05,1553.883
2026-04-17T06,1609.393
2026-04-17T07,1787.816
2026-04-17T08,1983.302
2026-04-17T09,1882.362
2026-04-17T10,2696.187
2026-04-17T11,2757.295
2026-04-17T12,2744.845
2026-04-17T13,2774.104
2026-04-17T14,2694.771
2026-04-17T15,2699.583
2026-04-17T16,2661.868
2026-04-17T17,2259.186
2026-04-17T18,2193.489
2026-04-17T19,2187.811
2026-04-17T20,2110.598
2026-04-17T21,1807.919
2026-04-17T22,987.272
2026-04-17T23,2069.312
2026-04-18T00,2111.057
2026-04-18T01,2036.281
2026-04-18T02,2014.181
2026-04-18T03,2007.12
2026-04-18T04,2004.58
2026-04-18T05,2008.887
2026-04-18T06,2026.842
2026-04-18T07,2071.612
2026-04-18T08,1942.582
2026-04-18T09,1086.828
2026-04-18T10,1083.901
2026-04-18T11,1494.894
2026-04-18T12,2098.47
2026-04-18T13,2052.757
2026-04-18T14,2041.665
2026-04-18T15,2018.774
2026-04-18T16,1925.997
2026-04-18T17,1629.351
2026-04-18T18,1644.5
2026-04-18T19,1633.489
2026-04-18T20,1566.044
2026-04-18T21,1397.989
2026-04-18T22,935.745
2026-04-18T23,1681.455
2026-04-19T00,1637.701
2026-04-19T01,1595.879
2026-04-19T02,1556.997
2026-04-19T03,1521.868
2026-04-19T04,1521.731
2026-04-19T05,1529.655
2026-04-19T06,1571.095
2026-04-19T07,1653.679
2026-04-19T08,1508.44
2026-04-19T09,1740.4
2026-04-19T10,2608.742
2026-04-19T11,2701.0
2026-04-19T12,2756.838
2026-04-19T13,2742.403
2026-04-19T14,2709.806
2026-04-19T15,2693.549
2026-04-19T16,2626.705
2026-04-19T17,2204.951
2026-04-19T18,2242.194
2026-04-19T19,2159.456
2026-04-19T20,2102.274
2026-04-19T21,1798.193
2026-04-19T22,1070.543
2026-04-19T23,1690.905
2026-04-20T00,1595.954
2026-04-20T01,1538.101
2026-04-20T02,1510.462
2026-04-20T03,1511.828
2026-04-20T04,1508.521
2026-04-20T05,1503.655
2026-04-20T06,1556.279
2026-04-20T07,1642.305
2026-04-20T08,1765.792
2026-04-20T09,1672.248
2026-04-20T10,1739.529
2026-04-20T11,1726.656
2026-04-20T12,2235.852
2026-04-20T13,2504.249
2026-04-20T14,2648.883
2026-04-20T15,2605.672
2026-04-20T16,2560.269
2026-04-20T17,2161.104
2026-04-20T18,2148.966
2026-04-20T19,2130.353
2026-04-20T20,1905.719
2026-04-20T21,1361.297
2026-04-20T22,859.274
2026-04-20T23,1672.032
2026-04-21T00,1637.315
2026-04-21T01,1532.293
2026-04-21T02,1524.614
2026-04-21T03,1518.047
2026-04-21T04,1518.094
2026-04-21T05,1526.811
2026-04-21T06,1567.981
2026-04-21T07,1641.956
2026-04-21T08,1456.53
2026-04-21T09,1674.567
2026-04-21T10,2519.397
2026-04-21T11,2575.813
2026-04-21T12,2663.766
2026-04-21T13,2647.895
2026-04-21T14,2653.217
2026-04-21T15,2614.281
2026-04-21T16,2555.952
2026-04-21T17,2131.414
2026-04-21T18,2162.346
2026-04-21T19,2157.869
2026-04-21T20,2113.053
2026-04-21T21,1757.908
2026-04-21T22,881.153
2026-04-21T23,1613.726
2026-04-22T00,1595.805
2026-04-22T01,1505.816
2026-04-22T02,1513.183
2026-04-22T03,1499.329
2026-04-22T04,1514.797
2026-04-22T05,1532.548
2026-04-22T06,1578.41
2026-04-22T07,1769.161
2026-04-22T08,2012.368
2026-04-22T09,1872.899
2026-04-22T10,2689.475
2026-04-22T11,2732.4
2026-04-22T12,2718.467
2026-04-22T13,2706.977
2026-04-22T14,2706.87
2026-04-22T15,2706.824
2026-04-22T16,2647.994
2026-04-22T17,2158.668
2026-04-22T18,2091.143
2026-04-22T19,2067.906
2026-04-22T20,2038.84
2026-04-22T21,1678.846
2026-04-22T22,869.603
2026-04-22T23,1644.669
2026-04-23T00,1619.59
2026-04-23T01,1542.215
2026-04-23T02,1520.092
2026-04-23T03,1520.819
2026-04-23T04,1513.568
2026-04-23T05,1540.212
2026-04-23T06,1568.683
2026-04-23T07,1785.772
2026-04-23T08,2015.465
2026-04-23T09,1829.693
2026-04-23T10,2659.005
2026-04-23T11,2678.922
2026-04-23T12,2683.086
2026-04-23T13,2717.745
2026-04-23T14,2697.344
2026-04-23T15,2676.448
2026-04-23T16,2576.707
2026-04-23T17,2013.57
2026-04-23T18,1905.124
2026-04-23T19,1944.273
2026-04-23T20,1910.887
2026-04-23T21,1602.538
2026-04-23T22,890.057
2026-04-23T23,1560.185
2026-04-24T00,1512.765
2026-04-24T01,1487.619
2026-04-24T02,1468.112
2026-04-24T03,1376.527
2026-04-24T04,739.451
2026-04-24T05,828.2
2026-04-24T06,1569.39
2026-04-24T07,1702.998
2026-04-24T08,1890.141
2026-04-24T09,1703.723
2026-04-24T10,2551.59
2026-04-24T11,2604.023
2026-04-24T12,2619.755
2026-04-24T13,2609.72
2026-04-24T14,2573.421
2026-04-24T15,2618.236
2026-04-24T16,2540.856
2026-04-24T17,2121.815
2026-04-24T18,2143.841
2026-04-24T19,2140.884
2026-04-24T20,2098.558
2026-04-24T21,1753.611
2026-04-24T22,964.975
2026-04-24T23,2015.79
2026-04-25T00,2079.034
2026-04-25T01,2013.98
2026-04-25T02,1987.959
2026-04-25T03,1984.318
2026-04-25T04,1994.409
2026-04-25T05,1942.126
2026-04-25T06,1571.985
2026-04-25T07,1754.073
2026-04-25T08,2021.81
2026-04-25T09,1805.775
2026-04-25T10,2613.656
2026-04-25T11,2677.158
2026-04-25T12,2694.779
2026-04-25T13,2738.914
2026-04-25T14,2743.788
2026-04-25T15,2729.949
2026-04-25T16,2569.526
2026-04-25T17,2139.0
2026-04-25T18,2190.092
2026-04-25T19,2212.509
2026-04-25T20,2192.683
2026-04-25T21,1859.306
2026-04-25T22,1077.205
2026-04-25T23,1741.966
2026-04-26T00,1574.521
2026-04-26T01,1522.275
2026-04-26T02,1524.698
2026-04-26T03,1516.712
2026-04-26T04,1518.943
2026-04-26T05,1513.132
2026-04-26T06,1584.765
2026-04-26T07,1725.62
2026-04-26T08,1856.055
2026-04-26T09,1751.183
2026-04-26T10,2618.962
2026-04-26T11,2673.936
2026-04-26T12,2754.251
2026-04-26T13,2817.307
2026-04-26T14,2779.893
2026-04-26T15,2727.395
2026-04-26T16,2679.115
2026-04-26T17,2238.083
2026-04-26T18,2230.195
2026-04-26T19,2226.778
2026-04-26T20,2179.789
2026-04-26T21,1874.057
2026-04-26T22,1120.305
2026-04-26T23,1831.027
2026-04-27T00,1619.234
2026-04-27T01,1546.091
2026-04-27T02,1532.071
2026-04-27T03,1519.762
2026-04-27T04,1523.497
2026-04-27T05,1505.45
2026-04-27T06,1570.154
2026-04-27T07,1647.591
2026-04-27T08,1854.748
2026-04-27T09,2088.007
2026-04-27T10,2217.079
2026-04-27T11,1822.668
2026-04-27T12,2311.284
2026-04-27T13,2547.157
2026-04-27T14,2711.019
2026-04-27T15,2707.196
2026-04-27T16,2635.57
2026-04-27T17,2173.326
2026-04-27T18,2188.928
2026-04-27T19,2195.917
2026-04-27T20,1968.805
2026-04-27T21,1448.393
2026-04-27T22,897.602
2026-04-27T23,1675.452
2026-04-28T00,1585.374
2026-04-28T01,1549.387
2026-04-28T02,1540.245
2026-04-28T03,1537.052
2026-04-28T04,1531.146
2026-04-28T05,1557.315
2026-04-28T06,1598.698
2026-04-28T07,1754.834
2026-04-28T08,1982.605
2026-04-28T09,1819.589
2026-04-28T10,2617.922
2026-04-28T11,2668.861
2026-04-28T12,2684.472
2026-04-28T13,2674.376
2026-04-28T14,2265.055
2026-04-28T15,2447.498
2026-04-28T16,2574.601
2026-04-28T17,2143.689
2026-04-28T18,2177.017
2026-04-28T19,2183.584
2026-04-28T20,2077.707
2026-04-28T21,1743.575
2026-04-28T22,939.657
2026-04-28T23,1643.739
2026-04-29T00,1607.52
2026-04-29T01,1518.942
2026-04-29T02,1501.175
2026-04-29T03,1500.366
2026-04-29T04,1509.264
2026-04-29T05,1522.374
2026-04-29T06,1580.558
2026-04-29T07,1811.011
2026-04-29T08,1953.327
2026-04-29T09,1789.542
2026-04-29T10,2664.921
2026-04-29T11,2709.042
2026-04-29T12,2730.042
2026-04-29T13,2692.82
2026-04-29T14,2682.486
2026-04-29T15,2645.085
2026-04-29T16,2589.002
2026-04-29T17,2227.733
2026-04-29T18,2182.411
2026-04-29T19,2143.501
2026-04-29T20,2025.357
2026-04-29T21,1734.483
2026-04-29T22,892.275
2026-04-29T23,1539.763
2026-04-30T00,1518.284
2026-04-30T01,1474.809
2026-04-30T02,1423.357
2026-04-30T03,1418.101
2026-04-30T04,1430.26
2026-04-30T05,1504.813
2026-04-30T06,1554.883
2026-04-30T07,1729.523
2026-04-30T08,2063.931
2026-04-30T09,1870.883
2026-04-30T10,2667.973
2026-04-30T11,2683.336
2026-04-30T12,2762.295
2026-04-30T13,2751.221
2026-04-30T14,2697.927
2026-04-30T15,2687.598
2026-04-30T16,2540.945
2026-04-30T17,2159.368
2026-04-30T18,2189.784
2026-04-30T19,2224.161
2026-04-30T20,2180.629
2026-04-30T21,1817.259
2026-04-30T22,1072.802
2026-04-30T23,1658.857
2026-05-01T00,1723.668
2026-05-01T01,1685.802
2026-05-01T02,1618.193
2026-05-01T03,1603.657
2026-05-01T04,1600.88
2026-05-01T05,1583.389
2026-05-01T06,1582.637
2026-05-01T07,1703.931
2026-05-01T08,1869.871
2026-05-01T09,1996.79
2026-05-01T10,2099.104
2026-05-01T11,1971.426
2026-05-01T12,2213.717
2026-05-01T13,2220.339
2026-05-01T14,2179.773
2026-05-01T15,2175.146
2026-05-01T16,2080.546
2026-05-01T17,1739.065
2026-05-01T18,1800.079
2026-05-01T19,1739.323
2026-05-01T20,1680.397
2026-05-01T21,1520.981
2026-05-01T22,1058.944
2026-05-01T23,1612.34
2026-05-02T00,1537.45
2026-05-02T01,1483.615
2026-05-02T02,1442.888
2026-05-02T03,1414.217
2026-05-02T04,1425.602
2026-05-02T05,1452.908
2026-05-02T06,1490.314
2026-05-02T07,1758.482
2026-05-02T08,2115.676
2026-05-02T09,1919.367
2026-05-02T10,2718.979
2026-05-02T11,2791.63
2026-05-02T12,2823.935
2026-05-02T13,2878.058
2026-05-02T14,2848.629
2026-05-02T15,2830.91
2026-05-02T16,2716.205
2026-05-02T17,2279.861
2026-05-02T18,2279.6
2026-05-02T19,2303.717
2026-05-02T20,2241.119
2026-05-02T21,1897.476
2026-05-02T22,1130.519
2026-05-02T23,1790.844
2026-05-03T00,1682.28
2026-05-03T01,1594.248
2026-05-03T02,1570.78
2026-05-03T03,1553.17
2026-05-03T04,1550.499
2026-05-03T05,1564.155
2026-05-03T06,1609.854
2026-05-03T07,1824.277
2026-05-03T08,1985.48
2026-05-03T09,1835.906
2026-05-03T10,2666.935
2026-05-03T11,2804.188
2026-05-03T12,2880.157
2026-05-03T13,2916.01
2026-05-03T14,2887.653
2026-05-03T15,2830.066
2026-05-03T16,2707.898
2026-05-03T17,2237.123
2026-05-03T18,2297.57
2026-05-03T19,2327.93
2026-05-03T20,2305.853
2026-05-03T21,1967.053
2026-05-03T22,1138.941
2026-05-03T23,1828.974
2026-05-04T00,1746.451
2026-05-04T01,1593.012
2026-05-04T02,1585.469
2026-05-04T03,1571.783
2026-05-04T04,1557.087
2026-05-04T05,1577.777
2026-05-04T06,1582.764
2026-05-04T07,1707.508
2026-05-04T08,1934.348
2026-05-04T09,2149.652
2026-05-04T10,2091.527
2026-05-04T11,1848.768
2026-05-04T12,2356.847
2026-05-04T13,2692.229
2026-05-04T14,2855.216
2026-05-04T15,2854.568
2026-05-04T16,2755.222
2026-05-04T17,2269.038
2026-05-04T18,2278.673
2026-05-04T19,2246.699
2026-05-04T20,2012.086
2026-05-04T21,1454.835
2026-05-04T22,981.527
2026-05-04T23,1694.912
2026-05-05T00,1633.817
2026-05-05T01,1574.694
2026-05-05T02,1571.079
2026-05-05T03,1557.139
2026-05-05T04,1564.837
2026-05-05T05,1592.633
2026-05-05T06,1625.257
2026-05-05T07,1868.005
2026-05-05T08,1633.997
2026-05-05T09,1835.679
2026-05-05T10,2774.245
2026-05-05T11,2864.65
2026-05-05T12,2857.214
2026-05-05T13,2881.151
2026-05-05T14,2838.25
2026-05-05T15,2763.408
2026-05-05T16,2651.989
2026-05-05T17,2248.509
2026-05-05T18,2245.565
2026-05-05T19,2145.7
2026-05-05T20,2083.048
2026-05-05T21,1782.845
2026-05-05T22,914.951
2026-05-05T23,1694.338
2026-05-06T00,1647.748
2026-05-06T01,1587.546
2026-05-06T02,1568.605
2026-05-06T03,1564.9
2026-05-06T04,1580.822
2026-05-06T05,1597.771
2026-05-06T06,1664.681
2026-05-06T07,1833.638
2026-05-06T08,2042.069
2026-05-06T09,1770.99
2026-05-06T10,2737.839
2026-05-06T11,2810.745
2026-05-06T12,2787.322
2026-05-06T13,2777.748
2026-05-06T14,2792.231
2026-05-06T15,2812.333
2026-05-06T16,2738.765
2026-05-06T17,2247.779
2026-05-06T18,2266.485
2026-05-06T19,2275.558
2026-05-06T20,2172.626
2026-05-06T21,1845.031
2026-05-06T22,1027.098
2026-05-06T23,1768.668
2026-05-07T00,1787.993
2026-05-07T01,1700.211
2026-05-07T02,1675.085
2026-05-07T03,1631.304
2026-05-07T04,1673.532
2026-05-07T05,1684.939
2026-05-07T06,1690.22
2026-05-07T07,1839.654
2026-05-07T08,2074.769
2026-05-07T09,1808.61
2026-05-07T10,2733.017
2026-05-07T11,2790.577
2026-05-07T12,2839.303
2026-05-07T13,2859.369
2026-05-07T14,2886.997
2026-05-07T15,2808.839
2026-05-07T16,2654.02
2026-05-07T17,2211.393
2026-05-07T18,2339.808
2026-05-07T19,2306.868
2026-05-07T20,2226.244
2026-05-07T21,1855.214
2026-05-07T22,999.802
2026-05-07T23,1713.231
2026-05-08T00,1656.468
2026-05-08T01,1598.928
2026-05-08T02,1592.891
2026-05-08T03,1601.376
2026-05-08T04,1628.377
2026-05-08T05,1626.73
2026-05-08T06,1679.014
2026-05-08T07,1839.5
2026-05-08T08,2121.598
2026-05-08T09,1916.524
2026-05-08T10,2833.947
2026-05-08T11,2821.148
2026-05-08T12,2870.635
2026-05-08T13,2889.656
2026-05-08T14,2880.615
2026-05-08T15,2829.105
2026-05-08T16,2775.954
2026-05-08T17,2340.711
2026-05-08T18,2341.423
2026-05-08T19,2276.922
2026-05-08T20,2210.2
2026-05-08T21,1925.57
2026-05-08T22,1095.266
2026-05-08T23,2193.441
2026-05-09T00,2237.969
2026-05-09T01,2173.479
2026-05-09T02,2108.536
2026-05-09T03,2088.84
2026-05-09T04,2106.148
2026-05-09T05,2121.312
2026-05-09T06,2165.299
2026-05-09T07,2205.584
2026-05-09T08,1758.714
2026-05-09T09,2560.999
2026-05-09T10,2844.157
2026-05-09T11,2884.671
2026-05-09T12,2868.56
2026-05-09T13,2924.145
2026-05-09T14,2880.821
2026-05-09T15,2809.581
2026-05-09T16,2748.72
2026-05-09T17,2332.431
2026-05-09T18,2346.903
2026-05-09T19,2358.071
2026-05-09T20,2310.771
2026-05-09T21,2028.209
2026-05-09T22,1268.853
2026-05-09T23,1837.227
2026-05-10T00,1744.821
2026-05-10T01,1635.271
2026-05-10T02,1631.271
2026-05-10T03,1611.558
2026-05-10T04,1597.894
2026-05-10T05,1593.362
2026-05-10T06,1651.513
2026-05-10T07,1784.249
2026-05-10T08,1733.028
2026-05-10T09,2469.234
2026-05-10T10,2753.049
2026-05-10T11,2789.846
2026-05-10T12,2831.804
2026-05-10T13,2767.272
2026-05-10T14,2854.188
2026-05-10T15,2897.431
2026-05-10T16,2785.605
2026-05-10T17,2303.026
2026-05-10T18,2310.531
2026-05-10T19,2334.828
2026-05-10T20,2285.676
2026-05-10T21,2037.595
2026-05-10T22,1278.246
2026-05-10T23,1800.703
2026-05-11T00,2304.122
2026-05-11T01,2156.409
2026-05-11T02,2101.404
2026-05-11T03,2089.886
2026-05-11T04,2088.639
2026-05-11T05,2071.176
2026-05-11T06,2161.103
2026-05-11T07,2249.006
2026-05-11T08,2395.929
2026-05-11T09,2230.3
2026-05-11T10,2100.279
2026-05-11T11,1828.786
2026-05-11T12,2446.704
2026-05-11T13,2717.559
2026-05-11T14,2892.059
2026-05-11T15,2858.906
2026-05-11T16,2714.041
2026-05-11T17,2257.836
2026-05-11T18,2314.035
2026-05-11T19,2236.25
2026-05-11T20,2008.22
2026-05-11T21,1478.803
2026-05-11T22,946.401
2026-05-11T23,1667.148
2026-05-12T00,1664.565
2026-05-12T01,1623.248
2026-05-12T02,1563.476
2026-05-12T03,1564.011
2026-05-12T04,1564.809
2026-05-12T05,1590.312
2026-05-12T06,1633.396
2026-05-12T07,1687.205
2026-05-12T08,1693.098
2026-05-12T09,1886.634
2026-05-12T10,2769.785
2026-05-12T11,2729.835
2026-05-12T12,2761.998
2026-05-12T13,2809.637
2026-05-12T14,2761.457
2026-05-12T15,2743.881
2026-05-12T16,2708.092
2026-05-12T17,2268.358
2026-05-12T18,2211.771
2026-05-12T19,2160.888
2026-05-12T20,2098.658
2026-05-12T21,1792.759
2026-05-12T22,899.718
2026-05-12T23,1692.406
2026-05-13T00,1711.074
2026-05-13T01,1628.703
2026-05-13T02,1590.076
2026-05-13T03,1568.249
2026-05-13T04,1590.131
2026-05-13T05,1608.441
2026-05-13T06,1657.615
2026-05-13T07,1855.511
2026-05-13T08,2047.689
2026-05-13T09,1879.585
2026-05-13T10,2736.455
2026-05-13T11,2817.013
2026-05-13T12,2819.092
2026-05-13T13,2812.848
2026-05-13T14,2802.037
2026-05-13T15,2839.914
2026-05-13T16,2719.497
2026-05-13T17,2228.513
2026-05-13T18,2241.926
2026-05-13T19,2245.487
2026-05-13T20,2160.274
2026-05-13T21,1791.694
2026-05-13T22,940.869
2026-05-13T23,1573.308
2026-05-14T00,1621.128
2026-05-14T01,1581.332
2026-05-14T02,1569.622
2026-05-14T03,1555.846
2026-05-14T04,1560.31
2026-05-14T05,1594.294
2026-05-14T06,1632.857
2026-05-14T07,1787.053
2026-05-14T08,2091.999
2026-05-14T09,1792.595
2026-05-14T10,2712.036
2026-05-14T11,2775.747
2026-05-14T12,2800.181
2026-05-14T13,2829.022
2026-05-14T14,2772.39
2026-05-14T15,2714.597
2026-05-14T16,2667.371
2026-05-14T17,2291.758
2026-05-14T18,2249.582
2026-05-14T19,2204.049
2026-05-14T20,2173.356
2026-05-14T21,1817.359
2026-05-14T22,1026.398
2026-05-14T23,1725.118
2026-05-15T00,1675.665
2026-05-15T01,1596.162
2026-05-15T02,1587.062
2026-05-15T03,1593.111
2026-05-15T04,1591.599
2026-05-15T05,1613.593
2026-05-15T06,1670.576
2026-05-15T07,1937.029
2026-05-15T08,2012.744
2026-05-15T09,1933.168
2026-05-15T10,2816.551
2026-05-15T11,2829.804
2026-05-15T12,2819.53
2026-05-15T13,2827.718
2026-05-15T14,2798.688
2026-05-15T15,2762.685
2026-05-15T16,2726.836
2026-05-15T17,2262.771
2026-05-15T18,2258.746
2026-05-15T19,2251.211
2026-05-15T20,2215.836
2026-05-15T21,1851.692
2026-05-15T22,1007.962
2026-05-15T23,1779.261
2026-05-16T00,1722.205
2026-05-16T01,1630.887
2026-05-16T02,1615.508
2026-05-16T03,1610.033
2026-05-16T04,1618.151
2026-05-16T05,1634.6
2026-05-16T06,1687.473
2026-05-16T07,1862.69
2026-05-16T08,1954.359
2026-05-16T09,1940.76
2026-05-16T10,2839.068
2026-05-16T11,2815.453
2026-05-16T12,2854.12
2026-05-16T13,2870.664
2026-05-16T14,2798.419
2026-05-16T15,2792.678
2026-05-16T16,2732.393
2026-05-16T17,2319.955
2026-05-16T18,2351.667
2026-05-16T19,2388.494
2026-05-16T20,2295.78
2026-05-16T21,1979.456
2026-05-16T22,1159.607
2026-05-16T23,1901.58
2026-05-17T00,1810.269
2026-05-17T01,1695.724
2026-05-17T02,1644.914
2026-05-17T03,1624.678
2026-05-17T04,1646.968
2026-05-17T05,1623.356
2026-05-17T06,1683.1
2026-05-17T07,1876.774
2026-05-17T08,2009.794
2026-05-17T09,1862.264
2026-05-17T10,2786.7
2026-05-17T11,2833.142
2026-05-17T12,2852.087
2026-05-17T13,2907.967
2026-05-17T14,2915.938
2026-05-17T15,2891.747
2026-05-17T16,2860.359
2026-05-17T17,2399.42
2026-05-17T18,2437.517
2026-05-17T19,2351.134
2026-05-17T20,2305.015
2026-05-17T21,1983.748
2026-05-17T22,1172.252
2026-05-17T23,1783.132
2026-05-18T00,1738.271
2026-05-18T01,1649.097
2026-05-18T02,1625.101
2026-05-18T03,1608.393
2026-05-18T04,1619.653
2026-05-18T05,1599.856
2026-05-18T06,1659.667
2026-05-18T07,1759.78
2026-05-18T08,1906.863
2026-05-18T09,2152.332
2026-05-18T10,2320.276
2026-05-18T11,2098.533
2026-05-18T12,2435.103
2026-05-18T13,2735.155
2026-05-18T14,2886.913
2026-05-18T15,2850.926
2026-05-18T16,2816.443
2026-05-18T17,2321.271
2026-05-18T18,2312.345
2026-05-18T19,2305.144
2026-05-18T20,2041.001
2026-05-18T21,1559.864
2026-05-18T22,969.595
2026-05-18T23,1740.417
2026-05-19T00,1759.423
2026-05-19T01,1677.748
2026-05-19T02,1633.928
2026-05-19T03,1607.085
2026-05-19T04,1589.873
2026-05-19T05,1614.994
2026-05-19T06,1659.088
2026-05-19T07,1861.206
2026-05-19T08,2092.505
2026-05-19T09,1750.112
2026-05-19T10,2792.091
2026-05-19T11,2805.819
2026-05-19T12,2791.696
2026-05-19T13,2836.904
2026-05-19T14,2804.185
2026-05-19T15,2766.302
2026-05-19T16,2732.856
2026-05-19T17,2228.042
2026-05-19T18,2212.681
2026-05-19T19,2193.175
2026-05-19T20,2120.891
2026-05-19T21,1787.172
2026-05-19T22,913.885
2026-05-19T23,1559.339
2026-05-20T00,1553.91
2026-05-20T01,1487.876
2026-05-20T02,1430.433
2026-05-20T03,1420.147
2026-05-20T04,1453.104
2026-05-20T05,1507.355
2026-05-20T06,1592.887
2026-05-20T07,1793.446
2026-05-20T08,2130.738
2026-05-20T09,1880.302
2026-05-20T10,2740.803
2026-05-20T11,2809.746
2026-05-20T12,2836.206
2026-05-20T13,2822.714
2026-05-20T14,2813.932
2026-05-20T15,2786.75
2026-05-20T16,2733.664
2026-05-20T17,2221.532
2026-05-20T18,2265.363
2026-05-20T19,2180.338
2026-05-20T20,2084.415
2026-05-20T21,1784.25
2026-05-20T22,926.543
2026-05-20T23,1707.545
2026-05-21T00,1730.88
2026-05-21T01,1665.52
2026-05-21T02,1575.2
2026-05-21T03,1578.829
2026-05-21T04,1575.304
2026-05-21T05,1610.069
2026-05-21T06,1673.345
2026-05-21T07,1858.825
2026-05-21T08,1842.468
2026-05-21T09,1813.888
2026-05-21T10,2684.987
2026-05-21T11,2765.145
2026-05-21T12,2739.594
2026-05-21T13,2795.458
2026-05-21T14,2807.558
2026-05-21T15,2787.886
2026-05-21T16,2692.345
2026-05-21T17,2220.096
2026-05-21T18,2225.546
2026-05-21T19,2160.215
2026-05-21T20,2159.041
2026-05-21T21,1798.651
2026-05-21T22,966.94
2026-05-21T23,1648.21
2026-05-22T00,1683.281
2026-05-22T01,1629.48
2026-05-22T02,1564.731
2026-05-22T03,1572.89
2026-05-22T04,1571.162
2026-05-22T05,1589.371
2026-05-22T06,1633.171
2026-05-22T07,1800.759
2026-05-22T08,2109.413
2026-05-22T09,1862.176
2026-05-22T10,2762.81
2026-05-22T11,2832.324
2026-05-22T12,2859.983
2026-05-22T13,2804.813
2026-05-22T14,2784.226
2026-05-22T15,2768.984
2026-05-22T16,2686.064
2026-05-22T17,2241.851
2026-05-22T18,2265.583
2026-05-22T19,2229.369
2026-05-22T20,2149.476
2026-05-22T21,1834.897
2026-05-22T22,960.766
2026-05-22T23,1739.421
2026-05-23T00,1706.464
2026-05-23T01,1642.881
2026-05-23T02,1585.367
2026-05-23T03,1562.337
2026-05-23T04,1585.667
2026-05-23T05,1582.975
2026-05-23T06,1643.082
2026-05-23T07,1871.188
2026-05-23T08,2017.714
2026-05-23T09,1921.829
2026-05-23T10,2759.967
2026-05-23T11,2815.381
2026-05-23T12,2875.191
2026-05-23T13,2841.922
2026-05-23T14,2884.506
2026-05-23T15,2840.01
2026-05-23T16,2809.353
2026-05-23T17,2341.193
2026-05-23T18,2406.152
2026-05-23T19,2389.98
2026-05-23T20,2327.779
2026-05-23T21,1987.754
2026-05-23T22,1178.942
2026-05-23T23,1833.366
2026-05-24T00,1702.258
2026-05-24T01,1619.562
2026-05-24T02,1609.601
2026-05-24T03,1596.6
2026-05-24T04,1585.769
2026-05-24T05,1589.21
2026-05-24T06,1645.772
2026-05-24T07,1782.078
2026-05-24T08,2103.494
2026-05-24T09,1886.232
2026-05-24T10,2826.0
2026-05-24T11,2896.25
2026-05-24T12,2946.934
2026-05-24T13,3013.801
2026-05-24T14,2969.937
2026-05-24T15,2925.959
2026-05-24T16,2882.435
2026-05-24T17,2420.302
2026-05-24T18,2435.323
2026-05-24T19,2379.225
2026-05-24T20,2371.889
2026-05-24T21,1954.076
2026-05-24T22,1167.265
2026-05-24T23,1871.03
2026-05-25T00,1725.894
2026-05-25T01,1652.154
2026-05-25T02,1618.33
2026-05-25T03,1574.441
2026-05-25T04,1579.406
2026-05-25T05,1579.128
2026-05-25T06,1590.598
2026-05-25T07,1796.531
2026-05-25T08,2052.871
2026-05-25T09,2216.852
2026-05-25T10,2368.461
2026-05-25T11,1839.809
2026-05-25T12,2433.984
2026-05-25T13,2698.462
2026-05-25T14,2877.403
2026-05-25T15,2837.732
2026-05-25T16,2762.523
2026-05-25T17,2302.05
2026-05-25T18,2307.796
2026-05-25T19,2311.397
2026-05-25T20,2123.434
2026-05-25T21,1558.021
2026-05-25T22,916.949
2026-05-25T23,1612.774
2026-05-26T00,1618.205
2026-05-26T01,1509.09
2026-05-26T02,1497.872
2026-05-26T03,1478.457
2026-05-26T04,1508.646
2026-05-26T05,1564.191
2026-05-26T06,1627.429
2026-05-26T07,1798.289
2026-05-26T08,1852.143
2026-05-26T09,1945.264
2026-05-26T10,2791.632
2026-05-26T11,2847.922
2026-05-26T12,2841.143
2026-05-26T13,2888.899
2026-05-26T14,2847.658
2026-05-26T15,2792.965
2026-05-26T16,2739.676
2026-05-26T17,2240.525
2026-05-26T18,2217.312
2026-05-26T19,2174.518
2026-05-26T20,2134.868
2026-05-26T21,1786.269
2026-05-26T22,930.917
2026-05-26T23,1695.108
2026-05-27T00,1722.576
2026-05-27T01,1656.273
2026-05-27T02,1639.656
2026-05-27T03,1627.366
2026-05-27T04,1622.716
2026-05-27T05,1625.132
2026-05-27T06,1694.963
2026-05-27T07,1830.14
2026-05-27T08,1801.528
2026-05-27T09,1925.8
2026-05-27T10,2808.073
2026-05-27T11,2820.785
2026-05-27T12,2841.827
2026-05-27T13,2865.729
2026-05-27T14,2835.277
2026-05-27T15,2799.798
2026-05-27T16,2718.037
2026-05-27T17,2265.73
2026-05-27T18,2282.045
2026-05-27T19,2275.461
2026-05-27T20,2017.911
2026-05-27T21,1615.502
2026-05-27T22,949.937
2026-05-27T23,1684.739
2026-05-28T00,1675.219
2026-05-28T01,1614.209
2026-05-28T02,1554.49
2026-05-28T03,1552.846
2026-05-28T04,1552.167
2026-05-28T05,1580.965
2026-05-28T06,1609.0
2026-05-28T07,1517.488
2026-05-28T08,1722.993
2026-05-28T09,1788.084
2026-05-28T10,2763.817
2026-05-28T11,2863.549
2026-05-28T12,2860.521
2026-05-28T13,2882.503
2026-05-28T14,2885.231
2026-05-28T15,2852.247
2026-05-28T16,2718.263
2026-05-28T17,2327.791
2026-05-28T18,2266.129
2026-05-28T19,2271.355
2026-05-28T20,2223.63
2026-05-28T21,1840.713
2026-05-28T22,987.29
2026-05-28T23,1735.5
2026-05-29T00,1761.9
2026-05-29T01,1714.673
2026-05-29T02,1684.467
2026-05-29T03,1680.022
2026-05-29T04,1654.009
2026-05-29T05,1645.417
2026-05-29T06,1682.304
2026-05-29T07,1866.063
2026-05-29T08,1809.892
2026-05-29T09,1967.541
2026-05-29T10,2732.067
2026-05-29T11,2621.75
2026-05-29T12,2866.269
2026-05-29T13,2862.339
2026-05-29T14,2841.58
2026-05-29T15,2858.054
2026-05-29T16,2832.782
2026-05-29T17,2314.819
2026-05-29T18,2327.755
2026-05-29T19,2345.987
2026-05-29T20,2226.861
2026-05-29T21,1851.43
2026-05-29T22,1018.016
2026-05-29T23,1772.002
2026-05-30T00,1675.628
2026-05-30T01,1643.473
2026-05-30T02,1616.375
2026-05-30T03,1601.113
2026-05-30T04,1596.988
2026-05-30T05,1607.157
2026-05-30T06,1762.378
2026-05-30T07,1722.418
2026-05-30T08,1745.542
2026-05-30T09,1885.622
2026-05-30T10,2812.861
2026-05-30T11,2819.507
2026-05-30T12,2909.401
2026-05-30T13,2931.743
2026-05-30T14,2632.378
2026-05-30T15,2925.743
2026-05-30T16,2854.847
2026-05-30T17,2339.637
2026-05-30T18,2372.784
2026-05-30T19,2335.301
2026-05-30T20,2301.779
2026-05-30T21,1909.328
2026-05-30T22,1088.813
2026-05-30T23,1873.184
2026-05-31T00,1720.635
2026-05-31T01,1657.057
2026-05-31T02,1586.163
2026-05-31T03,1601.422
2026-05-31T04,1578.441
2026-05-31T05,1601.074
2026-05-31T06,1639.786
2026-05-31T07,1837.936
2026-05-31T08,2085.372
2026-05-31T09,1794.582
2026-05-31T10,2749.563
2026-05-31T11,2927.311
2026-05-31T12,2936.868
2026-05-31T13,2915.128
2026-05-31T14,2876.091
2026-05-31T15,2844.691
2026-05-31T16,2782.106
2026-05-31T17,2333.101
2026-05-31T18,2370.538
2026-05-31T19,2416.269
2026-05-31T20,2329.108
2026-05-31T21,1949.305
2026-05-31T22,1063.153
2026-05-31T23,1883.301
2026-06-01T00,1650.918
2026-06-01T01,1582.158
2026-06-01T02,1562.65
2026-06-01T03,1563.3
2026-06-01T04,1572.437
2026-06-01T05,1563.574
2026-06-01T06,1594.555
2026-06-01T07,1647.036
2026-06-01T08,1801.057
2026-06-01T09,1877.337
2026-06-01T10,1918.619
2026-06-01T11,1865.907
2026-06-01T12,2393.435
2026-06-01T13,2667.642
2026-06-01T14,2816.077
2026-06-01T15,2818.089
2026-06-01T16,2808.675
2026-06-01T17,2287.574
2026-06-01T18,2274.567
2026-06-01T19,2290.222
2026-06-01T20,2024.643
2026-06-01T21,1458.279
2026-06-01T22,888.016
2026-06-01T23,1688.233
2026-06-02T00,1692.822
2026-06-02T01,1603.862
2026-06-02T02,1573.966
2026-06-02T03,1563.952
2026-06-02T04,1597.942
2026-06-02T05,1593.887
2026-06-02T06,1644.743
2026-06-02T07,1630.168
2026-06-02T08,1695.366
2026-06-02T09,1922.913
2026-06-02T10,2776.124
2026-06-02T11,2789.692
2026-06-02T12,2794.859
2026-06-02T13,2816.596
2026-06-02T14,2803.128
2026-06-02T15,2779.51
2026-06-02T16,2665.09
2026-06-02T17,2190.032
2026-06-02T18,2167.584
2026-06-02T19,2178.521
2026-06-02T20,2099.414
2026-06-02T21,1778.022
2026-06-02T22,926.621
2026-06-02T23,1651.185
2026-06-03T00,1613.973
2026-06-03T01,1580.09
2026-06-03T02,1555.204
2026-06-03T03,1572.48
2026-06-03T04,1563.221
2026-06-03T05,1560.371
2026-06-03T06,1590.362
2026-06-03T07,1787.421
2026-06-03T08,1747.53
2026-06-03T09,1815.406
2026-06-03T10,2672.988
2026-06-03T11,2742.738
2026-06-03T12,2752.252
2026-06-03T13,2752.796
2026-06-03T14,2724.352
2026-06-03T15,2737.192
2026-06-03T16,2682.811
2026-06-03T17,2221.295
2026-06-03T18,2238.964
2026-06-03T19,2150.496
2026-06-03T20,2104.489
2026-06-03T21,1738.616
2026-06-03T22,910.743
2026-06-03T23,803.208
2026-06-04T00,641.248
2026-06-04T01,607.759
2026-06-04T02,1024.623
2026-06-04T03,1581.541
2026-06-04T04,1584.859
2026-06-04T05,1586.218
2026-06-04T06,1650.406
2026-06-04T07,1883.225
2026-06-04T08,2078.694
2026-06-04T09,1821.935
2026-06-04T10,2721.666
2026-06-04T11,2754.235
2026-06-04T12,2880.294
2026-06-04T13,2861.721
2026-06-04T14,2826.669
2026-06-04T15,2832.87
2026-06-04T16,2715.489
2026-06-04T17,2196.956
2026-06-04T18,2232.564
2026-06-04T19,2200.995
2026-06-04T20,2129.959
2026-06-04T21,1785.184
2026-06-04T22,955.205
2026-06-04T23,1733.685
2026-06-05T00,1085.165
2026-06-05T01,514.201
2026-06-05T02,500.226
2026-06-05T03,496.479
2026-06-05T04,1319.53
2026-06-05T05,2055.079
2026-06-05T06,2114.614
2026-06-05T07,2116.54
2026-06-05T08,2105.296
2026-06-05T09,2238.334
2026-06-05T10,2771.283
2026-06-05T11,2808.053
2026-06-05T12,2795.023
2026-06-05T13,2829.673
2026-06-05T14,2789.521
2026-06-05T15,2765.919
2026-06-05T16,2724.556
2026-06-05T17,2349.991
2026-06-05T18,2329.33
2026-06-05T19,2266.416
2026-06-05T20,2174.43
2026-06-05T21,1823.395
2026-06-05T22,1006.744
2026-06-05T23,841.203
2026-06-06T00,666.997
2026-06-06T01,652.973
2026-06-06T02,760.519
2026-06-06T03,1176.547
2026-06-06T04,1587.807
2026-06-06T05,1594.468
2026-06-06T06,1630.43
2026-06-06T07,1857.701
2026-06-06T08,2139.551
2026-06-06T09,1926.551
2026-06-06T10,2797.498
2026-06-06T11,2834.61
2026-06-06T12,2881.763
2026-06-06T13,2903.473
2026-06-06T14,2851.041
2026-06-06T15,2853.884
2026-06-06T16,2633.414
2026-06-06T17,2316.809
2026-06-06T18,2321.139
2026-06-06T19,2357.927
2026-06-06T20,2243.043
2026-06-06T21,1877.889
2026-06-06T22,1061.891
2026-06-06T23,1815.072
2026-06-07T00,1670.029
2026-06-07T01,1792.598
2026-06-07T02,2012.86
2026-06-07T03,2040.251
2026-06-07T04,2055.438
2026-06-07T05,1681.159
2026-06-07T06,1600.264
2026-06-07T07,1789.209
2026-06-07T08,2043.597
2026-06-07T09,1801.786
2026-06-07T10,2715.8
2026-06-07T11,2785.454
2026-06-07T12,2864.229
2026-06-07T13,2841.157
2026-06-07T14,2877.019
2026-06-07T15,2867.722
2026-06-07T16,2798.768
2026-06-07T17,2314.781
2026-06-07T18,2317.707
2026-06-07T19,2337.789
2026-06-07T20,2267.902
2026-06-07T21,1969.165
2026-06-07T22,1170.859
2026-06-07T23,1866.455
2026-06-08T00,1756.986
2026-06-08T01,1682.091
2026-06-08T02,1671.391
2026-06-08T03,1707.762
2026-06-08T04,1718.886
2026-06-08T05,1713.717
2026-06-08T06,1711.856
2026-06-08T07,1775.377
2026-06-08T08,1888.241
2026-06-08T09,2077.78
2026-06-08T10,2285.879
2026-06-08T11,2083.1
2026-06-08T12,2384.433
2026-06-08T13,2663.142
2026-06-08T14,2789.054
2026-06-08T15,2791.113
2026-06-08T16,2676.218
2026-06-08T17,2279.443
2026-06-08T18,2341.582
2026-06-08T19,2272.954
2026-06-08T20,2019.968
2026-06-08T21,1471.298
2026-06-08T22,916.472
2026-06-08T23,1608.256
2026-06-09T00,1603.257
2026-06-09T01,1587.386
2026-06-09T02,1560.609
2026-06-09T03,1552.817
2026-06-09T04,1568.734
2026-06-09T05,1562.988
2026-06-09T06,1636.972
2026-06-09T07,1822.107
2026-06-09T08,2060.067
2026-06-09T09,1935.248
2026-06-09T10,2764.036
2026-06-09T11,2827.843
2026-06-09T12,2783.902
2026-06-09T13,2831.265
2026-06-09T14,2799.789
2026-06-09T15,2683.295
2026-06-09T16,2694.825
2026-06-09T17,2191.272
2026-06-09T18,2201.342
2026-06-09T19,2137.496
2026-06-09T20,2153.954
2026-06-09T21,1821.334
2026-06-09T22,1014.04
2026-06-09T23,1706.422
2026-06-10T00,1658.924
2026-06-10T01,1631.283
2026-06-10T02,1577.737
2026-06-10T03,1576.584
2026-06-10T04,1572.968
2026-06-10T05,1581.625
2026-06-10T06,1634.57
2026-06-10T07,1894.322
2026-06-10T08,2161.268
2026-06-10T09,1879.678
2026-06-10T10,2747.74
2026-06-10T11,2758.002
2026-06-10T12,2770.913
2026-06-10T13,2801.98
2026-06-10T14,2814.211
2026-06-10T15,2811.411
2026-06-10T16,2730.772
2026-06-10T17,2261.453
2026-06-10T18,2315.612
2026-06-10T19,2281.023
2026-06-10T20,2216.449
2026-06-10T21,1860.25
2026-06-10T22,1062.806
2026-06-10T23,1734.422
2026-06-11T00,1609.477
2026-06-11T01,1571.979
2026-06-11T02,1573.825
2026-06-11T03,1574.068
2026-06-11T04,1577.604
2026-06-11T05,1572.69
2026-06-11T06,1683.471
2026-06-11T07,1793.225
2026-06-11T08,2069.483
2026-06-11T09,1845.249
2026-06-11T10,2744.257
2026-06-11T11,2782.258
2026-06-11T12,2831.4
2026-06-11T13,2828.638
2026-06-11T14,2823.821
2026-06-11T15,2834.967
2026-06-11T16,2717.734
2026-06-11T17,2259.551
2026-06-11T18,2268.277
2026-06-11T19,2251.751
2026-06-11T20,2201.949
2026-06-11T21,1868.38
2026-06-11T22,1071.871
2026-06-11T23,2194.075
2026-06-12T00,2158.899
2026-06-12T01,2064.765
2026-06-12T02,2033.368
2026-06-12T03,2020.387
2026-06-12T04,2034.462
2026-06-12T05,1688.199
2026-06-12T06,1648.96
2026-06-12T07,1862.188
2026-06-12T08,1946.684
2026-06-12T09,1995.72
2026-06-12T10,2787.036
2026-06-12T11,2831.926
2026-06-12T12,2903.667
2026-06-12T13,2932.166
2026-06-12T14,2876.227
2026-06-12T15,2862.99
2026-06-12T16,2792.647
2026-06-12T17,2356.17
2026-06-12T18,2434.666
2026-06-12T19,2372.912
2026-06-12T20,2345.139
2026-06-12T21,2009.128
2026-06-12T22,1239.737
2026-06-12T23,1946.955
2026-06-13T00,1761.019
2026-06-13T01,1586.24
2026-06-13T02,1566.784
2026-06-13T03,1553.681
2026-06-13T04,1543.31
2026-06-13T05,1559.951
2026-06-13T06,1592.34
2026-06-13T07,1756.682
2026-06-13T08,2077.969
2026-06-13T09,2287.446
2026-06-13T10,2740.613
2026-06-13T11,2755.773
2026-06-13T12,2763.911
2026-06-13T13,2809.745
2026-06-13T14,2816.387
2026-06-13T15,2795.668
2026-06-13T16,2709.567
2026-06-13T17,2269.39
2026-06-13T18,2271.403
2026-06-13T19,2260.646
2026-06-13T20,2244.88
2026-06-13T21,1898.454
2026-06-13T22,1115.225
2026-06-13T23,1821.919
2026-06-14T00,1774.406
2026-06-14T01,1640.571
2026-06-14T02,672.959
2026-06-14T03,1038.201
2026-06-14T04,1541.831
2026-06-14T05,1534.053
2026-06-14T06,1642.767
2026-06-14T07,1817.312
2026-06-14T08,2033.182
2026-06-14T09,1876.456
2026-06-14T10,2755.287
2026-06-14T11,2889.825
2026-06-14T12,2907.934
2026-06-14T13,2939.866
2026-06-14T14,2844.649
2026-06-14T15,2836.955
2026-06-14T16,2755.521
2026-06-14T17,2320.923
2026-06-14T18,2236.929
2026-06-14T19,2255.372
2026-06-14T20,2220.214
2026-06-14T21,1897.503
2026-06-14T22,1073.713
2026-06-14T23,1789.571
2026-06-15T00,1630.561
2026-06-15T01,1561.531
2026-06-15T02,1547.275
2026-06-15T03,1538.638
2026-06-15T04,1531.94
2026-06-15T05,1540.611
2026-06-15T06,1592.131
2026-06-15T07,1678.262
2026-06-15T08,1866.52
2026-06-15T09,1816.499
2026-06-15T10,1883.707
2026-06-15T11,1860.567
2026-06-15T12,2292.677
2026-06-15T13,2539.216
2026-06-15T14,2775.536
2026-06-15T15,2712.874
2026-06-15T16,2632.139
2026-06-15T17,2121.349
2026-06-15T18,2180.518
2026-06-15T19,2144.689
2026-06-15T20,1946.189
2026-06-15T21,1444.713
2026-06-15T22,865.139
2026-06-15T23,1647.72
2026-06-16T00,1629.786
2026-06-16T01,1555.632
2026-06-16T02,1541.068
2026-06-16T03,1531.945
2026-06-16T04,1560.779
2026-06-16T05,1561.718
2026-06-16T06,1415.506
2026-06-16T07,1456.326
2026-06-16T08,1757.77
2026-06-16T09,1893.294
2026-06-16T10,2770.651
2026-06-16T11,2789.368
2026-06-16T12,2781.024
2026-06-16T13,2773.408
2026-06-16T14,2760.154
2026-06-16T15,2745.98
2026-06-16T16,2684.849
2026-06-16T17,2157.926
2026-06-16T18,2158.957
2026-06-16T19,2153.737
2026-06-16T20,2112.087
2026-06-16T21,1737.592
2026-06-16T22,856.95
2026-06-16T23,1629.492
2026-06-17T00,1579.338
2026-06-17T01,1536.029
2026-06-17T02,1533.482
2026-06-17T03,1532.63
2026-06-17T04,1536.735
2026-06-17T05,1551.485
2026-06-17T06,1586.53
2026-06-17T07,1786.325
2026-06-17T08,1958.498
2026-06-17T09,1892.908
2026-06-17T10,2722.767
2026-06-17T11,2775.874
2026-06-17T12,2787.506
2026-06-17T13,2776.7
2026-06-17T14,2705.082
2026-06-17T15,2698.674
2026-06-17T16,2607.609
2026-06-17T17,2129.23
2026-06-17T18,2111.855
2026-06-17T19,2087.145
2026-06-17T20,2053.209
2026-06-17T21,1713.873
2026-06-17T22,959.055
2026-06-17T23,1735.46
2026-06-18T00,1675.651
2026-06-18T01,1586.464
2026-06-18T02,1536.22
2026-06-18T03,1528.634
2026-06-18T04,1539.496
2026-06-18T05,1557.164
2026-06-18T06,1594.991
2026-06-18T07,1817.615
2026-06-18T08,1969.713
2026-06-18T09,1830.028
2026-06-18T10,2721.844
2026-06-18T11,2743.84
2026-06-18T12,2728.99
2026-06-18T13,2796.336
2026-06-18T14,2765.675
2026-06-18T15,2752.024
2026-06-18T16,2704.133
2026-06-18T17,2234.244
2026-06-18T18,2248.275
2026-06-18T19,2260.486
2026-06-18T20,2157.154
2026-06-18T21,1774.626
2026-06-18T22,1000.14
2026-06-18T23,1622.258
2026-06-19T00,1075.914
2026-06-19T01,1403.931
2026-06-19T02,1529.919
2026-06-19T03,1526.328
2026-06-19T04,1522.852
2026-06-19T05,1514.645
2026-06-19T06,1565.394
2026-06-19T07,1683.989
2026-06-19T08,1915.274
2026-06-19T09,1689.531
2026-06-19T10,2623.834
2026-06-19T11,2681.313
2026-06-19T12,2718.36
2026-06-19T13,2737.935
2026-06-19T14,2693.181
2026-06-19T15,2611.372
2026-06-19T16,2626.686
2026-06-19T17,2176.352
2026-06-19T18,2169.033
2026-06-19T19,2173.476
2026-06-19T20,2118.037
2026-06-19T21,1814.446
2026-06-19T22,938.921
2026-06-19T23,1679.277
2026-06-20T00,1672.285
2026-06-20T01,1557.075
2026-06-20T02,1545.04
2026-06-20T03,1540.385
2026-06-20T04,1547.835
2026-06-20T05,1561.311
2026-06-20T06,1617.92
2026-06-20T07,1798.538
2026-06-20T08,1884.879
2026-06-20T09,1887.997
2026-06-20T10,2751.851
2026-06-20T11,2764.863
2026-06-20T12,2831.209
2026-06-20T13,2836.291
2026-06-20T14,2787.643
2026-06-20T15,2729.699
2026-06-20T16,2546.364
2026-06-20T17,2232.763
2026-06-20T18,2220.696
2026-06-20T19,2153.452
2026-06-20T20,2117.98
2026-06-20T21,1740.346
2026-06-20T22,979.233
2026-06-20T23,1408.344
2026-06-21T00,1580.247
2026-06-21T01,1509.572
2026-06-21T02,1497.036
2026-06-21T03,1486.266
2026-06-21T04,1479.443
2026-06-21T05,1475.638
2026-06-21T06,1580.538
2026-06-21T07,1732.507
2026-06-21T08,1738.159
2026-06-21T09,1916.612
2026-06-21T10,2742.541
2026-06-21T11,2761.032
2026-06-21T12,2869.683
2026-06-21T13,2845.907
2026-06-21T14,2810.278
2026-06-21T15,2716.477
2026-06-21T16,2526.61
2026-06-21T17,2225.033
2026-06-21T18,2251.985
2026-06-21T19,2223.046
2026-06-21T20,2195.579
2026-06-21T21,1792.467
2026-06-21T22,1270.739
2026-06-21T23,1903.606
2026-06-22T00,1716.669
2026-06-22T01,1592.131
2026-06-22T02,1579.584
2026-06-22T03,1573.605
2026-06-22T04,1562.297
2026-06-22T05,1555.438
2026-06-22T06,1601.914
2026-06-22T07,1670.361
2026-06-22T08,1644.666
2026-06-22T09,1582.771
2026-06-22T10,1770.022
2026-06-22T11,1626.192
2026-06-22T12,2146.898
2026-06-22T13,2578.54
2026-06-22T14,2748.268
2026-06-22T15,2746.492
2026-06-22T16,2547.305
2026-06-22T17,2212.646
2026-06-22T18,2193.124
2026-06-22T19,2169.449
2026-06-22T20,1888.93
2026-06-22T21,1293.99
2026-06-22T22,940.016
2026-06-22T23,1561.691
2026-06-23T00,1486.946
2026-06-23T01,1431.21
2026-06-23T02,1389.968
2026-06-23T03,1376.015
2026-06-23T04,1378.775
2026-06-23T05,1395.885
2026-06-23T06,1404.069
2026-06-23T07,1444.939
2026-06-23T08,1477.693
2026-06-23T09,2009.16
2026-06-23T10,2716.607
2026-06-23T11,2747.851
2026-06-23T12,2760.59
2026-06-23T13,2754.729
2026-06-23T14,2752.903
2026-06-23T15,2774.972
2026-06-23T16,2528.697
2026-06-23T17,2164.928
2026-06-23T18,2205.68
2026-06-23T19,2175.302
2026-06-23T20,2065.445
2026-06-23T21,1685.852
2026-06-23T22,990.277
2026-06-23T23,1759.505
2026-06-24T00,1655.766
2026-06-24T01,1568.849
2026-06-24T02,1553.332
2026-06-24T03,1533.684
2026-06-24T04,1544.396
2026-06-24T05,1556.471
2026-06-24T06,1594.045
2026-06-24T07,1707.84
2026-06-24T08,1523.117
2026-06-24T09,2048.87
2026-06-24T10,2734.769
2026-06-24T11,2766.834
2026-06-24T12,2796.514
2026-06-24T13,2789.301
2026-06-24T14,2772.91
2026-06-24T15,2677.868
2026-06-24T16,2477.613
2026-06-24T17,2224.458
2026-06-24T18,2218.77
2026-06-24T19,2235.467
2026-06-24T20,2119.125
2026-06-24T21,1711.568
2026-06-24T22,1052.594
2026-06-24T23,1760.839
2026-06-25T00,1643.909
2026-06-25T01,1578.371
2026-06-25T02,1550.505
2026-06-25T03,1543.333
2026-06-25T04,1131.92
2026-06-25T05,481.106
2026-06-25T06,1160.399
2026-06-25T07,1760.652
2026-06-25T08,1789.911
2026-06-25T09,1973.459
2026-06-25T10,2629.249
2026-06-25T11,2789.382
2026-06-25T12,2804.897
2026-06-25T13,2801.803
2026-06-25T14,2790.931
2026-06-25T15,2759.84
2026-06-25T16,2587.414
2026-06-25T17,2235.584
2026-06-25T18,2219.296
2026-06-25T19,2193.863
2026-06-25T20,2114.934
2026-06-25T21,1695.201
2026-06-25T22,1037.009
2026-06-25T23,1395.034
2026-06-26T00,1664.498
2026-06-26T01,1591.838
2026-06-26T02,1574.165
2026-06-26T03,1579.736
2026-06-26T04,1579.167
2026-06-26T05,1578.084
2026-06-26T06,1616.08
2026-06-26T07,1848.247
2026-06-26T08,1888.343
2026-06-26T09,1886.978
2026-06-26T10,2718.035
2026-06-26T11,2788.586
2026-06-26T12,2760.511
2026-06-26T13,2774.191
2026-06-26T14,2781.937
2026-06-26T15,2636.528
2026-06-26T16,2616.557
2026-06-26T17,2235.723
2026-06-26T18,2253.184
2026-06-26T19,2228.073
2026-06-26T20,2176.338
2026-06-26T21,1778.151
2026-06-26T22,1109.906
2026-06-26T23,1782.145
2026-06-27T00,1660.142
2026-06-27T01,1540.219
2026-06-27T02,1524.95
2026-06-27T03,1510.325
2026-06-27T04,1532.246
2026-06-27T05,1543.622
2026-06-27T06,1586.063
2026-06-27T07,1734.898
2026-06-27T08,1786.128
2026-06-27T09,1989.57
2026-06-27T10,2714.473
2026-06-27T11,2763.0
2026-06-27T12,2783.679
2026-06-27T13,2824.856
2026-06-27T14,2784.5
2026-06-27T15,2829.025
2026-06-27T16,2649.731
2026-06-27T17,2300.47
2026-06-27T18,2269.163
2026-06-27T19,2247.154
2026-06-27T20,2240.321
2026-06-27T21,1871.349
2026-06-27T22,1117.194
2026-06-27T23,1121.922
2026-06-28T00,1711.558
2026-06-28T01,1667.43
2026-06-28T02,1659.762
2026-06-28T03,1631.417
2026-06-28T04,1626.222
2026-06-28T05,1595.854
2026-06-28T06,1632.781
2026-06-28T07,1819.607
2026-06-28T08,1769.354
2026-06-28T09,1868.913
2026-06-28T10,2615.131
2026-06-28T11,2742.05
2026-06-28T12,2833.678
2026-06-28T13,2827.634
2026-06-28T14,2823.27
2026-06-28T15,2790.88
2026-06-28T16,2638.319
2026-06-28T17,2345.704
2026-06-28T18,2362.052
2026-06-28T19,2312.205
2026-06-28T20,2303.543
2026-06-28T21,1869.259
2026-06-28T22,1255.318
2026-06-28T23,1842.059
2026-06-29T00,1712.792
2026-06-29T01,1632.138
2026-06-29T02,1617.824
2026-06-29T03,1610.61
2026-06-29T04,1594.42
2026-06-29T05,1594.795
2026-06-29T06,1647.622
2026-06-29T07,1715.829
2026-06-29T08,1834.055
2026-06-29T09,2075.449
2026-06-29T10,2120.297
2026-06-29T11,1909.665
2026-06-29T12,2299.326
2026-06-29T13,2610.081
2026-06-29T14,2809.889
2026-06-29T15,2749.743
2026-06-29T16,2573.589
2026-06-29T17,2253.401
2026-06-29T18,2241.93
2026-06-29T19,2167.179
2026-06-29T20,1956.387
2026-06-29T21,1376.522
2026-06-29T22,943.735
2026-06-29T23,1732.72
2026-06-30T00,1692.681
2026-06-30T01,1627.066
2026-06-30T02,1591.229
2026-06-30T03,1550.373
2026-06-30T04,1547.485
2026-06-30T05,1546.504
2026-06-30T06,1592.024
2026-06-30T07,1636.534
2026-06-30T08,1552.605
2026-06-30T09,2010.465
2026-06-30T10,2746.295
2026-06-30T11,2838.135
2026-06-30T12,2914.152
2026-06-30T13,2901.095
2026-06-30T14,2818.723
2026-06-30T15,2787.279
2026-06-30T16,2612.953
2026-06-30T17,2259.147
2026-06-30T18,2212.537
2026-06-30T19,2176.466
2026-06-30T20,2128.67
2026-06-30T21,1755.053
2026-06-30T22,1138.681
2026-06-30T23,1795.848
2026-07-01T00,1755.617
2026-07-01T01,1674.975
2026-07-01T02,1651.616
2026-07-01T03,1636.15
2026-07-01T04,1642.681
2026-07-01T05,1656.988
2026-07-01T06,1573.147
2026-07-01T07,1451.212
2026-07-01T08,1642.166
2026-07-01T09,2164.533
2026-07-01T10,2862.567
2026-07-01T11,2964.453
2026-07-01T12,3018.034
2026-07-01T13,2998.401
2026-07-01T14,2933.906
2026-07-01T15,2902.942
2026-07-01T16,2730.873
2026-07-01T17,2371.505
2026-07-01T18,2375.503
2026-07-01T19,2250.224
2026-07-01T20,2222.476
2026-07-01T21,1828.516
2026-07-01T22,1183.138
2026-07-01T23,1889.377
2026-07-02T00,1865.401
2026-07-02T01,2187.271
2026-07-02T02,2030.053
2026-07-02T03,1693.177
2026-07-02T04,1675.376
2026-07-02T05,1701.641
2026-07-02T06,1741.49
2026-07-02T07,1939.885
2026-07-02T08,1933.563
2026-07-02T09,2207.113
2026-07-02T10,2841.263
2026-07-02T11,2964.845
2026-07-02T12,2984.122
2026-07-02T13,2975.292
2026-07-02T14,2927.143
2026-07-02T15,2911.961
2026-07-02T16,2680.166
2026-07-02T17,2374.203
2026-07-02T18,2381.003
2026-07-02T19,2334.224
2026-07-02T20,2275.626
2026-07-02T21,1857.206
2026-07-02T22,1131.453
2026-07-02T23,1879.522
2026-07-03T00,1793.486
2026-07-03T01,1656.326
2026-07-03T02,1623.886
2026-07-03T03,1619.088
2026-07-03T04,1641.687
2026-07-03T05,1644.046
2026-07-03T06,1700.362
2026-07-03T07,1887.591
2026-07-03T08,1916.567
2026-07-03T09,2100.481
2026-07-03T10,2875.202
2026-07-03T11,2856.038
2026-07-03T12,2948.194
2026-07-03T13,2962.965
2026-07-03T14,2928.761
2026-07-03T15,2885.519
2026-07-03T16,2670.69
2026-07-03T17,2353.812
2026-07-03T18,2315.831
2026-07-03T19,2289.272
2026-07-03T20,2280.35
2026-07-03T21,1892.447
2026-07-03T22,1271.841
2026-07-03T23,1978.56
2026-07-04T00,1856.994
2026-07-04T01,1795.072
2026-07-04T02,1707.786
2026-07-04T03,1699.27
2026-07-04T04,1712.367
2026-07-04T05,1703.319
2026-07-04T06,1742.314
2026-07-04T07,1885.052
2026-07-04T08,1804.457
2026-07-04T09,2067.85
2026-07-04T10,2777.525
2026-07-04T11,2913.231
2026-07-04T12,2952.077
2026-07-04T13,2928.282
2026-07-04T14,2917.441
2026-07-04T15,2853.458
2026-07-04T16,2631.785
2026-07-04T17,2293.649
2026-07-04T18,2368.605
2026-07-04T19,2320.886
2026-07-04T20,2226.984
2026-07-04T21,1883.136
2026-07-04T22,1285.051
2026-07-04T23,1839.411
2026-07-05T00,1641.841
2026-07-05T01,1691.506
2026-07-05T02,1639.438
2026-07-05T03,1628.015
2026-07-05T04,1607.631
2026-07-05T05,1610.466
2026-07-05T06,1641.652
2026-07-05T07,1799.679
2026-07-05T08,1837.6
2026-07-05T09,1989.061
2026-07-05T10,2776.132
2026-07-05T11,2869.168
2026-07-05T12,2943.372
2026-07-05T13,2939.584
2026-07-05T14,2948.699
2026-07-05T15,2916.49
2026-07-05T16,2665.718
2026-07-05T17,2334.898
2026-07-05T18,2408.386
2026-07-05T19,2358.678
2026-07-05T20,2299.278
2026-07-05T21,1860.533
2026-07-05T22,1281.37
2026-07-05T23,1879.805
2026-07-06T00,1782.203
2026-07-06T01,1736.504
2026-07-06T02,1659.359
2026-07-06T03,1631.245
2026-07-06T04,1632.925
2026-07-06T05,1632.3
2026-07-06T06,1659.169
2026-07-06T07,1701.057
2026-07-06T08,1508.021
2026-07-06T09,1599.126
2026-07-06T10,1737.566
2026-07-06T11,1906.428
2026-07-06T12,2351.188
2026-07-06T13,2680.343
2026-07-06T14,2890.737
2026-07-06T15,2822.433
2026-07-06T16,2623.503
2026-07-06T17,2338.598
2026-07-06T18,2356.971
2026-07-06T19,2285.171
2026-07-06T20,2075.335
2026-07-06T21,1417.922
2026-07-06T22,1042.82
2026-07-06T23,1765.075
2026-07-07T00,1697.08
2026-07-07T01,1602.229
2026-07-07T02,1595.057
2026-07-07T03,1600.894
2026-07-07T04,1626.156
2026-07-07T05,1627.88
2026-07-07T06,1451.293
2026-07-07T07,1349.127
2026-07-07T08,1505.531
2026-07-07T09,2051.804
2026-07-07T10,2747.06
2026-07-07T11,2866.005
2026-07-07T12,2859.277
2026-07-07T13,2872.513
2026-07-07T14,2852.241
2026-07-07T15,2806.327
2026-07-07T16,2572.544
2026-07-07T17,2329.068
2026-07-07T18,2305.901
2026-07-07T19,2301.346
2026-07-07T20,2231.014
2026-07-07T21,1830.893
2026-07-07T22,1226.343
2026-07-07T23,1851.417
2026-07-08T00,1766.059
2026-07-08T01,1694.148
2026-07-08T02,1632.759
2026-07-08T03,1614.101
2026-07-08T04,1622.498
2026-07-08T05,1646.448
2026-07-08T06,1698.277
2026-07-08T07,1905.099
2026-07-08T08,1901.647
2026-07-08T09,2005.805
2026-07-08T10,2791.166
2026-07-08T11,2893.662
2026-07-08T12,2939.311
2026-07-08T13,2941.759
2026-07-08T14,2905.972
2026-07-08T15,2878.397
2026-07-08T16,2753.907
2026-07-08T17,2325.895
2026-07-08T18,2320.49
2026-07-08T19,2287.604
2026-07-08T20,2145.752
2026-07-08T21,1771.873
2026-07-08T22,1172.985
2026-07-08T23,1849.384
2026-07-09T00,1743.392
2026-07-09T01,1651.794
2026-07-09T02,1621.652
2026-07-09T03,1593.624
2026-07-09T04,1590.359
2026-07-09T05,1597.481
2026-07-09T06,1585.586
2026-07-09T07,1284.812
2026-07-09T08,1557.343
2026-07-09T09,2085.163
2026-07-09T10,2848.016
2026-07-09T11,2936.002
2026-07-09T12,2976.482
2026-07-09T13,2965.708
2026-07-09T14,2936.134
2026-07-09T15,2903.049
2026-07-09T16,2757.49
2026-07-09T17,2398.26
2026-07-09T18,2369.779
2026-07-09T19,2280.338
2026-07-09T20,2274.728
2026-07-09T21,1874.95
2026-07-09T22,1210.746
2026-07-09T23,1893.111
2026-07-10T00,1789.729
2026-07-10T01,1741.678
2026-07-10T02,1712.547
2026-07-10T03,1689.234
2026-07-10T04,1672.929
2026-07-10T05,1674.877
2026-07-10T06,1730.356
2026-07-10T07,1940.964
2026-07-10T08,1982.27
2026-07-10T09,2232.901
2026-07-10T10,2604.178
2026-07-10T11,2722.026
2026-07-10T12,2828.959
2026-07-10T13,2848.148
2026-07-10T14,2874.36
2026-07-10T15,2908.321
2026-07-10T16,2767.875
2026-07-10T17,2323.789
2026-07-10T18,2350.831
2026-07-10T19,2264.861
2026-07-10T20,2247.212
2026-07-10T21,1846.183
2026-07-10T22,1162.028
2026-07-10T23,1905.746
2026-07-11T00,1772.695
2026-07-11T01,1706.06
2026-07-11T02,1621.834
2026-07-11T03,1620.026
2026-07-11T04,1622.102
2026-07-11T05,1615.842
2026-07-11T06,1644.729
2026-07-11T07,1834.409
2026-07-11T08,1952.544
2026-07-11T09,2207.333
2026-07-11T10,2960.846
2026-07-11T11,3023.563
2026-07-11T12,3035.43
2026-07-11T13,3019.514
2026-07-11T14,2974.747
2026-07-11T15,2909.707
2026-07-11T16,2753.659
2026-07-11T17,2400.518
2026-07-11T18,2336.841
2026-07-11T19,2359.696
2026-07-11T20,2305.504
2026-07-11T21,1868.882
2026-07-11T22,1309.819
2026-07-11T23,1930.7
2026-07-12T00,1803.425
2026-07-12T01,1749.212
2026-07-12T02,1673.385
2026-07-12T03,1652.383
2026-07-12T04,1644.087
2026-07-12T05,1648.26
2026-07-12T06,1697.709
2026-07-12T07,1881.253
2026-07-12T08,1925.112
2026-07-12T09,2152.163
2026-07-12T10,2830.15
2026-07-12T11,2894.086
2026-07-12T12,2969.168
2026-07-12T13,2995.488
2026-07-12T14,2964.804
2026-07-12T15,2894.411
2026-07-12T16,2819.591
2026-07-12T17,2439.085
2026-07-12T18,2439.657
2026-07-12T19,2455.101
2026-07-12T20,2349.791
2026-07-12T21,1882.262
2026-07-12T22,1289.741
2026-07-12T23,1821.676
2026-07-13T00,1700.206
2026-07-13T01,1625.882
2026-07-13T02,1575.268
2026-07-13T03,1566.447
2026-07-13T04,1561.535
2026-07-13T05,1558.049
2026-07-13T06,1582.292
2026-07-13T07,1645.191
2026-07-13T08,1814.79
2026-07-13T09,2077.702
2026-07-13T10,1888.772
2026-07-13T11,1920.194
2026-07-13T12,2353.74
2026-07-13T13,2682.775
2026-07-13T14,2839.391
2026-07-13T15,2815.774
2026-07-13T16,2666.851
2026-07-13T17,2301.29
2026-07-13T18,2302.415
2026-07-13T19,2197.337
2026-07-13T20,2020.718
2026-07-13T21,1446.709
2026-07-13T22,1097.501
2026-07-13T23,1759.172
2026-07-14T00,1737.27
2026-07-14T01,1617.537
2026-07-14T02,1583.764
2026-07-14T03,1577.721
2026-07-14T04,1595.892
2026-07-14T05,1620.077
2026-07-14T06,1585.078
2026-07-14T07,1387.996
2026-07-14T08,1557.398
2026-07-14T09,2031.038
2026-07-14T10,2734.208
2026-07-14T11,2747.124
2026-07-14T12,2760.008
2026-07-14T13,2794.457
2026-07-14T14,2724.145
2026-07-14T15,2763.149
2026-07-14T16,2624.401
2026-07-14T17,2274.59
2026-07-14T18,2274.177
2026-07-14T19,2249.822
2026-07-14T20,2218.914
2026-07-14T21,1835.371
2026-07-14T22,1211.35
2026-07-14T23,1800.513
2026-07-15T00,1647.876
2026-07-15T01,1587.952
2026-07-15T02,1571.858
2026-07-15T03,1558.215
2026-07-15T04,1552.639
2026-07-15T05,1549.495
2026-07-15T06,1630.033
2026-07-15T07,1848.592
2026-07-15T08,1631.827
2026-07-15T09,2144.632
2026-07-15T10,2850.575
2026-07-15T11,2871.81
2026-07-15T12,2884.097
2026-07-15T13,2899.799
2026-07-15T14,2902.572
2026-07-15T15,2804.628
2026-07-15T16,2742.25
2026-07-15T17,2379.519
2026-07-15T18,2302.03
2026-07-15T19,2286.735
2026-07-15T20,2207.606
2026-07-15T21,1820.768
2026-07-15T22,1174.124
2026-07-15T23,1908.365
2026-07-16T00,1810.481
2026-07-16T01,1729.076
2026-07-16T02,1660.511
2026-07-16T03,1651.509
2026-07-16T04,1679.654
2026-07-16T05,1684.622
2026-07-16T06,1750.667
2026-07-16T07,1923.647
2026-07-16T08,1621.889
2026-07-16T09,2131.738
2026-07-16T10,2872.114
2026-07-16T11,2865.372
2026-07-16T12,2875.33
2026-07-16T13,2898.934
2026-07-16T14,2826.818
2026-07-16T15,2872.941
2026-07-16T16,2720.592
2026-07-16T17,2291.341
2026-07-16T18,2338.056
2026-07-16T19,2303.99
2026-07-16T20,2215.591
2026-07-16T21,1824.629
2026-07-16T22,1175.257
2026-07-16T23,1852.242
2026-07-17T00,1780.96
2026-07-17T01,1701.766
2026-07-17T02,1625.609
2026-07-17T03,1614.201
2026-07-17T04,1624.809
2026-07-17T05,1637.606
2026-07-17T06,1315.32
2026-07-17T07,1316.484
2026-07-17T08,1522.696
2026-07-17T09,2059.128
2026-07-17T10,2805.386
2026-07-17T11,2789.445
2026-07-17T12,2808.639
2026-07-17T13,2903.109
2026-07-17T14,2865.785
2026-07-17T15,2880.02
2026-07-17T16,2648.887
2026-07-17T17,2338.257
2026-07-17T18,2313.364
2026-07-17T19,2307.459
2026-07-17T20,2235.259
2026-07-17T21,1821.551
2026-07-17T22,1148.968
2026-07-17T23,1898.291
2026-07-18T00,1794.871
2026-07-18T01,1715.36
2026-07-18T02,1681.993
2026-07-18T03,1679.584
2026-07-18T04,1656.598
2026-07-18T05,1649.283
2026-07-18T06,1689.849
2026-07-18T07,1931.668
2026-07-18T08,1687.54
2026-07-18T09,2108.142
2026-07-18T10,2862.28
2026-07-18T11,2886.806
2026-07-18T12,2966.456
2026-07-18T13,2959.214
2026-07-18T14,2858.367
2026-07-18T15,2902.336
2026-07-18T16,2674.141
2026-07-18T17,2353.865
2026-07-18T18,2370.918
2026-07-18T19,2433.321
2026-07-18T20,2381.2
2026-07-18T21,1880.02
2026-07-18T22,1214.995
2026-07-18T23,1578.194
2026-07-19T00,1819.766
2026-07-19T01,1704.84
2026-07-19T02,1690.162
2026-07-19T03,1688.643
2026-07-19T04,1671.646
2026-07-19T05,1668.459
2026-07-19T06,1725.068
2026-07-19T07,1586.556
2026-07-19T08,1548.905
2026-07-19T09,2017.643
2026-07-19T10,2732.765
2026-07-19T11,2926.157
2026-07-19T12,2935.009
2026-07-19T13,2961.577
2026-07-19T14,2946.22
2026-07-19T15,2929.737
2026-07-19T16,2768.172
2026-07-19T17,2308.306
2026-07-19T18,2343.918
2026-07-19T19,2362.698
2026-07-19T20,2305.927
2026-07-19T21,1874.59
2026-07-19T22,1164.062
2026-07-19T23,1885.173
2026-07-20T00,1853.993
2026-07-20T01,1807.449
2026-07-20T02,1764.868
2026-07-20T03,1752.513
2026-07-20T04,1739.466
2026-07-20T05,1681.202
2026-07-20T06,1715.459
2026-07-20T07,1789.299
2026-07-20T08,1477.12
2026-07-20T09,1596.407
2026-07-20T10,1832.102
2026-07-20T11,1955.825
2026-07-20T12,2474.684
2026-07-20T13,2790.084
2026-07-20T14,2940.221
2026-07-20T15,2872.934
2026-07-20T16,2693.465
2026-07-20T17,2362.174
2026-07-20T18,2346.527
2026-07-20T19,2312.624
2026-07-20T20,2110.163
2026-07-20T21,1507.176
2026-07-20T22,1105.165
2026-07-20T23,1749.082
2026-07-21T00,1664.94
2026-07-21T01,1566.655
2026-07-21T02,1549.215
2026-07-21T03,1550.967
2026-07-21T04,1571.63
2026-07-21T05,1585.864
2026-07-21T06,1612.572
2026-07-21T07,1770.7
2026-07-21T08,1688.182
2026-07-21T09,2154.983
2026-07-21T10,2861.184
2026-07-21T11,2913.788
2026-07-21T12,2868.725
2026-07-21T13,2920.376
2026-07-21T14,2884.195
2026-07-21T15,2860.708
2026-07-21T16,2646.416
2026-07-21T17,2355.896
2026-07-21T18,2367.177
2026-07-21T19,2362.308
2026-07-21T20,2304.108
2026-07-21T21,1856.273
2026-07-21T22,1173.604
2026-07-21T23,1909.535
2026-07-22T00,1814.731
2026-07-22T01,1765.088
2026-07-22T02,1669.031
2026-07-22T03,1647.412
2026-07-22T04,1647.462
2026-07-22T05,1651.512
2026-07-22T06,1699.244
2026-07-22T07,1920.388
2026-07-22T08,1929.91
2026-07-22T09,1885.562
2026-07-22T10,2829.146
2026-07-22T11,2921.465
2026-07-22T12,2932.195
2026-07-22T13,2903.93
2026-07-22T14,2867.723
2026-07-22T15,2897.892
2026-07-22T16,2718.237
2026-07-22T17,2402.3
2026-07-22T18,2380.217
2026-07-22T19,2385.295
2026-07-22T20,2291.998
2026-07-22T21,1868.767
2026-07-22T22,1173.623
2026-07-22T23,1881.873
2026-07-23T00,1817.691
2026-07-23T01,1742.349
2026-07-23T02,1656.724
2026-07-23T03,1639.087
2026-07-23T04,1638.555
2026-07-23T05,1641.278
2026-07-23T06,1716.218
2026-07-23T07,1906.803
2026-07-23T08,2029.015
2026-07-23T09,2206.979
2026-07-23T10,2920.593
2026-07-23T11,2958.188
2026-07-23T12,2995.759
2026-07-23T13,2916.553
2026-07-23T14,2896.817
2026-07-23T15,2900.548
2026-07-23T16,2728.343
2026-07-23T17,2367.859
2026-07-23T18,2354.209
2026-07-23T19,2383.224
2026-07-23T20,2237.003
2026-07-23T21,1862.903
2026-07-23T22,1089.108
2026-07-23T23,1769.195
2026-07-24T00,1811.384
2026-07-24T01,1767.155
2026-07-24T02,1699.775
2026-07-24T03,1677.241
2026-07-24T04,1665.804
2026-07-24T05,1639.894
2026-07-24T06,1681.788
2026-07-24T07,1901.455
2026-07-24T08,2059.697
2026-07-24T09,1984.007
2026-07-24T10,2638.011
2026-07-24T11,2950.097
2026-07-24T12,2929.284
2026-07-24T13,3068.573
2026-07-24T14,2977.525
2026-07-24T15,2992.494
2026-07-24T16,2770.076
2026-07-24T17,2434.796
2026-07-24T18,2477.36
2026-07-24T19,2490.717
2026-07-24T20,2360.559
2026-07-24T21,1946.299
2026-07-24T22,1198.738
2026-07-24T23,2008.272
2026-07-25T00,1832.96
2026-07-25T01,1687.321
2026-07-25T02,1624.549
2026-07-25T03,1620.845
2026-07-25T04,1643.606
2026-07-25T05,1660.822
2026-07-25T06,1722.812
2026-07-25T07,1931.782
2026-07-25T08,1977.333
2026-07-25T09,2031.132
2026-07-25T10,2830.891
2026-07-25T11,2906.29
2026-07-25T12,2952.847
2026-07-25T13,2997.98
2026-07-25T14,2830.856
2026-07-25T15,2475.236
2026-07-25T16,2678.452
2026-07-25T17,2357.503
2026-07-25T18,2304.321
2026-07-25T19,2282.175
2026-07-25T20,2116.948
2026-07-25T21,961.414
2026-07-25T22,1161.068
2026-07-25T23,1589.857
2026-07-26T00,1755.015
2026-07-26T01,1212.638
2026-07-26T02,520.31
2026-07-26T03,539.801
2026-07-26T04,1517.649
2026-07-26T05,1547.989
2026-07-26T06,1652.672
2026-07-26T07,1872.723
2026-07-26T08,1399.745
2026-07-26T09,2293.471
2026-07-26T10,2301.791
2026-07-26T11,2351.315
2026-07-26T12,2316.315
2026-07-26T13,2838.492
2026-07-26T14,2816.976
2026-07-26T15,2850.496
2026-07-26T16,2550.91
2026-07-26T17,2382.497
2026-07-26T18,2687.903
2026-07-26T19,2924.503
2026-07-26T20,2871.345
2026-07-26T21,1612.487
2026-07-26T22,1537.488
2026-07-26T23,1949.47
2026-07-27T00,1841.28
2026-07-27T01,1764.74
2026-07-27T02,1597.943
2026-07-27T03,1535.194
2026-07-27T04,1518.82
2026-07-27T05,1527.674
2026-07-27T06,1620.436
2026-07-27T07,1933.866
2026-07-27T08,2398.928
2026-07-27T09,2287.852
2026-07-27T10,2174.973
2026-07-27T11,1774.111
2026-07-27T12,2205.082
2026-07-27T13,2714.863
2026-07-27T14,2742.303
2026-07-27T15,2704.076
2026-07-27T16,2470.323
2026-07-27T17,2250.545
2026-07-27T18,2234.321
2026-07-27T19,2227.196
2026-07-27T20,1852.416
2026-07-27T21,1228.152
2026-07-27T22,1433.756
2026-07-27T23,1865.154
2026-07-28T00,1820.724
2026-07-28T01,1759.648
2026-07-28T02,1685.149
2026-07-28T03,1677.726
2026-07-28T04,1646.154
2026-07-28T05,1634.663
2026-07-28T06,1769.35
2026-07-28T07,2064.318
2026-07-28T08,1550.661
2026-07-28T09,2537.277
2026-07-28T10,2787.386
2026-07-28T11,2827.768
2026-07-28T12,2844.851
2026-07-28T13,2820.063
2026-07-28T14,2775.698
2026-07-28T15,2774.22
2026-07-28T16,2496.217
2026-07-28T17,2374.071
2026-07-28T18,2311.35
2026-07-28T19,2342.645
2026-07-28T20,2197.777
2026-07-28T21,1456.252
2026-07-28T22,1388.815
2026-07-28T23,1741.216
2026-07-29T00,1664.123
2026-07-29T01,1557.535
2026-07-29T02,1507.302
2026-07-29T03,1509.253
2026-07-29T04,1563.24
2026-07-29T05,1574.04
2026-07-29T06,1683.823
2026-07-29T07,2017.937
2026-07-29T08,1785.345
2026-07-29T09,2637.001
2026-07-29T10,2874.25
2026-07-29T11,2957.565
2026-07-29T12,2903.361
2026-07-29T13,2969.013
2026-07-29T14,2921.087
2026-07-29T15,2880.893
2026-07-29T16,2564.87
2026-07-29T17,2420.86
2026-07-29T18,2455.962
2026-07-29T19,2348.355
2026-07-29T20,2235.068
2026-07-29T21,1431.977
2026-07-29T22,1387.066
2026-07-29T23,1884.073
2026-07-30T00,1827.865
2026-07-30T01,1748.899
2026-07-30T02,1684.975
2026-07-30T03,1689.428
2026-07-30T04,1687.12
2026-07-30T05,1673.632
2026-07-30T06,1763.656
2026-07-30T07,2112.09
2026-07-30T08,1849.149
2026-07-30T09,2682.597
2026-07-30T10,2891.994
2026-07-30T11,2903.618
2026-07-30T12,2935.447
2026-07-30T13,2964.516
2026-07-30T14,3010.043
2026-07-30T15,2952.621
2026-07-30T16,2554.731
2026-07-30T17,2373.291
2026-07-30T18,2369.433
2026-07-30T19,2361.698
2026-07-30T20,2247.844
2026-07-30T21,1496.561
2026-07-30T22,1474.298
2026-07-30T23,1838.495
2026-07-31T00,1768.396
2026-07-31T01,1660.415
2026-07-31T02,1582.605
2026-07-31T03,1605.666
2026-07-31T04,1631.197
2026-07-31T05,1638.628
2026-07-31T06,1728.29
2026-07-31T07,1961.33
2026-07-31T08,1785.421
2026-07-31T09,2603.222
2026-07-31T10,2877.271
2026-07-31T11,2910.986
2026-07-31T12,2894.63
2026-07-31T13,2909.272
2026-07-31T14,2864.593
2026-07-31T15,2890.545
2026-07-31T16,2579.886
2026-07-31T17,2414.695
2026-07-31T18,2339.007
2026-07-31T19,2287.013
2026-07-31T20,2209.105
2026-07-31T21,1456.758
2026-07-31T22,1452.967
2026-07-31T23,1879.102
2026-08-01T00,1980.48
2026-08-01T01,1903.229
2026-08-01T02,1803.649
2026-08-01T03,1819.045
2026-08-01T04,1798.38
2026-08-01T05,1814.081
2026-08-01T06,1963.903
2026-08-01T07,2305.574
2026-08-01T08,1964.985
2026-08-01T09,2931.623
2026-08-01T10,3229.49
2026-08-01T11,3285.909
2026-08-01T12,3339.028
2026-08-01T13,3334.857
2026-08-01T14,3252.333
2026-08-01T15,3233.062
2026-08-01T16,2857.604
2026-08-01T17,2711.554
2026-08-01T18,2750.548
2026-08-01T19,2672.593
2026-08-01T20,2600.863
2026-08-01T21,1784.47
2026-08-01T22,1736.165
2026-08-01T23,2329.575
2026-08-02T00,2561.031
2026-08-02T01,2454.705
2026-08-02T02,2381.828
2026-08-02T03,2412.492
2026-08-02T04,2419.585
2026-08-02T05,2409.846
2026-08-02T06,2475.571
2026-08-02T07,2786.632
2026-08-02T08,2070.887
2026-08-02T09,2827.855
2026-08-02T10,3089.186
2026-08-02T11,3192.795
2026-08-02T12,3158.786
2026-08-02T13,3169.354
2026-08-02T14,3185.222
2026-08-02T15,3234.819
2026-08-02T16,2850.663
2026-08-02T17,2662.744
2026-08-02T18,2676.09
2026-08-02T19,2673.249
2026-08-02T20,2597.788
2026-08-02T21,1807.147
2026-08-02T22,1636.423
2026-08-02T23,2776.305
2026-08-03T00,2603.346
2026-08-03T01,2508.342
2026-08-03T02,2442.697
2026-08-03T03,2429.386
2026-08-03T04,2431.765
2026-08-03T05,2424.571
2026-08-03T06,2056.582
2026-08-03T07,1797.828
2026-08-03T08,1769.8
2026-08-03T09,1906.873
2026-08-03T10,1557.989
2026-08-03T11,2016.596
2026-08-03T12,2327.488
2026-08-03T13,3279.288
2026-08-03T14,3264.901
2026-08-03T15,3202.858
2026-08-03T16,2879.776
2026-08-03T17,2667.585
2026-08-03T18,2753.925
2026-08-03T19,2701.232
2026-08-03T20,2201.617
2026-08-03T21,1465.887
2026-08-03T22,1512.641
2026-08-03T23,1956.027
2026-08-04T00,1870.851
2026-08-04T01,1760.655
2026-08-04T02,1725.706
2026-08-04T03,1720.44
2026-08-04T04,1726.202
2026-08-04T05,1747.312
2026-08-04T06,1794.106
2026-08-04T07,1908.815
2026-08-04T08,1665.008
2026-08-04T09,3036.867
2026-08-04T10,3232.695
2026-08-04T11,3239.223
2026-08-04T12,3265.096
2026-08-04T13,3312.248
2026-08-04T14,3285.049
2026-08-04T15,3233.524
2026-08-04T16,2887.16
2026-08-04T17,2689.432
2026-08-04T18,2662.896
2026-08-04T19,2602.563
2026-08-04T20,2474.504
2026-08-04T21,1703.325
2026-08-04T22,1625.539
2026-08-04T23,2112.783
2026-08-05T00,2038.36
2026-08-05T01,1998.4
2026-08-05T02,1916.299
2026-08-05T03,1903.713
2026-08-05T04,1899.078
2026-08-05T05,1909.109
2026-08-05T06,1970.439
2026-08-05T07,2312.654
2026-08-05T08,1961.771
2026-08-05T09,2994.889
2026-08-05T10,3213.029
2026-08-05T11,3282.15
2026-08-05T12,3319.608
2026-08-05T13,3303.77
2026-08-05T14,3270.107
2026-08-05T15,3258.159
2026-08-05T16,2911.974
2026-08-05T17,2647.798
2026-08-05T18,2577.381
2026-08-05T19,2603.805
2026-08-05T20,2528.087
2026-08-05T21,1685.172
2026-08-05T22,1594.14
2026-08-05T23,2083.108
2026-08-06T00,1969.55
2026-08-06T01,1922.457
2026-08-06T02,1849.313
2026-08-06T03,1855.788
2026-08-06T04,1860.698
2026-08-06T05,1888.39
2026-08-06T06,1945.549
2026-08-06T07,2285.532
2026-08-06T08,1950.332
2026-08-06T09,3037.125
2026-08-06T10,3280.419
2026-08-06T11,3272.869
2026-08-06T12,3230.441
2026-08-06T13,3247.669
2026-08-06T14,3219.579
2026-08-06T15,3222.411
2026-08-06T16,2873.896
2026-08-06T17,2693.393
2026-08-06T18,2636.959
2026-08-06T19,2552.03
2026-08-06T20,2444.421
2026-08-06T21,1671.096
2026-08-06T22,1603.277
2026-08-06T23,2130.805
2026-08-07T00,2069.945
2026-08-07T01,2023.691
2026-08-07T02,1963.598
2026-08-07T03,1948.38
2026-08-07T04,1920.323
2026-08-07T05,1904.831
2026-08-07T06,1984.901
2026-08-07T07,2285.012
2026-08-07T08,2023.061
2026-08-07T09,3048.03
2026-08-07T10,3251.674
2026-08-07T11,3261.731
2026-08-07T12,3316.087
2026-08-07T13,3305.458
2026-08-07T14,3264.898
2026-08-07T15,3192.219
2026-08-07T16,2833.099
2026-08-07T17,2733.877
2026-08-07T18,2688.522
2026-08-07T19,2601.604
2026-08-07T20,2590.69
2026-08-07T21,1809.926
2026-08-07T22,1641.85
2026-08-07T23,1980.592
2026-08-08T00,1908.43
2026-08-08T01,1855.842
2026-08-08T02,1747.036
2026-08-08T03,1738.841
2026-08-08T04,1760.719
2026-08-08T05,1789.834
2026-08-08T06,1857.429
2026-08-08T07,2262.194
2026-08-08T08,1966.931
2026-08-08T09,2988.442
2026-08-08T10,3327.596
2026-08-08T11,3341.484
2026-08-08T12,3415.492
2026-08-08T13,3446.836
2026-08-08T14,3415.403
2026-08-08T15,3368.989
2026-08-08T16,2967.509
2026-08-08T17,2793.077
2026-08-08T18,2773.574
2026-08-08T19,2692.354
2026-08-08T20,2692.488
2026-08-08T21,1960.288
2026-08-08T22,1839.077
2026-08-08T23,2262.132
2026-08-09T00,2137.513
2026-08-09T01,2073.004
2026-08-09T02,1953.691
2026-08-09T03,1928.791
2026-08-09T04,1901.12
2026-08-09T05,2001.641
2026-08-09T06,2100.069
2026-08-09T07,2286.226
2026-08-09T08,1950.886
2026-08-09T09,2847.409
2026-08-09T10,3284.655
2026-08-09T11,3340.122
2026-08-09T12,3385.896
2026-08-09T13,3481.211
2026-08-09T14,3448.514
2026-08-09T15,3359.358
2026-08-09T16,3059.397
2026-08-09T17,2868.374
2026-08-09T18,2885.579
2026-08-09T19,2849.208
2026-08-09T20,2734.587
2026-08-09T21,2045.312
2026-08-09T22,1873.026
2026-08-09T23,2212.412
2026-08-10T00,2519.185
2026-08-10T01,2511.643
2026-08-10T02,2464.718
2026-08-10T03,2432.397
2026-08-10T04,2396.281
2026-08-10T05,1889.334
2026-08-10T06,1885.379
2026-08-10T07,2099.91
2026-08-10T08,2342.412
2026-08-10T09,2205.042
2026-08-10T10,2251.442
2026-08-10T11,2548.498
2026-08-10T12,2748.431
2026-08-10T13,3280.81
2026-08-10T14,3353.318
2026-08-10T15,3307.94
2026-08-10T16,2937.207
2026-08-10T17,2686.482
2026-08-10T18,2655.767
2026-08-10T19,2630.41
2026-08-10T20,2184.796
2026-08-10T21,1405.431
2026-08-10T22,1565.778
2026-08-10T23,2109.391
2026-08-11T00,1907.688
2026-08-11T01,1936.054
2026-08-11T02,1938.654
2026-08-11T03,1886.501
2026-08-11T04,1906.535
2026-08-11T05,1925.778
2026-08-11T06,2008.155
2026-08-11T07,2226.931
2026-08-11T08,1787.156
2026-08-11T09,2978.916
2026-08-11T10,3248.011
2026-08-11T11,3315.661
2026-08-11T12,3257.706
2026-08-11T13,3253.18
2026-08-11T14,3258.269
2026-08-11T15,3224.354
2026-08-11T16,2831.762
2026-08-11T17,2626.85
2026-08-11T18,2654.043
2026-08-11T19,2536.989
2026-08-11T20,2409.922
2026-08-11T21,1619.009
2026-08-11T22,1583.614
2026-08-11T23,2049.263
2026-08-12T00,2011.897
2026-08-12T01,1959.073
2026-08-12T02,1896.662
2026-08-12T03,1877.979
2026-08-12T04,1860.929
2026-08-12T05,1900.191
2026-08-12T06,2003.346
2026-08-12T07,2271.247
2026-08-12T08,1931.025
2026-08-12T09,2901.235
2026-08-12T10,3160.72
2026-08-12T11,3266.318
2026-08-12T12,3254.7
2026-08-12T13,3251.448
2026-08-12T14,3255.801
2026-08-12T15,3137.212
2026-08-12T16,2835.873
2026-08-12T17,2633.986
2026-08-12T18,2609.363
2026-08-12T19,2564.938
2026-08-12T20,2496.706
2026-08-12T21,1634.517
2026-08-12T22,1594.187
2026-08-12T23,2075.647
2026-08-13T00,2033.143
2026-08-13T01,1997.695
2026-08-13T02,1923.23
2026-08-13T03,1999.321
2026-08-13T04,1960.993
2026-08-13T05,1891.026
2026-08-13T06,1916.283
2026-08-13T07,2218.733
2026-08-13T08,1841.74
2026-08-13T09,2830.39
2026-08-13T10,3140.404
2026-08-13T11,3212.096
2026-08-13T12,3227.043
2026-08-13T13,3214.76
2026-08-13T14,3219.453
2026-08-13T15,3196.308
2026-08-13T16,2715.821
2026-08-13T17,2596.675
2026-08-13T18,2606.248
2026-08-13T19,2535.212
2026-08-13T20,2442.15
2026-08-13T21,1567.93
2026-08-13T22,1525.37
2026-08-13T23,2053.975
2026-08-14T00,1998.915
2026-08-14T01,1906.231
2026-08-14T02,1848.942
2026-08-14T03,1844.816
2026-08-14T04,1861.717
2026-08-14T05,1868.213
2026-08-14T06,1950.759
2026-08-14T07,2277.714
2026-08-14T08,2014.705
2026-08-14T09,3019.68
2026-08-14T10,3253.796
2026-08-14T11,3296.139
2026-08-14T12,3226.461
2026-08-14T13,3223.869
2026-08-14T14,3270.016
2026-08-14T15,3264.373
2026-08-14T16,2838.43
2026-08-14T17,2657.361
2026-08-14T18,2665.45
2026-08-14T19,2645.337
2026-08-14T20,2542.354
2026-08-14T21,1754.261
2026-08-14T22,1607.167
2026-08-14T23,2158.292
2026-08-15T00,2056.851
2026-08-15T01,1995.597
2026-08-15T02,1909.14
2026-08-15T03,1887.222
2026-08-15T04,1882.595
2026-08-15T05,1901.038
2026-08-15T06,1964.105
2026-08-15T07,2338.449
2026-08-15T08,2031.828
2026-08-15T09,2937.65
2026-08-15T10,3226.375
2026-08-15T11,3285.097
2026-08-15T12,3271.716
2026-08-15T13,3311.668
2026-08-15T14,2865.037
2026-08-15T15,2946.245
2026-08-15T16,2796.225
2026-08-15T17,2642.057
2026-08-15T18,2642.056
2026-08-15T19,2656.472
2026-08-15T20,2533.771
2026-08-15T21,1843.568
2026-08-15T22,1792.012
2026-08-15T23,2016.227
2026-08-16T00,1885.872
2026-08-16T01,1879.694
2026-08-16T02,1800.733
2026-08-16T03,1792.13
2026-08-16T04,1799.214
2026-08-16T05,1856.93
2026-08-16T06,1888.329
2026-08-16T07,2099.962
2026-08-16T08,1878.688
2026-08-16T09,2931.327
2026-08-16T10,3176.377
2026-08-16T11,3223.638
2026-08-16T12,3275.694
2026-08-16T13,3378.226
2026-08-16T14,3301.561
2026-08-16T15,3298.374
2026-08-16T16,2984.219
2026-08-16T17,2739.292
2026-08-16T18,2736.264
2026-08-16T19,2729.342
2026-08-16T20,2642.453
2026-08-16T21,1904.312
2026-08-16T22,1582.416
2026-08-16T23,2198.952
2026-08-17T00,2078.159
2026-08-17T01,1937.877
2026-08-17T02,1860.295
2026-08-17T03,1861.599
2026-08-17T04,1853.37
2026-08-17T05,1858.389
2026-08-17T06,1893.511
2026-08-17T07,1984.639
2026-08-17T08,2231.643
2026-08-17T09,2314.873
2026-08-17T10,2113.594
2026-08-17T11,2407.675
2026-08-17T12,2678.695
2026-08-17T13,3257.874
2026-08-17T14,3310.776
2026-08-17T15,3255.137
2026-08-17T16,2908.72
2026-08-17T17,2692.126
2026-08-17T18,2695.926
2026-08-17T19,2704.585
2026-08-17T20,2214.454
2026-08-17T21,1465.312
2026-08-17T22,1594.437
2026-08-17T23,2095.334
2026-08-18T00,1965.807
2026-08-18T01,1854.397
2026-08-18T02,1801.897
2026-08-18T03,1804.59
2026-08-18T04,1818.241
2026-08-18T05,1850.868
2026-08-18T06,1772.664
2026-08-18T07,1916.87
2026-08-18T08,1942.516
2026-08-18T09,2959.755
2026-08-18T10,3217.718
2026-08-18T11,3231.451
2026-08-18T12,3134.689
2026-08-18T13,3180.83
2026-08-18T14,3133.853
2026-08-18T15,3081.711
2026-08-18T16,2735.287
2026-08-18T17,2584.544
2026-08-18T18,2622.38
2026-08-18T19,2542.1
2026-08-18T20,2413.273
2026-08-18T21,1662.165
2026-08-18T22,1614.783
2026-08-18T23,2060.61
2026-08-19T00,1997.201
2026-08-19T01,1912.833
2026-08-19T02,1855.09
2026-08-19T03,1856.763
2026-08-19T04,1861.211
2026-08-19T05,1875.054
2026-08-19T06,1942.827
2026-08-19T07,2232.207
2026-08-19T08,2068.931
2026-08-19T09,2929.373
2026-08-19T10,3253.237
2026-08-19T11,3288.952
2026-08-19T12,3297.132
2026-08-19T13,2993.015
2026-08-19T14,3140.326
2026-08-19T15,3046.5
2026-08-19T16,2756.769
2026-08-19T17,2604.66
2026-08-19T18,2587.391
2026-08-19T19,2528.328
2026-08-19T20,2398.676
2026-08-19T21,1606.641
2026-08-19T22,1472.417
2026-08-19T23,1930.468
2026-08-20T00,1874.813
2026-08-20T01,1788.238
2026-08-20T02,1708.664
2026-08-20T03,1697.081
2026-08-20T04,1697.514
2026-08-20T05,1694.678
2026-08-20T06,1813.215
2026-08-20T07,2199.491
2026-08-20T08,1990.636
2026-08-20T09,2916.77
2026-08-20T10,3134.667
2026-08-20T11,3254.561
2026-08-20T12,3273.856
2026-08-20T13,3292.213
2026-08-20T14,3214.034
2026-08-20T15,3165.95
2026-08-20T16,2782.798
2026-08-20T17,2635.12
2026-08-20T18,2629.834
2026-08-20T19,2581.322
2026-08-20T20,2521.455
2026-08-20T21,1602.14
2026-08-20T22,1670.125
2026-08-20T23,2651.824
2026-08-21T00,2611.899
2026-08-21T01,2540.154
2026-08-21T02,2443.837
2026-08-21T03,2433.405
2026-08-21T04,2444.137
2026-08-21T05,1912.569
2026-08-21T06,1627.778
2026-08-21T07,1734.262
2026-08-21T08,1722.173
2026-08-21T09,2926.942
2026-08-21T10,3231.358
2026-08-21T11,3254.592
2026-08-21T12,3286.898
2026-08-21T13,3275.952
2026-08-21T14,3270.427
2026-08-21T15,3277.619
2026-08-21T16,2873.123
2026-08-21T17,2624.36
2026-08-21T18,2605.446
2026-08-21T19,2625.035
2026-08-21T20,2501.699
2026-08-21T21,1698.601
2026-08-21T22,1591.146
2026-08-21T23,2070.587
2026-08-22T00,2019.439
2026-08-22T01,1948.439
2026-08-22T02,1882.221
2026-08-22T03,1859.284
2026-08-22T04,1862.69
2026-08-22T05,1871.826
2026-08-22T06,1939.463
2026-08-22T07,2247.309
2026-08-22T08,1946.825
2026-08-22T09,2975.082
2026-08-22T10,3190.121
2026-08-22T11,3344.139
2026-08-22T12,3340.167
2026-08-22T13,3351.599
2026-08-22T14,3256.414
2026-08-22T15,3199.246
2026-08-22T16,2831.627
2026-08-22T17,2660.592
2026-08-22T18,2668.95
2026-08-22T19,2700.071
2026-08-22T20,2602.676
2026-08-22T21,1786.275
2026-08-22T22,1654.7
2026-08-22T23,2204.844
2026-08-23T00,2062.804
2026-08-23T01,1941.113
2026-08-23T02,1860.932
2026-08-23T03,1855.81
2026-08-23T04,1848.738
2026-08-23T05,1866.708
2026-08-23T06,1939.584
2026-08-23T07,2274.905
2026-08-23T08,1980.604
2026-08-23T09,2910.196
2026-08-23T10,3184.748
2026-08-23T11,3337.382
2026-08-23T12,3403.463
2026-08-23T13,3379.052
2026-08-23T14,3320.686
2026-08-23T15,3345.655
2026-08-23T16,2886.569
2026-08-23T17,2665.797
2026-08-23T18,2714.573
2026-08-23T19,2677.787
2026-08-23T20,2601.27
2026-08-23T21,1804.656
2026-08-23T22,1708.427
2026-08-23T23,2149.541
2026-08-24T00,1954.771
2026-08-24T01,1801.733
2026-08-24T02,1738.761
2026-08-24T03,1745.45
2026-08-24T04,1732.179
2026-08-24T05,1853.043
2026-08-24T06,1884.622
2026-08-24T07,2028.993
2026-08-24T08,2136.605
2026-08-24T09,2010.671
2026-08-24T10,1884.29
2026-08-24T11,2358.879
2026-08-24T12,2624.25
2026-08-24T13,3040.711
2026-08-24T14,3204.513
2026-08-24T15,3208.57
2026-08-24T16,2813.375
2026-08-24T17,2638.688
2026-08-24T18,2620.664
2026-08-24T19,2594.632
2026-08-24T20,2179.926
2026-08-24T21,1447.144
2026-08-24T22,1539.162
2026-08-24T23,2086.368
2026-08-25T00,1974.999
2026-08-25T01,1904.003
2026-08-25T02,1863.445
2026-08-25T03,1870.847
2026-08-25T04,1839.9
2026-08-25T05,1833.781
2026-08-25T06,1902.006
2026-08-25T07,1725.943
2026-08-25T08,1812.122
2026-08-25T09,2998.702
2026-08-25T10,3257.319
2026-08-25T11,3315.303
2026-08-25T12,3287.783
2026-08-25T13,3269.344
2026-08-25T14,3234.821
2026-08-25T15,3205.109
2026-08-25T16,2822.792
2026-08-25T17,2636.038
2026-08-25T18,2582.312
2026-08-25T19,2545.187
2026-08-25T20,2459.622
2026-08-25T21,1640.676
2026-08-25T22,1514.472
2026-08-25T23,2042.476
2026-08-26T00,1996.892
2026-08-26T01,1921.345
2026-08-26T02,1836.629
2026-08-26T03,1818.948
2026-08-26T04,1823.143
2026-08-26T05,1830.238
2026-08-26T06,1889.582
2026-08-26T07,2219.316
2026-08-26T08,2114.244
2026-08-26T09,2976.783
2026-08-26T10,3218.12
2026-08-26T11,3193.337
2026-08-26T12,3161.282
2026-08-26T13,3240.501
2026-08-26T14,3200.523
2026-08-26T15,3161.958
2026-08-26T16,2765.262
2026-08-26T17,2589.361
2026-08-26T18,2572.591
2026-08-26T19,2558.823
2026-08-26T20,2478.177
2026-08-26T21,1613.58
2026-08-26T22,1509.101
2026-08-26T23,2094.263
2026-08-27T00,2047.346
2026-08-27T01,1957.527
2026-08-27T02,1899.764
2026-08-27T03,1886.5
2026-08-27T04,1890.636
2026-08-27T05,1884.642
2026-08-27T06,1959.509
2026-08-27T07,2311.027
2026-08-27T08,2025.701
2026-08-27T09,2948.535
2026-08-27T10,3205.921
2026-08-27T11,3288.227
2026-08-27T12,3279.337
2026-08-27T13,3272.243
2026-08-27T14,3181.101
2026-08-27T15,3162.179
2026-08-27T16,2762.227
2026-08-27T17,2540.139
2026-08-27T18,2581.354
2026-08-27T19,2609.1
2026-08-27T20,2513.956
2026-08-27T21,1590.685
2026-08-27T22,1383.806
2026-08-27T23,1709.537
2026-08-28T00,1660.809
2026-08-28T01,1583.798
2026-08-28T02,1504.547
2026-08-28T03,1486.776
2026-08-28T04,1494.929
2026-08-28T05,1518.155
2026-08-28T06,1601.179
2026-08-28T07,2014.096
2026-08-28T08,1881.38
2026-08-28T09,2989.606
2026-08-28T10,3213.603
2026-08-28T11,3299.977
2026-08-28T12,3260.197
2026-08-28T13,3283.766
2026-08-28T14,3257.986
2026-08-28T15,3048.938
2026-08-28T16,2822.722
2026-08-28T17,2610.299
2026-08-28T18,2660.285
2026-08-28T19,2581.783
2026-08-28T20,2441.284
2026-08-28T21,1681.223
2026-08-28T22,1616.419
2026-08-28T23,2064.244
2026-08-29T00,2004.52
2026-08-29T01,1931.819
2026-08-29T02,1882.489
2026-08-29T03,1874.713
2026-08-29T04,1874.347
2026-08-29T05,1890.144
2026-08-29T06,1968.24
2026-08-29T07,2290.635
2026-08-29T08,1957.059
2026-08-29T09,2980.715
2026-08-29T10,3238.362
2026-08-29T11,3279.974
2026-08-29T12,3314.691
2026-08-29T13,3277.05
2026-08-29T14,3267.906
2026-08-29T15,3288.133
2026-08-29T16,2908.459
2026-08-29T17,2713.889
2026-08-29T18,2699.483
2026-08-29T19,2666.997
2026-08-29T20,2637.801
2026-08-29T21,1803.03
2026-08-29T22,1573.271
2026-08-29T23,2083.273
2026-08-30T00,1924.137
2026-08-30T01,1880.713
2026-08-30T02,1815.781
2026-08-30T03,1797.203
2026-08-30T04,1797.966
2026-08-30T05,1808.447
2026-08-30T06,1908.674
2026-08-30T07,2216.823
2026-08-30T08,1974.466
2026-08-30T09,2526.947
2026-08-30T10,3168.118
2026-08-30T11,3313.445
2026-08-30T12,3406.113
2026-08-30T13,3416.276
2026-08-30T14,3354.56
2026-08-30T15,3365.028
2026-08-30T16,3058.015
2026-08-30T17,2756.154
2026-08-30T18,2692.704
2026-08-30T19,2708.017
2026-08-30T20,2651.817
2026-08-30T21,1833.832
2026-08-30T22,1388.908
2026-08-30T23,2024.858
2026-08-31T00,2099.743
2026-08-31T01,1993.256
2026-08-31T02,1918.486
2026-08-31T03,1907.559
2026-08-31T04,1887.889
2026-08-31T05,1834.605
2026-08-31T06,1877.686
2026-08-31T07,2031.047
2026-08-31T08,2277.985
2026-08-31T09,2507.658
2026-08-31T10,2562.418
2026-08-31T11,2368.798
2026-08-31T12,2744.178
2026-08-31T13,3239.415
2026-08-31T14,3314.321
2026-08-31T15,3290.235
2026-08-31T16,2997.916
2026-08-31T17,2736.061
2026-08-31T18,2718.218
2026-08-31T19,2718.08
2026-08-31T20,2219.776
2026-08-31T21,1482.818
2026-08-31T22,1571.432
2026-08-31T23,2035.421
2026-09-01T00,1916.628
2026-09-01T01,1812.432
2026-09-01T02,1730.575
2026-09-01T03,1739.326
2026-09-01T04,1752.432
2026-09-01T05,1787.965
2026-09-01T06,1880.814
2026-09-01T07,2389.397
2026-09-01T08,2200.815
2026-09-01T09,3060.541
2026-09-01T10,3267.546
2026-09-01T11,3356.615
2026-09-01T12,3387.044
2026-09-01T13,3382.185
2026-09-01T14,3381.442
2026-09-01T15,3330.5
2026-09-01T16,2908.748
2026-09-01T17,2658.101
2026-09-01T18,2615.219
2026-09-01T19,2628.09
2026-09-01T20,2541.087
2026-09-01T21,1748.383
2026-09-01T22,1650.069
2026-09-01T23,2109.044
2026-09-02T00,2061.613
2026-09-02T01,2014.455
2026-09-02T02,1969.957
2026-09-02T03,1964.424
2026-09-02T04,1962.833
2026-09-02T05,1967.281
2026-09-02T06,2031.272
2026-09-02T07,2325.445
2026-09-02T08,2002.473
2026-09-02T09,2918.022
2026-09-02T10,3227.302
2026-09-02T11,3260.35
2026-09-02T12,3308.016
2026-09-02T13,3286.792
2026-09-02T14,3294.218
2026-09-02T15,3301.386
2026-09-02T16,2881.345
2026-09-02T17,2624.525
2026-09-02T18,2617.533
2026-09-02T19,2613.259
2026-09-02T20,2510.395
2026-09-02T21,1678.234
2026-09-02T22,1442.718
2026-09-02T23,1900.152
2026-09-03T00,1893.552
2026-09-03T01,1834.811
2026-09-03T02,1771.691
2026-09-03T03,1773.087
2026-09-03T04,1882.176
2026-09-03T05,1926.892
2026-09-03T06,2000.62
2026-09-03T07,2159.193
2026-09-03T08,2042.1
2026-09-03T09,3017.928
2026-09-03T10,3252.967
2026-09-03T11,3311.655
2026-09-03T12,3367.925
2026-09-03T13,3379.094
2026-09-03T14,3366.861
2026-09-03T15,3350.009
2026-09-03T16,2911.331
2026-09-03T17,2648.756
2026-09-03T18,2589.687
2026-09-03T19,2612.684
2026-09-03T20,2466.053
2026-09-03T21,1623.92
2026-09-03T22,1521.971
2026-09-03T23,2061.036
2026-09-04T00,2061.235
2026-09-04T01,1996.351
2026-09-04T02,1939.939
2026-09-04T03,1935.103
2026-09-04T04,1924.608
2026-09-04T05,1942.226
2026-09-04T06,2042.985
2026-09-04T07,2362.314
2026-09-04T08,2079.354
2026-09-04T09,2906.788
2026-09-04T10,3173.942
2026-09-04T11,3266.718
2026-09-04T12,3260.796
2026-09-04T13,3191.81
2026-09-04T14,3273.391
2026-09-04T15,3191.906
2026-09-04T16,2865.853
2026-09-04T17,2682.027
2026-09-04T18,2686.986
2026-09-04T19,2644.993
2026-09-04T20,2511.495
2026-09-04T21,1718.749
2026-09-04T22,1541.028
2026-09-04T23,1969.404
2026-09-05T00,1849.806
2026-09-05T01,1738.636
2026-09-05T02,1745.393
2026-09-05T03,1720.093
2026-09-05T04,1730.683
2026-09-05T05,1738.032
2026-09-05T06,1898.284
2026-09-05T07,2394.17
2026-09-05T08,2199.876
2026-09-05T09,3010.473
2026-09-05T10,3278.32
2026-09-05T11,3389.522
2026-09-05T12,3343.844
2026-09-05T13,3314.609
2026-09-05T14,2872.172
2026-09-05T15,3370.104
2026-09-05T16,3004.257
2026-09-05T17,2779.988
2026-09-05T18,2788.5
2026-09-05T19,2746.03
2026-09-05T20,2668.956
2026-09-05T21,1880.966
2026-09-05T22,1707.321
2026-09-05T23,2192.968
2026-09-06T00,2093.157
2026-09-06T01,2032.807
2026-09-06T02,1966.193
2026-09-06T03,1947.188
2026-09-06T04,1923.579
2026-09-06T05,1908.628
2026-09-06T06,1926.977
2026-09-06T07,2489.166
2026-09-06T08,2205.08
2026-09-06T09,2929.352
2026-09-06T10,3294.257
2026-09-06T11,3388.48
2026-09-06T12,3442.253
2026-09-06T13,3442.746
2026-09-06T14,3413.169
2026-09-06T15,3389.426
2026-09-06T16,3054.834
2026-09-06T17,2900.402
2026-09-06T18,2904.122
2026-09-06T19,2813.509
2026-09-06T20,2723.476
2026-09-06T21,1932.906
2026-09-06T22,1276.533
2026-09-06T23,940.759
2026-09-07T00,821.337
2026-09-07T01,703.033
2026-09-07T02,646.384
2026-09-07T03,639.455
2026-09-07T04,643.802
2026-09-07T05,656.793
2026-09-07T06,708.117
2026-09-07T07,824.156
2026-09-07T08,1143.139
2026-09-07T09,1282.386
2026-09-07T10,1617.414
2026-09-07T11,2170.011
2026-09-07T12,2874.312
2026-09-07T13,3444.297
2026-09-07T14,3915.304
2026-09-07T15,3931.864
2026-09-07T16,3233.544
2026-09-07T17,2802.728
2026-09-07T18,2760.0
2026-09-07T19,2724.116
2026-09-07T20,2275.216
2026-09-07T21,1539.402
2026-09-07T22,1822.504
2026-09-07T23,2707.685
2026-09-08T00,2659.336
2026-09-08T01,2580.724
2026-09-08T02,2554.094
2026-09-08T03,2557.447
2026-09-08T04,2542.824
2026-09-08T05,2565.113
2026-09-08T06,2697.21
2026-09-08T07,3041.808
2026-09-08T08,2349.096
2026-09-08T09,3806.405
2026-09-08T10,3944.834
2026-09-08T11,3942.826
2026-09-08T12,3641.838
2026-09-08T13,3380.991
2026-09-08T14,3354.999
2026-09-08T15,3261.209
2026-09-08T16,2948.08
2026-09-08T17,2750.725
2026-09-08T18,2673.854
2026-09-08T19,2604.136
2026-09-08T20,2449.678
2026-09-08T21,1664.437
2026-09-08T22,1489.965
2026-09-08T23,1932.373
2026-09-09T00,1875.634
2026-09-09T01,1810.025
2026-09-09T02,1777.583
2026-09-09T03,1764.431
2026-09-09T04,1785.961
2026-09-09T05,1798.754
2026-09-09T06,1930.022
2026-09-09T07,2305.059
2026-09-09T08,2063.419
2026-09-09T09,2986.305
2026-09-09T10,3270.043
2026-09-09T11,3363.739
2026-09-09T12,3337.644
2026-09-09T13,3338.917
2026-09-09T14,3327.347
2026-09-09T15,3326.625
2026-09-09T16,2940.727
2026-09-09T17,2615.508
2026-09-09T18,2558.981
2026-09-09T19,2531.978
2026-09-09T20,2442.998
2026-09-09T21,1614.786
2026-09-09T22,1500.834
2026-09-09T23,2098.68
2026-09-10T00,2061.5
2026-09-10T01,2012.771
2026-09-10T02,1942.665
2026-09-10T03,1936.972
2026-09-10T04,1921.922
2026-09-10T05,1929.159
2026-09-10T06,2005.819
2026-09-10T07,2445.048
2026-09-10T08,1983.568
2026-09-10T09,2921.778
2026-09-10T10,3302.498
2026-09-10T11,3440.348
2026-09-10T12,3401.587
2026-09-10T13,3368.972
2026-09-10T14,3361.849
2026-09-10T15,3334.128
2026-09-10T16,2961.492
2026-09-10T17,2734.891
2026-09-10T18,2708.444
2026-09-10T19,2673.568
2026-09-10T20,2504.642
2026-09-10T21,1729.363
2026-09-10T22,1595.163
2026-09-10T23,2044.851
2026-09-11T00,2003.262
2026-09-11T01,1954.987
2026-09-11T02,1897.74
2026-09-11T03,1879.255
2026-09-11T04,1836.021
2026-09-11T05,2244.833
2026-09-11T06,2562.811
2026-09-11T07,2550.693
2026-09-11T08,2058.935
2026-09-11T09,3062.13
2026-09-11T10,3334.971
2026-09-11T11,3336.507
2026-09-11T12,3363.427
2026-09-11T13,3375.746
2026-09-11T14,3399.827
2026-09-11T15,3277.101
2026-09-11T16,2788.831
2026-09-11T17,2628.959
2026-09-11T18,2631.315
2026-09-11T19,2687.641
2026-09-11T20,2549.419
2026-09-11T21,1767.4
2026-09-11T22,1007.166
2026-09-11T23,862.026
2026-09-12T00,828.057
2026-09-12T01,767.563
2026-09-12T02,714.614
2026-09-12T03,699.666
2026-09-12T04,699.387
2026-09-12T05,689.116
2026-09-12T06,812.005
2026-09-12T07,1113.824
2026-09-12T08,1900.78
2026-09-12T09,3107.457
2026-09-12T10,3408.883
2026-09-12T11,3442.398
2026-09-12T12,3470.04
2026-09-12T13,3477.697
2026-09-12T14,3810.985
2026-09-12T15,4009.479
2026-09-12T16,3291.826
2026-09-12T17,2804.023
2026-09-12T18,2805.247
2026-09-12T19,2821.582
2026-09-12T20,2739.072
2026-09-12T21,1921.114
2026-09-12T22,1214.47
2026-09-12T23,1506.716
2026-09-13T00,1287.57
2026-09-13T01,1152.611
2026-09-13T02,1042.077
2026-09-13T03,679.634
2026-09-13T04,659.267
2026-09-13T05,649.86
2026-09-13T06,780.033
2026-09-13T07,1203.614
2026-09-13T08,1625.82
2026-09-13T09,2956.426
2026-09-13T10,4351.088
2026-09-13T11,4030.032
2026-09-13T12,4287.657
2026-09-13T13,4029.473
2026-09-13T14,3930.257
2026-09-13T15,3879.414
2026-09-13T16,3758.99
2026-09-13T17,4013.718
2026-09-13T18,4047.989
2026-09-13T19,4029.92
2026-09-13T20,3171.013
2026-09-13T21,1956.224
2026-09-13T22,1317.383
2026-09-13T23,961.929
2026-09-14T00,813.572
2026-09-14T01,736.223
2026-09-14T02,692.497
2026-09-14T03,692.034
2026-09-14T04,670.625
2026-09-14T05,668.05
2026-09-14T06,704.563
2026-09-14T07,848.422
2026-09-14T08,1309.099
2026-09-14T09,1645.697
2026-09-14T10,1681.43
2026-09-14T11,2976.666
2026-09-14T12,3173.492
2026-09-14T13,3948.915
2026-09-14T14,4024.927
2026-09-14T15,4499.017
2026-09-14T16,3806.843
2026-09-14T17,3887.443
2026-09-14T18,4052.464
2026-09-14T19,3928.964
2026-09-14T20,3201.24
2026-09-14T21,1806.714
2026-09-14T22,1452.179
2026-09-14T23,2053.924
2026-09-15T00,2157.343
2026-09-15T01,2482.668
2026-09-15T02,2436.163
2026-09-15T03,2440.224
2026-09-15T04,2448.185
2026-09-15T05,2473.046
2026-09-15T06,2548.173
2026-09-15T07,2953.572
2026-09-15T08,3067.335
2026-09-15T09,3030.396
2026-09-15T10,3299.453
2026-09-15T11,3295.809
2026-09-15T12,3330.152
2026-09-15T13,3333.477
2026-09-15T14,3309.709
2026-09-15T15,3259.218
2026-09-15T16,2913.0
2026-09-15T17,2646.9
2026-09-15T18,2605.611
2026-09-15T19,2566.837
2026-09-15T20,2539.737
2026-09-15T21,1718.277
2026-09-15T22,1465.441
2026-09-15T23,2482.273
2026-09-16T00,2625.39
2026-09-16T01,2527.34
2026-09-16T02,2530.109
2026-09-16T03,2516.74
2026-09-16T04,2501.538
2026-09-16T05,2499.768
2026-09-16T06,2131.258
2026-09-16T07,2427.296
2026-09-16T08,2014.64
2026-09-16T09,3453.548
2026-09-16T10,3906.876
2026-09-16T11,3919.691
2026-09-16T12,3950.142
2026-09-16T13,3900.409
2026-09-16T14,3870.8
2026-09-16T15,3866.185
2026-09-16T16,3148.748
2026-09-16T17,2560.77
2026-09-16T18,2621.388
2026-09-16T19,2670.396
2026-09-16T20,2553.453
2026-09-16T21,1785.986
2026-09-16T22,999.378
2026-09-16T23,783.149
2026-09-17T00,753.63
2026-09-17T01,702.012
2026-09-17T02,611.717
2026-09-17T03,624.005
2026-09-17T04,619.672
2026-09-17T05,624.805
2026-09-17T06,853.357
2026-09-17T07,1395.164
2026-09-17T08,1636.01
2026-09-17T09,2928.899
2026-09-17T10,3187.108
2026-09-17T11,3362.051
2026-09-17T12,3351.028
2026-09-17T13,3348.423
2026-09-17T14,3432.826
2026-09-17T15,3886.922
2026-09-17T16,3148.773
2026-09-17T17,2719.143
2026-09-17T18,3282.127
2026-09-17T19,3263.622
2026-09-17T20,2613.809
2026-09-17T21,1712.865
2026-09-17T22,968.938
2026-09-17T23,710.095
2026-09-18T00,674.407
2026-09-18T01,630.824
2026-09-18T02,583.379
2026-09-18T03,586.625
2026-09-18T04,712.955
2026-09-18T05,1735.921
2026-09-18T06,1937.504
2026-09-18T07,2432.827
2026-09-18T08,2112.908
2026-09-18T09,3495.959
2026-09-18T10,3934.205
2026-09-18T11,3974.068
2026-09-18T12,4006.691
2026-09-18T13,3986.546
2026-09-18T14,3993.634
2026-09-18T15,3916.072
2026-09-18T16,3205.882
2026-09-18T17,2723.058
2026-09-18T18,2677.424
2026-09-18T19,2625.799
2026-09-18T20,2307.017
2026-09-18T21,1680.507
2026-09-18T22,1051.696
2026-09-18T23,719.094
2026-09-19T00,657.179
2026-09-19T01,562.429
2026-09-19T02,514.937
2026-09-19T03,517.867
2026-09-19T04,531.814
2026-09-19T05,550.107
2026-09-19T06,733.803
2026-09-19T07,1310.42
2026-09-19T08,1841.695
2026-09-19T09,3114.457
2026-09-19T10,3868.338
2026-09-19T11,4031.732
2026-09-19T12,4100.805
2026-09-19T13,4076.834
2026-09-19T14,4063.197
2026-09-19T15,3984.904
2026-09-19T16,3820.206
2026-09-19T17,4059.507
2026-09-19T18,4078.752
2026-09-19T19,4094.176
2026-09-19T20,3948.363
2026-09-19T21,2334.972
2026-09-19T22,1922.557
2026-09-19T23,2646.951
2026-09-20T00,2546.428
2026-09-20T01,2486.581
2026-09-20T02,2434.168
2026-09-20T03,2376.157
2026-09-20T04,2269.261
2026-09-20T05,2276.426
2026-09-20T06,2344.16
2026-09-20T07,2620.483
2026-09-20T08,2123.706
2026-09-20T09,3238.356
2026-09-20T10,3879.007
2026-09-20T11,4062.34
2026-09-20T12,4120.399
2026-09-20T13,4139.503
2026-09-20T14,4047.355
2026-09-20T15,4064.541
2026-09-20T16,3408.951
2026-09-20T17,2921.097
2026-09-20T18,2910.803
2026-09-20T19,2898.086
2026-09-20T20,2808.116
2026-09-20T21,1962.756
2026-09-20T22,1275.28
2026-09-20T23,1193.039
2026-09-21T00,2437.318
2026-09-21T01,2505.094
2026-09-21T02,2452.22
2026-09-21T03,2459.334
2026-09-21T04,2458.481
2026-09-21T05,2315.532
2026-09-21T06,2039.107
2026-09-21T07,2191.321
2026-09-21T08,2525.574
2026-09-21T09,2483.303
2026-09-21T10,2060.212
2026-09-21T11,2677.633
2026-09-21T12,2931.089
2026-09-21T13,3303.807
2026-09-21T14,3371.577
2026-09-21T15,3310.851
2026-09-21T16,2969.526
2026-09-21T17,2820.296
2026-09-21T18,2816.59
2026-09-21T19,2710.124
2026-09-21T20,2008.701
2026-09-21T21,1342.261
2026-09-21T22,1180.847
2026-09-21T23,2024.203
2026-09-22T00,1994.929
2026-09-22T01,1945.042
2026-09-22T02,1898.932
2026-09-22T03,1899.835
2026-09-22T04,1895.777
2026-09-22T05,1934.133
2026-09-22T06,1929.237
2026-09-22T07,1932.627
2026-09-22T08,2054.972
2026-09-22T09,3031.377
2026-09-22T10,3388.23
2026-09-22T11,3406.982
2026-09-22T12,3348.54
2026-09-22T13,3395.153
2026-09-22T14,3430.747
2026-09-22T15,3379.819
2026-09-22T16,3002.54
2026-09-22T17,2745.822
2026-09-22T18,2747.426
2026-09-22T19,2695.338
2026-09-22T20,2606.06
2026-09-22T21,1692.697
2026-09-22T22,1506.09
2026-09-22T23,2070.695
2026-09-23T00,1983.565
2026-09-23T01,1903.548
2026-09-23T02,1859.551
2026-09-23T03,1866.857
2026-09-23T04,1879.583
2026-09-23T05,1881.805
2026-09-23T06,1969.856
2026-09-23T07,2362.354
2026-09-23T08,2096.821
2026-09-23T09,2955.688
2026-09-23T10,3224.19
2026-09-23T11,3318.63
2026-09-23T12,3348.703
2026-09-23T13,3384.796
2026-09-23T14,3409.674
2026-09-23T15,3427.194
2026-09-23T16,3093.872
2026-09-23T17,2761.257
2026-09-23T18,2727.911
2026-09-23T19,2678.065
2026-09-23T20,2562.398
2026-09-23T21,1667.054
2026-09-23T22,1526.215
2026-09-23T23,2092.415
2026-09-24T00,2037.343
2026-09-24T01,1966.905
2026-09-24T02,1939.336
2026-09-24T03,1955.798
2026-09-24T04,1933.258
2026-09-24T05,1961.369
2026-09-24T06,2038.896
2026-09-24T07,2418.928
2026-09-24T08,2116.44
2026-09-24T09,2964.373
2026-09-24T10,3277.949
2026-09-24T11,3332.632
2026-09-24T12,3379.39
2026-09-24T13,3411.618
2026-09-24T14,3370.029
2026-09-24T15,3332.95
2026-09-24T16,2968.447
2026-09-24T17,2716.245
2026-09-24T18,2693.759
2026-09-24T19,2666.182
2026-09-24T20,2604.193
2026-09-24T21,1678.88
2026-09-24T22,1424.095
2026-09-24T23,1958.983
2026-09-25T00,1870.819
2026-09-25T01,1805.318
2026-09-25T02,1728.843
2026-09-25T03,1732.56
2026-09-25T04,1823.468
2026-09-25T05,1889.579
2026-09-25T06,1979.47
2026-09-25T07,2333.738
2026-09-25T08,2229.424
2026-09-25T09,3026.981
2026-09-25T10,3382.547
2026-09-25T11,3393.66
2026-09-25T12,3429.964
2026-09-25T13,3406.84
2026-09-25T14,3409.536
2026-09-25T15,3346.721
2026-09-25T16,3035.338
2026-09-25T17,2753.736
2026-09-25T18,2730.268
2026-09-25T19,2701.761
2026-09-25T20,2531.257
2026-09-25T21,1641.124
2026-09-25T22,1455.525
2026-09-25T23,1994.524
2026-09-26T00,1386.636
2026-09-26T01,634.484
2026-09-26T02,870.919
2026-09-26T03,2386.645
2026-09-26T04,2471.185
2026-09-26T05,2505.183
2026-09-26T06,2653.85
2026-09-26T07,3051.01
2026-09-26T08,2561.762
2026-09-26T09,2516.66
2026-09-26T10,3195.858
2026-09-26T11,3392.459
2026-09-26T12,3475.399
2026-09-26T13,3550.839
2026-09-26T14,3458.147
2026-09-26T15,3414.055
2026-09-26T16,3091.796
2026-09-26T17,2797.865
2026-09-26T18,2761.1
2026-09-26T19,2729.388
2026-09-26T20,2655.869
2026-09-26T21,1838.346
2026-09-26T22,1628.227
2026-09-26T23,2376.316
2026-09-27T00,2433.149
2026-09-27T01,2418.778
2026-09-27T02,2386.728
2026-09-27T03,2372.931
2026-09-27T04,2423.246
2026-09-27T05,2452.225
2026-09-27T06,2511.906
2026-09-27T07,2846.566
2026-09-27T08,2436.726
2026-09-27T09,3038.726
2026-09-27T10,3411.162
2026-09-27T11,3453.393
2026-09-27T12,3483.132
2026-09-27T13,3447.617
2026-09-27T14,3405.125
2026-09-27T15,3431.038
2026-09-27T16,3106.433
2026-09-27T17,2813.671
2026-09-27T18,2922.127
2026-09-27T19,2786.875
2026-09-27T20,2669.933
2026-09-27T21,1959.958
2026-09-27T22,1808.878
2026-09-27T23,2854.678
2026-09-28T00,2723.908
2026-09-28T01,2038.888
2026-09-28T02,2004.531
2026-09-28T03,1900.554
2026-09-28T04,1992.271
2026-09-28T05,2004.799
2026-09-28T06,2056.894
2026-09-28T07,2214.963
2026-09-28T08,2527.554
2026-09-28T09,2608.343
2026-09-28T10,2224.703
2026-09-28T11,2709.131
2026-09-28T12,2842.223
2026-09-28T13,3438.233
2026-09-28T14,3498.426
2026-09-28T15,3396.513
2026-09-28T16,3011.587
2026-09-28T17,2820.342
2026-09-28T18,2748.433
2026-09-28T19,2721.047
2026-09-28T20,2204.284
2026-09-28T21,1534.615
2026-09-28T22,1477.553
2026-09-28T23,1966.205
2026-09-29T00,1911.943
2026-09-29T01,1785.85
2026-09-29T02,1744.793
2026-09-29T03,1729.928
2026-09-29T04,1729.489
2026-09-29T05,1741.912
2026-09-29T06,1908.92
2026-09-29T07,2364.555
2026-09-29T08,2190.312
2026-09-29T09,3125.444
2026-09-29T10,3342.603
2026-09-29T11,3431.054
2026-09-29T12,3409.519
2026-09-29T13,3446.933
2026-09-29T14,3348.205
2026-09-29T15,3352.75
2026-09-29T16,3025.398
2026-09-29T17,2808.78
2026-09-29T18,2715.668
2026-09-29T19,2728.294
2026-09-29T20,2646.935
2026-09-29T21,1876.448
2026-09-29T22,1669.963
2026-09-29T23,2185.304
2026-09-30T00,2147.981
2026-09-30T01,2084.958
2026-09-30T02,2039.789
2026-09-30T03,2033.397
2026-09-30T04,2025.5
2026-09-30T05,2022.801
2026-09-30T06,2127.333
2026-09-30T07,2441.371
2026-09-30T08,2189.452
2026-09-30T09,3119.232
2026-09-30T10,3425.2
2026-09-30T11,3481.598
2026-09-30T12,3471.547
2026-09-30T13,3507.145
2026-09-30T14,3439.032
2026-09-30T15,3447.039
2026-09-30T16,3070.269
2026-09-30T17,2828.247
2026-09-30T18,2811.666
2026-09-30T19,2804.425
2026-09-30T20,2697.092
2026-09-30T21,1869.349
2026-09-30T22,1654.892
2026-09-30T23,2146.684
2026-10-01T00,1968.695
2026-10-01T01,1882.942
2026-10-01T02,1863.908
2026-10-01T03,1852.25
2026-10-01T04,1825.685
2026-10-01T05,1833.594
2026-10-01T06,2008.904
2026-10-01T07,2302.296
2026-10-01T08,2112.46
2026-10-01T09,2894.885
2026-10-01T10,3067.621
2026-10-01T11,3424.56
2026-10-01T12,3412.275
2026-10-01T13,3387.512
2026-10-01T14,3306.503
2026-10-01T15,3282.709
2026-10-01T16,2956.182
2026-10-01T17,2722.715
2026-10-01T18,2711.206
2026-10-01T19,2645.402
2026-10-01T20,2505.559
2026-10-01T21,1792.664
2026-10-01T22,1553.335
2026-10-01T23,2072.137
2026-10-02T00,2013.89
2026-10-02T01,1996.366
2026-10-02T02,1947.79
2026-10-02T03,2345.543
2026-10-02T04,2495.872
2026-10-02T05,2498.346
2026-10-02T06,2579.044
2026-10-02T07,3057.973
2026-10-02T08,2498.085
2026-10-02T09,3026.472
2026-10-02T10,3374.863
2026-10-02T11,3430.873
2026-10-02T12,3481.596
2026-10-02T13,3482.492
2026-10-02T14,3391.332
2026-10-02T15,3339.479
2026-10-02T16,3024.951
2026-10-02T17,2787.517
2026-10-02T18,2771.031
2026-10-02T19,2830.609
2026-10-02T20,2655.056
2026-10-02T21,1778.683
2026-10-02T22,1635.506
2026-10-02T23,2546.629
2026-10-03T00,2482.458
2026-10-03T01,2381.139
2026-10-03T02,2329.202
2026-10-03T03,2343.606
2026-10-03T04,2338.413
2026-10-03T05,2350.664
2026-10-03T06,2459.866
2026-10-03T07,2891.772
2026-10-03T08,2599.194
2026-10-03T09,3112.339
2026-10-03T10,3405.608
2026-10-03T11,3464.962
2026-10-03T12,3493.15
2026-10-03T13,3546.742
2026-10-03T14,3505.031
2026-10-03T15,3458.999
2026-10-03T16,3106.829
2026-10-03T17,2835.53
2026-10-03T18,2811.506
2026-10-03T19,2782.806
2026-10-03T20,2710.596
2026-10-03T21,1822.204
2026-10-03T22,1638.997
2026-10-03T23,2607.386
2026-10-04T00,2532.924
2026-10-04T01,2472.565
2026-10-04T02,2413.032
2026-10-04T03,2418.426
2026-10-04T04,2396.202
2026-10-04T05,2409.088
2026-10-04T06,2466.78
2026-10-04T07,2580.133
2026-10-04T08,2059.804
2026-10-04T09,2944.597
2026-10-04T10,3318.732
2026-10-04T11,3399.907
2026-10-04T12,3452.051
2026-10-04T13,3477.659
2026-10-04T14,3404.634
2026-10-04T15,3342.287
2026-10-04T16,3016.445
2026-10-04T17,2824.512
2026-10-04T18,2792.863
2026-10-04T19,2822.583
2026-10-04T20,2787.253
2026-10-04T21,1929.41
2026-10-04T22,1647.907
2026-10-04T23,2040.206
2026-10-05T00,1910.372
2026-10-05T01,1827.947
2026-10-05T02,1750.55
2026-10-05T03,1750.87
2026-10-05T04,1754.105
2026-10-05T05,1786.123
2026-10-05T06,1860.89
2026-10-05T07,2597.013
2026-10-05T08,2854.447
2026-10-05T09,3068.562
2026-10-05T10,2302.104
2026-10-05T11,2769.181
2026-10-05T12,2977.889
2026-10-05T13,3356.293
2026-10-05T14,3312.76
2026-10-05T15,3302.135
2026-10-05T16,3005.933
2026-10-05T17,2769.116
2026-10-05T18,2802.921
2026-10-05T19,2833.048
2026-10-05T20,2282.024
2026-10-05T21,1510.409
2026-10-05T22,1457.371
2026-10-05T23,2050.937
2026-10-06T00,1997.088
2026-10-06T01,1928.027
2026-10-06T02,1809.103
2026-10-06T03,1802.014
2026-10-06T04,1828.338
2026-10-06T05,1870.177
2026-10-06T06,2004.002
2026-10-06T07,2440.758
2026-10-06T08,2266.83
2026-10-06T09,3030.507
2026-10-06T10,3339.247
2026-10-06T11,3374.78
2026-10-06T12,3394.473
2026-10-06T13,3376.617
2026-10-06T14,3435.079
2026-10-06T15,3380.367
2026-10-06T16,3016.73
2026-10-06T17,2753.345
2026-10-06T18,2685.928
2026-10-06T19,2699.015
2026-10-06T20,2620.692
2026-10-06T21,1815.347
2026-10-06T22,1512.236
2026-10-06T23,2048.3
2026-10-07T00,2005.604
2026-10-07T01,1896.567
2026-10-07T02,1833.484
2026-10-07T03,1832.587
2026-10-07T04,1844.401
2026-10-07T05,1891.396
2026-10-07T06,1976.246
2026-10-07T07,2229.78
2026-10-07T08,2129.33
2026-10-07T09,2971.28
2026-10-07T10,3343.204
2026-10-07T11,3385.189
2026-10-07T12,3403.661
2026-10-07T13,3415.717
2026-10-07T14,3376.526
2026-10-07T15,3349.558
2026-10-07T16,3012.723
2026-10-07T17,2841.224
2026-10-07T18,2802.144
2026-10-07T19,2717.279
2026-10-07T20,2617.366
2026-10-07T21,1857.933
2026-10-07T22,1583.866
2026-10-07T23,2102.935
2026-10-08T00,2049.906
2026-10-08T01,1986.584
2026-10-08T02,1890.687
2026-10-08T03,1876.308
2026-10-08T04,1899.907
2026-10-08T05,1932.072
2026-10-08T06,2035.452
2026-10-08T07,2417.66
2026-10-08T08,2185.589
2026-10-08T09,2918.541
2026-10-08T10,3340.908
2026-10-08T11,2986.771
2026-10-08T12,2606.252
2026-10-08T13,2823.717
2026-10-08T14,3349.582
2026-10-08T15,3298.353
2026-10-08T16,2976.875
2026-10-08T17,2777.732
2026-10-08T18,2740.482
2026-10-08T19,2782.334
2026-10-08T20,2638.65
2026-10-08T21,1845.631
2026-10-08T22,1524.908
2026-10-08T23,2010.099
2026-10-09T00,1956.676
2026-10-09T01,2339.43
2026-10-09T02,2285.34
2026-10-09T03,2274.575
2026-10-09T04,2290.79
2026-10-09T05,2323.964
2026-10-09T06,2446.038
2026-10-09T07,2789.603
2026-10-09T08,2426.221
2026-10-09T09,3096.221
2026-10-09T10,3377.143
2026-10-09T11,3461.92
2026-10-09T12,3957.539
2026-10-09T13,4066.514
2026-10-09T14,3934.015
2026-10-09T15,3925.153
2026-10-09T16,3318.524
2026-10-09T17,2819.459
2026-10-09T18,2854.337
2026-10-09T19,2761.486
2026-10-09T20,2635.582
2026-10-09T21,1843.319
2026-10-09T22,1447.033
2026-10-09T23,1966.117
2026-10-10T00,2401.232
2026-10-10T01,2338.42
2026-10-10T02,2302.461
2026-10-10T03,2297.653
2026-10-10T04,2285.566
2026-10-10T05,936.05
2026-10-10T06,1717.385
2026-10-10T07,2708.04
2026-10-10T08,1760.648
2026-10-10T09,2441.558
2026-10-10T10,2691.695
2026-10-10T11,3046.17
2026-10-10T12,3348.844
2026-10-10T13,3347.968
2026-10-10T14,3406.793
2026-10-10T15,3479.829
2026-10-10T16,3035.511
2026-10-10T17,3349.479
2026-10-10T18,3425.164
2026-10-10T19,3394.821
2026-10-10T20,3299.863
2026-10-10T21,2199.689
2026-10-10T22,1747.792
2026-10-10T23,2628.369
2026-10-11T00,2517.603
2026-10-11T01,2413.295
2026-10-11T02,2356.825
2026-10-11T03,2329.891
2026-10-11T04,2338.012
2026-10-11T05,2357.392
2026-10-11T06,2261.182
2026-10-11T07,2426.544
2026-10-11T08,2093.831
2026-10-11T09,2869.002
2026-10-11T10,3203.346
2026-10-11T11,3454.698
2026-10-11T12,3446.873
2026-10-11T13,3547.665
2026-10-11T14,3534.233
2026-10-11T15,3500.506
2026-10-11T16,3167.223
2026-10-11T17,2893.715
2026-10-11T18,2933.814
2026-10-11T19,2969.792
2026-10-11T20,2834.677
2026-10-11T21,2087.278
2026-10-11T22,1743.825
2026-10-11T23,2302.776
2026-10-12T00,2619.507
2026-10-12T01,2489.943
2026-10-12T02,2426.994
2026-10-12T03,2430.927
2026-10-12T04,2408.15
2026-10-12T05,2415.866
2026-10-12T06,2483.913
2026-10-12T07,2767.575
2026-10-12T08,1856.794
2026-10-12T09,2166.708
2026-10-12T10,2510.987
2026-10-12T11,2757.119
2026-10-12T12,2923.95
2026-10-12T13,3406.326
2026-10-12T14,3505.851
2026-10-12T15,3417.026
2026-10-12T16,3080.259
2026-10-12T17,2876.751
2026-10-12T18,2833.593
2026-10-12T19,2840.679
2026-10-12T20,2358.217
2026-10-12T21,1616.759
2026-10-12T22,1599.457
2026-10-12T23,2066.649
2026-10-13T00,1877.927
2026-10-13T01,1819.744
2026-10-13T02,1782.293
2026-10-13T03,1779.434
2026-10-13T04,1819.632
2026-10-13T05,1840.585
2026-10-13T06,1923.253
2026-10-13T07,2219.005
2026-10-13T08,2107.011
2026-10-13T09,3005.633
2026-10-13T10,3331.677
2026-10-13T11,3382.007
2026-10-13T12,3413.875
2026-10-13T13,3421.029
2026-10-13T14,3428.895
2026-10-13T15,3372.186
2026-10-13T16,3024.649
2026-10-13T17,2778.057
2026-10-13T18,2748.033
2026-10-13T19,2757.492
2026-10-13T20,2595.633
2026-10-13T21,1764.287
2026-10-13T22,1143.66
2026-10-13T23,1865.005
2026-10-14T00,1963.604
2026-10-14T01,1968.081
2026-10-14T02,1897.565
2026-10-14T03,1853.527
2026-10-14T04,1843.983
2026-10-14T05,1973.81
2026-10-14T06,2371.548
2026-10-14T07,2757.624
2026-10-14T08,2283.543
2026-10-14T09,2881.283
2026-10-14T10,3199.493
2026-10-14T11,3314.072
2026-10-14T12,3335.705
2026-10-14T13,3280.952
2026-10-14T14,3271.868
2026-10-14T15,3274.354
2026-10-14T16,2947.462
2026-10-14T17,2729.455
2026-10-14T18,2699.962
2026-10-14T19,2638.89
2026-10-14T20,2482.464
2026-10-14T21,1713.109
2026-10-14T22,1497.407
2026-10-14T23,1937.237
2026-10-15T00,1889.439
2026-10-15T01,1849.738
2026-10-15T02,1769.393
2026-10-15T03,1762.963
2026-10-15T04,1773.941
2026-10-15T05,1800.46
2026-10-15T06,1909.792
2026-10-15T07,2254.277
2026-10-15T08,2051.865
2026-10-15T09,2874.155
2026-10-15T10,3276.337
2026-10-15T11,3297.961
2026-10-15T12,3325.958
2026-10-15T13,3320.137
2026-10-15T14,3270.518
2026-10-15T15,3240.111
2026-10-15T16,2898.117
2026-10-15T17,2657.339
2026-10-15T18,2694.155
2026-10-15T19,2606.81
2026-10-15T20,2520.722
2026-10-15T21,1738.511
2026-10-15T22,1634.179
2026-10-15T23,2574.126
2026-10-16T00,2549.579
2026-10-16T01,2473.049
2026-10-16T02,2411.337
2026-10-16T03,2392.447
2026-10-16T04,2409.959
2026-10-16T05,2418.05
2026-10-16T06,2502.188
2026-10-16T07,2804.58
2026-10-16T08,2364.64
2026-10-16T09,2920.551
2026-10-16T10,3260.847
2026-10-16T11,3288.522
2026-10-16T12,3344.722
2026-10-16T13,3334.294
2026-10-16T14,3336.335
2026-10-16T15,3331.285
2026-10-16T16,2960.901
2026-10-16T17,2693.685
2026-10-16T18,2726.168
2026-10-16T19,2716.13
2026-10-16T20,2622.5
2026-10-16T21,1775.542
2026-10-16T22,1550.187
2026-10-16T23,2124.5
2026-10-17T00,2046.555
2026-10-17T01,2004.561
2026-10-17T02,1933.012
2026-10-17T03,1904.106
2026-10-17T04,1906.351
2026-10-17T05,1953.091
2026-10-17T06,2064.269
2026-10-17T07,2341.871
2026-10-17T08,2183.415
2026-10-17T09,2983.928
2026-10-17T10,3288.736
2026-10-17T11,3430.883
2026-10-17T12,3530.832
2026-10-17T13,3520.962
2026-10-17T14,3453.458
2026-10-17T15,3407.738
2026-10-17T16,3135.773
2026-10-17T17,2931.015
2026-10-17T18,2893.605
2026-10-17T19,2866.966
2026-10-17T20,2795.115
2026-10-17T21,1901.456
2026-10-17T22,1790.387
2026-10-17T23,2749.913
2026-10-18T00,2551.962
2026-10-18T01,2532.286
2026-10-18T02,2474.79
2026-10-18T03,2447.924
2026-10-18T04,2433.935
2026-10-18T05,2420.735
2026-10-18T06,2461.194
2026-10-18T07,2796.311
2026-10-18T08,2270.119
2026-10-18T09,2945.016
2026-10-18T10,3259.146
2026-10-18T11,3414.993
2026-10-18T12,3526.893
2026-10-18T13,3524.173
2026-10-18T14,3570.552
2026-10-18T15,3463.55
2026-10-18T16,3170.304
2026-10-18T17,2950.648
2026-10-18T18,2954.409
2026-10-18T19,2897.031
2026-10-18T20,2765.213
2026-10-18T21,1939.819
2026-10-18T22,1733.525
2026-10-18T23,2145.471
2026-10-19T00,2366.885
2026-10-19T01,2450.833
2026-10-19T02,2399.26
2026-10-19T03,2406.334
2026-10-19T04,2416.447
2026-10-19T05,2459.591
2026-10-19T06,2521.301
2026-10-19T07,2265.156
2026-10-19T08,2056.131
2026-10-19T09,1993.74
2026-10-19T10,1823.308
2026-10-19T11,2468.112
2026-10-19T12,2965.522
2026-10-19T13,3379.642
2026-10-19T14,3491.192
2026-10-19T15,3507.485
2026-10-19T16,3139.878
2026-10-19T17,2894.239
2026-10-19T18,2876.34
2026-10-19T19,2831.534
2026-10-19T20,2307.12
2026-10-19T21,1574.486
2026-10-19T22,1490.431
2026-10-19T23,1976.033
2026-10-20T00,1905.423
2026-10-20T01,1818.349
2026-10-20T02,1757.287
2026-10-20T03,2148.736
2026-10-20T04,2396.377
2026-10-20T05,2397.024
2026-10-20T06,2482.896
2026-10-20T07,2448.962
2026-10-20T08,2109.51
2026-10-20T09,2982.386
2026-10-20T10,3286.211
2026-10-20T11,3300.563
2026-10-20T12,3328.511
2026-10-20T13,3351.494
2026-10-20T14,3353.435
2026-10-20T15,3349.177
2026-10-20T16,2993.501
2026-10-20T17,2637.727
2026-10-20T18,2682.757
2026-10-20T19,2704.164
2026-10-20T20,2573.111
2026-10-20T21,1811.442
2026-10-20T22,1544.34
2026-10-20T23,2555.616
2026-10-21T00,2452.033
2026-10-21T01,2391.572
2026-10-21T02,2333.597
2026-10-21T03,2326.121
2026-10-21T04,2321.654
2026-10-21T05,2345.69
2026-10-21T06,2431.735
2026-10-21T07,2538.349
2026-10-21T08,1958.426
2026-10-21T09,2426.27
2026-10-21T10,3078.401
2026-10-21T11,3191.373
2026-10-21T12,3238.21
2026-10-21T13,3233.745
2026-10-21T14,3166.349
2026-10-21T15,3185.862
2026-10-21T16,2884.352
2026-10-21T17,2607.159
2026-10-21T18,2601.304
2026-10-21T19,2588.795
2026-10-21T20,2459.496
2026-10-21T21,1621.644
2026-10-21T22,1410.707
2026-10-21T23,1958.158
2026-10-22T00,2368.221
2026-10-22T01,2429.719
2026-10-22T02,2379.971
2026-10-22T03,2375.451
2026-10-22T04,2332.236
2026-10-22T05,2347.163
2026-10-22T06,2451.491
2026-10-22T07,2777.699
2026-10-22T08,2230.784
2026-10-22T09,2641.25
2026-10-22T10,3212.102
2026-10-22T11,3432.555
2026-10-22T12,3427.484
2026-10-22T13,3402.755
2026-10-22T14,3373.364
2026-10-22T15,3242.651
2026-10-22T16,2951.356
2026-10-22T17,2692.044
2026-10-22T18,2713.164
2026-10-22T19,2622.996
2026-10-22T20,2491.196
2026-10-22T21,1739.877
2026-10-22T22,1505.597
2026-10-22T23,2002.875
2026-10-23T00,1923.109
2026-10-23T01,1842.58
2026-10-23T02,1785.005
2026-10-23T03,1752.238
2026-10-23T04,1773.183
2026-10-23T05,1782.056
2026-10-23T06,1871.073
2026-10-23T07,2185.361
2026-10-23T08,2286.054
2026-10-23T09,3033.151
2026-10-23T10,3322.308
2026-10-23T11,3125.857
2026-10-23T12,2986.183
2026-10-23T13,3335.609
2026-10-23T14,3328.3
2026-10-23T15,3290.866
2026-10-23T16,2885.519
2026-10-23T17,2656.039
2026-10-23T18,2641.661
2026-10-23T19,2614.065
2026-10-23T20,2540.611
2026-10-23T21,1708.348
2026-10-23T22,1616.868
2026-10-23T23,2585.957
2026-10-24T00,2522.243
2026-10-24T01,2479.496
2026-10-24T02,2387.108
2026-10-24T03,2372.382
2026-10-24T04,2359.691
2026-10-24T05,2384.888
2026-10-24T06,2496.287
2026-10-24T07,2878.542
2026-10-24T08,2362.359
2026-10-24T09,2909.595
2026-10-24T10,3188.454
2026-10-24T11,3360.992
2026-10-24T12,3469.167
2026-10-24T13,3456.235
2026-10-24T14,3413.726
2026-10-24T15,3390.702
2026-10-24T16,3098.289
2026-10-24T17,2745.597
2026-10-24T18,2694.874
2026-10-24T19,2797.361
2026-10-24T20,2680.58
2026-10-24T21,1914.724
2026-10-24T22,1655.835
2026-10-24T23,2149.875
2026-10-25T00,1973.167
2026-10-25T01,1895.501
2026-10-25T02,1804.242
2026-10-25T03,1765.411
2026-10-25T04,1772.278
2026-10-25T05,1788.066
2026-10-25T06,1859.926
2026-10-25T07,2232.889
2026-10-25T08,2179.036
2026-10-25T09,2949.532
2026-10-25T10,3258.839
2026-10-25T11,3403.476
2026-10-25T12,3497.763
2026-10-25T13,3451.5
2026-10-25T14,3364.235
2026-10-25T15,3303.623
2026-10-25T16,3015.835
2026-10-25T17,2820.453
2026-10-25T18,2870.098
2026-10-25T19,2796.851
2026-10-25T20,2672.707
2026-10-25T21,1884.147
2026-10-25T22,1719.747
2026-10-25T23,2123.677
2026-10-26T00,1961.414
2026-10-26T01,1882.049
2026-10-26T02,1778.241
2026-10-26T03,1772.794
2026-10-26T04,1751.743
2026-10-26T05,1758.668
2026-10-26T06,1811.025
2026-10-26T07,2110.113
2026-10-26T08,2313.956
2026-10-26T09,2444.841
2026-10-26T10,2105.762
2026-10-26T11,2600.313
2026-10-26T12,2735.79
2026-10-26T13,3240.57
2026-10-26T14,3266.05
2026-10-26T15,3232.035
2026-10-26T16,2929.174
2026-10-26T17,2703.391
2026-10-26T18,2709.137
2026-10-26T19,2663.858
2026-10-26T20,2336.811
2026-10-26T21,1572.401
2026-10-26T22,1464.363
2026-10-26T23,1747.501
2026-10-27T00,1693.952
2026-10-27T01,1547.059
2026-10-27T02,1471.673
2026-10-27T03,1459.353
2026-10-27T04,1472.539
2026-10-27T05,1484.055
2026-10-27T06,1557.776
2026-10-27T07,1865.829
2026-10-27T08,2299.181
2026-10-27T09,2003.763
2026-10-27T10,1653.21
2026-10-27T11,2652.29
2026-10-27T12,2705.68
2026-10-27T13,2668.69
2026-10-27T14,2649.633
2026-10-27T15,2662.322
2026-10-27T16,2424.431
2026-10-27T17,2136.261
2026-10-27T18,2069.751
2026-10-27T19,2064.273
2026-10-27T20,2029.869
2026-10-27T21,1596.74
2026-10-27T22,1459.614
2026-10-27T23,1728.058
2026-10-28T00,1682.822
2026-10-28T01,1618.88
2026-10-28T02,1503.479
2026-10-28T03,1476.913
2026-10-28T04,1469.318
2026-10-28T05,1496.257
2026-10-28T06,1657.634
2026-10-28T07,2000.349
2026-10-28T08,2075.979
2026-10-28T09,2937.616
2026-10-28T10,3271.504
2026-10-28T11,3427.48
2026-10-28T12,3414.069
2026-10-28T13,3350.181
2026-10-28T14,3394.187
2026-10-28T15,3356.632
2026-10-28T16,2994.533
2026-10-28T17,2830.557
2026-10-28T18,2733.21
2026-10-28T19,2723.244
2026-10-28T20,2622.328
2026-10-28T21,1769.999
2026-10-28T22,1499.106
2026-10-28T23,2201.721
2026-10-29T00,2179.916
2026-10-29T01,2135.227
2026-10-29T02,2064.118
2026-10-29T03,2056.841
2026-10-29T04,2076.324
2026-10-29T05,2111.699
2026-10-29T06,2288.029
2026-10-29T07,2751.122
2026-10-29T08,2504.511
2026-10-29T09,3017.301
2026-10-29T10,3321.265
2026-10-29T11,3328.185
2026-10-29T12,3372.602
2026-10-29T13,3412.368
2026-10-29T14,3394.223
2026-10-29T15,3480.757
2026-10-29T16,3155.374
2026-10-29T17,2836.289
2026-10-29T18,2822.885
2026-10-29T19,2701.413
2026-10-29T20,2590.468
2026-10-29T21,1753.863
2026-10-29T22,1524.966
2026-10-29T23,2475.253
2026-10-30T00,2393.783
2026-10-30T01,2325.19
2026-10-30T02,2249.951
2026-10-30T03,2201.52
2026-10-30T04,2193.198
2026-10-30T05,2187.482
2026-10-30T06,2293.147
2026-10-30T07,2761.552
2026-10-30T08,2627.341
2026-10-30T09,3047.893
2026-10-30T10,3343.696
2026-10-30T11,3344.392
2026-10-30T12,3442.459
2026-10-30T13,3488.218
2026-10-30T14,3478.12
2026-10-30T15,3423.135
2026-10-30T16,3156.469
2026-10-30T17,2847.049
2026-10-30T18,2845.191
2026-10-30T19,2805.8
2026-10-30T20,2733.052
2026-10-30T21,1991.368
2026-10-30T22,1609.565
2026-10-30T23,1825.43
2026-10-31T00,1739.715
2026-10-31T01,1670.148
2026-10-31T02,1565.978
2026-10-31T03,1548.09
2026-10-31T04,1551.298
2026-10-31T05,1606.347
2026-10-31T06,1810.11
2026-10-31T07,2538.994
2026-10-31T08,3172.006
2026-10-31T09,3199.03
2026-10-31T10,3446.762
2026-10-31T11,3500.982
2026-10-31T12,3583.823
2026-10-31T13,3537.554
2026-10-31T14,3529.409
2026-10-31T15,3555.051
2026-10-31T16,3506.394
2026-10-31T17,3571.898
2026-10-31T18,3609.388
2026-10-31T19,3591.804
2026-10-31T20,3496.089
2026-10-31T21,2378.221
2026-10-31T22,1524.283
2026-10-31T23,1300.625
2026-11-01T00,2287.016
2026-11-01T01,2222.431
2026-11-01T02,2047.56
2026-11-01T03,2185.968
2026-11-01T04,2167.165
2026-11-01T05,2186.657
2026-11-01T06,2258.024
2026-11-01T07,2649.25
2026-11-01T08,2292.095
2026-11-01T09,2863.173
2026-11-01T10,3244.608
2026-11-01T11,3335.553
2026-11-01T12,3361.447
2026-11-01T13,3351.155
2026-11-01T14,3375.812
2026-11-01T15,3334.625
2026-11-01T16,3103.907
2026-11-01T17,2875.244
2026-11-01T18,2861.505
2026-11-01T19,2862.006
2026-11-01T20,2799.348
2026-11-01T21,2056.277
2026-11-01T22,1855.732
2026-11-01T23,2783.443
2026-11-02T00,2626.335
2026-11-02T01,2400.897
2026-11-02T02,2262.175
2026-11-02T03,2239.863
2026-11-02T04,2225.363
2026-11-02T05,2222.339
2026-11-02T06,2254.359
2026-11-02T07,2543.834
2026-11-02T08,2845.408
2026-11-02T09,2887.069
2026-11-02T10,2400.998
2026-11-02T11,2744.806
2026-11-02T12,3023.047
2026-11-02T13,3363.806
2026-11-02T14,3406.174
2026-11-02T15,3312.081
2026-11-02T16,3044.832
2026-11-02T17,2906.224
2026-11-02T18,2930.91
2026-11-02T19,2941.471
2026-11-02T20,2258.324
2026-11-02T21,1432.352
2026-11-02T22,1551.008
2026-11-02T23,2462.324
2026-11-03T00,2406.214
2026-11-03T01,1306.607
2026-11-03T02,645.862
2026-11-03T03,624.757
2026-11-03T04,645.232
2026-11-03T05,1500.607
2026-11-03T06,2361.484
2026-11-03T07,2611.181
2026-11-03T08,2183.003
2026-11-03T09,3013.222
2026-11-03T10,3328.92
2026-11-03T11,3390.564
2026-11-03T12,3415.38
2026-11-03T13,3399.935
2026-11-03T14,3455.718
2026-11-03T15,3351.514
2026-11-03T16,3059.097
2026-11-03T17,2761.083
2026-11-03T18,2761.547
2026-11-03T19,2783.824
2026-11-03T20,2646.037
2026-11-03T21,1867.905
2026-11-03T22,1459.278
2026-11-03T23,2130.028
2026-11-04T00,2069.605
2026-11-04T01,2010.8
2026-11-04T02,1842.216
2026-11-04T03,1788.719
2026-11-04T04,1805.017
2026-11-04T05,1817.947
2026-11-04T06,1929.317
2026-11-04T07,2213.305
2026-11-04T08,2754.07
2026-11-04T09,3042.336
2026-11-04T10,3164.675
2026-11-04T11,2877.614
2026-11-04T12,3426.837
2026-11-04T13,3413.747
2026-11-04T14,3377.884
2026-11-04T15,3328.061
2026-11-04T16,3002.286
2026-11-04T17,2772.561
2026-11-04T18,2726.62
2026-11-04T19,2674.483
2026-11-04T20,2606.275
2026-11-04T21,1884.869
2026-11-04T22,1633.278
2026-11-04T23,2520.479
2026-11-05T00,2493.294
2026-11-05T01,2409.439
2026-11-05T02,2326.118
2026-11-05T03,2312.809
2026-11-05T04,2332.814
2026-11-05T05,2385.333
2026-11-05T06,2519.603
2026-11-05T07,2873.64
2026-11-05T08,2429.623
2026-11-05T09,3094.2
2026-11-05T10,3380.354
2026-11-05T11,3337.287
2026-11-05T12,3360.512
2026-11-05T13,3339.648
2026-11-05T14,3336.141
2026-11-05T15,3336.747
2026-11-05T16,3033.872
2026-11-05T17,2746.309
2026-11-05T18,2742.971
2026-11-05T19,2747.877
2026-11-05T20,2659.753
2026-11-05T21,1865.305
2026-11-05T22,1582.393
2026-11-05T23,2577.96
2026-11-06T00,2507.766
2026-11-06T01,2365.592
2026-11-06T02,2281.648
2026-11-06T03,2260.301
2026-11-06T04,2270.68
2026-11-06T05,2328.908
2026-11-06T06,2468.199
2026-11-06T07,2676.4
2026-11-06T08,2524.284
2026-11-06T09,2947.345
2026-11-06T10,3259.816
2026-11-06T11,3357.396
2026-11-06T12,3371.242
2026-11-06T13,3360.893
2026-11-06T14,3354.758
2026-11-06T15,3335.114
2026-11-06T16,3072.372
2026-11-06T17,2755.992
2026-11-06T18,2792.504
2026-11-06T19,2735.21
2026-11-06T20,2589.738
2026-11-06T21,1784.527
2026-11-06T22,1411.337
2026-11-06T23,2060.976
2026-11-07T00,2339.732
2026-11-07T01,2259.917
2026-11-07T02,2161.356
2026-11-07T03,2150.609
2026-11-07T04,2189.063
2026-11-07T05,2189.387
2026-11-07T06,2150.362
2026-11-07T07,2042.418
2026-11-07T08,2087.653
2026-11-07T09,2758.096
2026-11-07T10,3353.889
2026-11-07T11,3435.289
2026-11-07T12,3475.061
2026-11-07T13,3414.31
2026-11-07T14,3340.259
2026-11-07T15,3340.524
2026-11-07T16,3060.415
2026-11-07T17,2806.992
2026-11-07T18,2813.445
2026-11-07T19,2744.097
2026-11-07T20,2748.953
2026-11-07T21,1959.366
2026-11-07T22,1386.34
2026-11-07T23,1436.466
2026-11-08T00,1777.492
2026-11-08T01,2248.19
2026-11-08T02,2161.179
2026-11-08T03,2094.137
2026-11-08T04,2105.314
2026-11-08T05,2134.147
2026-11-08T06,2240.355
2026-11-08T07,2512.299
2026-11-08T08,2729.009
2026-11-08T09,2685.264
2026-11-08T10,3174.153
2026-11-08T11,3279.714
2026-11-08T12,3345.738
2026-11-08T13,3444.176
2026-11-08T14,3302.707
2026-11-08T15,3368.985
2026-11-08T16,3163.208
2026-11-08T17,2927.284
2026-11-08T18,2967.505
2026-11-08T19,2899.466
2026-11-08T20,2786.731
2026-11-08T21,1955.641
2026-11-08T22,1457.182
2026-11-08T23,2567.124
2026-11-09T00,2391.714
2026-11-09T01,2245.255
2026-11-09T02,2166.928
2026-11-09T03,2145.396
2026-11-09T04,2135.548
2026-11-09T05,2139.461
2026-11-09T06,2214.421
2026-11-09T07,2173.72
2026-11-09T08,2427.911
2026-11-09T09,2473.084
2026-11-09T10,2018.245
2026-11-09T11,2422.529
2026-11-09T12,2883.913
2026-11-09T13,3331.876
2026-11-09T14,3392.716
2026-11-09T15,3304.243
2026-11-09T16,3039.875
2026-11-09T17,2844.202
2026-11-09T18,2772.825
2026-11-09T19,2700.84
2026-11-09T20,2158.369
2026-11-09T21,1519.004
2026-11-09T22,1526.052
2026-11-09T23,1990.874
2026-11-10T00,1942.19
2026-11-10T01,1832.439
2026-11-10T02,1696.829
2026-11-10T03,1684.107
2026-11-10T04,1699.034
2026-11-10T05,1715.25
2026-11-10T06,1840.497
2026-11-10T07,2154.985
2026-11-10T08,2016.281
2026-11-10T09,2834.46
2026-11-10T10,3342.421
2026-11-10T11,3410.856
2026-11-10T12,3393.424
2026-11-10T13,3347.502
2026-11-10T14,3332.871
2026-11-10T15,3299.337
2026-11-10T16,2986.778
2026-11-10T17,2664.41
2026-11-10T18,2656.453
2026-11-10T19,2535.46
2026-11-10T20,2540.987
2026-11-10T21,1815.958
2026-11-10T22,1516.237
2026-11-10T23,1986.233
2026-11-11T00,1938.715
2026-11-11T01,1858.214
2026-11-11T02,1775.884
2026-11-11T03,1719.27
2026-11-11T04,1734.703
2026-11-11T05,1804.574
2026-11-11T06,1922.004
2026-11-11T07,2309.847
2026-11-11T08,2177.775
2026-11-11T09,3024.051
2026-11-11T10,3274.243
2026-11-11T11,3294.323
2026-11-11T12,3267.49
2026-11-11T13,3223.789
2026-11-11T14,3247.558
2026-11-11T15,3213.473
2026-11-11T16,2925.416
2026-11-11T17,2610.062
2026-11-11T18,2663.166
2026-11-11T19,2560.541
2026-11-11T20,2483.915
2026-11-11T21,1741.002
2026-11-11T22,1441.459
2026-11-11T23,1992.527
2026-11-12T00,1894.785
2026-11-12T01,1821.57
2026-11-12T02,1798.493
2026-11-12T03,1699.663
2026-11-12T04,1727.14
2026-11-12T05,1765.517
2026-11-12T06,1818.309
2026-11-12T07,2223.641
2026-11-12T08,2225.441
2026-11-12T09,2632.895
2026-11-12T10,3207.184
2026-11-12T11,3307.169
2026-11-12T12,3287.379
2026-11-12T13,3359.682
2026-11-12T14,3314.974
2026-11-12T15,3321.948
2026-11-12T16,3022.248
2026-11-12T17,2767.455
2026-11-12T18,2747.839
2026-11-12T19,2669.291
2026-11-12T20,2554.932
2026-11-12T21,1719.244
2026-11-12T22,1484.471
2026-11-12T23,2022.73
2026-11-13T00,1970.84
2026-11-13T01,1898.003
2026-11-13T02,1803.081
2026-11-13T03,1751.437
2026-11-13T04,1760.187
2026-11-13T05,1806.099
2026-11-13T06,1972.162
2026-11-13T07,2456.73
2026-11-13T08,2429.727
2026-11-13T09,2945.363
2026-11-13T10,3222.696
2026-11-13T11,3277.2
2026-11-13T12,3233.134
2026-11-13T13,3250.46
2026-11-13T14,3152.398
2026-11-13T15,3229.234
2026-11-13T16,2940.717
2026-11-13T17,2678.387
2026-11-13T18,2747.836
2026-11-13T19,2696.797
2026-11-13T20,2539.883
2026-11-13T21,1746.169
2026-11-13T22,1267.228
2026-11-13T23,1580.232
2026-11-14T00,1582.113
2026-11-14T01,1534.329
2026-11-14T02,1574.5
2026-11-14T03,1634.337
2026-11-14T04,1676.738
2026-11-14T05,1688.286
2026-11-14T06,1673.121
2026-11-14T07,2343.158
2026-11-14T08,2886.894
2026-11-14T09,3310.667
2026-11-14T10,3394.741
2026-11-14T11,3396.246
2026-11-14T12,3386.918
2026-11-14T13,3349.348
2026-11-14T14,3354.51
2026-11-14T15,3344.205
2026-11-14T16,3042.778
2026-11-14T17,2833.463
2026-11-14T18,3235.001
2026-11-14T19,3480.255
2026-11-14T20,3408.668
2026-11-14T21,2243.353
2026-11-14T22,1623.48
2026-11-14T23,2349.893
2026-11-15T00,2092.91
2026-11-15T01,1849.953
2026-11-15T02,1762.673
2026-11-15T03,1777.339
2026-11-15T04,1762.419
2026-11-15T05,1803.246
2026-11-15T06,1863.104
2026-11-15T07,2144.304
2026-11-15T08,2686.747
2026-11-15T09,2470.683
2026-11-15T10,3266.241
2026-11-15T11,3353.996
2026-11-15T12,3468.981
2026-11-15T13,3455.004
2026-11-15T14,3426.22
2026-11-15T15,3439.101
2026-11-15T16,3451.189
2026-11-15T17,2941.439
2026-11-15T18,2866.537
2026-11-15T19,2883.969
2026-11-15T20,2777.007
2026-11-15T21,1912.953
2026-11-15T22,1396.828
2026-11-15T23,1365.155
2026-11-16T00,1468.043
2026-11-16T01,1345.789
2026-11-16T02,1251.254
2026-11-16T03,1233.192
2026-11-16T04,1243.782
2026-11-16T05,1246.331
2026-11-16T06,1472.783
2026-11-16T07,2200.696
2026-11-16T08,2499.75
2026-11-16T09,2546.99
2026-11-16T10,2788.216
2026-11-16T11,2930.692
2026-11-16T12,2940.634
2026-11-16T13,3359.687
2026-11-16T14,3466.975
2026-11-16T15,3228.66
2026-11-16T16,3402.498
2026-11-16T17,3166.956
2026-11-16T18,2887.733
2026-11-16T19,2870.429
2026-11-16T20,2229.96
2026-11-16T21,1503.085
2026-11-16T22,1590.188
2026-11-16T23,2614.677
2026-11-17T00,2551.964
2026-11-17T01,2471.506
2026-11-17T02,2415.918
2026-11-17T03,2347.417
2026-11-17T04,2375.566
2026-11-17T05,2408.169
2026-11-17T06,2575.549
2026-11-17T07,2689.46
2026-11-17T08,2252.775
2026-11-17T09,2994.544
2026-11-17T10,3292.744
2026-11-17T11,3383.109
2026-11-17T12,3409.875
2026-11-17T13,3432.095
2026-11-17T14,3418.661
2026-11-17T15,3378.495
2026-11-17T16,3058.024
2026-11-17T17,2850.021
2026-11-17T18,2844.849
2026-11-17T19,2776.677
2026-11-17T20,2681.64
2026-11-17T21,1824.578
2026-11-17T22,1393.439
2026-11-17T23,2431.923
2026-11-18T00,2144.843
2026-11-18T01,1945.155
2026-11-18T02,1825.667
2026-11-18T03,1792.473
2026-11-18T04,1799.947
2026-11-18T05,1836.578
2026-11-18T06,1930.806
2026-11-18T07,2291.675
2026-11-18T08,2902.345
2026-11-18T09,3023.396
2026-11-18T10,3327.188
2026-11-18T11,3431.568
2026-11-18T12,3455.795
2026-11-18T13,3449.799
2026-11-18T14,3485.53
2026-11-18T15,3458.44
2026-11-18T16,3163.527
2026-11-18T17,2880.186
2026-11-18T18,2823.68
2026-11-18T19,2806.655
2026-11-18T20,2742.893
2026-11-18T21,1932.482
2026-11-18T22,1637.128
2026-11-18T23,2270.245
2026-11-19T00,2326.737
2026-11-19T01,2211.524
2026-11-19T02,2163.622
2026-11-19T03,2178.46
2026-11-19T04,1945.384
2026-11-19T05,1180.857
2026-11-19T06,904.77
2026-11-19T07,1227.92
2026-11-19T08,1643.178
2026-11-19T09,2993.927
2026-11-19T10,3831.675
2026-11-19T11,3922.681
2026-11-19T12,3593.109
2026-11-19T13,3371.422
2026-11-19T14,3400.512
2026-11-19T15,3406.493
2026-11-19T16,3064.739
2026-11-19T17,2937.948
2026-11-19T18,3499.055
2026-11-19T19,3448.356
2026-11-19T20,3332.769
2026-11-19T21,2237.046
2026-11-19T22,1603.586
2026-11-19T23,2424.23
2026-11-20T00,2323.44
2026-11-20T01,1627.907
2026-11-20T02,2012.515
2026-11-20T03,1699.348
2026-11-20T04,1660.842
2026-11-20T05,1717.022
2026-11-20T06,2122.558
2026-11-20T07,2664.084
2026-11-20T08,3261.503
2026-11-20T09,2946.375
2026-11-20T10,3286.474
2026-11-20T11,3299.949
2026-11-20T12,3376.969
2026-11-20T13,3318.473
2026-11-20T14,3359.494
2026-11-20T15,3384.575
2026-11-20T16,3393.992
2026-11-20T17,4034.36
2026-11-20T18,3939.393
2026-11-20T19,3391.91
2026-11-20T20,3301.006
2026-11-20T21,1905.416
2026-11-20T22,1523.509
2026-11-20T23,2483.888
2026-11-21T00,2140.022
2026-11-21T01,1936.046
2026-11-21T02,896.282
2026-11-21T03,686.155
2026-11-21T04,1693.537
2026-11-21T05,2357.508
2026-11-21T06,2425.911
2026-11-21T07,2736.04
2026-11-21T08,3141.331
2026-11-21T09,2877.713
2026-11-21T10,3316.21
2026-11-21T11,3409.593
2026-11-21T12,3436.375
2026-11-21T13,3423.4
2026-11-21T14,3403.464
2026-11-21T15,3347.053
2026-11-21T16,3318.961
2026-11-21T17,2839.389
2026-11-21T18,2877.283
2026-11-21T19,2919.287
2026-11-21T20,2844.061
2026-11-21T21,2015.763
2026-11-21T22,1312.545
2026-11-21T23,944.073
2026-11-22T00,1951.025
2026-11-22T01,2343.736
2026-11-22T02,2291.118
2026-11-22T03,2284.537
2026-11-22T04,2266.705
2026-11-22T05,2259.145
2026-11-22T06,2348.253
2026-11-22T07,2697.587
2026-11-22T08,3230.684
2026-11-22T09,3120.347
2026-11-22T10,3367.468
2026-11-22T11,3376.235
2026-11-22T12,3439.72
2026-11-22T13,3463.32
2026-11-22T14,3410.754
2026-11-22T15,3366.809
2026-11-22T16,3110.593
2026-11-22T17,2759.543
2026-11-22T18,2793.811
2026-11-22T19,2832.764
2026-11-22T20,2709.7
2026-11-22T21,1882.179
2026-11-22T22,1991.84
2026-11-22T23,1891.128
2026-11-23T00,1739.681
2026-11-23T01,1745.845
2026-11-23T02,1744.383
2026-11-23T03,1341.279
2026-11-23T04,561.27
2026-11-23T05,540.868
2026-11-23T06,988.251
2026-11-23T07,1769.13
2026-11-23T08,2032.719
2026-11-23T09,2774.489
2026-11-23T10,2877.379
2026-11-23T11,2422.013
2026-11-23T12,2808.456
2026-11-23T13,3293.098
2026-11-23T14,3365.129
2026-11-23T15,3347.474
2026-11-23T16,3053.721
2026-11-23T17,2724.789
2026-11-23T18,2787.156
2026-11-23T19,2716.869
2026-11-23T20,2167.247
2026-11-23T21,1479.205
2026-11-23T22,1232.911
2026-11-23T23,1540.637
2026-11-24T00,1870.151
2026-11-24T01,1757.128
2026-11-24T02,1723.275
2026-11-24T03,1720.33
2026-11-24T04,1740.048
2026-11-24T05,1750.789
2026-11-24T06,1865.646
2026-11-24T07,2276.227
2026-11-24T08,2230.109
2026-11-24T09,3025.64
2026-11-24T10,3375.283
2026-11-24T11,3403.624
2026-11-24T12,3443.866
2026-11-24T13,3410.035
2026-11-24T14,3423.958
2026-11-24T15,3250.73
2026-11-24T16,3019.76
2026-11-24T17,2777.214
2026-11-24T18,2814.99
2026-11-24T19,2730.251
2026-11-24T20,2668.864
2026-11-24T21,2001.752
2026-11-24T22,1805.314
2026-11-24T23,2590.016
2026-11-25T00,1883.877
2026-11-25T01,2015.497
2026-11-25T02,2421.171
2026-11-25T03,2392.696
2026-11-25T04,2390.587
2026-11-25T05,2403.874
2026-11-25T06,2564.552
2026-11-25T07,2984.7
2026-11-25T08,2719.764
2026-11-25T09,3131.646
2026-11-25T10,3453.045
2026-11-25T11,3459.716
2026-11-25T12,3484.137
2026-11-25T13,3464.086
2026-11-25T14,3402.629
2026-11-25T15,3341.308
2026-11-25T16,3020.869
2026-11-25T17,2768.539
2026-11-25T18,2766.39
2026-11-25T19,2734.295
2026-11-25T20,2656.904
2026-11-25T21,1953.327
2026-11-25T22,1524.305
2026-11-25T23,2089.087
2026-11-26T00,2011.893
2026-11-26T01,1931.108
2026-11-26T02,1822.571
2026-11-26T03,1789.051
2026-11-26T04,1805.736
2026-11-26T05,1848.243
2026-11-26T06,1977.537
2026-11-26T07,2329.27
2026-11-26T08,2360.833
2026-11-26T09,2888.254
2026-11-26T10,3385.543
2026-11-26T11,3447.172
2026-11-26T12,3443.273
2026-11-26T13,3453.567
2026-11-26T14,3427.782
2026-11-26T15,3354.654
2026-11-26T16,3130.874
2026-11-26T17,2864.349
2026-11-26T18,2895.402
2026-11-26T19,2813.594
2026-11-26T20,2682.597
2026-11-26T21,1888.84
2026-11-26T22,1600.085
2026-11-26T23,2555.77
2026-11-27T00,2476.788
2026-11-27T01,2440.66
2026-11-27T02,2403.49
2026-11-27T03,2383.153
2026-11-27T04,2374.646
2026-11-27T05,2382.505
2026-11-27T06,2497.556
2026-11-27T07,2910.952
2026-11-27T08,2610.151
2026-11-27T09,3051.891
2026-11-27T10,3381.823
2026-11-27T11,3502.365
2026-11-27T12,3572.256
2026-11-27T13,3536.667
2026-11-27T14,3517.353
2026-11-27T15,3481.58
2026-11-27T16,3230.547
2026-11-27T17,2887.737
2026-11-27T18,2884.465
2026-11-27T19,2997.611
2026-11-27T20,2869.112
2026-11-27T21,2025.071
2026-11-27T22,1542.744
2026-11-27T23,2031.876
2026-11-28T00,1947.571
2026-11-28T01,1837.794
2026-11-28T02,2004.231
2026-11-28T03,2322.96
2026-11-28T04,2331.117
2026-11-28T05,2381.99
2026-11-28T06,2486.738
2026-11-28T07,2840.446
2026-11-28T08,2865.777
2026-11-28T09,3357.081
2026-11-28T10,3480.655
2026-11-28T11,3540.212
2026-11-28T12,3500.277
2026-11-28T13,3530.076
2026-11-28T14,3493.694
2026-11-28T15,3452.068
2026-11-28T16,3148.004
2026-11-28T17,2919.33
2026-11-28T18,2926.43
2026-11-28T19,2910.48
2026-11-28T20,2871.669
2026-11-28T21,2173.777
2026-11-28T22,1861.201
2026-11-28T23,2716.42
2026-11-29T00,2539.882
2026-11-29T01,2435.135
2026-11-29T02,2373.118
2026-11-29T03,2353.131
2026-11-29T04,2342.295
2026-11-29T05,2382.282
2026-11-29T06,2511.636
2026-11-29T07,2917.745
2026-11-29T08,2564.867
2026-11-29T09,3158.266
2026-11-29T10,3392.029
2026-11-29T11,3399.331
2026-11-29T12,3458.373
2026-11-29T13,3538.526
2026-11-29T14,3480.087
2026-11-29T15,3522.775
2026-11-29T16,3333.277
2026-11-29T17,3278.56
2026-11-29T18,3028.644
2026-11-29T19,2982.913
2026-11-29T20,2908.754
2026-11-29T21,2148.344
2026-11-29T22,1366.667
2026-11-29T23,2081.366
2026-11-30T00,1915.086
2026-11-30T01,1867.859
2026-11-30T02,1825.481
2026-11-30T03,1813.658
2026-11-30T04,1807.11
2026-11-30T05,1813.038
2026-11-30T06,1880.386
2026-11-30T07,2050.137
2026-11-30T08,2434.997
2026-11-30T09,2618.021
2026-11-30T10,2496.421
2026-11-30T11,2573.929
2026-11-30T12,3059.555
2026-11-30T13,3410.327
2026-11-30T14,3437.651
2026-11-30T15,3476.046
2026-11-30T16,3187.91
2026-11-30T17,2886.481
2026-11-30T18,2918.3
2026-11-30T19,2904.243
2026-11-30T20,2529.673
2026-11-30T21,1819.11
2026-11-30T22,1625.48
2026-11-30T23,2124.1
2026-12-01T00,2103.696
2026-12-01T01,1985.412
2026-12-01T02,1864.699
2026-12-01T03,1863.34
2026-12-01T04,1895.406
2026-12-01T05,1915.213
2026-12-01T06,2007.437
2026-12-01T07,2395.442
2026-12-01T08,2343.196
2026-12-01T09,2959.689
2026-12-01T10,3376.258
2026-12-01T11,3427.462
2026-12-01T12,3455.95
2026-12-01T13,3488.938
2026-12-01T14,3508.111
2026-12-01T15,3483.403
2026-12-01T16,3220.484
2026-12-01T17,2912.135
2026-12-01T18,2911.838
2026-12-01T19,2848.099
2026-12-01T20,2772.149
2026-12-01T21,2131.346
2026-12-01T22,1635.771
2026-12-01T23,2079.526
2026-12-02T00,1995.455
2026-12-02T01,1860.991
2026-12-02T02,1812.216
2026-12-02T03,1809.446
2026-12-02T04,1832.478
2026-12-02T05,1855.43
2026-12-02T06,1997.945
2026-12-02T07,2316.112
2026-12-02T08,2275.535
2026-12-02T09,2949.01
2026-12-02T10,3207.243
2026-12-02T11,3377.476
2026-12-02T12,3446.289
2026-12-02T13,3463.332
2026-12-02T14,3413.495
2026-12-02T15,3392.404
2026-12-02T16,3095.855
2026-12-02T17,2776.826
2026-12-02T18,2802.23
2026-12-02T19,2810.282
2026-12-02T20,2779.195
2026-12-02T21,2054.702
2026-12-02T22,1600.386
2026-12-02T23,2134.667
2026-12-03T00,2611.067
2026-12-03T01,2558.879
2026-12-03T02,2469.593
2026-12-03T03,2465.937
2026-12-03T04,2497.895
2026-12-03T05,2489.574
2026-12-03T06,2131.989
2026-12-03T07,2494.549
2026-12-03T08,2424.764
2026-12-03T09,3097.235
2026-12-03T10,3467.58
2026-12-03T11,3490.798
2026-12-03T12,3504.658
2026-12-03T13,3506.714
2026-12-03T14,3528.727
2026-12-03T15,3460.106
2026-12-03T16,3160.403
2026-12-03T17,2936.981
2026-12-03T18,2865.464
2026-12-03T19,2891.232
2026-12-03T20,2736.21
2026-12-03T21,1991.269
2026-12-03T22,1590.809
2026-12-03T23,2027.566
2026-12-04T00,1868.468
2026-12-04T01,1762.265
2026-12-04T02,1665.828
2026-12-04T03,1651.73
2026-12-04T04,1828.179
2026-12-04T05,1871.033
2026-12-04T06,1992.89
2026-12-04T07,2362.032
2026-12-04T08,2274.617
2026-12-04T09,3222.683
2026-12-04T10,3416.342
2026-12-04T11,3621.485
2026-12-04T12,3604.61
2026-12-04T13,3654.713
2026-12-04T14,3610.63
2026-12-04T15,3520.399
2026-12-04T16,3198.545
2026-12-04T17,2942.491
2026-12-04T18,2987.674
2026-12-04T19,3050.568
2026-12-04T20,2964.548
2026-12-04T21,2156.722
2026-12-04T22,1942.887
2026-12-04T23,2484.662
2026-12-05T00,2505.775
2026-12-05T01,2427.31
2026-12-05T02,2395.056
2026-12-05T03,2386.587
2026-12-05T04,2473.054
2026-12-05T05,2529.569
2026-12-05T06,2131.272
2026-12-05T07,2312.673
2026-12-05T08,2025.032
2026-12-05T09,3098.552
2026-12-05T10,3392.093
2026-12-05T11,3622.367
2026-12-05T12,3705.008
2026-12-05T13,3747.129
2026-12-05T14,3780.256
2026-12-05T15,3721.78
2026-12-05T16,3270.6
2026-12-05T17,3113.491
2026-12-05T18,3098.836
2026-12-05T19,3113.694
2026-12-05T20,3062.276
2026-12-05T21,2199.784
2026-12-05T22,1975.882
2026-12-05T23,2242.922
2026-12-06T00,2086.302
2026-12-06T01,1947.488
2026-12-06T02,1918.78
2026-12-06T03,1901.601
2026-12-06T04,1918.809
2026-12-06T05,1955.342
2026-12-06T06,2006.953
2026-12-06T07,2425.666
2026-12-06T08,2206.954
2026-12-06T09,3405.379
2026-12-06T10,3540.561
2026-12-06T11,3590.391
2026-12-06T12,3725.104
2026-12-06T13,3748.943
2026-12-06T14,3692.412
2026-12-06T15,3675.173
2026-12-06T16,3329.997
2026-12-06T17,3161.563
2026-12-06T18,3116.791
2026-12-06T19,3160.664
2026-12-06T20,3027.824
2026-12-06T21,2031.418
2026-12-06T22,1830.567
2026-12-06T23,2431.32
2026-12-07T00,1963.658
2026-12-07T01,1889.067
2026-12-07T02,2387.409
2026-12-07T03,2383.845
2026-12-07T04,2380.695
2026-12-07T05,2378.024
2026-12-07T06,2092.159
2026-12-07T07,2278.417
2026-12-07T08,2844.955
2026-12-07T09,3165.739
2026-12-07T10,3291.149
2026-12-07T11,3379.182
2026-12-07T12,3528.617
2026-12-07T13,3619.861
2026-12-07T14,3544.152
2026-12-07T15,3517.972
2026-12-07T16,3055.507
2026-12-07T17,2918.401
2026-12-07T18,2939.512
2026-12-07T19,2949.907
2026-12-07T20,2830.852
2026-12-07T21,1861.292
2026-12-07T22,1690.856
2026-12-07T23,2114.771
2026-12-08T00,2012.082
2026-12-08T01,1844.501
2026-12-08T02,1814.086
2026-12-08T03,1799.87
2026-12-08T04,1791.084
2026-12-08T05,1811.589
2026-12-08T06,1896.777
2026-12-08T07,2220.652
2026-12-08T08,2562.779
2026-12-08T09,3211.908
2026-12-08T10,3400.203
2026-12-08T11,3459.825
2026-12-08T12,3505.82
2026-12-08T13,3532.702
2026-12-08T14,3586.461
2026-12-08T15,3535.596
2026-12-08T16,3120.783
2026-12-08T17,2972.485
2026-12-08T18,2990.836
2026-12-08T19,2967.437
2026-12-08T20,2919.709
2026-12-08T21,1933.136
2026-12-08T22,1921.281
2026-12-08T23,2615.398
2026-12-09T00,2533.35
2026-12-09T01,2362.362
2026-12-09T02,2318.134
2026-12-09T03,2303.542
2026-12-09T04,2347.728
2026-12-09T05,2386.965
2026-12-09T06,2541.863
2026-12-09T07,2472.453
2026-12-09T08,2099.127
2026-12-09T09,3222.102
2026-12-09T10,3505.591
2026-12-09T11,3539.81
2026-12-09T12,3521.72
2026-12-09T13,3596.984
2026-12-09T14,3592.92
2026-12-09T15,3563.645
2026-12-09T16,3211.422
2026-12-09T17,3003.56
2026-12-09T18,2998.142
2026-12-09T19,3014.518
2026-12-09T20,2899.747
2026-12-09T21,2065.217
2026-12-09T22,1797.129
2026-12-09T23,2107.968
2026-12-10T00,2003.975
2026-12-10T01,1872.257
2026-12-10T02,1831.628
2026-12-10T03,1823.284
2026-12-10T04,1848.263
2026-12-10T05,1891.624
2026-12-10T06,1879.071
2026-12-10T07,2327.713
2026-12-10T08,2259.312
2026-12-10T09,3267.809
2026-12-10T10,3549.093
2026-12-10T11,3582.421
2026-12-10T12,3591.841
2026-12-10T13,3524.978
2026-12-10T14,3485.559
2026-12-10T15,3504.155
2026-12-10T16,3122.254
2026-12-10T17,2939.905
2026-12-10T18,3024.885
2026-12-10T19,3057.768
2026-12-10T20,2905.265
2026-12-10T21,1967.74
2026-12-10T22,1911.811
2026-12-10T23,2572.389
2026-12-11T00,2500.169
2026-12-11T01,2439.955
2026-12-11T02,2419.996
2026-12-11T03,2402.993
2026-12-11T04,2383.949
2026-12-11T05,2403.636
2026-12-11T06,2256.861
2026-12-11T07,2290.965
2026-12-11T08,1996.881
2026-12-11T09,3098.43
2026-12-11T10,3495.053
2026-12-11T11,3539.436
2026-12-11T12,3593.459
2026-12-11T13,3587.129
2026-12-11T14,3523.558
2026-12-11T15,3477.091
2026-12-11T16,3099.648
2026-12-11T17,2898.291
2026-12-11T18,2886.915
2026-12-11T19,2962.334
2026-12-11T20,2887.311
2026-12-11T21,2073.237
2026-12-11T22,1584.462
2026-12-11T23,1994.241
2026-12-12T00,1962.185
2026-12-12T01,1882.349
2026-12-12T02,1851.481
2026-12-12T03,1837.648
2026-12-12T04,1840.451
2026-12-12T05,1855.095
2026-12-12T06,1987.377
2026-12-12T07,2435.2
2026-12-12T08,3061.887
2026-12-12T09,3381.874
2026-12-12T10,3531.17
2026-12-12T11,3585.651
2026-12-12T12,3638.27
2026-12-12T13,3631.32
2026-12-12T14,3578.912
2026-12-12T15,3553.592
2026-12-12T16,3246.156
2026-12-12T17,3059.109
2026-12-12T18,3049.926
2026-12-12T19,3124.992
2026-12-12T20,3018.086
2026-12-12T21,2054.818
2026-12-12T22,2048.162
2026-12-12T23,2678.288
2026-12-13T00,2537.906
2026-12-13T01,2433.454
2026-12-13T02,2386.633
2026-12-13T03,2383.552
2026-12-13T04,2381.924
2026-12-13T05,2409.547
2026-12-13T06,2536.924
2026-12-13T07,2860.29
2026-12-13T08,2753.182
2026-12-13T09,3289.54
2026-12-13T10,3423.436
2026-12-13T11,3516.697
2026-12-13T12,3613.023
2026-12-13T13,3646.765
2026-12-13T14,3649.576
2026-12-13T15,3589.557
2026-12-13T16,3251.707
2026-12-13T17,3024.219
2026-12-13T18,3062.653
2026-12-13T19,3016.564
2026-12-13T20,3020.089
2026-12-13T21,2171.238
2026-12-13T22,1797.663
2026-12-13T23,2144.858
2026-12-14T00,2021.827
2026-12-14T01,1799.274
2026-12-14T02,1379.361
2026-12-14T03,1158.37
2026-12-14T04,668.314
2026-12-14T05,666.675
2026-12-14T06,868.231
2026-12-14T07,2023.671
2026-12-14T08,3389.887
2026-12-14T09,3771.636
2026-12-14T10,3934.075
2026-12-14T11,4017.173
2026-12-14T12,4145.864
2026-12-14T13,4108.857
2026-12-14T14,4097.668
2026-12-14T15,4027.468
2026-12-14T16,4074.252
2026-12-14T17,4133.101
2026-12-14T18,4127.986
2026-12-14T19,4090.17
2026-12-14T20,3735.518
2026-12-14T21,1768.737
2026-12-14T22,1851.205
2026-12-14T23,2592.678
2026-12-15T00,2534.934
2026-12-15T01,2448.305
2026-12-15T02,2418.19
2026-12-15T03,2410.386
2026-12-15T04,2428.524
2026-12-15T05,2441.413
2026-12-15T06,2492.75
2026-12-15T07,2705.872
2026-12-15T08,2387.481
2026-12-15T09,3174.089
2026-12-15T10,3496.387
2026-12-15T11,3530.87
2026-12-15T12,3558.241
2026-12-15T13,3626.381
2026-12-15T14,3502.979
2026-12-15T15,3540.55
2026-12-15T16,3138.416
2026-12-15T17,2983.611
2026-12-15T18,2953.889
2026-12-15T19,3021.898
2026-12-15T20,2897.409
2026-12-15T21,2088.966
2026-12-15T22,1999.693
2026-12-15T23,2678.763
2026-12-16T00,2613.144
2026-12-16T01,2496.932
2026-12-16T02,2417.215
2026-12-16T03,2387.272
2026-12-16T04,2414.522
2026-12-16T05,2471.771
2026-12-16T06,2598.926
2026-12-16T07,2934.967
2026-12-16T08,2361.78
2026-12-16T09,3686.833
2026-12-16T10,4060.814
2026-12-16T11,4130.793
2026-12-16T12,4160.399
2026-12-16T13,4084.409
2026-12-16T14,4044.041
2026-12-16T15,4033.15
2026-12-16T16,3278.658
2026-12-16T17,2954.201
2026-12-16T18,3010.714
2026-12-16T19,2887.152
2026-12-16T20,2767.646
2026-12-16T21,1867.895
2026-12-16T22,1738.701
2026-12-16T23,2471.067
2026-12-17T00,2536.493
2026-12-17T01,2406.149
2026-12-17T02,2357.626
2026-12-17T03,2338.707
2026-12-17T04,2361.928
2026-12-17T05,2395.349
2026-12-17T06,2542.637
2026-12-17T07,2368.161
2026-12-17T08,1997.845
2026-12-17T09,3109.879
2026-12-17T10,3394.443
2026-12-17T11,3565.918
2026-12-17T12,3510.868
2026-12-17T13,3546.98
2026-12-17T14,3600.879
2026-12-17T15,3598.181
2026-12-17T16,3185.83
2026-12-17T17,2959.482
2026-12-17T18,3016.907
2026-12-17T19,2996.366
2026-12-17T20,2937.576
2026-12-17T21,2061.105
2026-12-17T22,1873.593
2026-12-17T23,1955.098
2026-12-18T00,927.936
2026-12-18T01,907.532
2026-12-18T02,1799.153
2026-12-18T03,1815.659
2026-12-18T04,1821.652
2026-12-18T05,1832.557
2026-12-18T06,1959.516
2026-12-18T07,2372.046
2026-12-18T08,2204.725
2026-12-18T09,3236.5
2026-12-18T10,3170.66
2026-12-18T11,3554.918
2026-12-18T12,3084.175
2026-12-18T13,3422.472
2026-12-18T14,3185.726
2026-12-18T15,2966.767
2026-12-18T16,3268.466
2026-12-18T17,3574.149
2026-12-18T18,3578.591
2026-12-18T19,3624.797
2026-12-18T20,3537.591
2026-12-18T21,2818.718
2026-12-18T22,2977.175
2026-12-18T23,2379.52
2026-12-19T00,2569.924
2026-12-19T01,2469.661
2026-12-19T02,2393.405
2026-12-19T03,2357.245
2026-12-19T04,2379.116
2026-12-19T05,2412.476
2026-12-19T06,2532.75
2026-12-19T07,2813.978
2026-12-19T08,2744.863
2026-12-19T09,3249.392
2026-12-19T10,3460.198
2026-12-19T11,3564.504
2026-12-19T12,3615.202
2026-12-19T13,3659.581
2026-12-19T14,3671.193
2026-12-19T15,3674.07
2026-12-19T16,3288.238
2026-12-19T17,3098.897
2026-12-19T18,3183.702
2026-12-19T19,3143.278
2026-12-19T20,3002.364
2026-12-19T21,2178.341
2026-12-19T22,2125.773
2026-12-19T23,2797.85
2026-12-20T00,2689.554
2026-12-20T01,2534.693
2026-12-20T02,2444.59
2026-12-20T03,2441.623
2026-12-20T04,2448.262
2026-12-20T05,2476.218
2026-12-20T06,2542.065
2026-12-20T07,2937.007
2026-12-20T08,2827.361
2026-12-20T09,3312.725
2026-12-20T10,3441.478
2026-12-20T11,3528.184
2026-12-20T12,3627.206
2026-12-20T13,3697.75
2026-12-20T14,3694.56
2026-12-20T15,3635.612
2026-12-20T16,3277.522
2026-12-20T17,3133.232
2026-12-20T18,3301.186
2026-12-20T19,3702.116
2026-12-20T20,3673.647
2026-12-20T21,2912.665
2026-12-20T22,3072.962
2026-12-20T23,2790.782
2026-12-21T00,2618.546
2026-12-21T01,2478.26
2026-12-21T02,2370.33
2026-12-21T03,2343.033
2026-12-21T04,2337.698
2026-12-21T05,2374.735
2026-12-21T06,2482.34
2026-12-21T07,2276.504
2026-12-21T08,2784.34
2026-12-21T09,2994.887
2026-12-21T10,3275.486
2026-12-21T11,3339.707
2026-12-21T12,3488.37
2026-12-21T13,3507.171
2026-12-21T14,3453.097
2026-12-21T15,3478.884
2026-12-21T16,3524.921
2026-12-21T17,3585.871
2026-12-21T18,3580.81
2026-12-21T19,3551.464
2026-12-21T20,3272.519
2026-12-21T21,1919.475
2026-12-21T22,1774.16
2026-12-21T23,2171.396
2026-12-22T00,2054.674
2026-12-22T01,1898.533
2026-12-22T02,1797.956
2026-12-22T03,1787.399
2026-12-22T04,1752.413
2026-12-22T05,1758.308
2026-12-22T06,1905.364
2026-12-22T07,2312.522
2026-12-22T08,2997.738
2026-12-22T09,3338.182
2026-12-22T10,3376.444
2026-12-22T11,3379.121
2026-12-22T12,3463.793
2026-12-22T13,3448.0
2026-12-22T14,3403.745
2026-12-22T15,3348.534
2026-12-22T16,3040.816
2026-12-22T17,2860.853
2026-12-22T18,2856.88
2026-12-22T19,2773.875
2026-12-22T20,2753.524
2026-12-22T21,2012.976
2026-12-22T22,2039.236
2026-12-22T23,2681.115
2026-12-23T00,2570.427
2026-12-23T01,2471.793
2026-12-23T02,2370.472
2026-12-23T03,2366.617
2026-12-23T04,2376.93
2026-12-23T05,2350.24
2026-12-23T06,2470.103
2026-12-23T07,2573.534
2026-12-23T08,2691.873
2026-12-23T09,3186.814
2026-12-23T10,3379.739
2026-12-23T11,3497.03
2026-12-23T12,3503.703
2026-12-23T13,3477.821
2026-12-23T14,3469.477
2026-12-23T15,3458.05
2026-12-23T16,3163.518
2026-12-23T17,2989.385
2026-12-23T18,2971.931
2026-12-23T19,2964.389
2026-12-23T20,2911.081
2026-12-23T21,2158.125
2026-12-23T22,1780.788
2026-12-23T23,2095.159
2026-12-24T00,2006.435
2026-12-24T01,1885.297
2026-12-24T02,1803.797
2026-12-24T03,1791.888
2026-12-24T04,1802.459
2026-12-24T05,1817.111
2026-12-24T06,1932.952
2026-12-24T07,2363.384
2026-12-24T08,3025.359
2026-12-24T09,3111.448
2026-12-24T10,3328.036
2026-12-24T11,3395.145
2026-12-24T12,3359.644
2026-12-24T13,3391.23
2026-12-24T14,3395.373
2026-12-24T15,3208.51
2026-12-24T16,2677.017
2026-12-24T17,2341.033
2026-12-24T18,1542.214
2026-12-24T19,882.517
2026-12-24T20,803.883
2026-12-24T21,787.678
2026-12-24T22,1298.638
2026-12-24T23,1828.951
2026-12-25T00,1697.491
2026-12-25T01,1659.331
2026-12-25T02,1657.541
2026-12-25T03,1641.389
2026-12-25T04,1642.156
2026-12-25T05,1643.001
2026-12-25T06,1700.766
2026-12-25T07,1742.147
2026-12-25T08,1844.109
2026-12-25T09,1921.944
2026-12-25T10,1460.527
2026-12-25T11,1670.628
2026-12-25T12,1907.587
2026-12-25T13,1894.971
2026-12-25T14,1864.985
2026-12-25T15,1836.948
2026-12-25T16,1852.966
2026-12-25T17,1874.935
2026-12-25T18,1910.648
2026-12-25T19,1869.377
2026-12-25T20,1727.514
2026-12-25T21,1355.747
2026-12-25T22,1387.945
2026-12-25T23,1728.347
2026-12-26T00,1685.523
2026-12-26T01,1604.607
2026-12-26T02,1496.089
2026-12-26T03,1468.691
2026-12-26T04,1488.378
2026-12-26T05,1501.438
2026-12-26T06,1615.953
2026-12-26T07,2065.137
2026-12-26T08,1991.544
2026-12-26T09,2945.119
2026-12-26T10,3231.922
2026-12-26T11,3419.323
2026-12-26T12,3496.781
2026-12-26T13,3471.634
2026-12-26T14,3409.759
2026-12-26T15,3385.491
2026-12-26T16,3099.525
2026-12-26T17,2887.123
2026-12-26T18,2864.024
2026-12-26T19,2879.728
2026-12-26T20,2801.977
2026-12-26T21,1942.492
2026-12-26T22,2040.635
2026-12-26T23,2749.108
2026-12-27T00,2595.241
2026-12-27T01,2474.032
2026-12-27T02,2372.865
2026-12-27T03,2322.166
2026-12-27T04,2306.219
2026-12-27T05,2304.596
2026-12-27T06,2332.159
2026-12-27T07,2200.825
2026-12-27T08,1950.89
2026-12-27T09,3028.035
2026-12-27T10,3284.642
2026-12-27T11,3404.464
2026-12-27T12,3515.327
2026-12-27T13,3561.854
2026-12-27T14,3580.501
2026-12-27T15,3427.643
2026-12-27T16,3178.093
2026-12-27T17,3062.327
2026-12-27T18,3014.294
2026-12-27T19,2984.283
2026-12-27T20,2919.511
2026-12-27T21,2026.742
2026-12-27T22,2022.995
2026-12-27T23,2701.299
2026-12-28T00,2570.445
2026-12-28T01,2425.742
2026-12-28T02,2362.008
2026-12-28T03,2331.951
2026-12-28T04,2315.81
2026-12-28T05,1764.785
2026-12-28T06,1740.689
2026-12-28T07,1971.636
2026-12-28T08,2712.722
2026-12-28T09,3114.832
2026-12-28T10,3230.392
2026-12-28T11,3233.866
2026-12-28T12,2793.069
2026-12-28T13,2827.089
2026-12-28T14,3098.977
2026-12-28T15,3366.926
2026-12-28T16,3091.479
2026-12-28T17,2932.496
2026-12-28T18,2897.263
2026-12-28T19,2843.308
2026-12-28T20,2761.047
2026-12-28T21,1727.507
2026-12-28T22,1250.317
2026-12-28T23,1199.643
2026-12-29T00,1991.609
2026-12-29T01,1853.445
2026-12-29T02,1783.444
2026-12-29T03,1763.841
2026-12-29T04,1776.906
2026-12-29T05,1814.184
2026-12-29T06,1773.139
2026-12-29T07,1023.347
2026-12-29T08,1846.683
2026-12-29T09,2732.813
2026-12-29T10,2840.436
2026-12-29T11,2966.86
2026-12-29T12,2921.183
2026-12-29T13,2941.678
2026-12-29T14,2930.566
2026-12-29T15,2970.028
2026-12-29T16,3028.462
2026-12-29T17,3074.185
2026-12-29T18,3161.152
2026-12-29T19,3049.282
2026-12-29T20,2932.687
2026-12-29T21,2062.016
2026-12-29T22,1193.46
2026-12-29T23,910.593
2026-12-30T00,827.508
2026-12-30T01,680.506
2026-12-30T02,604.264
2026-12-30T03,579.339
2026-12-30T04,605.288
2026-12-30T05,615.26
2026-12-30T06,722.487
2026-12-30T07,1065.854
2026-12-30T08,1860.137
2026-12-30T09,2492.717
2026-12-30T10,3939.905
2026-12-30T11,4456.955
2026-12-30T12,4514.608
2026-12-30T13,4549.253
2026-12-30T14,4443.19
2026-12-30T15,4122.807
2026-12-30T16,4179.088
2026-12-30T17,3593.741
2026-12-30T18,3520.639
2026-12-30T19,3549.195
2026-12-30T20,3533.861
2026-12-30T21,2279.608
2026-12-30T22,1896.655
2026-12-30T23,2274.135
2026-12-31T00,2459.19
2026-12-31T01,2479.047
2026-12-31T02,2384.809
2026-12-31T03,2376.054
2026-12-31T04,2368.648
2026-12-31T05,2369.825
2026-12-31T06,2449.035
2026-12-31T07,2720.277
2026-12-31T08,2144.992
2026-12-31T09,2900.491
2026-12-31T10,3384.414
2026-12-31T11,3529.566
2026-12-31T12,3601.309
2026-12-31T13,3547.009
2026-12-31T14,3513.266
2026-12-31T15,3342.5
2026-12-31T16,2740.559
2026-12-31T17,2415.249
2026-12-31T18,1506.808
2026-12-31T19,1043.852
2026-12-31T20,865.632
2026-12-31T21,844.248
2026-12-31T22,1381.147
2026-12-31T23,1964.072
