bucket,value
2026-01-01T00,280.377
2026-01-01T01,274.895
2026-01-01T02,270.51
2026-01-01T03,267.619
2026-01-01T04,274.696
2026-01-01T05,272.902
2026-01-01T06,275.394
2026-01-01T07,271.706
2026-01-01T08,272.204
2026-01-01T09,273.5
2026-01-01T10,315.561
2026-01-01T11,838.54
2026-01-01T12,1162.673
2026-01-01T13,1121.907
2026-01-01T14,1127.19
2026-01-01T15,1146.925
2026-01-01T16,1173.139
2026-01-01T17,1172.84
2026-01-01T18,1180.215
2026-01-01T19,1099.88
2026-01-01T20,884.987
2026-01-01T21,981.669
2026-01-01T22,456.996
2026-01-01T23,341.675
2026-01-02T00,312.159
2026-01-02T01,290.531
2026-01-02T02,289.834
2026-01-02T03,283.854
2026-01-02T04,271.096
2026-01-02T05,267.408
2026-01-02T06,312.757
2026-01-02T07,351.129
2026-01-02T08,539.202
2026-01-02T09,1097.042
2026-01-02T10,2211.426
2026-01-02T11,2184.915
2026-01-02T12,2201.46
2026-01-02T13,2187.905
2026-01-02T14,2178.038
2026-01-02T15,2151.526
2026-01-02T16,2163.486
2026-01-02T17,2105.38
2026-01-02T18,1786.344
2026-01-02T19,1812.756
2026-01-02T20,1792.822
2026-01-02T21,1716.078
2026-01-02T22,724.285
2026-01-02T23,369.568
2026-01-03T00,324.623
2026-01-03T01,288.642
2026-01-03T02,282.363
2026-01-03T03,282.263
2026-01-03T04,281.067
2026-01-03T05,281.267
2026-01-03T06,336.583
2026-01-03T07,350.437
2026-01-03T08,392.498
2026-01-03T09,475.323
2026-01-03T10,549.576
2026-01-03T11,1254.138
2026-01-03T12,2235.681
2026-01-03T13,2131.328
2026-01-03T14,2104.118
2026-01-03T15,2055.978
2026-01-03T16,1953.617
2026-01-03T17,1634.476
2026-01-03T18,1706.039
2026-01-03T19,1675.44
2026-01-03T20,1633.48
2026-01-03T21,1597.001
2026-01-03T22,763.965
2026-01-03T23,363.095
2026-01-04T00,327.706
2026-01-04T01,299.998
2026-01-04T02,287.54
2026-01-04T03,279.068
2026-01-04T04,276.876
2026-01-04T05,276.975
2026-01-04T06,324.616
2026-01-04T07,352.523
2026-01-04T08,439.831
2026-01-04T09,983.915
2026-01-04T10,2148.028
2026-01-04T11,2104.673
2026-01-04T12,2113.543
2026-01-04T13,2062.912
2026-01-04T14,2026.633
2026-01-04T15,2021.251
2026-01-04T16,2032.215
2026-01-04T17,2022.148
2026-01-04T18,2056.932
2026-01-04T19,2079.756
2026-01-04T20,2057.929
2026-01-04T21,1973.71
2026-01-04T22,900.394
2026-01-04T23,381.825
2026-01-05T00,321.329
2026-01-05T01,279.569
2026-01-05T02,277.276
2026-01-05T03,280.565
2026-01-05T04,283.256
2026-01-05T05,274.784
2026-01-05T06,324.419
2026-01-05T07,330.399
2026-01-05T08,355.017
2026-01-05T09,391.695
2026-01-05T10,439.835
2026-01-05T11,1127.145
2026-01-05T12,2128.209
2026-01-05T13,2037.312
2026-01-05T14,2013.89
2026-01-05T15,1971.033
2026-01-05T16,1981.797
2026-01-05T17,1676.514
2026-01-05T18,1713.391
2026-01-05T19,1736.913
2026-01-05T20,1722.561
2026-01-05T21,1647.311
2026-01-05T22,808.407
2026-01-05T23,368.373
2026-01-06T00,312.262
2026-01-06T01,287.146
2026-01-06T02,281.564
2026-01-06T03,277.577
2026-01-06T04,282.66
2026-01-06T05,275.883
2026-01-06T06,324.621
2026-01-06T07,383.924
2026-01-06T08,530.337
2026-01-06T09,1125.06
2026-01-06T10,2255.702
2026-01-06T11,2196.599
2026-01-06T12,2160.917
2026-01-06T13,2150.552
2026-01-06T14,2124.638
2026-01-06T15,2104.007
2026-01-06T16,2095.535
2026-01-06T17,2054.471
2026-01-06T18,1745.598
2026-01-06T19,1720.382
2026-01-06T20,1718.388
2026-01-06T21,1653.305
2026-01-06T22,807.915
2026-01-06T23,433.958
2026-01-07T00,345.158
2026-01-07T01,289.841
2026-01-07T02,280.272
2026-01-07T03,283.362
2026-01-07T04,277.98
2026-01-07T05,274.89
2026-01-07T06,332.798
2026-01-07T07,392.301
2026-01-07T08,557.554
2026-01-07T09,1203.317
2026-01-07T10,1877.984
2026-01-07T11,2248.956
2026-01-07T12,2225.533
2026-01-07T13,2181.579
2026-01-07T14,2184.569
2026-01-07T15,2169.519
2026-01-07T16,2141.412
2026-01-07T17,1727.582
2026-01-07T18,1716.518
2026-01-07T19,1707.548
2026-01-07T20,1690.006
2026-01-07T21,1640.57
2026-01-07T22,746.529
2026-01-07T23,356.221
2026-01-08T00,325.516
2026-01-08T01,301.895
2026-01-08T02,275.981
2026-01-08T03,272.592
2026-01-08T04,268.406
2026-01-08T05,271.396
2026-01-08T06,325.416
2026-01-08T07,408.639
2026-01-08T08,537.112
2026-01-08T09,1020.004
2026-01-08T10,2233.164
2026-01-08T11,2157.217
2026-01-08T12,2182.732
2026-01-08T13,2157.715
2026-01-08T14,2186.818
2026-01-08T15,2105.29
2026-01-08T16,2022.466
2026-01-08T17,2009.11
2026-01-08T18,1983.695
2026-01-08T19,2012.1
2026-01-08T20,1697.348
2026-01-08T21,1673.826
2026-01-08T22,794.654
2026-01-08T23,387.908
2026-01-09T00,361.998
2026-01-09T01,319.938
2026-01-09T02,297.711
2026-01-09T03,292.927
2026-01-09T04,292.828
2026-01-09T05,299.406
2026-01-09T06,356.018
2026-01-09T07,434.158
2026-01-09T08,562.233
2026-01-09T09,1260.016
2026-01-09T10,2162.619
2026-01-09T11,2204.082
2026-01-09T12,2128.234
2026-01-09T13,2047.801
2026-01-09T14,2062.552
2026-01-09T15,2109.097
2026-01-09T16,2061.156
2026-01-09T17,1688.892
2026-01-09T18,1750.288
2026-01-09T19,1743.81
2026-01-09T20,1731.252
2026-01-09T21,1658.294
2026-01-09T22,733.764
2026-01-09T23,413.926
2026-01-10T00,327.512
2026-01-10T01,288.84
2026-01-10T02,281.863
2026-01-10T03,296.913
2026-01-10T04,293.126
2026-01-10T05,270.9
2026-01-10T06,290.036
2026-01-10T07,373.957
2026-01-10T08,535.819
2026-01-10T09,1167.221
2026-01-10T10,2275.936
2026-01-10T11,2146.367
2026-01-10T12,2165.005
2026-01-10T13,2130.221
2026-01-10T14,2144.174
2026-01-10T15,2152.845
2026-01-10T16,2143.776
2026-01-10T17,2102.413
2026-01-10T18,2090.752
2026-01-10T19,2057.363
2026-01-10T20,1807.394
2026-01-10T21,1713.007
2026-01-10T22,1080.808
2026-01-10T23,375.751
2026-01-11T00,329.401
2026-01-11T01,297.806
2026-01-11T02,285.049
2026-01-11T03,279.766
2026-01-11T04,275.879
2026-01-11T05,276.876
2026-01-11T06,335.281
2026-01-11T07,384.816
2026-01-11T08,475.812
2026-01-11T09,1218.534
2026-01-11T10,1785.542
2026-01-11T11,1823.117
2026-01-11T12,2056.338
2026-01-11T13,2087.036
2026-01-11T14,2018.664
2026-01-11T15,1985.973
2026-01-11T16,1978.399
2026-01-11T17,1779.263
2026-01-11T18,1720.16
2026-01-11T19,1788.034
2026-01-11T20,1797.203
2026-01-11T21,1725.841
2026-01-11T22,963.286
2026-01-11T23,442.922
2026-01-12T00,322.223
2026-01-12T01,289.333
2026-01-12T02,286.144
2026-01-12T03,285.047
2026-01-12T04,286.742
2026-01-12T05,286.642
2026-01-12T06,326.708
2026-01-12T07,328.701
2026-01-12T08,340.861
2026-01-12T09,374.448
2026-01-12T10,485.079
2026-01-12T11,1078.395
2026-01-12T12,2219.581
2026-01-12T13,2059.715
2026-01-12T14,2011.576
2026-01-12T15,1978.985
2026-01-12T16,1983.669
2026-01-12T17,1968.42
2026-01-12T18,1966.128
2026-01-12T19,1989.55
2026-01-12T20,1727.625
2026-01-12T21,1652.676
2026-01-12T22,885.64
2026-01-12T23,355.113
2026-01-13T00,301.096
2026-01-13T01,275.382
2026-01-13T02,263.721
2026-01-13T03,269.103
2026-01-13T04,265.714
2026-01-13T05,266.611
2026-01-13T06,331.096
2026-01-13T07,385.514
2026-01-13T08,507.209
2026-01-13T09,745.514
2026-01-13T10,908.869
2026-01-13T11,1866.576
2026-01-13T12,1867.274
2026-01-13T13,1815.247
2026-01-13T14,1834.084
2026-01-13T15,1853.918
2026-01-13T16,1829.001
2026-01-13T17,1780.662
2026-01-13T18,1777.573
2026-01-13T19,1758.636
2026-01-13T20,1716.975
2026-01-13T21,1655.779
2026-01-13T22,775.115
2026-01-13T23,380.332
2026-01-14T00,328.806
2026-01-14T01,293.424
2026-01-14T02,279.968
2026-01-14T03,273.889
2026-01-14T04,273.789
2026-01-14T05,274.786
2026-01-14T06,300.6
2026-01-14T07,371.464
2026-01-14T08,519.172
2026-01-14T09,1129.84
2026-01-14T10,1797.518
2026-01-14T11,2027.552
2026-01-14T12,2190.51
2026-01-14T13,2100.111
2026-01-14T14,2077.187
2026-01-14T15,2129.513
2026-01-14T16,2106.091
2026-01-14T17,2036.024
2026-01-14T18,1704.826
2026-01-14T19,1707.916
2026-01-14T20,1692.966
2026-01-14T21,1636.155
2026-01-14T22,780.901
2026-01-14T23,362.992
2026-01-15T00,336.676
2026-01-15T01,310.464
2026-01-15T02,276.976
2026-01-15T03,272.59
2026-01-15T04,271.693
2026-01-15T05,278.869
2026-01-15T06,344.749
2026-01-15T07,390.995
2026-01-15T08,575.081
2026-01-15T09,1318.3
2026-01-15T10,1837.468
2026-01-15T11,1834.478
2026-01-15T12,2210.722
2026-01-15T13,2084.244
2026-01-15T14,2069.693
2026-01-15T15,2090.224
2026-01-15T16,2084.842
2026-01-15T17,1974.211
2026-01-15T18,1847.534
2026-01-15T19,1725.143
2026-01-15T20,1716.173
2026-01-15T21,1605.243
2026-01-15T22,566.21
2026-01-15T23,353.421
2026-01-16T00,311.961
2026-01-16T01,286.346
2026-01-16T02,284.054
2026-01-16T03,281.363
2026-01-16T04,278.572
2026-01-16T05,278.971
2026-01-16T06,342.06
2026-01-16T07,402.06
2026-01-16T08,539.802
2026-01-16T09,1130.135
2026-01-16T10,2046.183
2026-01-16T11,2046.282
2026-01-16T12,2046.88
2026-01-16T13,2056.349
2026-01-16T14,2084.256
2026-01-16T15,2072.794
2026-01-16T16,2051.963
2026-01-16T17,2013.99
2026-01-16T18,1714.687
2026-01-16T19,1701.631
2026-01-16T20,1726.548
2026-01-16T21,1653.69
2026-01-16T22,837.709
2026-01-16T23,385.715
2026-01-17T00,338.38
2026-01-17T01,285.754
2026-01-17T02,272.897
2026-01-17T03,272.099
2026-01-17T04,270.505
2026-01-17T05,275.488
2026-01-17T06,337.483
2026-01-17T07,379.444
2026-01-17T08,510.211
2026-01-17T09,1194.547
2026-01-17T10,2021.609
2026-01-17T11,2142.011
2026-01-17T12,2082.109
2026-01-17T13,2077.724
2026-01-17T14,2091.578
2026-01-17T15,2097.259
2026-01-17T16,2112.808
2026-01-17T17,1850.177
2026-01-17T18,1741.736
2026-01-17T19,1753.995
2026-01-17T20,1726.087
2026-01-17T21,1648.245
2026-01-17T22,748.921
2026-01-17T23,382.933
2026-01-18T00,322.132
2026-01-18T01,291.334
2026-01-18T02,285.154
2026-01-18T03,286.949
2026-01-18T04,287.846
2026-01-18T05,287.746
2026-01-18T06,325.421
2026-01-18T07,350.637
2026-01-18T08,425.29
2026-01-18T09,1024.503
2026-01-18T10,1996.879
2026-01-18T11,1999.171
2026-01-18T12,1976.546
2026-01-18T13,1950.333
2026-01-18T14,1992.493
2026-01-18T15,1947.941
2026-01-18T16,1899.302
2026-01-18T17,1926.612
2026-01-18T18,1964.984
2026-01-18T19,1973.058
2026-01-18T20,1928.904
2026-01-18T21,1885.647
2026-01-18T22,1257.331
2026-01-18T23,425.788
2026-01-19T00,329.711
2026-01-19T01,295.823
2026-01-19T02,280.075
2026-01-19T03,271.603
2026-01-19T04,263.43
2026-01-19T05,270.606
2026-01-19T06,327.917
2026-01-19T07,328.415
2026-01-19T08,342.768
2026-01-19T09,369.579
2026-01-19T10,430.777
2026-01-19T11,1095.68
2026-01-19T12,1982.052
2026-01-19T13,1954.443
2026-01-19T14,1916.369
2026-01-19T15,1893.644
2026-01-19T16,1898.927
2026-01-19T17,1807.429
2026-01-19T18,1627.523
2026-01-19T19,1651.046
2026-01-19T20,1672.176
2026-01-19T21,1614.766
2026-01-19T22,842.317
2026-01-19T23,355.924
2026-01-20T00,310.467
2026-01-20T01,292.726
2026-01-20T02,277.875
2026-01-20T03,278.971
2026-01-20T04,280.267
2026-01-20T05,274.387
2026-01-20T06,321.829
2026-01-20T07,385.915
2026-01-20T08,503.225
2026-01-20T09,1091.965
2026-01-20T10,2149.644
2026-01-20T11,2104.694
2026-01-20T12,2107.385
2026-01-20T13,2074.195
2026-01-20T14,2105.292
2026-01-20T15,2119.046
2026-01-20T16,2091.239
2026-01-20T17,2016.388
2026-01-20T18,1702.034
2026-01-20T19,1731.835
2026-01-20T20,1702.732
2026-01-20T21,1636.353
2026-01-20T22,805.917
2026-01-20T23,354.62
2026-01-21T00,326.419
2026-01-21T01,299.409
2026-01-21T02,290.937
2026-01-21T03,289.442
2026-01-21T04,282.564
2026-01-21T05,276.983
2026-01-21T06,339.277
2026-01-21T07,400.673
2026-01-21T08,538.118
2026-01-21T09,1275.277
2026-01-21T10,2208.687
2026-01-21T11,2085.594
2026-01-21T12,2077.322
2026-01-21T13,2051.607
2026-01-21T14,2059.082
2026-01-21T15,2035.161
2026-01-21T16,2031.673
2026-01-21T17,1785.588
2026-01-21T18,1668.575
2026-01-21T19,1664.389
2026-01-21T20,1663.093
2026-01-21T21,1594.819
2026-01-21T22,874.903
2026-01-21T23,389.411
2026-01-22T00,333.393
2026-01-22T01,320.236
2026-01-22T02,297.512
2026-01-22T03,279.472
2026-01-22T04,280.568
2026-01-22T05,275.086
2026-01-22T06,303.093
2026-01-22T07,380.038
2026-01-22T08,539.01
2026-01-22T09,1166.824
2026-01-22T10,2202.683
2026-01-22T11,2159.128
2026-01-22T12,2129.925
2026-01-22T13,2090.855
2026-01-22T14,2122.849
2026-01-22T15,2072.616
2026-01-22T16,2041.02
2026-01-22T17,2028.163
2026-01-22T18,1789.456
2026-01-22T19,1773.509
2026-01-22T20,1617.627
2026-01-22T21,1546.962
2026-01-22T22,745.225
2026-01-22T23,315.751
2026-01-23T00,305.386
2026-01-23T01,301.0
2026-01-23T02,279.87
2026-01-23T03,278.973
2026-01-23T04,283.16
2026-01-23T05,280.967
2026-01-23T06,326.815
2026-01-23T07,381.333
2026-01-23T08,498.245
2026-01-23T09,1155.961
2026-01-23T10,2143.481
2026-01-23T11,2087.168
2026-01-23T12,2106.703
2026-01-23T13,2029.36
2026-01-23T14,2043.912
2026-01-23T15,2032.051
2026-01-23T16,2039.925
2026-01-23T17,1952.216
2026-01-23T18,1698.26
2026-01-23T19,1681.615
2026-01-23T20,1600.385
2026-01-23T21,1539.188
2026-01-23T22,781.405
2026-01-23T23,384.623
2026-01-24T00,323.625
2026-01-24T01,272.894
2026-01-24T02,282.063
2026-01-24T03,282.761
2026-01-24T04,280.469
2026-01-24T05,282.362
2026-01-24T06,327.213
2026-01-24T07,388.51
2026-01-24T08,509.608
2026-01-24T09,1042.14
2026-01-24T10,1697.165
2026-01-24T11,1702.746
2026-01-24T12,2001.255
2026-01-24T13,1946.836
2026-01-24T14,1941.055
2026-01-24T15,1920.423
2026-01-24T16,1950.723
2026-01-24T17,1952.018
2026-01-24T18,1947.733
2026-01-24T19,1775.305
2026-01-24T20,1608.16
2026-01-24T21,1579.954
2026-01-24T22,1100.546
2026-01-24T23,380.437
2026-01-25T00,296.819
2026-01-25T01,271.204
2026-01-25T02,263.23
2026-01-25T03,261.735
2026-01-25T04,257.449
2026-01-25T05,256.253
2026-01-25T06,304.593
2026-01-25T07,347.95
2026-01-25T08,427.786
2026-01-25T09,1011.557
2026-01-25T10,1987.731
2026-01-25T11,2010.057
2026-01-25T12,1987.632
2026-01-25T13,1967.996
2026-01-25T14,1950.853
2026-01-25T15,1927.829
2026-01-25T16,1900.021
2026-01-25T17,1619.548
2026-01-25T18,1664.499
2026-01-25T19,1662.805
2026-01-25T20,1653.635
2026-01-25T21,1607.488
2026-01-25T22,857.566
2026-01-25T23,374.762
2026-01-26T00,308.272
2026-01-26T01,291.727
2026-01-26T02,279.169
2026-01-26T03,274.983
2026-01-26T04,273.288
2026-01-26T05,269.202
2026-01-26T06,309.866
2026-01-26T07,325.913
2026-01-26T08,334.086
2026-01-26T09,373.953
2026-01-26T10,453.188
2026-01-26T11,1004.25
2026-01-26T12,2106.075
2026-01-26T13,2005.51
2026-01-26T14,1992.753
2026-01-26T15,1975.112
2026-01-26T16,1906.74
2026-01-26T17,1891.092
2026-01-26T18,1894.282
2026-01-26T19,1885.112
2026-01-26T20,1879.232
2026-01-26T21,1821.126
2026-01-26T22,1198.004
2026-01-26T23,340.066
2026-01-27T00,284.055
2026-01-27T01,272.294
2026-01-27T02,268.507
2026-01-27T03,273.191
2026-01-27T04,266.414
2026-01-27T05,264.919
2026-01-27T06,320.135
2026-01-27T07,380.933
2026-01-27T08,507.013
2026-01-27T09,1217.35
2026-01-27T10,2080.878
2026-01-27T11,2122.44
2026-01-27T12,2086.061
2026-01-27T13,2053.967
2026-01-27T14,2104.898
2026-01-27T15,2032.24
2026-01-27T16,1969.748
2026-01-27T17,1699.048
2026-01-27T18,1700.543
2026-01-27T19,1688.982
2026-01-27T20,1642.835
2026-01-27T21,1564.595
2026-01-27T22,669.573
2026-01-27T23,456.382
2026-01-28T00,343.058
2026-01-28T01,280.765
2026-01-28T02,275.682
2026-01-28T03,279.868
2026-01-28T04,273.988
2026-01-28T05,275.184
2026-01-28T06,310.765
2026-01-28T07,385.118
2026-01-28T08,517.378
2026-01-28T09,1154.756
2026-01-28T10,2199.179
2026-01-28T11,2146.355
2026-01-28T12,2157.518
2026-01-28T13,2151.936
2026-01-28T14,2158.016
2026-01-28T15,2138.88
2026-01-28T16,2130.208
2026-01-28T17,2073.697
2026-01-28T18,1832.201
2026-01-28T19,1774.393
2026-01-28T20,1751.17
2026-01-28T21,1678.313
2026-01-28T22,742.927
2026-01-28T23,316.646
2026-01-29T00,293.031
2026-01-29T01,271.203
2026-01-29T02,264.924
2026-01-29T03,265.223
2026-01-29T04,262.93
2026-01-29T05,265.522
2026-01-29T06,322.633
2026-01-29T07,400.276
2026-01-29T08,535.329
2026-01-29T09,1195.944
2026-01-29T10,2191.95
2026-01-29T11,2194.342
2026-01-29T12,2174.209
2026-01-29T13,2149.69
2026-01-29T14,2143.71
2026-01-29T15,2105.237
2026-01-29T16,1743.932
2026-01-29T17,1696.09
2026-01-29T18,1723.599
2026-01-29T19,1750.112
2026-01-29T20,1676.256
2026-01-29T21,1624.627
2026-01-29T22,808.227
2026-01-29T23,331.005
2026-01-30T00,294.326
2026-01-30T01,294.525
2026-01-30T02,282.365
2026-01-30T03,281.468
2026-01-30T04,282.465
2026-01-30T05,279.575
2026-01-30T06,314.459
2026-01-30T07,387.816
2026-01-30T08,533.634
2026-01-30T09,1161.556
2026-01-30T10,2293.609
2026-01-30T11,2188.855
2026-01-30T12,2161.446
2026-01-30T13,2162.642
2026-01-30T14,2205.102
2026-01-30T15,2189.154
2026-01-30T16,2130.648
2026-01-30T17,1792.567
2026-01-30T18,1803.331
2026-01-30T19,1809.411
2026-01-30T20,1748.812
2026-01-30T21,1680.638
2026-01-30T22,787.195
2026-01-30T23,332.4
2026-01-31T00,298.304
2026-01-31T01,287.042
2026-01-31T02,265.713
2026-01-31T03,267.706
2026-01-31T04,267.009
2026-01-31T05,260.131
2026-01-31T06,318.437
2026-01-31T07,380.23
2026-01-31T08,509.898
2026-01-31T09,1248.432
2026-01-31T10,2217.895
2026-01-31T11,2135.968
2026-01-31T12,1807.166
2026-01-31T13,1926.468
2026-01-31T14,2032.115
2026-01-31T15,2053.344
2026-01-31T16,2045.67
2026-01-31T17,1742.183
2026-01-31T18,1774.276
2026-01-31T19,1762.017
2026-01-31T20,1685.473
2026-01-31T21,1597.965
2026-01-31T22,769.63
2026-01-31T23,440.928
2026-02-01T00,363.042
2026-02-01T01,316.399
2026-02-01T02,304.119
2026-02-01T03,306.001
2026-02-01T04,299.96
2026-02-01T05,298.474
2026-02-01T06,320.162
2026-02-01T07,357.001
2026-02-01T08,422.756
2026-02-01T09,983.56
2026-02-01T10,2050.205
2026-02-01T11,2058.622
2026-02-01T12,2030.894
2026-02-01T13,2032.479
2026-02-01T14,2004.255
2026-02-01T15,1946.62
2026-02-01T16,1928.498
2026-02-01T17,1581.4
2026-02-01T18,1593.382
2026-02-01T19,1621.804
2026-02-01T20,1617.05
2026-02-01T21,1580.112
2026-02-01T22,942.363
2026-02-01T23,352.842
2026-02-02T00,285.495
2026-02-02T01,271.928
2026-02-02T02,261.035
2026-02-02T03,257.47
2026-02-02T04,260.936
2026-02-02T05,259.252
2026-02-02T06,305.201
2026-02-02T07,314.509
2026-02-02T08,317.381
2026-02-02T09,346.99
2026-02-02T10,422.152
2026-02-02T11,1001.558
2026-02-02T12,2077.189
2026-02-02T13,2016.089
2026-02-02T14,1995.194
2026-02-02T15,2009.157
2026-02-02T16,1948.949
2026-02-02T17,1825.264
2026-02-02T18,1600.869
2026-02-02T19,1636.123
2026-02-02T20,1616.317
2026-02-02T21,1593.046
2026-02-02T22,1032.059
2026-02-02T23,372.836
2026-02-03T00,305.4
2026-02-03T01,281.336
2026-02-03T02,271.533
2026-02-03T03,275.89
2026-02-03T04,276.187
2026-02-03T05,268.364
2026-02-03T06,309.757
2026-02-03T07,370.956
2026-02-03T08,503.454
2026-02-03T09,1114.848
2026-02-03T10,2131.956
2026-02-03T11,2060.756
2026-02-03T12,2099.178
2026-02-03T13,2089.573
2026-02-03T14,2104.625
2026-02-03T15,2100.466
2026-02-03T16,2082.839
2026-02-03T17,2076.699
2026-02-03T18,1994.804
2026-02-03T19,1936.675
2026-02-03T20,1634.444
2026-02-03T21,1552.944
2026-02-03T22,672.098
2026-02-03T23,344.219
2026-02-04T00,303.617
2026-02-04T01,291.634
2026-02-04T02,277.672
2026-02-04T03,265.59
2026-02-04T04,273.215
2026-02-04T05,275.295
2026-02-04T06,313.42
2026-02-04T07,407.793
2026-02-04T08,525.932
2026-02-04T09,1252.79
2026-02-04T10,2078.774
2026-02-04T11,2055.403
2026-02-04T12,2035.994
2026-02-04T13,2042.629
2026-02-04T14,2036.687
2026-02-04T15,2042.035
2026-02-04T16,1854.676
2026-02-04T17,1786.545
2026-02-04T18,1796.151
2026-02-04T19,1718.018
2026-02-04T20,1593.641
2026-02-04T21,1538.384
2026-02-04T22,789.641
2026-02-04T23,400.465
2026-02-05T00,308.966
2026-02-05T01,287.279
2026-02-05T02,281.536
2026-02-05T03,275.0
2026-02-05T04,277.574
2026-02-05T05,278.664
2026-02-05T06,314.413
2026-02-05T07,349.567
2026-02-05T08,500.585
2026-02-05T09,1103.861
2026-02-05T10,2192.669
2026-02-05T11,2150.385
2026-02-05T12,2138.798
2026-02-05T13,2141.472
2026-02-05T14,2120.974
2026-02-05T15,2074.926
2026-02-05T16,2036.899
2026-02-05T17,1765.761
2026-02-05T18,1736.548
2026-02-05T19,1687.629
2026-02-05T20,1609.892
2026-02-05T21,1583.551
2026-02-05T22,1078.51
2026-02-05T23,372.542
2026-02-06T00,286.889
2026-02-06T01,269.856
2026-02-06T02,267.578
2026-02-06T03,265.103
2026-02-06T04,269.757
2026-02-06T05,265.202
2026-02-06T06,318.975
2026-02-06T07,376.214
2026-02-06T08,527.333
2026-02-06T09,966.629
2026-02-06T10,2079.03
2026-02-06T11,2098.043
2026-02-06T12,2097.35
2026-02-06T13,2071.206
2026-02-06T14,2110.224
2026-02-06T15,2103.787
2026-02-06T16,1970.79
2026-02-06T17,1765.007
2026-02-06T18,1756.193
2026-02-06T19,1724.206
2026-02-06T20,1657.658
2026-02-06T21,1593.091
2026-02-06T22,947.219
2026-02-06T23,473.659
2026-02-07T00,314.315
2026-02-07T01,296.589
2026-02-07T02,284.21
2026-02-07T03,276.288
2026-02-07T04,273.317
2026-02-07T05,271.238
2026-02-07T06,317.088
2026-02-07T07,389.378
2026-02-07T08,498.903
2026-02-07T09,1117.927
2026-02-07T10,2090.284
2026-02-07T11,2106.227
2026-02-07T12,2128.013
2026-02-07T13,2087.016
2026-02-07T14,2121.279
2026-02-07T15,2124.448
2026-02-07T16,2150.988
2026-02-07T17,1837.96
2026-02-07T18,1837.168
2026-02-07T19,1823.799
2026-02-07T20,1754.777
2026-02-07T21,1707.045
2026-02-07T22,1309.646
2026-02-07T23,571.095
2026-02-08T00,299.962
2026-02-08T01,274.016
2026-02-08T02,266.688
2026-02-08T03,264.41
2026-02-08T04,262.924
2026-02-08T05,266.291
2026-02-08T06,322.243
2026-02-08T07,352.844
2026-02-08T08,453.062
2026-02-08T09,1023.672
2026-02-08T10,2035.956
2026-02-08T11,2073.488
2026-02-08T12,2090.125
2026-02-08T13,2036.946
2026-02-08T14,1972.874
2026-02-08T15,1963.763
2026-02-08T16,2003.672
2026-02-08T17,1743.719
2026-02-08T18,1830.271
2026-02-08T19,1848.393
2026-02-08T20,1845.819
2026-02-08T21,1767.783
2026-02-08T22,1187.963
2026-02-08T23,468.114
2026-02-09T00,353.726
2026-02-09T01,310.748
2026-02-09T02,276.188
2026-02-09T03,282.823
2026-02-09T04,279.456
2026-02-09T05,272.92
2026-02-09T06,281.04
2026-02-09T07,319.067
2026-02-09T08,326.89
2026-02-09T09,390.763
2026-02-09T10,453.843
2026-02-09T11,970.866
2026-02-09T12,2034.521
2026-02-09T13,2057.297
2026-02-09T14,2019.766
2026-02-09T15,1974.609
2026-02-09T16,1958.765
2026-02-09T17,1984.611
2026-02-09T18,2007.585
2026-02-09T19,2036.402
2026-02-09T20,2028.48
2026-02-09T21,1966.984
2026-02-09T22,1315.878
2026-02-09T23,389.772
2026-02-10T00,320.054
2026-02-10T01,293.416
2026-02-10T02,273.313
2026-02-10T03,263.609
2026-02-10T04,265.886
2026-02-10T05,264.005
2026-02-10T06,323.817
2026-02-10T07,379.668
2026-02-10T08,511.373
2026-02-10T09,1008.685
2026-02-10T10,1784.757
2026-02-10T11,2083.322
2026-02-10T12,2041.533
2026-02-10T13,2030.64
2026-02-10T14,2046.682
2026-02-10T15,2002.714
2026-02-10T16,2007.666
2026-02-10T17,1683.453
2026-02-10T18,1717.221
2026-02-10T19,1716.626
2026-02-10T20,1658.795
2026-02-10T21,1587.1
2026-02-10T22,648.03
2026-02-10T23,413.634
2026-02-11T00,309.756
2026-02-11T01,292.525
2026-02-11T02,275.691
2026-02-11T03,279.157
2026-02-11T04,271.235
2026-02-11T05,265.392
2026-02-11T06,316.193
2026-02-11T07,385.71
2026-02-11T08,522.961
2026-02-11T09,1142.275
2026-02-11T10,2155.618
2026-02-11T11,2054.412
2026-02-11T12,2086.2
2026-02-11T13,2078.971
2026-02-11T14,2094.716
2026-02-11T15,2056.195
2026-02-11T16,2033.121
2026-02-11T17,1702.272
2026-02-11T18,1702.966
2026-02-11T19,1688.706
2026-02-11T20,1654.739
2026-02-11T21,1638.301
2026-02-11T22,935.903
2026-02-11T23,377.986
2026-02-12T00,310.756
2026-02-12T01,282.335
2026-02-12T02,276.987
2026-02-12T03,271.937
2026-02-12T04,272.729
2026-02-12T05,264.113
2026-02-12T06,317.589
2026-02-12T07,388.891
2026-02-12T08,556.054
2026-02-12T09,1135.479
2026-02-12T10,2166.778
2026-02-12T11,2072.997
2026-02-12T12,2056.359
2026-02-12T13,2032.196
2026-02-12T14,2014.866
2026-02-12T15,2011.4
2026-02-12T16,1845.425
2026-02-12T17,1756.793
2026-02-12T18,1721.539
2026-02-12T19,1706.189
2026-02-12T20,1679.946
2026-02-12T21,1634.095
2026-02-12T22,919.89
2026-02-12T23,545.656
2026-02-13T00,355.013
2026-02-13T01,290.15
2026-02-13T02,276.781
2026-02-13T03,277.673
2026-02-13T04,277.673
2026-02-13T05,281.04
2026-02-13T06,316.59
2026-02-13T07,360.757
2026-02-13T08,530.786
2026-02-13T09,1117.325
2026-02-13T10,2159.786
2026-02-13T11,2081.851
2026-02-13T12,2064.819
2026-02-13T13,2084.822
2026-02-13T14,2086.209
2026-02-13T15,2096.309
2026-02-13T16,2096.111
2026-02-13T17,2036.2
2026-02-13T18,1974.803
2026-02-13T19,1952.72
2026-02-13T20,1899.146
2026-02-13T21,1831.609
2026-02-13T22,900.555
2026-02-13T23,359.271
2026-02-14T00,277.777
2026-02-14T01,257.08
2026-02-14T02,260.249
2026-02-14T03,262.626
2026-02-14T04,259.457
2026-02-14T05,256.486
2026-02-14T06,303.624
2026-02-14T07,370.568
2026-02-14T08,510.695
2026-02-14T09,1040.7
2026-02-14T10,1851.751
2026-02-14T11,2129.528
2026-02-14T12,2079.221
2026-02-14T13,2052.78
2026-02-14T14,1987.718
2026-02-14T15,1963.06
2026-02-14T16,1971.279
2026-02-14T17,1664.189
2026-02-14T18,1702.315
2026-02-14T19,1697.661
2026-02-14T20,1625.964
2026-02-14T21,1584.173
2026-02-14T22,843.631
2026-02-14T23,503.465
2026-02-15T00,307.587
2026-02-15T01,285.504
2026-02-15T02,267.975
2026-02-15T03,264.113
2026-02-15T04,270.055
2026-02-15T05,270.946
2026-02-15T06,306.498
2026-02-15T07,333.83
2026-02-15T08,430.385
2026-02-15T09,1007.829
2026-02-15T10,2021.402
2026-02-15T11,1980.502
2026-02-15T12,1987.533
2026-02-15T13,1998.625
2026-02-15T14,1973.174
2026-02-15T15,1992.485
2026-02-15T16,1988.722
2026-02-15T17,1968.817
2026-02-15T18,2005.557
2026-02-15T19,1985.949
2026-02-15T20,1941.385
2026-02-15T21,1884.542
2026-02-15T22,1550.117
2026-02-15T23,748.469
2026-02-16T00,327.881
2026-02-16T01,276.089
2026-02-16T02,271.336
2026-02-16T03,272.821
2026-02-16T04,270.346
2026-02-16T05,267.672
2026-02-16T06,318.968
2026-02-16T07,326.395
2026-02-16T08,336.199
2026-02-16T09,359.372
2026-02-16T10,471.669
2026-02-16T11,1054.645
2026-02-16T12,2035.911
2026-02-16T13,1941.141
2026-02-16T14,1902.916
2026-02-16T15,1828.943
2026-02-16T16,1856.77
2026-02-16T17,1683.471
2026-02-16T18,1643.464
2026-02-16T19,1617.816
2026-02-16T20,1591.969
2026-02-16T21,1575.828
2026-02-16T22,827.476
2026-02-16T23,396.903
2026-02-17T00,304.413
2026-02-17T01,277.378
2026-02-17T02,274.704
2026-02-17T03,278.368
2026-02-17T04,273.219
2026-02-17T05,279.953
2026-02-17T06,332.141
2026-02-17T07,385.715
2026-02-17T08,512.273
2026-02-17T09,1094.163
2026-02-17T10,2045.627
2026-02-17T11,1955.313
2026-02-17T12,2008.689
2026-02-17T13,2000.371
2026-02-17T14,2030.97
2026-02-17T15,2002.153
2026-02-17T16,2020.671
2026-02-17T17,1756.167
2026-02-17T18,1733.589
2026-02-17T19,1724.478
2026-02-17T20,1645.849
2026-02-17T21,1588.71
2026-02-17T22,959.98
2026-02-17T23,356.106
2026-02-18T00,299.363
2026-02-18T01,275.299
2026-02-18T02,268.863
2026-02-18T03,259.752
2026-02-18T04,266.981
2026-02-18T05,262.426
2026-02-18T06,325.111
2026-02-18T07,392.747
2026-02-18T08,515.939
2026-02-18T09,1167.844
2026-02-18T10,2142.384
2026-02-18T11,2073.064
2026-02-18T12,2075.737
2026-02-18T13,2078.708
2026-02-18T14,2109.902
2026-02-18T15,2087.324
2026-02-18T16,1842.822
2026-02-18T17,1753.598
2026-02-18T18,1760.827
2026-02-18T19,1767.462
2026-02-18T20,1672.097
2026-02-18T21,1607.233
2026-02-18T22,837.385
2026-02-18T23,649.132
2026-02-19T00,469.198
2026-02-19T01,297.879
2026-02-19T02,288.471
2026-02-19T03,289.362
2026-02-19T04,281.638
2026-02-19T05,278.865
2026-02-19T06,332.638
2026-02-19T07,366.803
2026-02-19T08,550.6
2026-02-19T09,1149.625
2026-02-19T10,2263.6
2026-02-19T11,2175.167
2026-02-19T12,2118.027
2026-02-19T13,2073.266
2026-02-19T14,2035.536
2026-02-19T15,2003.946
2026-02-19T16,1995.43
2026-02-19T17,2004.144
2026-02-19T18,1999.985
2026-02-19T19,2008.304
2026-02-19T20,1931.061
2026-02-19T21,1871.149
2026-02-19T22,1274.896
2026-02-19T23,386.41
2026-02-20T00,344.02
2026-02-20T01,324.908
2026-02-20T02,288.268
2026-02-20T03,272.819
2026-02-20T04,272.423
2026-02-20T05,296.784
2026-02-20T06,384.126
2026-02-20T07,424.925
2026-02-20T08,552.769
2026-02-20T09,1127.324
2026-02-20T10,1946.079
2026-02-20T11,2033.223
2026-02-20T12,2034.907
2026-02-20T13,2016.983
2026-02-20T14,2058.772
2026-02-20T15,2050.949
2026-02-20T16,1865.174
2026-02-20T17,1739.608
2026-02-20T18,1755.848
2026-02-20T19,1730.398
2026-02-20T20,1627.608
2026-02-20T21,1546.802
2026-02-20T22,882.034
2026-02-20T23,402.248
2026-02-21T00,322.243
2026-02-21T01,295.505
2026-02-21T02,281.542
2026-02-21T03,277.976
2026-02-21T04,277.481
2026-02-21T05,278.274
2026-02-21T06,318.084
2026-02-21T07,391.96
2026-02-21T08,526.145
2026-02-21T09,1111.906
2026-02-21T10,2119.633
2026-02-21T11,2100.916
2026-02-21T12,2076.753
2026-02-21T13,2046.45
2026-02-21T14,2086.557
2026-02-21T15,2065.166
2026-02-21T16,2081.11
2026-02-21T17,1917.018
2026-02-21T18,1770.058
2026-02-21T19,1764.908
2026-02-21T20,1706.877
2026-02-21T21,1663.403
2026-02-21T22,1331.554
2026-02-21T23,542.485
2026-02-22T00,331.549
2026-02-22T01,301.444
2026-02-22T02,273.023
2026-02-22T03,263.615
2026-02-22T04,265.2
2026-02-22T05,268.27
2026-02-22T06,316.497
2026-02-22T07,348.582
2026-02-22T08,433.054
2026-02-22T09,1051.193
2026-02-22T10,1896.109
2026-02-22T11,1993.851
2026-02-22T12,1953.645
2026-02-22T13,1960.28
2026-02-22T14,1966.915
2026-02-22T15,1947.01
2026-02-22T16,1844.02
2026-02-22T17,1715.579
2026-02-22T18,1726.175
2026-02-22T19,1730.83
2026-02-22T20,1687.257
2026-02-22T21,1651.31
2026-02-22T22,1161.512
2026-02-22T23,451.077
2026-02-23T00,324.124
2026-02-23T01,293.127
2026-02-23T02,281.739
2026-02-23T03,278.372
2026-02-23T04,270.45
2026-02-23T05,269.954
2026-02-23T06,306.694
2026-02-23T07,317.786
2026-02-23T08,340.067
2026-02-23T09,383.739
2026-02-23T10,486.928
2026-02-23T11,1045.851
2026-02-23T12,2163.993
2026-02-23T13,2071.598
2026-02-23T14,1936.819
2026-02-23T15,1889.681
2026-02-23T16,1885.027
2026-02-23T17,1584.472
2026-02-23T18,1622.995
2026-02-23T19,1630.224
2026-02-23T20,1661.913
2026-02-23T21,1607.249
2026-02-23T22,778.372
2026-02-23T23,313.825
2026-02-24T00,288.269
2026-02-24T01,271.336
2026-02-24T02,265.988
2026-02-24T03,260.046
2026-02-24T04,265.889
2026-02-24T05,262.72
2026-02-24T06,313.521
2026-02-24T07,367.788
2026-02-24T08,507.714
2026-02-24T09,1226.853
2026-02-24T10,1811.314
2026-02-24T11,1804.085
2026-02-24T12,1803.193
2026-02-24T13,1783.289
2026-02-24T14,1772.198
2026-02-24T15,1740.608
2026-02-24T16,1732.983
2026-02-24T17,1745.955
2026-02-24T18,1737.34
2026-02-24T19,1746.946
2026-02-24T20,1661.782
2026-02-24T21,1601.573
2026-02-24T22,870.254
2026-02-24T23,381.355
2026-02-25T00,320.356
2026-02-25T01,293.024
2026-02-25T02,284.607
2026-02-25T03,293.618
2026-02-25T04,294.213
2026-02-25T05,291.44
2026-02-25T06,317.88
2026-02-25T07,380.07
2026-02-25T08,545.249
2026-02-25T09,1159.62
2026-02-25T10,2186.145
2026-02-25T11,2110.884
2026-02-25T12,2109.597
2026-02-25T13,2084.146
2026-02-25T14,2073.451
2026-02-25T15,2065.43
2026-02-25T16,1749.53
2026-02-25T17,1763.097
2026-02-25T18,1740.717
2026-02-25T19,1712.692
2026-02-25T20,1649.809
2026-02-25T21,1594.947
2026-02-25T22,1031.675
2026-02-25T23,376.802
2026-02-26T00,324.123
2026-02-26T01,285.799
2026-02-26T02,265.894
2026-02-26T03,264.705
2026-02-26T04,262.329
2026-02-26T05,262.032
2026-02-26T06,324.321
2026-02-26T07,371.954
2026-02-26T08,540.205
2026-02-26T09,1162.109
2026-02-26T10,1996.332
2026-02-26T11,2078.13
2026-02-26T12,2051.987
2026-02-26T13,2025.546
2026-02-26T14,2024.654
2026-02-26T15,2014.553
2026-02-26T16,1775.695
2026-02-26T17,1748.66
2026-02-26T18,1737.965
2026-02-26T19,1706.869
2026-02-26T20,1654.681
2026-02-26T21,1564.564
2026-02-26T22,1038.421
2026-02-26T23,390.473
2026-02-27T00,300.85
2026-02-27T01,278.272
2026-02-27T02,278.866
2026-02-27T03,282.233
2026-02-27T04,274.608
2026-02-27T05,270.746
2026-02-27T06,305.208
2026-02-27T07,378.687
2026-02-27T08,531.687
2026-02-27T09,1076.446
2026-02-27T10,2117.44
2026-02-27T11,2098.427
2026-02-27T12,2073.273
2026-02-27T13,2048.021
2026-02-27T14,2014.351
2026-02-27T15,1995.14
2026-02-27T16,1678.543
2026-02-27T17,1732.91
2026-02-27T18,1717.462
2026-02-27T19,1695.874
2026-02-27T20,1648.736
2026-02-27T21,1579.217
2026-02-27T22,798.472
2026-02-27T23,384.53
2026-02-28T00,347.292
2026-02-28T01,314.216
2026-02-28T02,279.656
2026-02-28T03,267.376
2026-02-28T04,272.229
2026-02-28T05,267.277
2026-02-28T06,317.881
2026-02-28T07,365.018
2026-02-28T08,505.044
2026-02-28T09,1115.85
2026-02-28T10,1973.434
2026-02-28T11,2019.284
2026-02-28T12,1983.238
2026-02-28T13,2024.83
2026-02-28T14,2059.391
2026-02-28T15,2070.185
2026-02-28T16,1720.219
2026-02-28T17,1731.211
2026-02-28T18,1712.099
2026-02-28T19,1705.563
2026-02-28T20,1661.99
2026-02-28T21,1530.58
2026-02-28T22,960.475
2026-02-28T23,492.665
2026-03-01T00,316.345
2026-03-01T01,305.201
2026-03-01T02,289.931
2026-03-01T03,289.312
2026-03-01T04,282.502
2026-03-01T05,277.653
2026-03-01T06,315.519
2026-03-01T07,344.1
2026-03-01T08,439.127
2026-03-01T09,992.162
2026-03-01T10,2152.609
2026-03-01T11,2062.74
2026-03-01T12,2050.049
2026-03-01T13,2013.937
2026-03-01T14,2018.786
2026-03-01T15,1982.055
2026-03-01T16,1651.162
2026-03-01T17,1678.917
2026-03-01T18,1683.56
2026-03-01T19,1696.973
2026-03-01T20,1678.607
2026-03-01T21,1634.963
2026-03-01T22,1346.477
2026-03-01T23,539.313
2026-03-02T00,306.335
2026-03-02T01,276.104
2026-03-02T02,275.794
2026-03-02T03,268.572
2026-03-02T04,268.572
2026-03-02T05,264.548
2026-03-02T06,320.78
2026-03-02T07,325.835
2026-03-02T08,346.78
2026-03-02T09,369.583
2026-03-02T10,471.729
2026-03-02T11,989.474
2026-03-02T12,2135.573
2026-03-02T13,2096.572
2026-03-02T14,2043.435
2026-03-02T15,1995.561
2026-03-02T16,1879.073
2026-03-02T17,1648.161
2026-03-02T18,1690.98
2026-03-02T19,1690.567
2026-03-02T20,1670.86
2026-03-02T21,1611.12
2026-03-02T22,682.108
2026-03-02T23,437.886
2026-03-03T00,386.086
2026-03-03T01,283.529
2026-03-03T02,272.386
2026-03-03T03,265.886
2026-03-03T04,263.925
2026-03-03T05,278.473
2026-03-03T06,312.522
2026-03-03T07,340.276
2026-03-03T08,433.341
2026-03-03T09,1020.415
2026-03-03T10,2019.061
2026-03-03T11,2006.37
2026-03-03T12,2024.22
2026-03-03T13,1994.917
2026-03-03T14,2020.299
2026-03-03T15,2022.878
2026-03-03T16,1741.103
2026-03-03T17,1714.381
2026-03-03T18,1708.087
2026-03-03T19,1744.921
2026-03-03T20,1762.874
2026-03-03T21,1694.777
2026-03-03T22,1121.838
2026-03-03T23,345.435
2026-03-04T00,316.137
2026-03-04T01,286.835
2026-03-04T02,278.993
2026-03-04T03,270.945
2026-03-04T04,269.707
2026-03-04T05,270.017
2026-03-04T06,327.59
2026-03-04T07,336.154
2026-03-04T08,384.131
2026-03-04T09,1080.376
2026-03-04T10,1928.085
2026-03-04T11,1958.626
2026-03-04T12,1981.531
2026-03-04T13,1973.793
2026-03-04T14,1939.951
2026-03-04T15,1982.357
2026-03-04T16,1658.378
2026-03-04T17,1695.522
2026-03-04T18,1717.912
2026-03-04T19,1743.603
2026-03-04T20,1725.444
2026-03-04T21,1640.528
2026-03-04T22,826.042
2026-03-04T23,381.345
2026-03-05T00,296.634
2026-03-05T01,276.101
2026-03-05T02,273.316
2026-03-05T03,269.808
2026-03-05T04,268.157
2026-03-05T05,269.704
2026-03-05T06,296.737
2026-03-05T07,330.063
2026-03-05T08,439.121
2026-03-05T09,969.863
2026-03-05T10,2089.642
2026-03-05T11,2083.658
2026-03-05T12,2073.237
2026-03-05T13,2011.743
2026-03-05T14,2062.816
2026-03-05T15,2036.712
2026-03-05T16,1713.356
2026-03-05T17,1679.72
2026-03-05T18,1634.425
2026-03-05T19,1652.172
2026-03-05T20,1655.783
2026-03-05T21,1566.122
2026-03-05T22,1039.92
2026-03-05T23,347.19
2026-03-06T00,313.353
2026-03-06T01,292.098
2026-03-06T02,281.78
2026-03-06T03,278.169
2026-03-06T04,280.439
2026-03-06T05,276.931
2026-03-06T06,345.751
2026-03-06T07,377.942
2026-03-06T08,495.566
2026-03-06T09,1105.763
2026-03-06T10,1991.343
2026-03-06T11,1967.818
2026-03-06T12,1951.103
2026-03-06T13,1962.659
2026-03-06T14,2017.963
2026-03-06T15,2000.629
2026-03-06T16,1705.642
2026-03-06T17,1687.689
2026-03-06T18,1687.173
2026-03-06T19,1715.753
2026-03-06T20,1677.577
2026-03-06T21,1609.273
2026-03-06T22,780.544
2026-03-06T23,378.046
2026-03-07T00,311.29
2026-03-07T01,291.479
2026-03-07T02,285.701
2026-03-07T03,275.177
2026-03-07T04,277.55
2026-03-07T05,277.653
2026-03-07T06,324.806
2026-03-07T07,385.372
2026-03-07T08,531.988
2026-03-07T09,1148.893
2026-03-07T10,2187.591
2026-03-07T11,2153.955
2026-03-07T12,2182.535
2026-03-07T13,2177.892
2026-03-07T14,2196.877
2026-03-07T15,2168.503
2026-03-07T16,1923.557
2026-03-07T17,1856.285
2026-03-07T18,1831.419
2026-03-07T19,1790.973
2026-03-07T20,1734.431
2026-03-07T21,1696.358
2026-03-07T22,867.009
2026-03-07T23,402.706
2026-03-08T00,328.101
2026-03-08T01,303.029
2026-03-08T02,286.005
2026-03-08T03,277.647
2026-03-08T04,275.687
2026-03-08T05,274.243
2026-03-08T06,335.013
2026-03-08T07,364.934
2026-03-08T08,444.999
2026-03-08T09,1163.003
2026-03-08T10,1999.969
2026-03-08T11,2016.993
2026-03-08T12,2003.167
2026-03-08T13,2011.112
2026-03-08T14,2052.176
2026-03-08T15,2073.74
2026-03-08T16,1774.529
2026-03-08T17,1783.299
2026-03-08T18,1789.696
2026-03-08T19,1784.021
2026-03-08T20,1774.632
2026-03-08T21,1768.544
2026-03-08T22,1070.247
2026-03-08T23,533.215
2026-03-09T00,380.012
2026-03-09T01,348.336
2026-03-09T02,333.994
2026-03-09T03,338.018
2026-03-09T04,339.153
2026-03-09T05,325.636
2026-03-09T06,369.075
2026-03-09T07,374.956
2026-03-09T08,405.807
2026-03-09T09,485.049
2026-03-09T10,573.371
2026-03-09T11,1145.092
2026-03-09T12,2259.023
2026-03-09T13,2161.724
2026-03-09T14,2116.428
2026-03-09T15,2051.322
2026-03-09T16,1741.163
2026-03-09T17,1763.759
2026-03-09T18,1777.895
2026-03-09T19,1778.204
2026-03-09T20,1568.542
2026-03-09T21,1670.278
2026-03-09T22,1071.524
2026-03-09T23,403.64
2026-03-10T00,354.626
2026-03-10T01,341.832
2026-03-10T02,331.617
2026-03-10T03,326.149
2026-03-10T04,318.307
2026-03-10T05,322.847
2026-03-10T06,379.905
2026-03-10T07,415.502
2026-03-10T08,534.054
2026-03-10T09,1090.086
2026-03-10T10,2094.636
2026-03-10T11,2077.199
2026-03-10T12,2076.27
2026-03-10T13,2067.5
2026-03-10T14,2101.549
2026-03-10T15,2087.414
2026-03-10T16,1793.457
2026-03-10T17,1725.359
2026-03-10T18,1698.842
2026-03-10T19,1703.794
2026-03-10T20,1675.11
2026-03-10T21,1505.278
2026-03-10T22,643.94
2026-03-10T23,500.728
2026-03-11T00,373.922
2026-03-11T01,311.086
2026-03-11T02,301.696
2026-03-11T03,296.537
2026-03-11T04,299.22
2026-03-11T05,291.791
2026-03-11T06,321.816
2026-03-11T07,370.93
2026-03-11T08,575.328
2026-03-11T09,1164.895
2026-03-11T10,2228.468
2026-03-11T11,2161.607
2026-03-11T12,2139.011
2026-03-11T13,2101.557
2026-03-11T14,2110.431
2026-03-11T15,2076.485
2026-03-11T16,1782.939
2026-03-11T17,1707.412
2026-03-11T18,1686.26
2026-03-11T19,1712.055
2026-03-11T20,1693.999
2026-03-11T21,1620.019
2026-03-11T22,1086.685
2026-03-11T23,361.85
2026-03-12T00,307.578
2026-03-12T01,294.061
2026-03-12T02,290.45
2026-03-12T03,282.815
2026-03-12T04,275.902
2026-03-12T05,279.823
2026-03-12T06,340.183
2026-03-12T07,423.552
2026-03-12T08,543.756
2026-03-12T09,1177.381
2026-03-12T10,2121.266
2026-03-12T11,2141.386
2026-03-12T12,2151.395
2026-03-12T13,2094.44
2026-03-12T14,2104.551
2026-03-12T15,2090.828
2026-03-12T16,1753.019
2026-03-12T17,1719.692
2026-03-12T18,1724.954
2026-03-12T19,1717.628
2026-03-12T20,1683.579
2026-03-12T21,1643.546
2026-03-12T22,1102.782
2026-03-12T23,429.433
2026-03-13T00,324.699
2026-03-13T01,311.905
2026-03-13T02,305.405
2026-03-13T03,299.318
2026-03-13T04,302.0
2026-03-13T05,305.921
2026-03-13T06,337.7
2026-03-13T07,407.551
2026-03-13T08,529.919
2026-03-13T09,1137.222
2026-03-13T10,2094.811
2026-03-13T11,2074.485
2026-03-13T12,2086.144
2026-03-13T13,2052.612
2026-03-13T14,2072.628
2026-03-13T15,2064.89
2026-03-13T16,1787.652
2026-03-13T17,1686.848
2026-03-13T18,1676.633
2026-03-13T19,1716.047
2026-03-13T20,1697.475
2026-03-13T21,1649.394
2026-03-13T22,605.239
2026-03-13T23,360.502
2026-03-14T00,335.223
2026-03-14T01,320.778
2026-03-14T02,274.864
2026-03-14T03,262.173
2026-03-14T04,267.642
2026-03-14T05,264.34
2026-03-14T06,312.42
2026-03-14T07,378.763
2026-03-14T08,536.315
2026-03-14T09,1147.949
2026-03-14T10,2142.164
2026-03-14T11,2153.823
2026-03-14T12,2177.244
2026-03-14T13,2185.292
2026-03-14T14,2191.689
2026-03-14T15,2170.641
2026-03-14T16,1848.625
2026-03-14T17,1784.655
2026-03-14T18,1768.147
2026-03-14T19,1765.671
2026-03-14T20,1741.424
2026-03-14T21,1713.979
2026-03-14T22,1011.549
2026-03-14T23,442.63
2026-03-15T00,347.504
2026-03-15T01,322.845
2026-03-15T02,321.4
2026-03-15T03,311.598
2026-03-15T04,311.082
2026-03-15T05,306.336
2026-03-15T06,329.448
2026-03-15T07,363.497
2026-03-15T08,467.397
2026-03-15T09,1034.155
2026-03-15T10,2155.598
2026-03-15T11,2119.28
2026-03-15T12,2095.342
2026-03-15T13,2078.627
2026-03-15T14,2077.389
2026-03-15T15,2003.204
2026-03-15T16,1705.226
2026-03-15T17,1799.221
2026-03-15T18,1801.8
2026-03-15T19,1769.712
2026-03-15T20,1745.878
2026-03-15T21,1692.432
2026-03-15T22,1301.386
2026-03-15T23,439.642
2026-03-16T00,329.756
2026-03-16T01,297.358
2026-03-16T02,289.001
2026-03-16T03,280.953
2026-03-16T04,280.85
2026-03-16T05,280.334
2026-03-16T06,325.732
2026-03-16T07,340.487
2026-03-16T08,354.313
2026-03-16T09,394.139
2026-03-16T10,511.246
2026-03-16T11,1025.794
2026-03-16T12,2126.494
2026-03-16T13,2091.93
2026-03-16T14,2046.944
2026-03-16T15,2013.205
2026-03-16T16,1593.684
2026-03-16T17,1651.67
2026-03-16T18,1699.338
2026-03-16T19,1710.894
2026-03-16T20,1703.568
2026-03-16T21,1661.369
2026-03-16T22,1049.524
2026-03-16T23,380.416
2026-03-17T00,317.888
2026-03-17T01,321.705
2026-03-17T02,307.88
2026-03-17T03,294.776
2026-03-17T04,293.228
2026-03-17T05,296.014
2026-03-17T06,342.237
2026-03-17T07,422.612
2026-03-17T08,563.552
2026-03-17T09,1191.279
2026-03-17T10,2179.919
2026-03-17T11,2180.125
2026-03-17T12,2178.681
2026-03-17T13,2172.903
2026-03-17T14,2209.428
2026-03-17T15,2167.847
2026-03-17T16,1806.419
2026-03-17T17,1768.244
2026-03-17T18,1777.53
2026-03-17T19,1760.402
2026-03-17T20,1756.481
2026-03-17T21,1677.861
2026-03-17T22,1008.553
2026-03-17T23,371.436
2026-03-18T00,330.888
2026-03-18T01,304.165
2026-03-18T02,276.101
2026-03-18T03,271.871
2026-03-18T04,277.649
2026-03-18T05,273.109
2026-03-18T06,330.578
2026-03-18T07,361.635
2026-03-18T08,534.765
2026-03-18T09,1176.422
2026-03-18T10,2177.237
2026-03-18T11,2109.759
2026-03-18T12,2101.505
2026-03-18T13,2073.75
2026-03-18T14,2100.886
2026-03-18T15,2111.926
2026-03-18T16,1742.966
2026-03-18T17,1715.83
2026-03-18T18,1700.869
2026-03-18T19,1709.33
2026-03-18T20,1678.17
2026-03-18T21,1624.312
2026-03-18T22,661.776
2026-03-18T23,438.501
2026-03-19T00,325.738
2026-03-19T01,288.696
2026-03-19T02,279.513
2026-03-19T03,279.41
2026-03-19T04,266.925
2026-03-19T05,268.576
2026-03-19T06,315.007
2026-03-19T07,402.4
2026-03-19T08,549.843
2026-03-19T09,1177.794
2026-03-19T10,2259.114
2026-03-19T11,2225.891
2026-03-19T12,2166.356
2026-03-19T13,2147.474
2026-03-19T14,2166.769
2026-03-19T15,2140.148
2026-03-19T16,1858.675
2026-03-19T17,1766.948
2026-03-19T18,1777.266
2026-03-19T19,1773.758
2026-03-19T20,1743.63
2026-03-19T21,1690.08
2026-03-19T22,742.479
2026-03-19T23,347.508
2026-03-20T00,289.209
2026-03-20T01,273.836
2026-03-20T02,271.875
2026-03-20T03,266.716
2026-03-20T04,268.367
2026-03-20T05,268.677
2026-03-20T06,306.234
2026-03-20T07,389.396
2026-03-20T08,526.107
2026-03-20T09,1098.439
2026-03-20T10,2242.792
2026-03-20T11,2187.385
2026-03-20T12,2190.48
2026-03-20T13,2115.676
2026-03-20T14,2125.168
2026-03-20T15,1805.727
2026-03-20T16,1795.616
2026-03-20T17,1745.987
2026-03-20T18,1739.693
2026-03-20T19,1762.392
2026-03-20T20,1735.669
2026-03-20T21,1664.682
2026-03-20T22,1141.258
2026-03-20T23,370.617
2026-03-21T00,296.64
2026-03-21T01,287.663
2026-03-21T02,282.091
2026-03-21T03,288.901
2026-03-21T04,293.235
2026-03-21T05,291.893
2026-03-21T06,320.164
2026-03-21T07,375.056
2026-03-21T08,468.329
2026-03-21T09,950.381
2026-03-21T10,2242.595
2026-03-21T11,2165.52
2026-03-21T12,2164.901
2026-03-21T13,2129.098
2026-03-21T14,2122.082
2026-03-21T15,2066.675
2026-03-21T16,1745.685
2026-03-21T17,1716.898
2026-03-21T18,1720.716
2026-03-21T19,1703.485
2026-03-21T20,1677.69
2026-03-21T21,1616.402
2026-03-21T22,1165.819
2026-03-21T23,418.081
2026-03-22T00,334.397
2026-03-22T01,292.301
2026-03-22T02,287.658
2026-03-22T03,272.181
2026-03-22T04,271.15
2026-03-22T05,273.935
2026-03-22T06,323.667
2026-03-22T07,357.303
2026-03-22T08,428.598
2026-03-22T09,986.064
2026-03-22T10,1983.478
2026-03-22T11,2063.131
2026-03-22T12,2034.55
2026-03-22T13,2045.178
2026-03-22T14,2026.296
2026-03-22T15,1966.969
2026-03-22T16,1816.228
2026-03-22T17,1705.725
2026-03-22T18,1759.067
2026-03-22T19,1762.679
2026-03-22T20,1767.322
2026-03-22T21,1748.647
2026-03-22T22,1198.3
2026-03-22T23,457.178
2026-03-23T00,342.557
2026-03-23T01,303.246
2026-03-23T02,292.309
2026-03-23T03,287.046
2026-03-23T04,284.054
2026-03-23T05,276.419
2026-03-23T06,309.024
2026-03-23T07,334.509
2026-03-23T08,361.542
2026-03-23T09,421.593
2026-03-23T10,595.554
2026-03-23T11,1125.796
2026-03-23T12,2141.808
2026-03-23T13,2094.346
2026-03-23T14,2084.75
2026-03-23T15,1995.293
2026-03-23T16,1711.135
2026-03-23T17,1763.551
2026-03-23T18,1766.44
2026-03-23T19,1757.773
2026-03-23T20,1760.662
2026-03-23T21,1689.674
2026-03-23T22,1149.218
2026-03-23T23,353.701
2026-03-24T00,277.653
2026-03-24T01,269.708
2026-03-24T02,269.399
2026-03-24T03,264.859
2026-03-24T04,271.05
2026-03-24T05,267.438
2026-03-24T06,312.837
2026-03-24T07,412.92
2026-03-24T08,561.806
2026-03-24T09,1192.33
2026-03-24T10,2229.17
2026-03-24T11,2196.875
2026-03-24T12,2179.85
2026-03-24T13,2135.69
2026-03-24T14,2100.816
2026-03-24T15,2110.721
2026-03-24T16,1931.5
2026-03-24T17,1901.681
2026-03-24T18,1932.738
2026-03-24T19,1899.102
2026-03-24T20,1849.164
2026-03-24T21,1795.924
2026-03-24T22,817.07
2026-03-24T23,444.699
2026-03-25T00,348.842
2026-03-25T01,309.119
2026-03-25T02,293.023
2026-03-25T03,314.794
2026-03-25T04,310.667
2026-03-25T05,307.262
2026-03-25T06,333.572
2026-03-25T07,408.995
2026-03-25T08,589.245
2026-03-25T09,1080.472
2026-03-25T10,2294.147
2026-03-25T11,2206.343
2026-03-25T12,2189.422
2026-03-25T13,2169.199
2026-03-25T14,2199.43
2026-03-25T15,2079.125
2026-03-25T16,1867.715
2026-03-25T17,1780.221
2026-03-25T18,1798.174
2026-03-25T19,1775.371
2026-03-25T20,1734.1
2026-03-25T21,1678.694
2026-03-25T22,611.635
2026-03-25T23,413.431
2026-03-26T00,385.676
2026-03-26T01,354.001
2026-03-26T02,297.666
2026-03-26T03,274.038
2026-03-26T04,276.927
2026-03-26T05,278.165
2026-03-26T06,316.96
2026-03-26T07,411.057
2026-03-26T08,560.767
2026-03-26T09,1190.457
2026-03-26T10,2273.507
2026-03-26T11,2148.353
2026-03-26T12,2103.987
2026-03-26T13,2120.083
2026-03-26T14,1973.055
2026-03-26T15,2003.08
2026-03-26T16,1891.752
2026-03-26T17,1801.885
2026-03-26T18,1801.266
2026-03-26T19,1782.9
2026-03-26T20,1733.272
2026-03-26T21,1636.801
2026-03-26T22,686.85
2026-03-26T23,428.494
2026-03-27T00,324.496
2026-03-27T01,297.567
2026-03-27T02,286.32
2026-03-27T03,282.915
2026-03-27T04,284.979
2026-03-27T05,284.979
2026-03-27T06,320.369
2026-03-27T07,411.166
2026-03-27T08,577.386
2026-03-27T09,1149.614
2026-03-27T10,2147.349
2026-03-27T11,2215.86
2026-03-27T12,2205.542
2026-03-27T13,2206.574
2026-03-27T14,2188.518
2026-03-27T15,2156.016
2026-03-27T16,1860.72
2026-03-27T17,1839.155
2026-03-27T18,1797.884
2026-03-27T19,1805.003
2026-03-27T20,1767.962
2026-03-27T21,1692.539
2026-03-27T22,988.037
2026-03-27T23,456.049
2026-03-28T00,350.603
2026-03-28T01,338.531
2026-03-28T02,315.316
2026-03-28T03,282.711
2026-03-28T04,268.163
2026-03-28T05,268.576
2026-03-28T06,333.475
2026-03-28T07,385.271
2026-03-28T08,556.446
2026-03-28T09,1133.63
2026-03-28T10,1888.489
2026-03-28T11,1968.556
2026-03-28T12,2268.499
2026-03-28T13,2162.533
2026-03-28T14,2157.065
2026-03-28T15,2190.289
2026-03-28T16,1823.28
2026-03-28T17,1765.603
2026-03-28T18,1769.214
2026-03-28T19,1748.785
2026-03-28T20,1731.554
2026-03-28T21,1666.86
2026-03-28T22,960.186
2026-03-28T23,349.365
2026-03-29T00,299.732
2026-03-29T01,289.415
2026-03-29T02,269.914
2026-03-29T03,269.295
2026-03-29T04,261.247
2026-03-29T05,260.009
2026-03-29T06,295.296
2026-03-29T07,344.924
2026-03-29T08,420.244
2026-03-29T09,1072.123
2026-03-29T10,2168.597
2026-03-29T11,2069.34
2026-03-29T12,2082.237
2026-03-29T13,2093.174
2026-03-29T14,1913.541
2026-03-29T15,1892.286
2026-03-29T16,1771.98
2026-03-29T17,1752.067
2026-03-29T18,1766.202
2026-03-29T19,1745.257
2026-03-29T20,1730.916
2026-03-29T21,1703.47
2026-03-29T22,1297.98
2026-03-29T23,449.753
2026-03-30T00,319.338
2026-03-30T01,258.669
2026-03-30T02,253.304
2026-03-30T03,250.208
2026-03-30T04,246.803
2026-03-30T05,243.708
2026-03-30T06,300.766
2026-03-30T07,314.179
2026-03-30T08,329.862
2026-03-30T09,354.212
2026-03-30T10,454.502
2026-03-30T11,979.99
2026-03-30T12,1917.678
2026-03-30T13,1906.844
2026-03-30T14,1970.402
2026-03-30T15,1987.736
2026-03-30T16,1686.454
2026-03-30T17,1697.495
2026-03-30T18,1699.042
2026-03-30T19,1704.201
2026-03-30T20,1728.035
2026-03-30T21,1671.184
2026-03-30T22,1033.437
2026-03-30T23,361.951
2026-03-31T00,285.085
2026-03-31T01,273.219
2026-03-31T02,265.481
2026-03-31T03,269.092
2026-03-31T04,267.854
2026-03-31T05,268.163
2026-03-31T06,311.499
2026-03-31T07,392.392
2026-03-31T08,536.327
2026-03-31T09,1128.99
2026-03-31T10,2118.791
2026-03-31T11,2112.29
2026-03-31T12,2010.039
2026-03-31T13,2177.809
2026-03-31T14,2195.35
2026-03-31T15,2173.888
2026-03-31T16,1860.429
2026-03-31T17,1772.004
2026-03-31T18,1757.456
2026-03-31T19,1725.058
2026-03-31T20,1662.737
2026-03-31T21,1604.441
2026-03-31T22,693.985
2026-03-31T23,370.621
2026-04-01T00,314.566
2026-04-01T01,277.797
2026-04-01T02,259.882
2026-04-01T03,257.382
2026-04-01T04,257.278
2026-04-01T05,257.069
2026-04-01T06,308.629
2026-04-01T07,372.271
2026-04-01T08,545.283
2026-04-01T09,1092.128
2026-04-01T10,2069.366
2026-04-01T11,2233.419
2026-04-01T12,2192.484
2026-04-01T13,2179.88
2026-04-01T14,2177.172
2026-04-01T15,2155.819
2026-04-01T16,1789.173
2026-04-01T17,1718.031
2026-04-01T18,1755.425
2026-04-01T19,1762.508
2026-04-01T20,1712.51
2026-04-01T21,1633.556
2026-04-01T22,748.188
2026-04-01T23,420.185
2026-04-02T00,319.358
2026-04-02T01,294.776
2026-04-02T02,272.798
2026-04-02T03,276.965
2026-04-02T04,274.881
2026-04-02T05,267.798
2026-04-02T06,303.526
2026-04-02T07,343.836
2026-04-02T08,527.16
2026-04-02T09,1163.377
2026-04-02T10,2283.318
2026-04-02T11,2210.301
2026-04-02T12,2206.135
2026-04-02T13,2186.448
2026-04-02T14,2209.989
2026-04-02T15,2175.719
2026-04-02T16,1853.549
2026-04-02T17,1819.176
2026-04-02T18,1806.26
2026-04-02T19,1758.241
2026-04-02T20,1733.451
2026-04-02T21,1662.413
2026-04-02T22,748.19
2026-04-02T23,361.335
2026-04-03T00,318.94
2026-04-03T01,274.671
2026-04-03T02,265.609
2026-04-03T03,262.485
2026-04-03T04,257.485
2026-04-03T05,262.797
2026-04-03T06,319.46
2026-04-03T07,414.455
2026-04-03T08,572.987
2026-04-03T09,1258.884
2026-04-03T10,2252.784
2026-04-03T11,2184.246
2026-04-03T12,2202.683
2026-04-03T13,2177.892
2026-04-03T14,2196.85
2026-04-03T15,2171.122
2026-04-03T16,2088.835
2026-04-03T17,1794.269
2026-04-03T18,1782.291
2026-04-03T19,1789.894
2026-04-03T20,1735.939
2026-04-03T21,1349.816
2026-04-03T22,618.609
2026-04-03T23,412.996
2026-04-04T00,332.164
2026-04-04T01,295.813
2026-04-04T02,298.0
2026-04-04T03,291.646
2026-04-04T04,290.292
2026-04-04T05,293.73
2026-04-04T06,316.228
2026-04-04T07,405.909
2026-04-04T08,567.877
2026-04-04T09,1207.833
2026-04-04T10,2299.841
2026-04-04T11,2237.241
2026-04-04T12,2254.74
2026-04-04T13,2248.386
2026-04-04T14,2285.883
2026-04-04T15,2212.763
2026-04-04T16,1890.911
2026-04-04T17,1819.457
2026-04-04T18,1817.478
2026-04-04T19,1813.208
2026-04-04T20,1780.502
2026-04-04T21,1493.022
2026-04-04T22,870.461
2026-04-04T23,448.615
2026-04-05T00,384.248
2026-04-05T01,336.438
2026-04-05T02,310.398
2026-04-05T03,285.92
2026-04-05T04,266.651
2026-04-05T05,262.172
2026-04-05T06,315.085
2026-04-05T07,359.353
2026-04-05T08,448.723
2026-04-05T09,1026.813
2026-04-05T10,2224.345
2026-04-05T11,2135.496
2026-04-05T12,2128.726
2026-04-05T13,2108.206
2026-04-05T14,2124.038
2026-04-05T15,2094.665
2026-04-05T16,1804.058
2026-04-05T17,1788.225
2026-04-05T18,1808.224
2026-04-05T19,1804.162
2026-04-05T20,1799.683
2026-04-05T21,1628.86
2026-04-05T22,752.975
2026-04-05T23,436.536
2026-04-06T00,350.391
2026-04-06T01,322.893
2026-04-06T02,297.999
2026-04-06T03,286.437
2026-04-06T04,275.501
2026-04-06T05,280.292
2026-04-06T06,314.248
2026-04-06T07,329.351
2026-04-06T08,342.162
2026-04-06T09,376.847
2026-04-06T10,513.504
2026-04-06T11,1131.792
2026-04-06T12,2170.152
2026-04-06T13,2081.93
2026-04-06T14,2020.684
2026-04-06T15,1974.542
2026-04-06T16,1733.726
2026-04-06T17,1798.93
2026-04-06T18,1801.325
2026-04-06T19,1769.869
2026-04-06T20,1767.578
2026-04-06T21,1523.325
2026-04-06T22,681.721
2026-04-06T23,425.802
2026-04-07T00,361.751
2026-04-07T01,316.545
2026-04-07T02,274.672
2026-04-07T03,272.277
2026-04-07T04,268.319
2026-04-07T05,268.006
2026-04-07T06,320.399
2026-04-07T07,405.29
2026-04-07T08,504.868
2026-04-07T09,1142.749
2026-04-07T10,1836.878
2026-04-07T11,1812.504
2026-04-07T12,1820.108
2026-04-07T13,1803.025
2026-04-07T14,2021.659
2026-04-07T15,2107.592
2026-04-07T16,2049.887
2026-04-07T17,1851.252
2026-04-07T18,1851.773
2026-04-07T19,1832.295
2026-04-07T20,1813.441
2026-04-07T21,1468.252
2026-04-07T22,629.549
2026-04-07T23,485.911
2026-04-08T00,382.69
2026-04-08T01,305.194
2026-04-08T02,292.069
2026-04-08T03,293.632
2026-04-08T04,286.653
2026-04-08T05,279.049
2026-04-08T06,309.985
2026-04-08T07,396.856
2026-04-08T08,526.016
2026-04-08T09,1085.885
2026-04-08T10,2211.039
2026-04-08T11,2210.622
2026-04-08T12,2219.476
2026-04-08T13,2178.749
2026-04-08T14,2091.67
2026-04-08T15,1984.8
2026-04-08T16,1726.375
2026-04-08T17,1728.458
2026-04-08T18,1709.396
2026-04-08T19,1679.19
2026-04-08T20,1668.148
2026-04-08T21,1415.661
2026-04-08T22,601.221
2026-04-08T23,397.168
2026-04-09T00,333.63
2026-04-09T01,311.131
2026-04-09T02,289.673
2026-04-09T03,290.09
2026-04-09T04,290.611
2026-04-09T05,290.819
2026-04-09T06,343.004
2026-04-09T07,417.584
2026-04-09T08,571.118
2026-04-09T09,1275.355
2026-04-09T10,2145.104
2026-04-09T11,2223.538
2026-04-09T12,2216.247
2026-04-09T13,2165.832
2026-04-09T14,2105.731
2026-04-09T15,2099.481
2026-04-09T16,1830.432
2026-04-09T17,1801.892
2026-04-09T18,1782.83
2026-04-09T19,1746.582
2026-04-09T20,1692.314
2026-04-09T21,1637.733
2026-04-09T22,868.916
2026-04-09T23,449.353
2026-04-10T00,324.773
2026-04-10T01,303.628
2026-04-10T02,287.483
2026-04-10T03,273.422
2026-04-10T04,277.276
2026-04-10T05,267.38
2026-04-10T06,299.358
2026-04-10T07,400.914
2026-04-10T08,554.551
2026-04-10T09,1163.579
2026-04-10T10,2251.433
2026-04-10T11,2222.58
2026-04-10T12,2231.642
2026-04-10T13,2188.311
2026-04-10T14,2140.918
2026-04-10T15,2175.291
2026-04-10T16,1869.788
2026-04-10T17,1852.289
2026-04-10T18,1828.541
2026-04-10T19,1814.583
2026-04-10T20,1763.336
2026-04-10T21,1433.98
2026-04-10T22,598.924
2026-04-10T23,421.017
2026-04-11T00,360.292
2026-04-11T01,329.668
2026-04-11T02,300.295
2026-04-11T03,293.837
2026-04-11T04,298.212
2026-04-11T05,295.295
2026-04-11T06,332.585
2026-04-11T07,428.204
2026-04-11T08,568.717
2026-04-11T09,1281.384
2026-04-11T10,2293.513
2026-04-11T11,2203.31
2026-04-11T12,2217.372
2026-04-11T13,2181.019
2026-04-11T14,2189.248
2026-04-11T15,2136.439
2026-04-11T16,1816.874
2026-04-11T17,1749.794
2026-04-11T18,1696.881
2026-04-11T19,1708.859
2026-04-11T20,1675.424
2026-04-11T21,1590.637
2026-04-11T22,746.103
2026-04-11T23,434.037
2026-04-12T00,338.0
2026-04-12T01,294.877
2026-04-12T02,286.336
2026-04-12T03,286.024
2026-04-12T04,279.149
2026-04-12T05,270.921
2026-04-12T06,320.292
2026-04-12T07,350.707
2026-04-12T08,446.014
2026-04-12T09,1077.433
2026-04-12T10,2140.699
2026-04-12T11,2121.846
2026-04-12T12,2110.805
2026-04-12T13,2091.536
2026-04-12T14,2081.016
2026-04-12T15,2016.02
2026-04-12T16,1869.258
2026-04-12T17,1818.845
2026-04-12T18,1825.407
2026-04-12T19,1806.449
2026-04-12T20,1807.387
2026-04-12T21,1491.261
2026-04-12T22,734.329
2026-04-12T23,440.389
2026-04-13T00,340.189
2026-04-13T01,314.67
2026-04-13T02,284.463
2026-04-13T03,284.151
2026-04-13T04,278.734
2026-04-13T05,276.13
2026-04-13T06,332.586
2026-04-13T07,335.085
2026-04-13T08,330.294
2026-04-13T09,380.395
2026-04-13T10,538.928
2026-04-13T11,1109.938
2026-04-13T12,2127.381
2026-04-13T13,2077.488
2026-04-13T14,2067.28
2026-04-13T15,2019.783
2026-04-13T16,1727.091
2026-04-13T17,1724.904
2026-04-13T18,1782.505
2026-04-13T19,1776.672
2026-04-13T20,1771.359
2026-04-13T21,1704.071
2026-04-13T22,1018.485
2026-04-13T23,378.416
2026-04-14T00,314.767
2026-04-14T01,299.664
2026-04-14T02,290.186
2026-04-14T03,283.728
2026-04-14T04,286.54
2026-04-14T05,281.749
2026-04-14T06,330.808
2026-04-14T07,427.779
2026-04-14T08,544.957
2026-04-14T09,1066.375
2026-04-14T10,2207.848
2026-04-14T11,2205.974
2026-04-14T12,2189.308
2026-04-14T13,2163.477
2026-04-14T14,2178.059
2026-04-14T15,2193.162
2026-04-14T16,1857.355
2026-04-14T17,1782.153
2026-04-14T18,1799.964
2026-04-14T19,1778.09
2026-04-14T20,1669.974
2026-04-14T21,1437.388
2026-04-14T22,590.891
2026-04-14T23,370.804
2026-04-15T00,310.708
2026-04-15T01,295.709
2026-04-15T02,282.689
2026-04-15T03,281.023
2026-04-15T04,279.356
2026-04-15T05,278.211
2026-04-15T06,325.707
2026-04-15T07,393.724
2026-04-15T08,566.212
2026-04-15T09,1121.487
2026-04-15T10,2226.518
2026-04-15T11,2172.563
2026-04-15T12,2187.77
2026-04-15T13,2150.689
2026-04-15T14,2185.375
2026-04-15T15,2217.872
2026-04-15T16,1957.682
2026-04-15T17,1899.873
2026-04-15T18,1852.689
2026-04-15T19,1825.503
2026-04-15T20,1765.194
2026-04-15T21,1597.81
2026-04-15T22,706.619
2026-04-15T23,396.015
2026-04-16T00,333.525
2026-04-16T01,312.172
2026-04-16T02,302.381
2026-04-16T03,306.026
2026-04-16T04,298.735
2026-04-16T05,299.985
2026-04-16T06,356.857
2026-04-16T07,423.0
2026-04-16T08,571.117
2026-04-16T09,1161.817
2026-04-16T10,2366.34
2026-04-16T11,2257.7
2026-04-16T12,2239.263
2026-04-16T13,2246.867
2026-04-16T14,2259.991
2026-04-16T15,2272.074
2026-04-16T16,1935.424
2026-04-16T17,1835.846
2026-04-16T18,1830.533
2026-04-16T19,1813.763
2026-04-16T20,1723.976
2026-04-16T21,1425.554
2026-04-16T22,580.492
2026-04-16T23,404.563
2026-04-17T00,354.149
2026-04-17T01,297.173
2026-04-17T02,281.757
2026-04-17T03,277.486
2026-04-17T04,282.173
2026-04-17T05,277.278
2026-04-17T06,333.004
2026-04-17T07,421.958
2026-04-17T08,559.763
2026-04-17T09,1179.211
2026-04-17T10,2319.362
2026-04-17T11,2240.2
2026-04-17T12,2203.743
2026-04-17T13,2140.309
2026-04-17T14,2143.434
2026-04-17T15,2129.893
2026-04-17T16,1831.366
2026-04-17T17,1876.364
2026-04-17T18,1874.801
2026-04-17T19,1874.072
2026-04-17T20,1797.93
2026-04-17T21,1525.34
2026-04-17T22,714.756
2026-04-17T23,417.479
2026-04-18T00,332.275
2026-04-18T01,314.151
2026-04-18T02,312.068
2026-04-18T03,310.922
2026-04-18T04,298.423
2026-04-18T05,300.923
2026-04-18T06,338.212
2026-04-18T07,341.233
2026-04-18T08,373.211
2026-04-18T09,465.289
2026-04-18T10,594.241
2026-04-18T11,849.333
2026-04-18T12,2276.241
2026-04-18T13,2108.853
2026-04-18T14,2038.753
2026-04-18T15,2025.212
2026-04-18T16,1713.977
2026-04-18T17,1754.079
2026-04-18T18,1745.851
2026-04-18T19,1763.454
2026-04-18T20,1698.874
2026-04-18T21,1654.814
2026-04-18T22,752.463
2026-04-18T23,344.15
2026-04-19T00,304.252
2026-04-19T01,282.586
2026-04-19T02,271.441
2026-04-19T03,270.191
2026-04-19T04,272.483
2026-04-19T05,265.712
2026-04-19T06,308.939
2026-04-19T07,350.499
2026-04-19T08,426.64
2026-04-19T09,1167.426
2026-04-19T10,2087.472
2026-04-19T11,2072.265
2026-04-19T12,2117.158
2026-04-19T13,2104.034
2026-04-19T14,2076.327
2026-04-19T15,2094.555
2026-04-19T16,1738.224
2026-04-19T17,1779.784
2026-04-19T18,1806.24
2026-04-19T19,1763.43
2026-04-19T20,1731.245
2026-04-19T21,1673.749
2026-04-19T22,1039.622
2026-04-19T23,398.725
2026-04-20T00,321.026
2026-04-20T01,297.486
2026-04-20T02,273.008
2026-04-20T03,276.237
2026-04-20T04,265.716
2026-04-20T05,269.674
2026-04-20T06,323.214
2026-04-20T07,347.275
2026-04-20T08,346.025
2026-04-20T09,402.689
2026-04-20T10,539.557
2026-04-20T11,1306.812
2026-04-20T12,2104.69
2026-04-20T13,2101.565
2026-04-20T14,2030.318
2026-04-20T15,1978.029
2026-04-20T16,1736.791
2026-04-20T17,1786.58
2026-04-20T18,1774.602
2026-04-20T19,1745.957
2026-04-20T20,1719.5
2026-04-20T21,1666.169
2026-04-20T22,1003.91
2026-04-20T23,357.17
2026-04-21T00,314.673
2026-04-21T01,278.945
2026-04-21T02,272.591
2026-04-21T03,265.612
2026-04-21T04,268.217
2026-04-21T05,260.196
2026-04-21T06,309.569
2026-04-21T07,324.568
2026-04-21T08,339.255
2026-04-21T09,411.96
2026-04-21T10,534.558
2026-04-21T11,1254.941
2026-04-21T12,2104.484
2026-04-21T13,2000.01
2026-04-21T14,1958.762
2026-04-21T15,1885.849
2026-04-21T16,1653.36
2026-04-21T17,1660.13
2026-04-21T18,1678.15
2026-04-21T19,1680.962
2026-04-21T20,1663.567
2026-04-21T21,1376.602
2026-04-21T22,566.952
2026-04-21T23,365.087
2026-04-22T00,297.478
2026-04-22T01,280.188
2026-04-22T02,266.231
2026-04-22T03,264.46
2026-04-22T04,257.794
2026-04-22T05,260.398
2026-04-22T06,307.061
2026-04-22T07,380.493
2026-04-22T08,549.543
2026-04-22T09,936.494
2026-04-22T10,2183.071
2026-04-22T11,2272.335
2026-04-22T12,2212.86
2026-04-22T13,2179.217
2026-04-22T14,2124.741
2026-04-22T15,2135.47
2026-04-22T16,1901.008
2026-04-22T17,1763.518
2026-04-22T18,1745.498
2026-04-22T19,1744.977
2026-04-22T20,1733.416
2026-04-22T21,1587.801
2026-04-22T22,600.269
2026-04-22T23,402.679
2026-04-23T00,339.14
2026-04-23T01,302.788
2026-04-23T02,290.081
2026-04-23T03,287.686
2026-04-23T04,282.478
2026-04-23T05,283.623
2026-04-23T06,325.912
2026-04-23T07,373.825
2026-04-23T08,552.664
2026-04-23T09,1076.06
2026-04-23T10,2153.579
2026-04-23T11,2143.372
2026-04-23T12,2143.58
2026-04-23T13,2126.706
2026-04-23T14,2121.29
2026-04-23T15,2130.248
2026-04-23T16,1848.603
2026-04-23T17,1782.567
2026-04-23T18,1762.881
2026-04-23T19,1747.986
2026-04-23T20,1706.948
2026-04-23T21,1530.504
2026-04-23T22,633.596
2026-04-23T23,407.884
2026-04-24T00,320.399
2026-04-24T01,306.858
2026-04-24T02,297.588
2026-04-24T03,292.067
2026-04-24T04,286.13
2026-04-24T05,288.942
2026-04-24T06,328.003
2026-04-24T07,393.937
2026-04-24T08,580.072
2026-04-24T09,1174.31
2026-04-24T10,2207.065
2026-04-24T11,2178.109
2026-04-24T12,2223.002
2026-04-24T13,2177.484
2026-04-24T14,2211.648
2026-04-24T15,2198.941
2026-04-24T16,1867.084
2026-04-24T17,1797.609
2026-04-24T18,1800.734
2026-04-24T19,1809.587
2026-04-24T20,1749.278
2026-04-24T21,1699.802
2026-04-24T22,757.146
2026-04-24T23,398.207
2026-04-25T00,355.401
2026-04-25T01,314.882
2026-04-25T02,303.424
2026-04-25T03,281.966
2026-04-25T04,279.154
2026-04-25T05,273.113
2026-04-25T06,323.215
2026-04-25T07,368.733
2026-04-25T08,574.974
2026-04-25T09,1374.938
2026-04-25T10,2248.128
2026-04-25T11,2233.232
2026-04-25T12,2235.941
2026-04-25T13,2205.734
2026-04-25T14,2177.193
2026-04-25T15,2170.423
2026-04-25T16,1823.147
2026-04-25T17,1806.064
2026-04-25T18,1804.294
2026-04-25T19,1771.066
2026-04-25T20,1721.172
2026-04-25T21,1642.53
2026-04-25T22,804.651
2026-04-25T23,433.626
2026-04-26T00,299.256
2026-04-26T01,283.424
2026-04-26T02,278.216
2026-04-26T03,282.07
2026-04-26T04,274.362
2026-04-26T05,266.549
2026-04-26T06,309.464
2026-04-26T07,348.941
2026-04-26T08,455.915
2026-04-26T09,1053.699
2026-04-26T10,2131.875
2026-04-26T11,2138.125
2026-04-26T12,2127.605
2026-04-26T13,2102.189
2026-04-26T14,2098.96
2026-04-26T15,2052.816
2026-04-26T16,1765.435
2026-04-26T17,1776.788
2026-04-26T18,1791.267
2026-04-26T19,1755.331
2026-04-26T20,1771.58
2026-04-26T21,1722.312
2026-04-26T22,1084.843
2026-04-26T23,434.979
2026-04-27T00,345.184
2026-04-27T01,302.167
2026-04-27T02,286.438
2026-04-27T03,273.627
2026-04-27T04,276.023
2026-04-27T05,266.232
2026-04-27T06,316.749
2026-04-27T07,339.768
2026-04-27T08,333.519
2026-04-27T09,391.639
2026-04-27T10,493.507
2026-04-27T11,1140.65
2026-04-27T12,1778.002
2026-04-27T13,1736.442
2026-04-27T14,1715.818
2026-04-27T15,1701.34
2026-04-27T16,1695.091
2026-04-27T17,1719.672
2026-04-27T18,1768.211
2026-04-27T19,1754.462
2026-04-27T20,1707.173
2026-04-27T21,1629.679
2026-04-27T22,767.759
2026-04-27T23,366.85
2026-04-28T00,328.936
2026-04-28T01,293.939
2026-04-28T02,291.647
2026-04-28T03,294.355
2026-04-28T04,289.564
2026-04-28T05,284.46
2026-04-28T06,327.687
2026-04-28T07,398.515
2026-04-28T08,504.758
2026-04-28T09,1068.158
2026-04-28T10,2105.589
2026-04-28T11,2027.678
2026-04-28T12,2062.051
2026-04-28T13,2081.008
2026-04-28T14,2053.301
2026-04-28T15,2013.616
2026-04-28T16,1850.919
2026-04-28T17,1801.235
2026-04-28T18,1800.818
2026-04-28T19,1780.403
2026-04-28T20,1707.699
2026-04-28T21,1674.16
2026-04-28T22,761.929
2026-04-28T23,422.576
2026-04-29T00,339.564
2026-04-29T01,310.816
2026-04-29T02,303.837
2026-04-29T03,304.045
2026-04-29T04,282.067
2026-04-29T05,267.381
2026-04-29T06,315.295
2026-04-29T07,393.519
2026-04-29T08,487.577
2026-04-29T09,1315.967
2026-04-29T10,1819.168
2026-04-29T11,1902.809
2026-04-29T12,2161.648
2026-04-29T13,2099.048
2026-04-29T14,2133.629
2026-04-29T15,2146.857
2026-04-29T16,1902.913
2026-04-29T17,1742.401
2026-04-29T18,1737.818
2026-04-29T19,1755.525
2026-04-29T20,1714.694
2026-04-29T21,1633.137
2026-04-29T22,848.806
2026-04-29T23,362.479
2026-04-30T00,322.48
2026-04-30T01,302.898
2026-04-30T02,288.211
2026-04-30T03,284.253
2026-04-30T04,278.212
2026-04-30T05,277.066
2026-04-30T06,318.314
2026-04-30T07,400.913
2026-04-30T08,523.197
2026-04-30T09,1205.863
2026-04-30T10,2331.836
2026-04-30T11,2348.814
2026-04-30T12,2280.38
2026-04-30T13,2262.361
2026-04-30T14,2233.196
2026-04-30T15,2271.11
2026-04-30T16,1904.779
2026-04-30T17,1811.868
2026-04-30T18,1818.742
2026-04-30T19,1784.057
2026-04-30T20,1734.997
2026-04-30T21,1667.606
2026-04-30T22,671.417
2026-04-30T23,446.431
2026-05-01T00,301.365
2026-05-01T01,279.607
2026-05-01T02,273.405
2026-05-01T03,270.254
2026-05-01T04,264.544
2026-05-01T05,264.249
2026-05-01T06,311.998
2026-05-01T07,312.097
2026-05-01T08,324.797
2026-05-01T09,384.755
2026-05-01T10,511.169
2026-05-01T11,1064.673
2026-05-01T12,1362.298
2026-05-01T13,1319.077
2026-05-01T14,1318.289
2026-05-01T15,1309.822
2026-05-01T16,1311.102
2026-05-01T17,1303.029
2026-05-01T18,1312.086
2026-05-01T19,1325.476
2026-05-01T20,1271.819
2026-05-01T21,1235.194
2026-05-01T22,766.163
2026-05-01T23,341.731
2026-05-02T00,283.739
2026-05-02T01,280.293
2026-05-02T02,276.847
2026-05-02T03,274.09
2026-05-02T04,269.168
2026-05-02T05,268.085
2026-05-02T06,291.713
2026-05-02T07,339.266
2026-05-02T08,470.699
2026-05-02T09,1105.419
2026-05-02T10,2161.612
2026-05-02T11,2089.643
2026-05-02T12,2080.586
2026-05-02T13,2054.398
2026-05-02T14,2101.556
2026-05-02T15,2053.413
2026-05-02T16,1724.583
2026-05-02T17,1734.527
2026-05-02T18,1736.299
2026-05-02T19,1747.03
2026-05-02T20,1690.421
2026-05-02T21,1636.174
2026-05-02T22,1099.216
2026-05-02T23,418.224
2026-05-03T00,337.696
2026-05-03T01,282.365
2026-05-03T02,252.533
2026-05-03T03,245.543
2026-05-03T04,244.362
2026-05-03T05,242.393
2026-05-03T06,296.05
2026-05-03T07,318.005
2026-05-03T08,422.563
2026-05-03T09,1066.645
2026-05-03T10,1825.427
2026-05-03T11,2041.631
2026-05-03T12,2031.392
2026-05-03T13,2002.052
2026-05-03T14,1961.785
2026-05-03T15,1959.52
2026-05-03T16,1967.791
2026-05-03T17,1929.787
2026-05-03T18,1712.304
2026-05-03T19,1690.349
2026-05-03T20,1685.623
2026-05-03T21,1636.888
2026-05-03T22,998.713
2026-05-03T23,395.586
2026-05-04T00,300.868
2026-05-04T01,268.576
2026-05-04T02,272.809
2026-05-04T03,267.591
2026-05-04T04,259.617
2026-05-04T05,260.306
2026-05-04T06,300.868
2026-05-04T07,315.34
2026-05-04T08,318.884
2026-05-04T09,377.561
2026-05-04T10,470.106
2026-05-04T11,1017.89
2026-05-04T12,2216.143
2026-05-04T13,2091.307
2026-05-04T14,2061.673
2026-05-04T15,1991.378
2026-05-04T16,1611.946
2026-05-04T17,1672.297
2026-05-04T18,1695.039
2026-05-04T19,1704.294
2026-05-04T20,1672.297
2026-05-04T21,1614.211
2026-05-04T22,1020.253
2026-05-04T23,327.745
2026-05-05T00,289.748
2026-05-05T01,265.233
2026-05-05T02,253.714
2026-05-05T03,247.413
2026-05-05T04,237.174
2026-05-05T05,249.087
2026-05-05T06,312.294
2026-05-05T07,379.537
2026-05-05T08,508.117
2026-05-05T09,1318.782
2026-05-05T10,2073.229
2026-05-05T11,2080.613
2026-05-05T12,2057.87
2026-05-05T13,2054.523
2026-05-05T14,2121.274
2026-05-05T15,2095.184
2026-05-05T16,1814.789
2026-05-05T17,1721.652
2026-05-05T18,1704.423
2026-05-05T19,1673.902
2026-05-05T20,1619.261
2026-05-05T21,1585.098
2026-05-05T22,911.087
2026-05-05T23,413.996
2026-05-06T00,338.681
2026-05-06T01,312.886
2026-05-06T02,302.352
2026-05-06T03,305.601
2026-05-06T04,301.761
2026-05-06T05,292.507
2026-05-06T06,328.934
2026-05-06T07,426.108
2026-05-06T08,550.554
2026-05-06T09,1055.032
2026-05-06T10,2128.376
2026-05-06T11,2035.534
2026-05-06T12,2248.096
2026-05-06T13,2129.656
2026-05-06T14,2156.337
2026-05-06T15,2142.554
2026-05-06T16,1735.152
2026-05-06T17,1706.895
2026-05-06T18,1707.584
2026-05-06T19,1709.75
2026-05-06T20,1642.703
2026-05-06T21,1571.915
2026-05-06T22,572.903
2026-05-06T23,374.125
2026-05-07T00,339.168
2026-05-07T01,279.506
2026-05-07T02,256.075
2026-05-07T03,265.92
2026-05-07T04,260.603
2026-05-07T05,260.603
2026-05-07T06,310.322
2026-05-07T07,405.525
2026-05-07T08,541.783
2026-05-07T09,1197.968
2026-05-07T10,2111.704
2026-05-07T11,2124.404
2026-05-07T12,2104.32
2026-05-07T13,2062.773
2026-05-07T14,2098.118
2026-05-07T15,2081.775
2026-05-07T16,1778.738
2026-05-07T17,1697.712
2026-05-07T18,1687.768
2026-05-07T19,1674.28
2026-05-07T20,1626.236
2026-05-07T21,1590.005
2026-05-07T22,816.465
2026-05-07T23,456.228
2026-05-08T00,319.772
2026-05-08T01,281.375
2026-05-08T02,264.048
2026-05-08T03,274.582
2026-05-08T04,268.971
2026-05-08T05,263.457
2026-05-08T06,321.544
2026-05-08T07,402.964
2026-05-08T08,553.3
2026-05-08T09,1172.857
2026-05-08T10,2271.482
2026-05-08T11,2159.148
2026-05-08T12,2177.263
2026-05-08T13,2172.538
2026-05-08T14,2235.744
2026-05-08T15,2168.304
2026-05-08T16,1781.782
2026-05-08T17,1776.367
2026-05-08T18,1718.97
2026-05-08T19,1713.161
2026-05-08T20,1693.766
2026-05-08T21,1626.425
2026-05-08T22,674.592
2026-05-08T23,369.588
2026-05-09T00,340.752
2026-05-09T01,301.567
2026-05-09T02,283.648
2026-05-09T03,291.328
2026-05-09T04,279.415
2026-05-09T05,280.301
2026-05-09T06,319.092
2026-05-09T07,391.85
2026-05-09T08,480.361
2026-05-09T09,1187.562
2026-05-09T10,2069.913
2026-05-09T11,2080.645
2026-05-09T12,2121.208
2026-05-09T13,2113.43
2026-05-09T14,2155.471
2026-05-09T15,2147.89
2026-05-09T16,2132.924
2026-05-09T17,2084.879
2026-05-09T18,2013.794
2026-05-09T19,2019.111
2026-05-09T20,1997.057
2026-05-09T21,1969.686
2026-05-09T22,1392.249
2026-05-09T23,683.867
2026-05-10T00,385.942
2026-05-10T01,304.52
2026-05-10T02,291.918
2026-05-10T03,289.161
2026-05-10T04,282.663
2026-05-10T05,284.632
2026-05-10T06,324.014
2026-05-10T07,348.824
2026-05-10T08,418.235
2026-05-10T09,882.251
2026-05-10T10,2283.652
2026-05-10T11,2146.899
2026-05-10T12,2133.608
2026-05-10T13,2127.11
2026-05-10T14,2108.502
2026-05-10T15,2139.81
2026-05-10T16,2168.559
2026-05-10T17,2143.552
2026-05-10T18,2157.631
2026-05-10T19,2113.031
2026-05-10T20,2059.865
2026-05-10T21,2053.269
2026-05-10T22,1968.007
2026-05-10T23,863.348
2026-05-11T00,338.972
2026-05-11T01,263.853
2026-05-11T02,258.241
2026-05-11T03,256.075
2026-05-11T04,253.811
2026-05-11T05,244.162
2026-05-11T06,299.0
2026-05-11T07,308.846
2026-05-11T08,329.717
2026-05-11T09,369.394
2026-05-11T10,527.213
2026-05-11T11,1490.768
2026-05-11T12,2067.404
2026-05-11T13,2069.078
2026-05-11T14,2040.428
2026-05-11T15,2011.975
2026-05-11T16,1974.268
2026-05-11T17,1968.558
2026-05-11T18,1933.903
2026-05-11T19,1886.744
2026-05-11T20,1801.189
2026-05-11T21,1713.763
2026-05-11T22,979.11
2026-05-11T23,373.529
2026-05-12T00,301.856
2026-05-12T01,291.125
2026-05-12T02,287.581
2026-05-12T03,278.72
2026-05-12T04,281.575
2026-05-12T05,277.932
2026-05-12T06,306.09
2026-05-12T07,382.391
2026-05-12T08,493.938
2026-05-12T09,1141.462
2026-05-12T10,2218.043
2026-05-12T11,2146.566
2026-05-12T12,2160.842
2026-05-12T13,2131.798
2026-05-12T14,2160.448
2026-05-12T15,2145.68
2026-05-12T16,1801.981
2026-05-12T17,1777.073
2026-05-12T18,1734.147
2026-05-12T19,1725.09
2026-05-12T20,1675.076
2026-05-12T21,1630.969
2026-05-12T22,781.518
2026-05-12T23,337.102
2026-05-13T00,292.204
2026-05-13T01,272.613
2026-05-13T02,263.85
2026-05-13T03,268.182
2026-05-13T04,262.177
2026-05-13T05,261.291
2026-05-13T06,309.138
2026-05-13T07,348.125
2026-05-13T08,515.886
2026-05-13T09,1223.557
2026-05-13T10,2083.729
2026-05-13T11,2180.211
2026-05-13T12,2169.578
2026-05-13T13,2154.515
2026-05-13T14,2196.948
2026-05-13T15,2172.532
2026-05-13T16,1860.539
2026-05-13T17,1777.642
2026-05-13T18,1775.477
2026-05-13T19,1722.608
2026-05-13T20,1660.19
2026-05-13T21,1594.129
2026-05-13T22,736.024
2026-05-13T23,428.855
2026-05-14T00,319.771
2026-05-14T01,297.816
2026-05-14T02,293.386
2026-05-14T03,287.479
2026-05-14T04,281.867
2026-05-14T05,288.562
2026-05-14T06,319.87
2026-05-14T07,375.495
2026-05-14T08,507.912
2026-05-14T09,998.891
2026-05-14T10,2256.907
2026-05-14T11,2183.561
2026-05-14T12,2168.596
2026-05-14T13,2159.145
2026-05-14T14,2126.459
2026-05-14T15,2060.693
2026-05-14T16,1745.943
2026-05-14T17,1715.915
2026-05-14T18,1700.556
2026-05-14T19,1658.025
2026-05-14T20,1637.646
2026-05-14T21,1617.168
2026-05-14T22,808.781
2026-05-14T23,371.557
2026-05-15T00,337.197
2026-05-15T01,311.009
2026-05-15T02,280.39
2026-05-15T03,254.99
2026-05-15T04,247.409
2026-05-15T05,250.855
2026-05-15T06,304.511
2026-05-15T07,346.255
2026-05-15T08,477.687
2026-05-15T09,1185.653
2026-05-15T10,2126.458
2026-05-15T11,2074.278
2026-05-15T12,2096.725
2026-05-15T13,2094.658
2026-05-15T14,2094.658
2026-05-15T15,2039.525
2026-05-15T16,1817.713
2026-05-15T17,1719.36
2026-05-15T18,1725.07
2026-05-15T19,1740.232
2026-05-15T20,1682.342
2026-05-15T21,1626.914
2026-05-15T22,820.102
2026-05-15T23,419.01
2026-05-16T00,336.314
2026-05-16T01,308.058
2026-05-16T02,301.068
2026-05-16T03,301.166
2026-05-16T04,289.057
2026-05-16T05,281.18
2026-05-16T06,310.716
2026-05-16T07,372.938
2026-05-16T08,507.227
2026-05-16T09,867.268
2026-05-16T10,2156.799
2026-05-16T11,2050.372
2026-05-16T12,2112.2
2026-05-16T13,2086.307
2026-05-16T14,2087.193
2026-05-16T15,2074.001
2026-05-16T16,1863.804
2026-05-16T17,1714.55
2026-05-16T18,1709.628
2026-05-16T19,1696.829
2026-05-16T20,1685.901
2026-05-16T21,1638.25
2026-05-16T22,1234.102
2026-05-16T23,428.072
2026-05-17T00,369.194
2026-05-17T01,304.609
2026-05-17T02,297.521
2026-05-17T03,301.164
2026-05-17T04,305.791
2026-05-17T05,296.733
2026-05-17T06,339.461
2026-05-17T07,367.323
2026-05-17T08,447.069
2026-05-17T09,1114.669
2026-05-17T10,2018.75
2026-05-17T11,2078.117
2026-05-17T12,2077.92
2026-05-17T13,2104.6
2026-05-17T14,2080.48
2026-05-17T15,2046.12
2026-05-17T16,1716.602
2026-05-17T17,1743.184
2026-05-17T18,1765.238
2026-05-17T19,1710.498
2026-05-17T20,1691.793
2026-05-17T21,1636.364
2026-05-17T22,824.631
2026-05-17T23,396.169
2026-05-18T00,317.711
2026-05-18T01,297.626
2026-05-18T02,283.449
2026-05-18T03,287.289
2026-05-18T04,284.532
2026-05-18T05,277.739
2026-05-18T06,298.906
2026-05-18T07,321.944
2026-05-18T08,332.676
2026-05-18T09,354.237
2026-05-18T10,473.662
2026-05-18T11,1149.844
2026-05-18T12,2111.542
2026-05-18T13,2019.094
2026-05-18T14,1985.521
2026-05-18T15,1970.261
2026-05-18T16,1671.65
2026-05-18T17,1663.774
2026-05-18T18,1653.534
2026-05-18T19,1654.617
2026-05-18T20,1638.372
2026-05-18T21,1581.761
2026-05-18T22,711.921
2026-05-18T23,373.337
2026-05-19T00,272.419
2026-05-19T01,255.584
2026-05-19T02,251.941
2026-05-19T03,257.159
2026-05-19T04,251.252
2026-05-19T05,247.412
2026-05-19T06,307.863
2026-05-19T07,366.442
2026-05-19T08,499.846
2026-05-19T09,1022.828
2026-05-19T10,2031.479
2026-05-19T11,2085.431
2026-05-19T12,2077.555
2026-05-19T13,1933.912
2026-05-19T14,2085.924
2026-05-19T15,2048.708
2026-05-19T16,1777.077
2026-05-19T17,1754.137
2026-05-19T18,1716.626
2026-05-19T19,1704.615
2026-05-19T20,1675.276
2026-05-19T21,1498.356
2026-05-19T22,572.012
2026-05-19T23,398.144
2026-05-20T00,317.025
2026-05-20T01,287.291
2026-05-20T02,283.55
2026-05-20T03,277.643
2026-05-20T04,278.726
2026-05-20T05,281.876
2026-05-20T06,312.003
2026-05-20T07,361.231
2026-05-20T08,490.207
2026-05-20T09,1000.793
2026-05-20T10,2121.308
2026-05-20T11,1992.923
2026-05-20T12,2009.66
2026-05-20T13,2020.982
2026-05-20T14,2134.402
2026-05-20T15,2113.825
2026-05-20T16,1780.26
2026-05-20T17,1720.99
2026-05-20T18,1703.564
2026-05-20T19,1715.871
2026-05-20T20,1659.161
2026-05-20T21,1569.075
2026-05-20T22,808.117
2026-05-20T23,336.519
2026-05-21T00,277.143
2026-05-21T01,249.872
2026-05-21T02,233.922
2026-05-21T03,236.187
2026-05-21T04,233.922
2026-05-21T05,255.877
2026-05-21T06,345.961
2026-05-21T07,408.38
2026-05-21T08,533.611
2026-05-21T09,1204.365
2026-05-21T10,1983.516
2026-05-21T11,1943.15
2026-05-21T12,1955.457
2026-05-21T13,1933.01
2026-05-21T14,1973.572
2026-05-21T15,1972.39
2026-05-21T16,1826.484
2026-05-21T17,1755.796
2026-05-21T18,1761.506
2026-05-21T19,1744.671
2026-05-21T20,1700.269
2026-05-21T21,1620.227
2026-05-21T22,768.222
2026-05-21T23,388.492
2026-05-22T00,296.547
2026-05-22T01,267.502
2026-05-22T02,252.931
2026-05-22T03,254.999
2026-05-22T04,244.562
2026-05-22T05,238.754
2026-05-22T06,278.529
2026-05-22T07,321.456
2026-05-22T08,499.364
2026-05-22T09,1146.115
2026-05-22T10,2182.158
2026-05-22T11,2064.012
2026-05-22T12,2038.414
2026-05-22T13,2079.075
2026-05-22T14,2070.116
2026-05-22T15,2042.647
2026-05-22T16,1696.873
2026-05-22T17,1688.209
2026-05-22T18,1695.593
2026-05-22T19,1684.468
2026-05-22T20,1668.419
2026-05-22T21,1618.995
2026-05-22T22,809.005
2026-05-22T23,353.257
2026-05-23T00,281.774
2026-05-23T01,254.404
2026-05-23T02,245.641
2026-05-23T03,246.626
2026-05-23T04,240.522
2026-05-23T05,239.34
2026-05-23T06,291.127
2026-05-23T07,345.178
2026-05-23T08,470.312
2026-05-23T09,1148.066
2026-05-23T10,2053.739
2026-05-23T11,2116.454
2026-05-23T12,2114.485
2026-05-23T13,2107.691
2026-05-23T14,2124.33
2026-05-23T15,2098.634
2026-05-23T16,1759.954
2026-05-23T17,1733.273
2026-05-23T18,1735.045
2026-05-23T19,1737.211
2026-05-23T20,1712.401
2026-05-23T21,1659.138
2026-05-23T22,884.9
2026-05-23T23,454.756
2026-05-24T00,302.151
2026-05-24T01,277.439
2026-05-24T02,261.195
2026-05-24T03,257.552
2026-05-24T04,256.666
2026-05-24T05,252.728
2026-05-24T06,283.347
2026-05-24T07,313.375
2026-05-24T08,394.401
2026-05-24T09,969.167
2026-05-24T10,2179.051
2026-05-24T11,2098.221
2026-05-24T12,2079.121
2026-05-24T13,2061.892
2026-05-24T14,2058.939
2026-05-24T15,2048.995
2026-05-24T16,1671.823
2026-05-24T17,1712.779
2026-05-24T18,1760.824
2026-05-24T19,1744.973
2026-05-24T20,1721.837
2026-05-24T21,1690.529
2026-05-24T22,707.086
2026-05-24T23,374.907
2026-05-25T00,299.499
2026-05-25T01,270.356
2026-05-25T02,254.505
2026-05-25T03,256.671
2026-05-25T04,250.961
2026-05-25T05,253.028
2026-05-25T06,292.016
2026-05-25T07,300.188
2026-05-25T08,313.381
2026-05-25T09,342.917
2026-05-25T10,470.416
2026-05-25T11,1092.648
2026-05-25T12,2204.692
2026-05-25T13,2099.543
2026-05-25T14,2056.321
2026-05-25T15,2029.541
2026-05-25T16,1779.861
2026-05-25T17,1798.961
2026-05-25T18,1759.875
2026-05-25T19,1752.49
2026-05-25T20,1741.267
2026-05-25T21,1684.951
2026-05-25T22,990.256
2026-05-25T23,346.658
2026-05-26T00,298.408
2026-05-26T01,271.038
2026-05-26T02,257.058
2026-05-26T03,254.498
2026-05-26T04,252.825
2026-05-26T05,248.099
2026-05-26T06,293.288
2026-05-26T07,363.583
2026-05-26T08,471.487
2026-05-26T09,1236.852
2026-05-26T10,2148.912
2026-05-26T11,2102.049
2026-05-26T12,2079.405
2026-05-26T13,2059.025
2026-05-26T14,2082.752
2026-05-26T15,2091.022
2026-05-26T16,1775.089
2026-05-26T17,1715.034
2026-05-26T18,1687.073
2026-05-26T19,1678.016
2026-05-26T20,1645.822
2026-05-26T21,1598.565
2026-05-26T22,743.706
2026-05-26T23,388.393
2026-05-27T00,340.743
2026-05-27T01,299.688
2026-05-27T02,259.52
2026-05-27T03,257.452
2026-05-27T04,253.219
2026-05-27T05,251.348
2026-05-27T06,295.849
2026-05-27T07,389.673
2026-05-27T08,523.076
2026-05-27T09,1238.528
2026-05-27T10,2180.321
2026-05-27T11,2062.867
2026-05-27T12,2065.624
2026-05-27T13,2038.057
2026-05-27T14,2053.022
2026-05-27T15,2081.868
2026-05-27T16,1741.815
2026-05-27T17,1715.331
2026-05-27T18,1694.066
2026-05-27T19,1709.719
2026-05-27T20,1677.723
2026-05-27T21,1591.183
2026-05-27T22,769.305
2026-05-27T23,356.003
2026-05-28T00,303.336
2026-05-28T01,291.62
2026-05-28T02,279.116
2026-05-28T03,286.5
2026-05-28T04,281.184
2026-05-28T05,277.541
2026-05-28T06,299.791
2026-05-28T07,389.286
2026-05-28T08,528.991
2026-05-28T09,1028.644
2026-05-28T10,1852.898
2026-05-28T11,1790.183
2026-05-28T12,1896.119
2026-05-28T13,1886.175
2026-05-28T14,1901.731
2026-05-28T15,1893.854
2026-05-28T16,1886.372
2026-05-28T17,1838.917
2026-05-28T18,1802.194
2026-05-28T19,1796.287
2026-05-28T20,1741.054
2026-05-28T21,1703.642
2026-05-28T22,832.13
2026-05-28T23,392.436
2026-05-29T00,343.214
2026-05-29T01,262.678
2026-05-29T02,246.138
2026-05-29T03,244.956
2026-05-29T04,238.852
2026-05-29T05,240.821
2026-05-29T06,301.272
2026-05-29T07,375.803
2026-05-29T08,526.537
2026-05-29T09,1266.132
2026-05-29T10,1859.126
2026-05-29T11,1885.906
2026-05-29T12,2167.783
2026-05-29T13,2125.742
2026-05-29T14,2136.868
2026-05-29T15,2148.978
2026-05-29T16,1881.771
2026-05-29T17,1856.566
2026-05-29T18,1828.014
2026-05-29T19,1789.125
2026-05-29T20,1724.144
2026-05-29T21,1548.107
2026-05-29T22,691.548
2026-05-29T23,444.918
2026-05-30T00,322.626
2026-05-30T01,268.871
2026-05-30T02,321.74
2026-05-30T03,255.285
2026-05-30T04,252.233
2026-05-30T05,252.43
2026-05-30T06,282.655
2026-05-30T07,386.423
2026-05-30T08,530.162
2026-05-30T09,1192.151
2026-05-30T10,1872.845
2026-05-30T11,1887.613
2026-05-30T12,2185.331
2026-05-30T13,2164.164
2026-05-30T14,2165.345
2026-05-30T15,2177.061
2026-05-30T16,1953.871
2026-05-30T17,1806.981
2026-05-30T18,1803.339
2026-05-30T19,1782.368
2026-05-30T20,1746.827
2026-05-30T21,1656.744
2026-05-30T22,724.899
2026-05-30T23,392.034
2026-05-31T00,322.236
2026-05-31T01,278.917
2026-05-31T02,249.283
2026-05-31T03,241.997
2026-05-31T04,235.204
2026-05-31T05,239.93
2026-05-31T06,295.851
2026-05-31T07,323.319
2026-05-31T08,398.045
2026-05-31T09,777.679
2026-05-31T10,1880.155
2026-05-31T11,2113.587
2026-05-31T12,2057.666
2026-05-31T13,2045.95
2026-05-31T14,2046.639
2026-05-31T15,2029.311
2026-05-31T16,1858.594
2026-05-31T17,1960.0
2026-05-31T18,1827.68
2026-05-31T19,1747.834
2026-05-31T20,1718.102
2026-05-31T21,1678.524
2026-05-31T22,1194.628
2026-05-31T23,472.869
2026-06-01T00,346.853
2026-06-01T01,283.689
2026-06-01T02,258.182
2026-06-01T03,258.583
2026-06-01T04,256.776
2026-06-01T05,276.157
2026-06-01T06,299.354
2026-06-01T07,309.195
2026-06-01T08,332.895
2026-06-01T09,779.265
2026-06-01T10,1149.717
2026-06-01T11,1489.139
2026-06-01T12,2123.898
2026-06-01T13,2120.584
2026-06-01T14,2101.404
2026-06-01T15,2101.203
2026-06-01T16,1853.867
2026-06-01T17,1985.518
2026-06-01T18,1756.66
2026-06-01T19,1730.048
2026-06-01T20,1715.186
2026-06-01T21,1679.737
2026-06-01T22,800.253
2026-06-01T23,366.837
2026-06-02T00,274.848
2026-06-02T01,258.48
2026-06-02T02,259.082
2026-06-02T03,248.94
2026-06-02T04,253.158
2026-06-02T05,250.948
2026-06-02T06,306.782
2026-06-02T07,384.205
2026-06-02T08,501.796
2026-06-02T09,1136.849
2026-06-02T10,2254.418
2026-06-02T11,2189.748
2026-06-02T12,2173.38
2026-06-02T13,2177.196
2026-06-02T14,2180.51
2026-06-02T15,2145.363
2026-06-02T16,1891.201
2026-06-02T17,1803.635
2026-06-02T18,1773.208
2026-06-02T19,1733.341
2026-06-02T20,1746.396
2026-06-02T21,1609.524
2026-06-02T22,633.647
2026-06-02T23,393.343
2026-06-03T00,308.992
2026-06-03T01,286.498
2026-06-03T02,288.005
2026-06-03T03,285.293
2026-06-03T04,278.565
2026-06-03T05,279.67
2026-06-03T06,311.603
2026-06-03T07,395.856
2026-06-03T08,507.221
2026-06-03T09,1083.532
2026-06-03T10,2093.054
2026-06-03T11,2160.637
2026-06-03T12,2143.063
2026-06-03T13,2098.678
2026-06-03T14,2129.808
2026-06-03T15,2152.804
2026-06-03T16,1844.515
2026-06-03T17,1735.86
2026-06-03T18,1731.743
2026-06-03T19,1811.577
2026-06-03T20,1729.232
2026-06-03T21,1677.416
2026-06-03T22,829.67
2026-06-03T23,384.709
2026-06-04T00,338.317
2026-06-04T01,320.643
2026-06-04T02,173.727
2026-06-04T03,115.383
2026-06-04T04,262.8
2026-06-04T05,250.65
2026-06-04T06,281.88
2026-06-04T07,364.426
2026-06-04T08,511.04
2026-06-04T09,1215.289
2026-06-04T10,2236.364
2026-06-04T11,2168.379
2026-06-04T12,2144.781
2026-06-04T13,2142.873
2026-06-04T14,2142.672
2026-06-04T15,2093.767
2026-06-04T16,1839.0
2026-06-04T17,1792.405
2026-06-04T18,1784.974
2026-06-04T19,1775.735
2026-06-04T20,1712.973
2026-06-04T21,1652.821
2026-06-04T22,683.06
2026-06-04T23,416.042
2026-06-05T00,345.343
2026-06-05T01,314.012
2026-06-05T02,297.041
2026-06-05T03,298.949
2026-06-05T04,299.25
2026-06-05T05,289.61
2026-06-05T06,552.207
2026-06-05T07,845.231
2026-06-05T08,902.069
2026-06-05T09,1392.418
2026-06-05T10,2076.074
2026-06-05T11,2118.451
2026-06-05T12,2112.526
2026-06-05T13,2100.074
2026-06-05T14,2131.305
2026-06-05T15,2127.489
2026-06-05T16,1823.619
2026-06-05T17,1733.643
2026-06-05T18,1720.689
2026-06-05T19,1721.191
2026-06-05T20,1704.12
2026-06-05T21,1660.337
2026-06-05T22,827.758
2026-06-05T23,428.591
2026-06-06T00,379.982
2026-06-06T01,347.146
2026-06-06T02,321.238
2026-06-06T03,295.129
2026-06-06T04,283.782
2026-06-06T05,273.639
2026-06-06T06,325.254
2026-06-06T07,400.568
2026-06-06T08,512.333
2026-06-06T09,1244.884
2026-06-06T10,2149.35
2026-06-06T11,2153.065
2026-06-06T12,2164.413
2026-06-06T13,2132.58
2026-06-06T14,2149.45
2026-06-06T15,2161.199
2026-06-06T16,1887.56
2026-06-06T17,1837.451
2026-06-06T18,1783.928
2026-06-06T19,1777.702
2026-06-06T20,1744.665
2026-06-06T21,1689.636
2026-06-06T22,1076.985
2026-06-06T23,399.062
2026-06-07T00,329.477
2026-06-07T01,308.791
2026-06-07T02,316.423
2026-06-07T03,312.306
2026-06-07T04,291.619
2026-06-07T05,288.908
2026-06-07T06,327.971
2026-06-07T07,363.721
2026-06-07T08,469.563
2026-06-07T09,981.202
2026-06-07T10,2173.386
2026-06-07T11,2138.741
2026-06-07T12,2122.473
2026-06-07T13,2089.535
2026-06-07T14,2081.502
2026-06-07T15,2074.673
2026-06-07T16,1807.858
2026-06-07T17,1802.234
2026-06-07T18,1799.523
2026-06-07T19,1790.787
2026-06-07T20,1767.891
2026-06-07T21,1729.129
2026-06-07T22,983.01
2026-06-07T23,425.278
2026-06-08T00,372.552
2026-06-08T01,326.761
2026-06-08T02,310.092
2026-06-08T03,278.46
2026-06-08T04,267.012
2026-06-08T05,275.95
2026-06-08T06,295.029
2026-06-08T07,322.644
2026-06-08T08,337.506
2026-06-08T09,380.083
2026-06-08T10,514.242
2026-06-08T11,1090.744
2026-06-08T12,2169.739
2026-06-08T13,2061.589
2026-06-08T14,2036.484
2026-06-08T15,2044.819
2026-06-08T16,1792.669
2026-06-08T17,1722.175
2026-06-08T18,1757.723
2026-06-08T19,1750.694
2026-06-08T20,1719.062
2026-06-08T21,1605.489
2026-06-08T22,669.69
2026-06-08T23,381.791
2026-06-09T00,323.546
2026-06-09T01,278.057
2026-06-09T02,273.739
2026-06-09T03,270.626
2026-06-09T04,270.124
2026-06-09T05,265.706
2026-06-09T06,304.166
2026-06-09T07,374.86
2026-06-09T08,512.332
2026-06-09T09,1124.078
2026-06-09T10,2264.223
2026-06-09T11,2164.91
2026-06-09T12,2163.905
2026-06-09T13,2173.044
2026-06-09T14,2185.094
2026-06-09T15,2171.939
2026-06-09T16,2134.282
2026-06-09T17,2060.676
2026-06-09T18,1765.046
2026-06-09T19,1786.736
2026-06-09T20,1731.406
2026-06-09T21,1631.49
2026-06-09T22,610.842
2026-06-09T23,402.174
2026-06-10T00,346.445
2026-06-10T01,316.319
2026-06-10T02,299.851
2026-06-10T03,288.905
2026-06-10T04,283.583
2026-06-10T05,284.989
2026-06-10T06,342.127
2026-06-10T07,381.792
2026-06-10T08,534.831
2026-06-10T09,1291.888
2026-06-10T10,2217.247
2026-06-10T11,2180.996
2026-06-10T12,2145.548
2026-06-10T13,2133.096
2026-06-10T14,2155.189
2026-06-10T15,2144.645
2026-06-10T16,1832.643
2026-06-10T17,1803.421
2026-06-10T18,1782.233
2026-06-10T19,1781.028
2026-06-10T20,1732.727
2026-06-10T21,1675.99
2026-06-10T22,855.769
2026-06-10T23,344.738
2026-06-11T00,305.378
2026-06-11T01,300.257
2026-06-11T02,293.529
2026-06-11T03,291.621
2026-06-11T04,281.478
2026-06-11T05,285.495
2026-06-11T06,324.257
2026-06-11T07,391.74
2026-06-11T08,528.512
2026-06-11T09,1241.899
2026-06-11T10,2255.944
2026-06-11T11,2133.029
2026-06-11T12,2124.594
2026-06-11T13,2101.798
2026-06-11T14,2145.08
2026-06-11T15,2124.594
2026-06-11T16,2092.961
2026-06-11T17,2038.734
2026-06-11T18,1804.554
2026-06-11T19,1746.009
2026-06-11T20,1689.874
2026-06-11T21,1664.468
2026-06-11T22,1186.668
2026-06-11T23,436.527
2026-06-12T00,379.376
2026-06-12T01,302.858
2026-06-12T02,287.193
2026-06-12T03,283.679
2026-06-12T04,281.972
2026-06-12T05,285.888
2026-06-12T06,322.239
2026-06-12T07,391.426
2026-06-12T08,556.914
2026-06-12T09,1276.906
2026-06-12T10,2190.301
2026-06-12T11,2119.105
2026-06-12T12,2113.381
2026-06-12T13,2086.871
2026-06-12T14,2058.754
2026-06-12T15,2075.223
2026-06-12T16,1820.163
2026-06-12T17,1791.845
2026-06-12T18,1802.791
2026-06-12T19,1771.662
2026-06-12T20,1716.432
2026-06-12T21,1680.985
2026-06-12T22,1221.375
2026-06-12T23,543.659
2026-06-13T00,335.697
2026-06-13T01,282.174
2026-06-13T02,266.107
2026-06-13T03,267.111
2026-06-13T04,268.517
2026-06-13T05,260.383
2026-06-13T06,308.182
2026-06-13T07,351.764
2026-06-13T08,481.604
2026-06-13T09,1140.245
2026-06-13T10,2201.962
2026-06-13T11,2148.54
2026-06-13T12,2127.051
2026-06-13T13,2092.406
2026-06-13T14,2079.754
2026-06-13T15,2061.879
2026-06-13T16,1718.752
2026-06-13T17,1745.864
2026-06-13T18,1758.015
2026-06-13T19,1733.111
2026-06-13T20,1728.291
2026-06-13T21,1664.827
2026-06-13T22,940.714
2026-06-13T23,468.048
2026-06-14T00,403.484
2026-06-14T01,358.596
2026-06-14T02,283.784
2026-06-14T03,273.642
2026-06-14T04,261.692
2026-06-14T05,261.993
2026-06-14T06,305.475
2026-06-14T07,346.747
2026-06-14T08,450.982
2026-06-14T09,1064.442
2026-06-14T10,2174.273
2026-06-14T11,2116.532
2026-06-14T12,2076.164
2026-06-14T13,2072.549
2026-06-14T14,2042.423
2026-06-14T15,2052.666
2026-06-14T16,2054.072
2026-06-14T17,1805.334
2026-06-14T18,1779.225
2026-06-14T19,1791.978
2026-06-14T20,1764.564
2026-06-14T21,1682.923
2026-06-14T22,969.245
2026-06-14T23,387.216
2026-06-15T00,306.078
2026-06-15T01,276.253
2026-06-15T02,269.023
2026-06-15T03,268.32
2026-06-15T04,282.178
2026-06-15T05,288.002
2026-06-15T06,327.066
2026-06-15T07,324.655
2026-06-15T08,338.212
2026-06-15T09,382.497
2026-06-15T10,475.284
2026-06-15T11,1098.788
2026-06-15T12,2161.424
2026-06-15T13,2096.855
2026-06-15T14,2044.436
2026-06-15T15,2055.582
2026-06-15T16,2044.737
2026-06-15T17,1996.937
2026-06-15T18,1761.755
2026-06-15T19,1766.877
2026-06-15T20,1767.781
2026-06-15T21,1684.031
2026-06-15T22,880.074
2026-06-15T23,348.154
2026-06-16T00,314.107
2026-06-16T01,276.551
2026-06-16T02,271.229
2026-06-16T03,264.802
2026-06-16T04,262.994
2026-06-16T05,265.103
2026-06-16T06,311.396
2026-06-16T07,394.743
2026-06-16T08,533.62
2026-06-16T09,990.722
2026-06-16T10,2093.009
2026-06-16T11,2222.146
2026-06-16T12,2173.343
2026-06-16T13,2127.854
2026-06-16T14,2153.36
2026-06-16T15,2159.486
2026-06-16T16,1880.023
2026-06-16T17,1791.153
2026-06-16T18,1765.848
2026-06-16T19,1772.676
2026-06-16T20,1732.71
2026-06-16T21,1657.597
2026-06-16T22,803.744
2026-06-16T23,356.785
2026-06-17T00,299.05
2026-06-17T01,281.778
2026-06-17T02,273.142
2026-06-17T03,275.251
2026-06-17T04,270.531
2026-06-17T05,266.514
2026-06-17T06,295.636
2026-06-17T07,359.503
2026-06-17T08,518.468
2026-06-17T09,1263.382
2026-06-17T10,2115.043
2026-06-17T11,2106.608
2026-06-17T12,2102.289
2026-06-17T13,2094.155
2026-06-17T14,2094.959
2026-06-17T15,2089.837
2026-06-17T16,1835.072
2026-06-17T17,1762.569
2026-06-17T18,1778.837
2026-06-17T19,1764.979
2026-06-17T20,1729.631
2026-06-17T21,1643.471
2026-06-17T22,758.371
2026-06-17T23,387.922
2026-06-18T00,344.442
2026-06-18T01,299.955
2026-06-18T02,284.19
2026-06-18T03,278.265
2026-06-18T04,274.951
2026-06-18T05,278.265
2026-06-18T06,320.943
2026-06-18T07,381.095
2026-06-18T08,542.27
2026-06-18T09,1284.476
2026-06-18T10,2201.213
2026-06-18T11,2210.653
2026-06-18T12,2179.924
2026-06-18T13,2166.267
2026-06-18T14,2178.016
2026-06-18T15,2171.489
2026-06-18T16,1920.739
2026-06-18T17,1784.67
2026-06-18T18,1778.243
2026-06-18T19,1758.661
2026-06-18T20,1728.133
2026-06-18T21,1643.78
2026-06-18T22,882.393
2026-06-18T23,373.965
2026-06-19T00,307.581
2026-06-19T01,280.468
2026-06-19T02,272.233
2026-06-19T03,272.434
2026-06-19T04,267.715
2026-06-19T05,262.593
2026-06-19T06,301.254
2026-06-19T07,305.572
2026-06-19T08,359.898
2026-06-19T09,421.756
2026-06-19T10,572.483
2026-06-19T11,1139.544
2026-06-19T12,1906.738
2026-06-19T13,1877.316
2026-06-19T14,1861.751
2026-06-19T15,1820.981
2026-06-19T16,1776.195
2026-06-19T17,1745.166
2026-06-19T18,1755.91
2026-06-19T19,1764.044
2026-06-19T20,1752.195
2026-06-19T21,1664.229
2026-06-19T22,1288.163
2026-06-19T23,1027.779
2026-06-20T00,888.392
2026-06-20T01,450.773
2026-06-20T02,253.654
2026-06-20T03,260.884
2026-06-20T04,255.06
2026-06-20T05,255.863
2026-06-20T06,300.649
2026-06-20T07,354.774
2026-06-20T08,438.623
2026-06-20T09,1093.946
2026-06-20T10,2085.265
2026-06-20T11,2099.625
2026-06-20T12,2096.411
2026-06-20T13,2072.01
2026-06-20T14,2075.625
2026-06-20T15,2089.683
2026-06-20T16,1989.367
2026-06-20T17,1775.277
2026-06-20T18,1757.101
2026-06-20T19,1776.984
2026-06-20T20,1754.892
2026-06-20T21,1683.094
2026-06-20T22,908.375
2026-06-20T23,426.673
2026-06-21T00,337.305
2026-06-21T01,306.979
2026-06-21T02,287.498
2026-06-21T03,288.301
2026-06-21T04,290.51
2026-06-21T05,302.46
2026-06-21T06,322.443
2026-06-21T07,338.912
2026-06-21T08,432.401
2026-06-21T09,1005.689
2026-06-21T10,2138.81
2026-06-21T11,2071.329
2026-06-21T12,2038.592
2026-06-21T13,2026.241
2026-06-21T14,2026.542
2026-06-21T15,2019.412
2026-06-21T16,1727.697
2026-06-21T17,1750.291
2026-06-21T18,1740.049
2026-06-21T19,1733.22
2026-06-21T20,1732.517
2026-06-21T21,1659.312
2026-06-21T22,997.053
2026-06-21T23,368.435
2026-06-22T00,279.663
2026-06-22T01,257.572
2026-06-22T02,257.973
2026-06-22T03,263.295
2026-06-22T04,262.392
2026-06-22T05,258.877
2026-06-22T06,297.839
2026-06-22T07,320.031
2026-06-22T08,334.994
2026-06-22T09,348.851
2026-06-22T10,472.968
2026-06-22T11,1117.148
2026-06-22T12,2105.459
2026-06-22T13,2039.284
2026-06-22T14,2010.564
2026-06-22T15,1938.565
2026-06-22T16,1641.228
2026-06-22T17,1651.069
2026-06-22T18,1686.516
2026-06-22T19,1691.336
2026-06-22T20,1662.617
2026-06-22T21,1597.546
2026-06-22T22,962.404
2026-06-22T23,362.809
2026-06-23T00,291.521
2026-06-23T01,285.395
2026-06-23T02,281.78
2026-06-23T03,285.094
2026-06-23T04,285.998
2026-06-23T05,288.408
2026-06-23T06,314.417
2026-06-23T07,403.891
2026-06-23T08,493.065
2026-06-23T09,1105.028
2026-06-23T10,1870.132
2026-06-23T11,1897.647
2026-06-23T12,1889.814
2026-06-23T13,1881.68
2026-06-23T14,1883.688
2026-06-23T15,1866.215
2026-06-23T16,1824.942
2026-06-23T17,1792.306
2026-06-23T18,1786.682
2026-06-23T19,1770.715
2026-06-23T20,1786.381
2026-06-23T21,1700.12
2026-06-23T22,725.84
2026-06-23T23,392.243
2026-06-24T00,355.682
2026-06-24T01,337.406
2026-06-24T02,290.912
2026-06-24T03,277.858
2026-06-24T04,275.247
2026-06-24T05,283.281
2026-06-24T06,335.699
2026-06-24T07,429.49
2026-06-24T08,594.779
2026-06-24T09,1216.57
2026-06-24T10,2253.391
2026-06-24T11,2203.283
2026-06-24T12,2155.282
2026-06-24T13,2147.651
2026-06-24T14,2191.935
2026-06-24T15,2158.797
2026-06-24T16,1902.83
2026-06-24T17,1792.772
2026-06-24T18,1842.88
2026-06-24T19,1812.855
2026-06-24T20,1767.767
2026-06-24T21,1689.742
2026-06-24T22,904.67
2026-06-24T23,364.218
2026-06-25T00,298.842
2026-06-25T01,293.822
2026-06-25T02,285.788
2026-06-25T03,279.562
2026-06-25T04,275.546
2026-06-25T05,269.42
2026-06-25T06,305.57
2026-06-25T07,378.775
2026-06-25T08,559.325
2026-06-25T09,1114.031
2026-06-25T10,1941.672
2026-06-25T11,1988.969
2026-06-25T12,2112.382
2026-06-25T13,2155.16
2026-06-25T14,2143.11
2026-06-25T15,2155.26
2026-06-25T16,2062.173
2026-06-25T17,1766.142
2026-06-25T18,1793.255
2026-06-25T19,1768.854
2026-06-25T20,1739.532
2026-06-25T21,1638.913
2026-06-25T22,812.076
2026-06-25T23,389.821
2026-06-26T00,337.505
2026-06-26T01,315.815
2026-06-26T02,281.371
2026-06-26T03,274.141
2026-06-26T04,266.71
2026-06-26T05,271.43
2026-06-26T06,323.045
2026-06-26T07,350.258
2026-06-26T08,552.098
2026-06-26T09,1284.346
2026-06-26T10,2252.476
2026-06-26T11,2193.229
2026-06-26T12,2162.803
2026-06-26T13,2161.698
2026-06-26T14,2146.937
2026-06-26T15,2137.999
2026-06-26T16,1851.005
2026-06-26T17,1657.801
2026-06-26T18,1728.595
2026-06-26T19,1737.332
2026-06-26T20,1726.687
2026-06-26T21,1637.717
2026-06-26T22,793.704
2026-06-26T23,336.3
2026-06-27T00,286.399
2026-06-27T01,282.884
2026-06-27T02,275.453
2026-06-27T03,278.968
2026-06-27T04,272.44
2026-06-27T05,276.859
2026-06-27T06,300.357
2026-06-27T07,361.312
2026-06-27T08,498.587
2026-06-27T09,1115.469
2026-06-27T10,2021.06
2026-06-27T11,2126.1
2026-06-27T12,2102.501
2026-06-27T13,2101.698
2026-06-27T14,2106.016
2026-06-27T15,2137.949
2026-06-27T16,1798.83
2026-06-27T17,1766.193
2026-06-27T18,1757.658
2026-06-27T19,1752.034
2026-06-27T20,1716.184
2026-06-27T21,1646.994
2026-06-27T22,1261.681
2026-06-27T23,423.372
2026-06-28T00,306.986
2026-06-28T01,270.232
2026-06-28T02,269.328
2026-06-28T03,269.328
2026-06-28T04,265.311
2026-06-28T05,267.822
2026-06-28T06,317.932
2026-06-28T07,352.276
2026-06-28T08,451.993
2026-06-28T09,1075.204
2026-06-28T10,2057.619
2026-06-28T11,2077.904
2026-06-28T12,2041.451
2026-06-28T13,1986.822
2026-06-28T14,2024.982
2026-06-28T15,2023.174
2026-06-28T16,1719.603
2026-06-28T17,1756.759
2026-06-28T18,1781.763
2026-06-28T19,1778.048
2026-06-28T20,1762.382
2026-06-28T21,1670.798
2026-06-28T22,1012.642
2026-06-28T23,463.642
2026-06-29T00,311.704
2026-06-29T01,295.135
2026-06-29T02,282.683
2026-06-29T03,284.189
2026-06-29T04,280.474
2026-06-29T05,279.269
2026-06-29T06,300.959
2026-06-29T07,322.248
2026-06-29T08,328.675
2026-06-29T09,360.509
2026-06-29T10,484.226
2026-06-29T11,1023.282
2026-06-29T12,1756.249
2026-06-29T13,1716.985
2026-06-29T14,1708.248
2026-06-29T15,1717.788
2026-06-29T16,1725.922
2026-06-29T17,1709.955
2026-06-29T18,1709.453
2026-06-29T19,1705.838
2026-06-29T20,1719.194
2026-06-29T21,1338.903
2026-06-29T22,576.613
2026-06-29T23,334.5
2026-06-30T00,288.809
2026-06-30T01,274.65
2026-06-30T02,268.926
2026-06-30T03,270.633
2026-06-30T04,262.6
2026-06-30T05,261.897
2026-06-30T06,326.668
2026-06-30T07,378.384
2026-06-30T08,548.195
2026-06-30T09,1237.983
2026-06-30T10,2145.684
2026-06-30T11,2143.776
2026-06-30T12,2153.216
2026-06-30T13,2139.056
2026-06-30T14,2115.859
2026-06-30T15,2108.729
2026-06-30T16,1746.513
2026-06-30T17,1702.629
2026-06-30T18,1689.474
2026-06-30T19,1691.984
2026-06-30T20,1684.855
2026-06-30T21,1490.34
2026-06-30T22,644.699
2026-06-30T23,439.44
2026-07-01T00,368.05
2026-07-01T01,314.3
2026-07-01T02,314.691
2026-07-01T03,306.594
2026-07-01T04,294.986
2026-07-01T05,299.863
2026-07-01T06,318.007
2026-07-01T07,368.927
2026-07-01T08,505.788
2026-07-01T09,903.102
2026-07-01T10,2002.08
2026-07-01T11,2178.35
2026-07-01T12,2103.14
2026-07-01T13,2058.658
2026-07-01T14,2058.951
2026-07-01T15,2069.681
2026-07-01T16,1754.795
2026-07-01T17,1748.747
2026-07-01T18,1734.993
2026-07-01T19,1730.116
2026-07-01T20,1714.215
2026-07-01T21,1411.425
2026-07-01T22,594.166
2026-07-01T23,494.374
2026-07-02T00,371.657
2026-07-02T01,291.083
2026-07-02T02,263.964
2026-07-02T03,255.38
2026-07-02T04,246.893
2026-07-02T05,252.941
2026-07-02T06,302.301
2026-07-02T07,354.976
2026-07-02T08,478.082
2026-07-02T09,1164.623
2026-07-02T10,2110.837
2026-07-02T11,2088.206
2026-07-02T12,2091.327
2026-07-02T13,2082.45
2026-07-02T14,2094.937
2026-07-02T15,2103.911
2026-07-02T16,1770.297
2026-07-02T17,1761.616
2026-07-02T18,1749.812
2026-07-02T19,1717.329
2026-07-02T20,1670.506
2026-07-02T21,1587.59
2026-07-02T22,796.77
2026-07-02T23,377.51
2026-07-03T00,306.788
2026-07-03T01,279.962
2026-07-03T02,262.598
2026-07-03T03,265.72
2026-07-03T04,257.623
2026-07-03T05,256.746
2026-07-03T06,298.398
2026-07-03T07,334.198
2026-07-03T08,530.464
2026-07-03T09,1240.807
2026-07-03T10,2147.805
2026-07-03T11,2105.665
2026-07-03T12,2135.222
2026-07-03T13,2099.617
2026-07-03T14,2086.155
2026-07-03T15,2044.6
2026-07-03T16,1695.867
2026-07-03T17,1686.014
2026-07-03T18,1654.994
2026-07-03T19,1660.652
2026-07-03T20,1643.679
2026-07-03T21,1428.196
2026-07-03T22,598.65
2026-07-03T23,394.58
2026-07-04T00,321.121
2026-07-04T01,315.854
2026-07-04T02,300.247
2026-07-04T03,285.42
2026-07-04T04,274.787
2026-07-04T05,274.982
2026-07-04T06,310.879
2026-07-04T07,363.066
2026-07-04T08,533.869
2026-07-04T09,944.148
2026-07-04T10,2180.836
2026-07-04T11,2140.647
2026-07-04T12,2134.502
2026-07-04T13,2061.147
2026-07-04T14,2051.003
2026-07-04T15,2024.08
2026-07-04T16,1741.587
2026-07-04T17,1703.836
2026-07-04T18,1711.347
2026-07-04T19,1699.934
2026-07-04T20,1682.474
2026-07-04T21,1550.689
2026-07-04T22,674.531
2026-07-04T23,397.012
2026-07-05T00,310.985
2026-07-05T01,288.646
2026-07-05T02,275.379
2026-07-05T03,270.112
2026-07-05T04,273.038
2026-07-05T05,275.379
2026-07-05T06,311.472
2026-07-05T07,322.788
2026-07-05T08,391.56
2026-07-05T09,1014.602
2026-07-05T10,2077.782
2026-07-05T11,1997.695
2026-07-05T12,1993.598
2026-07-05T13,1989.891
2026-07-05T14,1978.576
2026-07-05T15,1941.8
2026-07-05T16,1697.734
2026-07-05T17,1701.05
2026-07-05T18,1703.294
2026-07-05T19,1748.849
2026-07-05T20,1745.63
2026-07-05T21,1644.082
2026-07-05T22,1252.522
2026-07-05T23,384.536
2026-07-06T00,285.623
2026-07-06T01,275.283
2026-07-06T02,267.479
2026-07-06T03,262.016
2026-07-06T04,258.797
2026-07-06T05,256.065
2026-07-06T06,293.329
2026-07-06T07,316.936
2026-07-06T08,328.154
2026-07-06T09,378.099
2026-07-06T10,467.454
2026-07-06T11,1124.932
2026-07-06T12,1864.644
2026-07-06T13,1990.482
2026-07-06T14,1967.948
2026-07-06T15,1962.876
2026-07-06T16,1981.215
2026-07-06T17,1979.654
2026-07-06T18,1983.556
2026-07-06T19,2019.259
2026-07-06T20,1968.729
2026-07-06T21,1880.35
2026-07-06T22,989.534
2026-07-06T23,382.586
2026-07-07T00,302.401
2026-07-07T01,284.062
2026-07-07T02,269.137
2026-07-07T03,268.942
2026-07-07T04,266.991
2026-07-07T05,262.698
2026-07-07T06,315.375
2026-07-07T07,384.634
2026-07-07T08,510.374
2026-07-07T09,1152.927
2026-07-07T10,2136.51
2026-07-07T11,2066.567
2026-07-07T12,2077.395
2026-07-07T13,2012.818
2026-07-07T14,2024.524
2026-07-07T15,2065.299
2026-07-07T16,1737.731
2026-07-07T17,1695.883
2026-07-07T18,1690.517
2026-07-07T19,1695.395
2026-07-07T20,1694.712
2026-07-07T21,1612.088
2026-07-07T22,745.759
2026-07-07T23,435.262
2026-07-08T00,331.952
2026-07-08T01,293.128
2026-07-08T02,258.499
2026-07-08T03,258.889
2026-07-08T04,254.597
2026-07-08T05,259.767
2026-07-08T06,321.027
2026-07-08T07,361.021
2026-07-08T08,495.44
2026-07-08T09,1061.895
2026-07-08T10,2271.086
2026-07-08T11,2172.661
2026-07-08T12,2177.636
2026-07-08T13,2148.762
2026-07-08T14,2125.253
2026-07-08T15,2106.036
2026-07-08T16,1754.185
2026-07-08T17,1695.559
2026-07-08T18,1707.07
2026-07-08T19,1693.121
2026-07-08T20,1676.245
2026-07-08T21,1396.773
2026-07-08T22,615.521
2026-07-08T23,354.875
2026-07-09T00,297.129
2026-07-09T01,278.595
2026-07-09T02,261.622
2026-07-09T03,258.012
2026-07-09T04,246.697
2026-07-09T05,255.086
2026-07-09T06,293.812
2026-07-09T07,343.659
2026-07-09T08,502.466
2026-07-09T09,1192.32
2026-07-09T10,2188.082
2026-07-09T11,2118.824
2026-07-09T12,2140.089
2026-07-09T13,2125.359
2026-07-09T14,2143.406
2026-07-09T15,2162.33
2026-07-09T16,1760.24
2026-07-09T17,1723.075
2026-07-09T18,1706.979
2026-07-09T19,1678.983
2026-07-09T20,1671.179
2026-07-09T21,1532.76
2026-07-09T22,606.841
2026-07-09T23,407.455
2026-07-10T00,321.518
2026-07-10T01,284.157
2026-07-10T02,265.233
2026-07-10T03,257.429
2026-07-10T04,257.234
2026-07-10T05,255.381
2026-07-10T06,308.349
2026-07-10T07,359.757
2026-07-10T08,561.096
2026-07-10T09,1189.988
2026-07-10T10,2204.779
2026-07-10T11,2096.794
2026-07-10T12,2159.322
2026-07-10T13,2125.375
2026-07-10T14,2093.575
2026-07-10T15,2059.921
2026-07-10T16,1744.743
2026-07-10T17,1698.798
2026-07-10T18,1693.14
2026-07-10T19,1666.607
2026-07-10T20,1629.344
2026-07-10T21,1546.526
2026-07-10T22,678.349
2026-07-10T23,362.586
2026-07-11T00,300.151
2026-07-11T01,292.25
2026-07-11T02,285.519
2026-07-11T03,285.129
2026-07-11T04,282.3
2026-07-11T05,281.324
2026-07-11T06,315.563
2026-07-11T07,367.361
2026-07-11T08,526.752
2026-07-11T09,1032.531
2026-07-11T10,2223.77
2026-07-11T11,2094.131
2026-07-11T12,2096.472
2026-07-11T13,2111.299
2026-07-11T14,2109.641
2026-07-11T15,2126.809
2026-07-11T16,1843.729
2026-07-11T17,1805.003
2026-07-11T18,1762.472
2026-07-11T19,1742.67
2026-07-11T20,1687.849
2026-07-11T21,1636.54
2026-07-11T22,1298.833
2026-07-11T23,504.901
2026-07-12T00,338.387
2026-07-12T01,284.346
2026-07-12T02,251.181
2026-07-12T03,245.718
2026-07-12T04,243.28
2026-07-12T05,244.548
2026-07-12T06,286.59
2026-07-12T07,319.073
2026-07-12T08,390.476
2026-07-12T09,1079.346
2026-07-12T10,2049.831
2026-07-12T11,2003.496
2026-07-12T12,2004.472
2026-07-12T13,1981.939
2026-07-12T14,1967.599
2026-07-12T15,1962.332
2026-07-12T16,1983.207
2026-07-12T17,1992.376
2026-07-12T18,2005.154
2026-07-12T19,1993.351
2026-07-12T20,1989.059
2026-07-12T21,1908.096
2026-07-12T22,1051.253
2026-07-12T23,393.891
2026-07-13T00,309.421
2026-07-13T01,266.793
2026-07-13T02,264.452
2026-07-13T03,264.062
2026-07-13T04,258.306
2026-07-13T05,255.087
2026-07-13T06,284.254
2026-07-13T07,314.884
2026-07-13T08,333.418
2026-07-13T09,356.244
2026-07-13T10,448.037
2026-07-13T11,1134.773
2026-07-13T12,1750.982
2026-07-13T13,2056.989
2026-07-13T14,1991.73
2026-07-13T15,1963.636
2026-07-13T16,1962.563
2026-07-13T17,1951.833
2026-07-13T18,1793.025
2026-07-13T19,1687.869
2026-07-13T20,1691.966
2026-07-13T21,1614.805
2026-07-13T22,1116.434
2026-07-13T23,380.436
2026-07-14T00,288.739
2026-07-14T01,277.814
2026-07-14T02,271.571
2026-07-14T03,267.961
2026-07-14T04,260.353
2026-07-14T05,259.085
2026-07-14T06,313.418
2026-07-14T07,379.36
2026-07-14T08,526.363
2026-07-14T09,1243.138
2026-07-14T10,2099.795
2026-07-14T11,2101.551
2026-07-14T12,2103.697
2026-07-14T13,2075.115
2026-07-14T14,2079.017
2026-07-14T15,2053.85
2026-07-14T16,1746.772
2026-07-14T17,1714.484
2026-07-14T18,1731.555
2026-07-14T19,1734.677
2026-07-14T20,1747.163
2026-07-14T21,1595.477
2026-07-14T22,652.491
2026-07-14T23,383.554
2026-07-15T00,339.953
2026-07-15T01,312.639
2026-07-15T02,304.836
2026-07-15T03,302.397
2026-07-15T04,297.617
2026-07-15T05,295.569
2026-07-15T06,305.226
2026-07-15T07,345.903
2026-07-15T08,566.263
2026-07-15T09,1212.612
2026-07-15T10,2130.728
2026-07-15T11,2051.422
2026-07-15T12,2078.052
2026-07-15T13,2003.428
2026-07-15T14,1991.625
2026-07-15T15,1984.504
2026-07-15T16,1887.64
2026-07-15T17,1847.45
2026-07-15T18,1862.57
2026-07-15T19,1840.915
2026-07-15T20,1704.933
2026-07-15T21,1600.168
2026-07-15T22,702.244
2026-07-15T23,421.307
2026-07-16T00,345.318
2026-07-16T01,276.352
2026-07-16T02,259.379
2026-07-16T03,259.574
2026-07-16T04,252.551
2026-07-16T05,250.99
2026-07-16T06,309.323
2026-07-16T07,366.389
2026-07-16T08,564.215
2026-07-16T09,1309.186
2026-07-16T10,2090.25
2026-07-16T11,2151.022
2026-07-16T12,2186.92
2026-07-16T13,2158.728
2026-07-16T14,2148.583
2026-07-16T15,2092.884
2026-07-16T16,1870.475
2026-07-16T17,1815.361
2026-07-16T18,1805.216
2026-07-16T19,1777.415
2026-07-16T20,1735.859
2026-07-16T21,1662.016
2026-07-16T22,772.479
2026-07-16T23,345.514
2026-07-17T00,308.254
2026-07-17T01,306.986
2026-07-17T02,286.208
2026-07-17T03,281.136
2026-07-17T04,269.235
2026-07-17T05,266.113
2026-07-17T06,304.45
2026-07-17T07,344.933
2026-07-17T08,510.571
2026-07-17T09,1044.553
2026-07-17T10,2216.603
2026-07-17T11,2136.223
2026-07-17T12,2116.225
2026-07-17T13,2125.297
2026-07-17T14,2130.272
2026-07-17T15,2135.052
2026-07-17T16,1859.086
2026-07-17T17,1778.999
2026-07-17T18,1759.782
2026-07-17T19,1748.076
2026-07-17T20,1747.393
2026-07-17T21,1667.598
2026-07-17T22,1276.622
2026-07-17T23,464.333
2026-07-18T00,353.418
2026-07-18T01,329.324
2026-07-18T02,320.642
2026-07-18T03,313.521
2026-07-18T04,311.667
2026-07-18T05,308.643
2026-07-18T06,338.201
2026-07-18T07,383.17
2026-07-18T08,547.052
2026-07-18T09,1319.733
2026-07-18T10,2141.774
2026-07-18T11,2122.752
2026-07-18T12,2109.291
2026-07-18T13,2038.666
2026-07-18T14,2022.668
2026-07-18T15,2068.515
2026-07-18T16,1772.066
2026-07-18T17,1741.631
2026-07-18T18,1748.166
2026-07-18T19,1737.533
2026-07-18T20,1713.439
2026-07-18T21,1653.252
2026-07-18T22,966.803
2026-07-18T23,383.073
2026-07-19T00,354.874
2026-07-19T01,342.193
2026-07-19T02,322.0
2026-07-19T03,314.684
2026-07-19T04,317.026
2026-07-19T05,307.661
2026-07-19T06,306.783
2026-07-19T07,324.049
2026-07-19T08,403.257
2026-07-19T09,1092.909
2026-07-19T10,2001.261
2026-07-19T11,2021.648
2026-07-19T12,2054.228
2026-07-19T13,2021.355
2026-07-19T14,1999.993
2026-07-19T15,2010.625
2026-07-19T16,1923.711
2026-07-19T17,1711.353
2026-07-19T18,1716.425
2026-07-19T19,1762.467
2026-07-19T20,1762.272
2026-07-19T21,1710.963
2026-07-19T22,948.736
2026-07-19T23,392.526
2026-07-20T00,360.335
2026-07-20T01,338.485
2026-07-20T02,337.899
2026-07-20T03,302.49
2026-07-20T04,285.322
2026-07-20T05,276.348
2026-07-20T06,310.196
2026-07-20T07,326.389
2026-07-20T08,326.682
2026-07-20T09,355.653
2026-07-20T10,444.712
2026-07-20T11,1101.197
2026-07-20T12,2022.812
2026-07-20T13,2054.124
2026-07-20T14,1956.578
2026-07-20T15,1931.216
2026-07-20T16,1934.24
2026-07-20T17,1916.584
2026-07-20T18,1731.442
2026-07-20T19,1735.929
2026-07-20T20,1739.245
2026-07-20T21,1647.845
2026-07-20T22,952.634
2026-07-20T23,407.645
2026-07-21T00,347.848
2026-07-21T01,313.22
2026-07-21T02,282.298
2026-07-21T03,271.958
2026-07-21T04,276.152
2026-07-21T05,272.25
2026-07-21T06,292.052
2026-07-21T07,380.819
2026-07-21T08,526.65
2026-07-21T09,1195.522
2026-07-21T10,2177.906
2026-07-21T11,2154.3
2026-07-21T12,2154.202
2026-07-21T13,2132.352
2026-07-21T14,2128.255
2026-07-21T15,2129.816
2026-07-21T16,2116.842
2026-07-21T17,1774.261
2026-07-21T18,1725.488
2026-07-21T19,1730.463
2026-07-21T20,1713.978
2026-07-21T21,1646.184
2026-07-21T22,1253.757
2026-07-21T23,567.424
2026-07-22T00,379.752
2026-07-22T01,349.512
2026-07-22T02,328.539
2026-07-22T03,317.809
2026-07-22T04,319.76
2026-07-22T05,317.517
2026-07-22T06,328.539
2026-07-22T07,398.481
2026-07-22T08,849.442
2026-07-22T09,1756.145
2026-07-22T10,2121.557
2026-07-22T11,2229.835
2026-07-22T12,2188.572
2026-07-22T13,2163.405
2026-07-22T14,2143.408
2026-07-22T15,2127.898
2026-07-22T16,2160.479
2026-07-22T17,2098.439
2026-07-22T18,1823.843
2026-07-22T19,1767.07
2026-07-22T20,1744.147
2026-07-22T21,1627.09
2026-07-22T22,1124.136
2026-07-22T23,428.623
2026-07-23T00,356.531
2026-07-23T01,331.851
2026-07-23T02,301.417
2026-07-23T03,296.637
2026-07-23T04,289.907
2026-07-23T05,283.469
2026-07-23T06,302.002
2026-07-23T07,396.622
2026-07-23T08,516.994
2026-07-23T09,1267.415
2026-07-23T10,2198.979
2026-07-23T11,2104.945
2026-07-23T12,2133.038
2026-07-23T13,2109.237
2026-07-23T14,2125.039
2026-07-23T15,2058.513
2026-07-23T16,1830.743
2026-07-23T17,1812.209
2026-07-23T18,1782.946
2026-07-23T19,1755.34
2026-07-23T20,1731.539
2026-07-23T21,1664.817
2026-07-23T22,831.482
2026-07-23T23,412.327
2026-07-24T00,330.099
2026-07-24T01,299.762
2026-07-24T02,295.568
2026-07-24T03,286.105
2026-07-24T04,283.569
2026-07-24T05,283.667
2026-07-24T06,309.809
2026-07-24T07,395.163
2026-07-24T08,547.532
2026-07-24T09,1229.385
2026-07-24T10,2181.932
2026-07-24T11,2190.809
2026-07-24T12,2176.372
2026-07-24T13,2140.28
2026-07-24T14,2140.865
2026-07-24T15,2169.154
2026-07-24T16,1981.571
2026-07-24T17,1752.92
2026-07-24T18,1757.213
2026-07-24T19,1751.067
2026-07-24T20,1737.508
2026-07-24T21,1546.804
2026-07-24T22,644.591
2026-07-24T23,435.255
2026-07-25T00,310.883
2026-07-25T01,292.642
2026-07-25T02,288.252
2026-07-25T03,286.692
2026-07-25T04,285.716
2026-07-25T05,281.717
2026-07-25T06,311.664
2026-07-25T07,373.899
2026-07-25T08,533.389
2026-07-25T09,1221.683
2026-07-25T10,2240.955
2026-07-25T11,2136.58
2026-07-25T12,2144.481
2026-07-25T13,2098.048
2026-07-25T14,2088.294
2026-07-25T15,1973.188
2026-07-25T16,1773.996
2026-07-25T17,1705.128
2026-07-25T18,1704.152
2026-07-25T19,1708.542
2026-07-25T20,1695.275
2026-07-25T21,1635.479
2026-07-25T22,1269.774
2026-07-25T23,446.572
2026-07-26T00,346.483
2026-07-26T01,298.003
2026-07-26T02,280.835
2026-07-26T03,266.496
2026-07-26T04,263.179
2026-07-26T05,261.521
2026-07-26T06,294.979
2026-07-26T07,326.584
2026-07-26T08,421.203
2026-07-26T09,1070.567
2026-07-26T10,1998.131
2026-07-26T11,1634.48
2026-07-26T12,2079.289
2026-07-26T13,1999.009
2026-07-26T14,1998.229
2026-07-26T15,1982.134
2026-07-26T16,1763.533
2026-07-26T17,1667.743
2026-07-26T18,1687.545
2026-07-26T19,1713.882
2026-07-26T20,1729.587
2026-07-26T21,1670.962
2026-07-26T22,1221.763
2026-07-26T23,406.864
2026-07-27T00,292.258
2026-07-27T01,278.016
2026-07-27T02,266.7
2026-07-27T03,269.431
2026-07-27T04,265.237
2026-07-27T05,263.481
2026-07-27T06,289.722
2026-07-27T07,309.622
2026-07-27T08,333.911
2026-07-27T09,362.201
2026-07-27T10,482.869
2026-07-27T11,1000.076
2026-07-27T12,2152.232
2026-07-27T13,2029.027
2026-07-27T14,1998.494
2026-07-27T15,1994.299
2026-07-27T16,2000.542
2026-07-27T17,1977.813
2026-07-27T18,1812.077
2026-07-27T19,1871.289
2026-07-27T20,1896.555
2026-07-27T21,1820.564
2026-07-27T22,877.847
2026-07-27T23,360.738
2026-07-28T00,292.347
2026-07-28T01,285.323
2026-07-28T02,274.008
2026-07-28T03,273.423
2026-07-28T04,265.717
2026-07-28T05,261.815
2026-07-28T06,318.197
2026-07-28T07,389.405
2026-07-28T08,554.942
2026-07-28T09,1182.556
2026-07-28T10,2156.947
2026-07-28T11,2092.859
2026-07-28T12,2073.545
2026-07-28T13,2048.086
2026-07-28T14,2047.695
2026-07-28T15,2054.621
2026-07-28T16,1782.271
2026-07-28T17,1747.935
2026-07-28T18,1750.666
2026-07-28T19,1744.033
2026-07-28T20,1723.353
2026-07-28T21,1666.776
2026-07-28T22,967.466
2026-07-28T23,409.012
2026-07-29T00,314.497
2026-07-29T01,298.499
2026-07-29T02,290.11
2026-07-29T03,285.428
2026-07-29T04,282.501
2026-07-29T05,285.232
2026-07-29T06,325.032
2026-07-29T07,407.461
2026-07-29T08,573.001
2026-07-29T09,1266.475
2026-07-29T10,2290.639
2026-07-29T11,2170.264
2026-07-29T12,2158.363
2026-07-29T13,2143.633
2026-07-29T14,2169.874
2026-07-29T15,2134.658
2026-07-29T16,1836.842
2026-07-29T17,1765.339
2026-07-29T18,1750.121
2026-07-29T19,1758.998
2026-07-29T20,1745.244
2026-07-29T21,1656.084
2026-07-29T22,756.685
2026-07-29T23,433.019
2026-07-30T00,353.805
2026-07-30T01,313.128
2026-07-30T02,287.668
2026-07-30T03,284.253
2026-07-30T04,280.839
2026-07-30T05,280.352
2026-07-30T06,321.614
2026-07-30T07,417.894
2026-07-30T08,568.702
2026-07-30T09,1280.896
2026-07-30T10,2244.373
2026-07-30T11,2212.378
2026-07-30T12,2203.403
2026-07-30T13,2173.554
2026-07-30T14,2127.316
2026-07-30T15,2064.398
2026-07-30T16,2014.844
2026-07-30T17,1621.337
2026-07-30T18,1723.567
2026-07-30T19,1689.816
2026-07-30T20,1687.67
2026-07-30T21,1626.41
2026-07-30T22,997.618
2026-07-30T23,399.164
2026-07-31T00,318.202
2026-07-31T01,298.302
2026-07-31T02,294.985
2026-07-31T03,285.913
2026-07-31T04,281.231
2026-07-31T05,276.451
2026-07-31T06,320.348
2026-07-31T07,367.366
2026-07-31T08,499.446
2026-07-31T09,930.12
2026-07-31T10,1799.955
2026-07-31T11,1829.903
2026-07-31T12,2189.562
2026-07-31T13,2120.888
2026-07-31T14,2124.595
2026-07-31T15,2158.834
2026-07-31T16,1870.19
2026-07-31T17,1761.619
2026-07-31T18,1706.602
2026-07-31T19,1722.99
2026-07-31T20,1701.432
2026-07-31T21,1638.904
2026-07-31T22,771.605
2026-07-31T23,383.559
2026-08-01T00,329.915
2026-08-01T01,307.151
2026-08-01T02,297.881
2026-08-01T03,289.332
2026-08-01T04,271.719
2026-08-01T05,269.762
2026-08-01T06,328.679
2026-08-01T07,379.871
2026-08-01T08,541.274
2026-08-01T09,1237.464
2026-08-01T10,2126.266
2026-08-01T11,2180.342
2026-08-01T12,2157.064
2026-08-01T13,2109.786
2026-08-01T14,2102.267
2026-08-01T15,2123.279
2026-08-01T16,1800.574
2026-08-01T17,1829.209
2026-08-01T18,1822.102
2026-08-01T19,1825.501
2026-08-01T20,1796.866
2026-08-01T21,1728.782
2026-08-01T22,1137.655
2026-08-01T23,465.259
2026-08-02T00,327.743
2026-08-02T01,301.478
2026-08-02T02,299.521
2026-08-02T03,297.461
2026-08-02T04,283.968
2026-08-02T05,293.135
2026-08-02T06,328.567
2026-08-02T07,362.557
2026-08-02T08,483.066
2026-08-02T09,1109.197
2026-08-02T10,2207.064
2026-08-02T11,2102.829
2026-08-02T12,2111.378
2026-08-02T13,2107.052
2026-08-02T14,2093.456
2026-08-02T15,1874.171
2026-08-02T16,1768.906
2026-08-02T17,1798.261
2026-08-02T18,1817.315
2026-08-02T19,1813.916
2026-08-02T20,1822.671
2026-08-02T21,1782.193
2026-08-02T22,1405.113
2026-08-02T23,620.981
2026-08-03T00,312.189
2026-08-03T01,268.724
2026-08-03T02,263.265
2026-08-03T03,260.484
2026-08-03T04,260.896
2026-08-03T05,261.617
2026-08-03T06,303.125
2026-08-03T07,332.995
2026-08-03T08,343.81
2026-08-03T09,387.172
2026-08-03T10,503.87
2026-08-03T11,1171.507
2026-08-03T12,2203.039
2026-08-03T13,2105.911
2026-08-03T14,2066.978
2026-08-03T15,2065.124
2026-08-03T16,2071.51
2026-08-03T17,2046.79
2026-08-03T18,1760.866
2026-08-03T19,1798.254
2026-08-03T20,1784.247
2026-08-03T21,1711.941
2026-08-03T22,1020.408
2026-08-03T23,394.279
2026-08-04T00,302.305
2026-08-04T01,284.28
2026-08-04T02,285.413
2026-08-04T03,279.233
2026-08-04T04,274.598
2026-08-04T05,274.186
2026-08-04T06,314.871
2026-08-04T07,385.632
2026-08-04T08,572.68
2026-08-04T09,1029.28
2026-08-04T10,2283.511
2026-08-04T11,2222.844
2026-08-04T12,2216.973
2026-08-04T13,2199.669
2026-08-04T14,2191.12
2026-08-04T15,2168.151
2026-08-04T16,1846.379
2026-08-04T17,1808.784
2026-08-04T18,1795.703
2026-08-04T19,1775.721
2026-08-04T20,1770.468
2026-08-04T21,1692.909
2026-08-04T22,631.081
2026-08-04T23,388.207
2026-08-05T00,327.956
2026-08-05T01,310.033
2026-08-05T02,299.321
2026-08-05T03,282.12
2026-08-05T04,275.734
2026-08-05T05,289.845
2026-08-05T06,343.715
2026-08-05T07,383.061
2026-08-05T08,573.922
2026-08-05T09,1176.685
2026-08-05T10,2264.377
2026-08-05T11,2208.447
2026-08-05T12,2218.335
2026-08-05T13,2191.658
2026-08-05T14,2204.43
2026-08-05T15,2186.405
2026-08-05T16,1846.604
2026-08-05T17,1803.962
2026-08-05T18,1768.529
2026-08-05T19,1786.967
2026-08-05T20,1805.507
2026-08-05T21,1688.394
2026-08-05T22,954.202
2026-08-05T23,421.79
2026-08-06T00,316.932
2026-08-06T01,309.309
2026-08-06T02,279.954
2026-08-06T03,273.774
2026-08-06T04,274.289
2026-08-06T05,271.405
2026-08-06T06,320.846
2026-08-06T07,400.053
2026-08-06T08,556.098
2026-08-06T09,1055.958
2026-08-06T10,2407.835
2026-08-06T11,2318.431
2026-08-06T12,2302.981
2026-08-06T13,2267.446
2026-08-06T14,2278.879
2026-08-06T15,2236.237
2026-08-06T16,1830.931
2026-08-06T17,1802.606
2026-08-06T18,1792.1
2026-08-06T19,1770.47
2026-08-06T20,1753.578
2026-08-06T21,1482.79
2026-08-06T22,612.542
2026-08-06T23,434.558
2026-08-07T00,347.208
2026-08-07T01,309.305
2026-08-07T02,300.447
2026-08-07T03,291.589
2026-08-07T04,284.482
2026-08-07T05,288.911
2026-08-07T06,331.758
2026-08-07T07,392.116
2026-08-07T08,590.491
2026-08-07T09,1239.382
2026-08-07T10,2281.624
2026-08-07T11,2245.678
2026-08-07T12,2227.447
2026-08-07T13,2192.016
2026-08-07T14,2219.928
2026-08-07T15,2120.947
2026-08-07T16,1893.32
2026-08-07T17,1856.549
2026-08-07T18,1825.032
2026-08-07T19,1818.44
2026-08-07T20,1797.222
2026-08-07T21,1728.522
2026-08-07T22,1334.965
2026-08-07T23,481.621
2026-08-08T00,338.562
2026-08-08T01,311.267
2026-08-08T02,305.19
2026-08-08T03,295.405
2026-08-08T04,295.096
2026-08-08T05,300.658
2026-08-08T06,349.274
2026-08-08T07,417.563
2026-08-08T08,580.818
2026-08-08T09,1025.265
2026-08-08T10,2269.714
2026-08-08T11,2219.45
2026-08-08T12,2245.509
2026-08-08T13,2272.495
2026-08-08T14,2239.329
2026-08-08T15,2193.288
2026-08-08T16,1752.034
2026-08-08T17,1732.979
2026-08-08T18,1748.532
2026-08-08T19,1761.922
2026-08-08T20,1762.54
2026-08-08T21,1712.173
2026-08-08T22,1402.246
2026-08-08T23,641.692
2026-08-09T00,359.469
2026-08-09T01,321.771
2026-08-09T02,281.086
2026-08-09T03,282.116
2026-08-09T04,281.395
2026-08-09T05,281.395
2026-08-09T06,327.848
2026-08-09T07,354.216
2026-08-09T08,456.804
2026-08-09T09,948.01
2026-08-09T10,2105.727
2026-08-09T11,2123.855
2026-08-09T12,2132.507
2026-08-09T13,2093.882
2026-08-09T14,2101.195
2026-08-09T15,2106.963
2026-08-09T16,1778.188
2026-08-09T17,1776.437
2026-08-09T18,1778.806
2026-08-09T19,1778.497
2026-08-09T20,1809.603
2026-08-09T21,1788.385
2026-08-09T22,1447.765
2026-08-09T23,655.078
2026-08-10T00,463.812
2026-08-10T01,312.813
2026-08-10T02,296.848
2026-08-10T03,291.286
2026-08-10T04,290.256
2026-08-10T05,290.462
2026-08-10T06,301.174
2026-08-10T07,337.842
2026-08-10T08,344.228
2026-08-10T09,387.901
2026-08-10T10,481.94
2026-08-10T11,957.392
2026-08-10T12,2206.894
2026-08-10T13,2191.341
2026-08-10T14,2149.419
2026-08-10T15,2112.545
2026-08-10T16,1799.217
2026-08-10T17,1786.548
2026-08-10T18,1792.007
2026-08-10T19,1805.5
2026-08-10T20,1829.808
2026-08-10T21,1747.407
2026-08-10T22,1368.159
2026-08-10T23,525.201
2026-08-11T00,308.894
2026-08-11T01,295.505
2026-08-11T02,284.793
2026-08-11T03,286.441
2026-08-11T04,281.394
2026-08-11T05,279.334
2026-08-11T06,342.884
2026-08-11T07,407.362
2026-08-11T08,575.765
2026-08-11T09,1232.282
2026-08-11T10,2149.489
2026-08-11T11,2223.237
2026-08-11T12,2214.688
2026-08-11T13,2175.96
2026-08-11T14,2198.826
2026-08-11T15,2164.63
2026-08-11T16,1820.716
2026-08-11T17,1788.477
2026-08-11T18,1772.615
2026-08-11T19,1782.503
2026-08-11T20,1752.221
2026-08-11T21,1675.59
2026-08-11T22,822.551
2026-08-11T23,375.844
2026-08-12T00,321.149
2026-08-12T01,300.24
2026-08-12T02,296.944
2026-08-12T03,290.868
2026-08-12T04,282.937
2026-08-12T05,282.834
2026-08-12T06,323.518
2026-08-12T07,389.643
2026-08-12T08,574.01
2026-08-12T09,1064.283
2026-08-12T10,2265.347
2026-08-12T11,2247.425
2026-08-12T12,2228.474
2026-08-12T13,2229.401
2026-08-12T14,2231.873
2026-08-12T15,2229.092
2026-08-12T16,1987.663
2026-08-12T17,1886.313
2026-08-12T18,1860.151
2026-08-12T19,1860.563
2026-08-12T20,1815.45
2026-08-12T21,1683.097
2026-08-12T22,1061.811
2026-08-12T23,350.916
2026-08-13T00,306.113
2026-08-13T01,297.049
2026-08-13T02,294.165
2026-08-13T03,290.251
2026-08-13T04,286.337
2026-08-13T05,286.543
2026-08-13T06,348.445
2026-08-13T07,389.439
2026-08-13T08,534.77
2026-08-13T09,1204.366
2026-08-13T10,2240.947
2026-08-13T11,2211.386
2026-08-13T12,2226.63
2026-08-13T13,2206.339
2026-08-13T14,2213.137
2026-08-13T15,2228.381
2026-08-13T16,1910.526
2026-08-13T17,1870.357
2026-08-13T18,1859.027
2026-08-13T19,1856.04
2026-08-13T20,1811.544
2026-08-13T21,1742.741
2026-08-13T22,906.39
2026-08-13T23,401.078
2026-08-14T00,315.079
2026-08-14T01,306.53
2026-08-14T02,296.127
2026-08-14T03,289.329
2026-08-14T04,291.286
2026-08-14T05,289.844
2026-08-14T06,325.38
2026-08-14T07,386.665
2026-08-14T08,558.47
2026-08-14T09,1043.913
2026-08-14T10,2304.643
2026-08-14T11,2260.765
2026-08-14T12,2235.324
2026-08-14T13,2223.891
2026-08-14T14,2229.865
2026-08-14T15,2217.093
2026-08-14T16,1892.743
2026-08-14T17,1873.276
2026-08-14T18,1838.668
2026-08-14T19,1804.368
2026-08-14T20,1800.145
2026-08-14T21,1718.775
2026-08-14T22,1216.543
2026-08-14T23,428.277
2026-08-15T00,349.893
2026-08-15T01,303.852
2026-08-15T02,286.239
2026-08-15T03,280.265
2026-08-15T04,277.69
2026-08-15T05,278.102
2026-08-15T06,310.753
2026-08-15T07,335.473
2026-08-15T08,357.0
2026-08-15T09,401.6
2026-08-15T10,527.466
2026-08-15T11,1117.969
2026-08-15T12,2124.698
2026-08-15T13,2161.984
2026-08-15T14,2117.591
2026-08-15T15,2100.802
2026-08-15T16,1744.522
2026-08-15T17,1709.09
2026-08-15T18,1817.138
2026-08-15T19,1833.412
2026-08-15T20,1818.065
2026-08-15T21,1742.771
2026-08-15T22,1059.362
2026-08-15T23,352.262
2026-08-16T00,297.976
2026-08-16T01,283.762
2026-08-16T02,272.02
2026-08-16T03,273.668
2026-08-16T04,267.076
2026-08-16T05,266.973
2026-08-16T06,302.611
2026-08-16T07,344.119
2026-08-16T08,419.617
2026-08-16T09,944.706
2026-08-16T10,2240.74
2026-08-16T11,2195.73
2026-08-16T12,2163.285
2026-08-16T13,2136.608
2026-08-16T14,2126.926
2026-08-16T15,2123.94
2026-08-16T16,1783.631
2026-08-16T17,1796.403
2026-08-16T18,1825.037
2026-08-16T19,1841.723
2026-08-16T20,1847.8
2026-08-16T21,1772.301
2026-08-16T22,1303.76
2026-08-16T23,394.589
2026-08-17T00,301.074
2026-08-17T01,278.31
2026-08-17T02,275.735
2026-08-17T03,269.864
2026-08-17T04,268.525
2026-08-17T05,267.701
2026-08-17T06,314.464
2026-08-17T07,324.558
2026-08-17T08,343.819
2026-08-17T09,388.522
2026-08-17T10,506.459
2026-08-17T11,1112.932
2026-08-17T12,2136.046
2026-08-17T13,2143.462
2026-08-17T14,1789.343
2026-08-17T15,1878.645
2026-08-17T16,1820.449
2026-08-17T17,1740.108
2026-08-17T18,1769.052
2026-08-17T19,1789.24
2026-08-17T20,1760.812
2026-08-17T21,1675.732
2026-08-17T22,1020.024
2026-08-17T23,385.123
2026-08-18T00,303.339
2026-08-18T01,291.082
2026-08-18T02,278.309
2026-08-18T03,267.391
2026-08-18T04,259.769
2026-08-18T05,262.962
2026-08-18T06,300.043
2026-08-18T07,397.07
2026-08-18T08,579.588
2026-08-18T09,805.264
2026-08-18T10,2332.979
2026-08-18T11,2238.424
2026-08-18T12,2250.99
2026-08-18T13,2202.683
2026-08-18T14,2208.039
2026-08-18T15,2197.739
2026-08-18T16,1847.328
2026-08-18T17,1802.42
2026-08-18T18,1767.502
2026-08-18T19,1772.343
2026-08-18T20,1733.615
2026-08-18T21,1678.097
2026-08-18T22,871.597
2026-08-18T23,378.427
2026-08-19T00,326.508
2026-08-19T01,311.47
2026-08-19T02,309.41
2026-08-19T03,288.707
2026-08-19T04,286.647
2026-08-19T05,287.059
2026-08-19T06,333.409
2026-08-19T07,398.608
2026-08-19T08,577.312
2026-08-19T09,1213.848
2026-08-19T10,1972.13
2026-08-19T11,2071.113
2026-08-19T12,2096.863
2026-08-19T13,2079.147
2026-08-19T14,2082.649
2026-08-19T15,2089.138
2026-08-19T16,1968.113
2026-08-19T17,1853.887
2026-08-19T18,1843.278
2026-08-19T19,1850.797
2026-08-19T20,1796.413
2026-08-19T21,1697.74
2026-08-19T22,1094.369
2026-08-19T23,339.383
2026-08-20T00,302.717
2026-08-20T01,290.769
2026-08-20T02,278.1
2026-08-20T03,278.512
2026-08-20T04,273.362
2026-08-20T05,278.306
2026-08-20T06,318.064
2026-08-20T07,388.105
2026-08-20T08,551.566
2026-08-20T09,1099.527
2026-08-20T10,2323.992
2026-08-20T11,2236.751
2026-08-20T12,2221.198
2026-08-20T13,2195.036
2026-08-20T14,2202.761
2026-08-20T15,2192.77
2026-08-20T16,1879.135
2026-08-20T17,1851.016
2026-08-20T18,1837.42
2026-08-20T19,1811.773
2026-08-20T20,1782.109
2026-08-20T21,1703.829
2026-08-20T22,676.299
2026-08-20T23,407.881
2026-08-21T00,342.373
2026-08-21T01,322.082
2026-08-21T02,318.58
2026-08-21T03,324.348
2026-08-21T04,305.705
2026-08-21T05,302.203
2026-08-21T06,340.519
2026-08-21T07,388.312
2026-08-21T08,585.969
2026-08-21T09,1196.556
2026-08-21T10,2258.49
2026-08-21T11,2314.007
2026-08-21T12,2287.948
2026-08-21T13,2237.169
2026-08-21T14,2249.117
2026-08-21T15,2219.453
2026-08-21T16,1892.838
2026-08-21T17,1869.663
2026-08-21T18,1882.229
2026-08-21T19,1866.367
2026-08-21T20,1852.05
2026-08-21T21,1770.577
2026-08-21T22,1028.562
2026-08-21T23,407.882
2026-08-22T00,347.834
2026-08-22T01,337.637
2026-08-22T02,328.779
2026-08-22T03,319.611
2026-08-22T04,319.302
2026-08-22T05,324.967
2026-08-22T06,366.477
2026-08-22T07,426.938
2026-08-22T08,587.929
2026-08-22T09,1046.385
2026-08-22T10,2277.245
2026-08-22T11,2214.62
2026-08-22T12,2273.021
2026-08-22T13,2235.426
2026-08-22T14,2216.68
2026-08-22T15,2212.457
2026-08-22T16,1850.1
2026-08-22T17,1814.977
2026-08-22T18,1830.015
2026-08-22T19,1805.501
2026-08-22T20,1785.107
2026-08-22T21,1733.606
2026-08-22T22,1075.843
2026-08-22T23,454.542
2026-08-23T00,345.354
2026-08-23T01,315.176
2026-08-23T02,310.129
2026-08-23T03,294.576
2026-08-23T04,290.147
2026-08-23T05,291.795
2026-08-23T06,336.187
2026-08-23T07,360.289
2026-08-23T08,466.79
2026-08-23T09,1107.853
2026-08-23T10,2187.587
2026-08-23T11,2182.746
2026-08-23T12,2173.991
2026-08-23T13,2167.399
2026-08-23T14,2137.324
2026-08-23T15,2119.814
2026-08-23T16,1765.19
2026-08-23T17,1785.893
2026-08-23T18,1824.826
2026-08-23T19,1828.122
2026-08-23T20,1832.963
2026-08-23T21,1744.59
2026-08-23T22,957.887
2026-08-23T23,404.372
2026-08-24T00,306.121
2026-08-24T01,286.036
2026-08-24T02,280.165
2026-08-24T03,277.384
2026-08-24T04,275.118
2026-08-24T05,271.41
2026-08-24T06,301.074
2026-08-24T07,334.756
2026-08-24T08,342.481
2026-08-24T09,376.987
2026-08-24T10,458.873
2026-08-24T11,875.927
2026-08-24T12,2260.89
2026-08-24T13,2118.438
2026-08-24T14,2088.156
2026-08-24T15,2066.937
2026-08-24T16,1809.948
2026-08-24T17,1759.992
2026-08-24T18,1806.343
2026-08-24T19,1797.897
2026-08-24T20,1810.463
2026-08-24T21,1745.16
2026-08-24T22,931.239
2026-08-24T23,374.206
2026-08-25T00,303.54
2026-08-25T01,294.064
2026-08-25T02,280.777
2026-08-25T03,277.275
2026-08-25T04,277.481
2026-08-25T05,275.112
2026-08-25T06,331.864
2026-08-25T07,397.578
2026-08-25T08,557.33
2026-08-25T09,1168.53
2026-08-25T10,2179.676
2026-08-25T11,2231.073
2026-08-25T12,2244.051
2026-08-25T13,2215.829
2026-08-25T14,2235.708
2026-08-25T15,2247.759
2026-08-25T16,1919.911
2026-08-25T17,1866.248
2026-08-25T18,1872.016
2026-08-25T19,1831.022
2026-08-25T20,1773.137
2026-08-25T21,1689.192
2026-08-25T22,1026.39
2026-08-25T23,334.439
2026-08-26T00,317.339
2026-08-26T01,293.958
2026-08-26T02,283.658
2026-08-26T03,276.86
2026-08-26T04,277.787
2026-08-26T05,276.345
2026-08-26T06,319.502
2026-08-26T07,392.219
2026-08-26T08,568.14
2026-08-26T09,1062.019
2026-08-26T10,2259.995
2026-08-26T11,2220.856
2026-08-26T12,2241.147
2026-08-26T13,2170.902
2026-08-26T14,2173.889
2026-08-26T15,2178.112
2026-08-26T16,1895.277
2026-08-26T17,1932.872
2026-08-26T18,1934.623
2026-08-26T19,1947.189
2026-08-26T20,1925.044
2026-08-26T21,1843.572
2026-08-26T22,867.042
2026-08-26T23,434.654
2026-08-27T00,360.296
2026-08-27T01,318.271
2026-08-27T02,291.388
2026-08-27T03,291.8
2026-08-27T04,281.397
2026-08-27T05,289.225
2026-08-27T06,353.807
2026-08-27T07,409.839
2026-08-27T08,570.417
2026-08-27T09,1195.732
2026-08-27T10,2285.58
2026-08-27T11,2224.707
2026-08-27T12,2184.228
2026-08-27T13,2166.1
2026-08-27T14,2221.308
2026-08-27T15,2229.651
2026-08-27T16,1900.977
2026-08-27T17,1898.093
2026-08-27T18,1839.691
2026-08-27T19,1822.49
2026-08-27T20,1778.921
2026-08-27T21,1692.195
2026-08-27T22,902.387
2026-08-27T23,408.5
2026-08-28T00,372.655
2026-08-28T01,363.9
2026-08-28T02,352.055
2026-08-28T03,343.609
2026-08-28T04,321.052
2026-08-28T05,328.159
2026-08-28T06,339.901
2026-08-28T07,386.251
2026-08-28T08,572.166
2026-08-28T09,1068.73
2026-08-28T10,2296.492
2026-08-28T11,2262.193
2026-08-28T12,2246.743
2026-08-28T13,2199.672
2026-08-28T14,2249.833
2026-08-28T15,2240.666
2026-08-28T16,1861.522
2026-08-28T17,1857.093
2026-08-28T18,1852.664
2026-08-28T19,1853.076
2026-08-28T20,1836.287
2026-08-28T21,1456.216
2026-08-28T22,650.034
2026-08-28T23,420.035
2026-08-29T00,363.18
2026-08-29T01,330.735
2026-08-29T02,323.113
2026-08-29T03,321.362
2026-08-29T04,294.994
2026-08-29T05,289.329
2026-08-29T06,344.125
2026-08-29T07,418.079
2026-08-29T08,587.0
2026-08-29T09,1216.951
2026-08-29T10,2292.071
2026-08-29T11,2331.108
2026-08-29T12,2294.852
2026-08-29T13,2241.086
2026-08-29T14,2272.913
2026-08-29T15,2245.412
2026-08-29T16,1954.435
2026-08-29T17,1868.739
2026-08-29T18,1867.503
2026-08-29T19,1856.379
2026-08-29T20,1829.187
2026-08-29T21,1589.298
2026-08-29T22,680.422
2026-08-29T23,371.729
2026-08-30T00,311.47
2026-08-30T01,293.136
2026-08-30T02,290.149
2026-08-30T03,284.175
2026-08-30T04,278.407
2026-08-30T05,280.879
2026-08-30T06,322.284
2026-08-30T07,365.235
2026-08-30T08,428.992
2026-08-30T09,913.603
2026-08-30T10,2275.046
2026-08-30T11,2176.888
2026-08-30T12,2160.923
2026-08-30T13,2133.834
2026-08-30T14,2131.774
2026-08-30T15,2085.527
2026-08-30T16,1743.364
2026-08-30T17,1745.115
2026-08-30T18,1777.251
2026-08-30T19,1782.401
2026-08-30T20,1799.19
2026-08-30T21,1740.583
2026-08-30T22,1415.827
2026-08-30T23,643.951
2026-08-31T00,397.374
2026-08-31T01,287.164
2026-08-31T02,287.679
2026-08-31T03,282.014
2026-08-31T04,280.469
2026-08-31T05,274.804
2026-08-31T06,324.656
2026-08-31T07,349.273
2026-08-31T08,381.924
2026-08-31T09,432.291
2026-08-31T10,519.635
2026-08-31T11,1216.122
2026-08-31T12,1991.919
2026-08-31T13,2196.683
2026-08-31T14,2136.222
2026-08-31T15,2110.163
2026-08-31T16,1755.328
2026-08-31T17,1797.352
2026-08-31T18,1421.298
2026-08-31T19,1833.814
2026-08-31T20,2156.101
2026-08-31T21,2017.36
2026-08-31T22,1561.069
2026-08-31T23,497.284
2026-09-01T00,323.424
2026-09-01T01,306.326
2026-09-01T02,299.321
2026-09-01T03,293.553
2026-09-01T04,289.948
2026-09-01T05,287.064
2026-09-01T06,334.239
2026-09-01T07,409.43
2026-09-01T08,554.043
2026-09-01T09,963.473
2026-09-01T10,2203.505
2026-09-01T11,2247.795
2026-09-01T12,2211.539
2026-09-01T13,2179.093
2026-09-01T14,2199.796
2026-09-01T15,2230.697
2026-09-01T16,1895.737
2026-09-01T17,1875.343
2026-09-01T18,1873.901
2026-09-01T19,1763.689
2026-09-01T20,1838.159
2026-09-01T21,1727.227
2026-09-01T22,964.297
2026-09-01T23,408.4
2026-09-02T00,337.532
2026-09-02T01,292.727
2026-09-02T02,279.234
2026-09-02T03,278.513
2026-09-02T04,272.848
2026-09-02T05,282.118
2026-09-02T06,326.202
2026-09-02T07,373.067
2026-09-02T08,536.631
2026-09-02T09,1046.791
2026-09-02T10,2196.273
2026-09-02T11,2172.274
2026-09-02T12,2180.411
2026-09-02T13,2129.632
2026-09-02T14,2148.584
2026-09-02T15,2168.772
2026-09-02T16,1837.73
2026-09-02T17,1836.288
2026-09-02T18,1829.593
2026-09-02T19,1837.421
2026-09-02T20,1772.324
2026-09-02T21,1431.6
2026-09-02T22,592.457
2026-09-02T23,376.981
2026-09-03T00,331.351
2026-09-03T01,324.965
2026-09-03T02,307.352
2026-09-03T03,312.09
2026-09-03T04,307.043
2026-09-03T05,314.871
2026-09-03T06,342.269
2026-09-03T07,400.464
2026-09-03T08,564.749
2026-09-03T09,1024.849
2026-09-03T10,2306.58
2026-09-03T11,2210.481
2026-09-03T12,2211.717
2026-09-03T13,2207.494
2026-09-03T14,2237.261
2026-09-03T15,2219.854
2026-09-03T16,1826.91
2026-09-03T17,1814.756
2026-09-03T18,1839.27
2026-09-03T19,1834.635
2026-09-03T20,1812.902
2026-09-03T21,1710.108
2026-09-03T22,1217.562
2026-09-03T23,438.471
2026-09-04T00,367.4
2026-09-04T01,319.711
2026-09-04T02,307.145
2026-09-04T03,307.042
2026-09-04T04,291.489
2026-09-04T05,273.464
2026-09-04T06,326.715
2026-09-04T07,384.6
2026-09-04T08,543.735
2026-09-04T09,1225.18
2026-09-04T10,2151.97
2026-09-04T11,2182.252
2026-09-04T12,2195.23
2026-09-04T13,2162.476
2026-09-04T14,2207.487
2026-09-04T15,2224.585
2026-09-04T16,2213.77
2026-09-04T17,1773.962
2026-09-04T18,1992.939
2026-09-04T19,2197.496
2026-09-04T20,2087.596
2026-09-04T21,2026.105
2026-09-04T22,831.207
2026-09-04T23,396.445
2026-09-05T00,353.496
2026-09-05T01,303.953
2026-09-05T02,294.992
2026-09-05T03,292.417
2026-09-05T04,291.181
2026-09-05T05,290.666
2026-09-05T06,331.66
2026-09-05T07,391.297
2026-09-05T08,567.015
2026-09-05T09,1006.928
2026-09-05T10,2236.439
2026-09-05T11,2227.272
2026-09-05T12,2220.577
2026-09-05T13,2188.441
2026-09-05T14,2197.196
2026-09-05T15,2193.694
2026-09-05T16,1992.432
2026-09-05T17,1823.821
2026-09-05T18,1850.91
2026-09-05T19,1868.523
2026-09-05T20,1871.407
2026-09-05T21,1747.91
2026-09-05T22,692.881
2026-09-05T23,445.887
2026-09-06T00,375.645
2026-09-06T01,294.48
2026-09-06T02,282.841
2026-09-06T03,279.236
2026-09-06T04,274.189
2026-09-06T05,274.086
2026-09-06T06,314.256
2026-09-06T07,365.757
2026-09-06T08,451.454
2026-09-06T09,958.013
2026-09-06T10,2073.308
2026-09-06T11,2056.622
2026-09-06T12,2071.969
2026-09-06T13,2051.781
2026-09-06T14,2050.339
2026-09-06T15,2032.932
2026-09-06T16,1839.29
2026-09-06T17,1886.567
2026-09-06T18,1901.914
2026-09-06T19,1894.395
2026-09-06T20,1891.717
2026-09-06T21,1837.127
2026-09-06T22,1199.447
2026-09-06T23,464.638
2026-09-07T00,341.748
2026-09-07T01,295.914
2026-09-07T02,287.777
2026-09-07T03,283.451
2026-09-07T04,272.533
2026-09-07T05,279.64
2026-09-07T06,305.801
2026-09-07T07,327.122
2026-09-07T08,362.141
2026-09-07T09,428.781
2026-09-07T10,547.023
2026-09-07T11,1019.578
2026-09-07T12,2000.121
2026-09-07T13,1993.838
2026-09-07T14,2061.507
2026-09-07T15,2062.228
2026-09-07T16,1848.61
2026-09-07T17,1863.236
2026-09-07T18,1861.691
2026-09-07T19,1889.295
2026-09-07T20,1839.752
2026-09-07T21,1764.049
2026-09-07T22,1075.918
2026-09-07T23,417.245
2026-09-08T00,348.351
2026-09-08T01,324.866
2026-09-08T02,313.227
2026-09-08T03,311.373
2026-09-08T04,313.536
2026-09-08T05,309.725
2026-09-08T06,350.617
2026-09-08T07,380.59
2026-09-08T08,533.032
2026-09-08T09,1323.877
2026-09-08T10,2274.889
2026-09-08T11,2221.123
2026-09-08T12,2215.664
2026-09-08T13,2208.659
2026-09-08T14,2210.616
2026-09-08T15,2218.342
2026-09-08T16,1874.317
2026-09-08T17,1814.061
2026-09-08T18,1784.397
2026-09-08T19,1801.083
2026-09-08T20,1774.302
2026-09-08T21,1704.88
2026-09-08T22,854.294
2026-09-08T23,404.178
2026-09-09T00,376.574
2026-09-09T01,326.618
2026-09-09T02,291.906
2026-09-09T03,272.233
2026-09-09T04,267.701
2026-09-09T05,268.216
2026-09-09T06,305.606
2026-09-09T07,371.63
2026-09-09T08,564.243
2026-09-09T09,1247.349
2026-09-09T10,2178.174
2026-09-09T11,2252.748
2026-09-09T12,2239.357
2026-09-09T13,2208.148
2026-09-09T14,2230.499
2026-09-09T15,2250.481
2026-09-09T16,1912.945
2026-09-09T17,1903.778
2026-09-09T18,1875.453
2026-09-09T19,1862.681
2026-09-09T20,1857.427
2026-09-09T21,1789.034
2026-09-09T22,664.051
2026-09-09T23,451.147
2026-09-10T00,408.298
2026-09-10T01,333.622
2026-09-10T02,314.464
2026-09-10T03,288.198
2026-09-10T04,288.095
2026-09-10T05,290.052
2026-09-10T06,338.051
2026-09-10T07,394.599
2026-09-10T08,558.68
2026-09-10T09,1307.604
2026-09-10T10,2244.815
2026-09-10T11,2214.224
2026-09-10T12,2189.298
2026-09-10T13,2197.332
2026-09-10T14,2228.644
2026-09-10T15,2209.383
2026-09-10T16,1893.786
2026-09-10T17,1865.049
2026-09-10T18,1852.586
2026-09-10T19,1857.736
2026-09-10T20,1803.969
2026-09-10T21,1704.675
2026-09-10T22,641.7
2026-09-10T23,365.14
2026-09-11T00,346.905
2026-09-11T01,314.666
2026-09-11T02,290.564
2026-09-11T03,277.586
2026-09-11T04,273.466
2026-09-11T05,278.719
2026-09-11T06,312.194
2026-09-11T07,371.831
2026-09-11T08,560.321
2026-09-11T09,1041.951
2026-09-11T10,2334.192
2026-09-11T11,2238.917
2026-09-11T12,2252.925
2026-09-11T13,2222.437
2026-09-11T14,2256.736
2026-09-11T15,2233.046
2026-09-11T16,1954.327
2026-09-11T17,1915.805
2026-09-11T18,1911.788
2026-09-11T19,1891.909
2026-09-11T20,1876.15
2026-09-11T21,1794.162
2026-09-11T22,975.825
2026-09-11T23,421.58
2026-09-12T00,390.055
2026-09-12T01,338.247
2026-09-12T02,288.293
2026-09-12T03,277.993
2026-09-12T04,277.787
2026-09-12T05,280.053
2026-09-12T06,320.737
2026-09-12T07,399.634
2026-09-12T08,559.385
2026-09-12T09,1221.047
2026-09-12T10,2264.731
2026-09-12T11,2222.604
2026-09-12T12,2239.393
2026-09-12T13,2244.955
2026-09-12T14,2204.888
2026-09-12T15,2228.578
2026-09-12T16,1841.922
2026-09-12T17,1877.147
2026-09-12T18,1852.84
2026-09-12T19,1845.012
2026-09-12T20,1840.686
2026-09-12T21,1751.386
2026-09-12T22,754.155
2026-09-12T23,428.474
2026-09-13T00,346.493
2026-09-13T01,305.602
2026-09-13T02,296.744
2026-09-13T03,291.903
2026-09-13T04,293.86
2026-09-13T05,290.152
2026-09-13T06,331.043
2026-09-13T07,374.303
2026-09-13T08,489.148
2026-09-13T09,971.498
2026-09-13T10,2144.979
2026-09-13T11,2138.387
2026-09-13T12,2110.268
2026-09-13T13,2085.96
2026-09-13T14,2119.641
2026-09-13T15,2130.971
2026-09-13T16,1765.321
2026-09-13T17,1799.929
2026-09-13T18,1818.366
2026-09-13T19,1845.043
2026-09-13T20,1852.768
2026-09-13T21,1773.561
2026-09-13T22,1387.516
2026-09-13T23,643.545
2026-09-14T00,390.886
2026-09-14T01,307.147
2026-09-14T02,288.401
2026-09-14T03,271.921
2026-09-14T04,275.423
2026-09-14T05,270.788
2026-09-14T06,303.645
2026-09-14T07,323.524
2026-09-14T08,334.854
2026-09-14T09,371.522
2026-09-14T10,482.248
2026-09-14T11,1236.004
2026-09-14T12,1940.629
2026-09-14T13,2179.899
2026-09-14T14,2135.506
2026-09-14T15,2101.413
2026-09-14T16,2100.692
2026-09-14T17,1950.414
2026-09-14T18,1893.455
2026-09-14T19,1940.629
2026-09-14T20,1926.93
2026-09-14T21,1800.137
2026-09-14T22,1191.199
2026-09-14T23,433.734
2026-09-15T00,364.935
2026-09-15T01,300.456
2026-09-15T02,291.392
2026-09-15T03,272.337
2026-09-15T04,272.955
2026-09-15T05,268.629
2026-09-15T06,323.837
2026-09-15T07,400.78
2026-09-15T08,543.849
2026-09-15T09,1016.936
2026-09-15T10,2255.841
2026-09-15T11,2248.94
2026-09-15T12,2193.628
2026-09-15T13,2178.59
2026-09-15T14,2204.958
2026-09-15T15,2197.439
2026-09-15T16,1879.267
2026-09-15T17,1849.499
2026-09-15T18,1833.74
2026-09-15T19,1832.607
2026-09-15T20,1838.169
2026-09-15T21,1743.613
2026-09-15T22,905.797
2026-09-15T23,418.805
2026-09-16T00,355.967
2026-09-16T01,319.196
2026-09-16T02,302.922
2026-09-16T03,259.765
2026-09-16T04,263.473
2026-09-16T05,260.795
2026-09-16T06,296.742
2026-09-16T07,392.532
2026-09-16T08,542.191
2026-09-16T09,1172.446
2026-09-16T10,2229.327
2026-09-16T11,2221.911
2026-09-16T12,2190.393
2026-09-16T13,2183.904
2026-09-16T14,2216.761
2026-09-16T15,2082.656
2026-09-16T16,1898.801
2026-09-16T17,1854.202
2026-09-16T18,1832.469
2026-09-16T19,1822.478
2026-09-16T20,1814.959
2026-09-16T21,1744.404
2026-09-16T22,834.71
2026-09-16T23,397.991
2026-09-17T00,354.111
2026-09-17T01,326.713
2026-09-17T02,282.218
2026-09-17T03,279.54
2026-09-17T04,279.437
2026-09-17T05,274.39
2026-09-17T06,305.289
2026-09-17T07,408.495
2026-09-17T08,565.259
2026-09-17T09,1070.573
2026-09-17T10,2245.278
2026-09-17T11,2198.002
2026-09-17T12,2194.294
2026-09-17T13,2160.819
2026-09-17T14,2223.34
2026-09-17T15,2246.823
2026-09-17T16,1888.386
2026-09-17T17,1860.577
2026-09-17T18,1810.313
2026-09-17T19,1838.226
2026-09-17T20,1843.273
2026-09-17T21,1764.066
2026-09-17T22,1000.637
2026-09-17T23,550.942
2026-09-18T00,401.911
2026-09-18T01,318.274
2026-09-18T02,285.829
2026-09-18T03,280.266
2026-09-18T04,283.974
2026-09-18T05,279.339
2026-09-18T06,323.836
2026-09-18T07,392.332
2026-09-18T08,562.387
2026-09-18T09,1216.136
2026-09-18T10,2150.357
2026-09-18T11,2260.26
2026-09-18T12,2245.531
2026-09-18T13,2220.913
2026-09-18T14,2227.608
2026-09-18T15,2222.252
2026-09-18T16,1991.633
2026-09-18T17,1815.706
2026-09-18T18,1821.68
2026-09-18T19,1857.113
2026-09-18T20,1819.723
2026-09-18T21,1729.597
2026-09-18T22,725.335
2026-09-18T23,388.006
2026-09-19T00,324.55
2026-09-19T01,318.885
2026-09-19T02,300.552
2026-09-19T03,296.432
2026-09-19T04,290.046
2026-09-19T05,288.913
2026-09-19T06,324.859
2026-09-19T07,403.86
2026-09-19T08,581.636
2026-09-19T09,1061.613
2026-09-19T10,2282.874
2026-09-19T11,2264.334
2026-09-19T12,2221.898
2026-09-19T13,2200.268
2026-09-19T14,2219.735
2026-09-19T15,2229.108
2026-09-19T16,1912.798
2026-09-19T17,1863.77
2026-09-19T18,1863.976
2026-09-19T19,1847.908
2026-09-19T20,1831.222
2026-09-19T21,1724.103
2026-09-19T22,901.964
2026-09-19T23,528.695
2026-09-20T00,372.449
2026-09-20T01,331.146
2026-09-20T02,311.267
2026-09-20T03,307.456
2026-09-20T04,310.752
2026-09-20T05,306.838
2026-09-20T06,347.42
2026-09-20T07,373.788
2026-09-20T08,464.325
2026-09-20T09,1138.255
2026-09-20T10,2270.742
2026-09-20T11,2175.982
2026-09-20T12,2195.964
2026-09-20T13,2178.866
2026-09-20T14,2210.384
2026-09-20T15,2224.701
2026-09-20T16,1914.979
2026-09-20T17,1875.633
2026-09-20T18,1763.26
2026-09-20T19,1772.324
2026-09-20T20,1761.097
2026-09-20T21,1717.322
2026-09-20T22,905.578
2026-09-20T23,421.477
2026-09-21T00,342.47
2026-09-21T01,324.136
2026-09-21T02,287.675
2026-09-21T03,287.778
2026-09-21T04,282.319
2026-09-21T05,283.143
2026-09-21T06,314.351
2026-09-21T07,333.715
2026-09-21T08,345.148
2026-09-21T09,369.353
2026-09-21T10,518.7
2026-09-21T11,1031.53
2026-09-21T12,2237.333
2026-09-21T13,2180.355
2026-09-21T14,2133.552
2026-09-21T15,2158.21
2026-09-21T16,1863.614
2026-09-21T17,1801.32
2026-09-21T18,1814.298
2026-09-21T19,1840.254
2026-09-21T20,1853.231
2026-09-21T21,1772.769
2026-09-21T22,1056.394
2026-09-21T23,437.352
2026-09-22T00,330.937
2026-09-22T01,288.11
2026-09-22T02,271.238
2026-09-22T03,269.941
2026-09-22T04,259.558
2026-09-22T05,263.452
2026-09-22T06,311.47
2026-09-22T07,360.786
2026-09-22T08,548.966
2026-09-22T09,929.218
2026-09-22T10,2221.818
2026-09-22T11,1027.85
2026-09-22T12,2198.458
2026-09-22T13,2175.098
2026-09-22T14,2206.245
2026-09-22T15,2189.373
2026-09-22T16,2159.524
2026-09-22T17,2095.932
2026-09-22T18,2102.421
2026-09-22T19,1757.209
2026-09-22T20,1792.249
2026-09-22T21,1666.364
2026-09-22T22,673.553
2026-09-22T23,393.231
2026-09-23T00,338.73
2026-09-23T01,289.413
2026-09-23T02,281.626
2026-09-23T03,276.435
2026-09-23T04,277.732
2026-09-23T05,280.328
2026-09-23T06,329.645
2026-09-23T07,411.407
2026-09-23T08,589.208
2026-09-23T09,1288.73
2026-09-23T10,2346.45
2026-09-23T11,2264.687
2026-09-23T12,2264.687
2026-09-23T13,2234.837
2026-09-23T14,2265.985
2026-09-23T15,2247.816
2026-09-23T16,2194.605
2026-09-23T17,2111.545
2026-09-23T18,2107.652
2026-09-23T19,1775.411
2026-09-23T20,1794.878
2026-09-23T21,1713.116
2026-09-23T22,708.607
2026-09-23T23,433.47
2026-09-24T00,380.258
2026-09-24T01,327.048
2026-09-24T02,289.412
2026-09-24T03,277.731
2026-09-24T04,277.731
2026-09-24T05,276.434
2026-09-24T06,319.261
2026-09-24T07,430.873
2026-09-24T08,603.482
2026-09-24T09,1518.438
2026-09-24T10,2245.212
2026-09-24T11,2193.299
2026-09-24T12,2162.152
2026-09-24T13,2143.982
2026-09-24T14,2207.575
2026-09-24T15,2250.403
2026-09-24T16,2241.318
2026-09-24T17,2185.512
2026-09-24T18,2057.029
2026-09-24T19,2007.712
2026-09-24T20,1950.609
2026-09-24T21,1767.618
2026-09-24T22,615.162
2026-09-24T23,386.747
2026-09-25T00,338.725
2026-09-25T01,321.854
2026-09-25T02,306.28
2026-09-25T03,308.876
2026-09-25T04,302.387
2026-09-25T05,301.089
2026-09-25T06,340.023
2026-09-25T07,420.486
2026-09-25T08,603.476
2026-09-25T09,1286.117
2026-09-25T10,2289.315
2026-09-25T11,2232.211
2026-09-25T12,2215.34
2026-09-25T13,2198.469
2026-09-25T14,2237.403
2026-09-25T15,2262.061
2026-09-25T16,2291.91
2026-09-25T17,2214.042
2026-09-25T18,2156.939
2026-09-25T19,1770.196
2026-09-25T20,1802.641
2026-09-25T21,1691.03
2026-09-25T22,611.263
2026-09-25T23,430.869
2026-09-26T00,349.106
2026-09-26T01,281.621
2026-09-26T02,276.43
2026-09-26T03,273.834
2026-09-26T04,276.43
2026-09-26T05,272.536
2026-09-26T06,321.852
2026-09-26T07,406.209
2026-09-26T08,617.749
2026-09-26T09,1227.711
2026-09-26T10,2294.496
2026-09-26T11,2210.139
2026-09-26T12,2210.139
2026-09-26T13,2188.077
2026-09-26T14,2236.095
2026-09-26T15,2216.628
2026-09-26T16,2197.161
2026-09-26T17,2141.356
2026-09-26T18,2069.978
2026-09-26T19,1752.019
2026-09-26T20,1777.975
2026-09-26T21,1707.894
2026-09-26T22,716.381
2026-09-26T23,419.187
2026-09-27T00,352.998
2026-09-27T01,302.384
2026-09-27T02,284.215
2026-09-27T03,280.322
2026-09-27T04,275.131
2026-09-27T05,272.535
2026-09-27T06,314.064
2026-09-27T07,355.593
2026-09-27T08,463.31
2026-09-27T09,1248.47
2026-09-27T10,2272.424
2026-09-27T11,2185.472
2026-09-27T12,2153.027
2026-09-27T13,2133.56
2026-09-27T14,2137.454
2026-09-27T15,2115.391
2026-09-27T16,1824.687
2026-09-27T17,1829.879
2026-09-27T18,1851.941
2026-09-27T19,1851.941
2026-09-27T20,1840.261
2026-09-27T21,1764.989
2026-09-27T22,957.766
2026-09-27T23,419.185
2026-09-28T00,350.4
2026-09-28T01,269.937
2026-09-28T02,262.151
2026-09-28T03,259.555
2026-09-28T04,254.364
2026-09-28T05,253.066
2026-09-28T06,303.68
2026-09-28T07,311.466
2026-09-28T08,347.804
2026-09-28T09,389.333
2026-09-28T10,541.173
2026-09-28T11,1561.225
2026-09-28T12,2124.459
2026-09-28T13,2138.735
2026-09-28T14,2115.375
2026-09-28T15,2072.548
2026-09-28T16,1884.371
2026-09-28T17,1893.455
2026-09-28T18,1928.495
2026-09-28T19,1955.748
2026-09-28T20,1950.557
2026-09-28T21,1838.949
2026-09-28T22,734.541
2026-09-28T23,342.613
2026-09-29T00,307.578
2026-09-29T01,294.6
2026-09-29T02,289.409
2026-09-29T03,282.92
2026-09-29T04,277.729
2026-09-29T05,279.027
2026-09-29T06,302.387
2026-09-29T07,408.806
2026-09-29T08,598.285
2026-09-29T09,1018.771
2026-09-29T10,2407.415
2026-09-29T11,2243.893
2026-09-29T12,2254.275
2026-09-29T13,2251.679
2026-09-29T14,2289.316
2026-09-29T15,2238.702
2026-09-29T16,1858.447
2026-09-29T17,1831.193
2026-09-29T18,1829.895
2026-09-29T19,1855.851
2026-09-29T20,1822.108
2026-09-29T21,1697.52
2026-09-29T22,678.748
2026-09-29T23,385.446
2026-09-30T00,314.062
2026-09-30T01,292.0
2026-09-30T02,288.107
2026-09-30T03,289.405
2026-09-30T04,279.022
2026-09-30T05,282.916
2026-09-30T06,342.613
2026-09-30T07,408.8
2026-09-30T08,587.894
2026-09-30T09,1249.76
2026-09-30T10,2321.725
2026-09-30T11,2243.858
2026-09-30T12,2277.601
2026-09-30T13,2226.987
2026-09-30T14,2243.858
2026-09-30T15,2171.183
2026-09-30T16,1893.458
2026-09-30T17,1911.627
2026-09-30T18,1842.845
2026-09-30T19,1798.721
2026-09-30T20,1781.849
2026-09-30T21,1619.627
2026-09-30T22,603.467
2026-09-30T23,342.613
2026-10-01T00,316.3
2026-10-01T01,299.652
2026-10-01T02,277.883
2026-10-01T03,279.163
2026-10-01T04,277.883
2026-10-01T05,276.602
2026-10-01T06,309.897
2026-10-01T07,395.695
2026-10-01T08,558.327
2026-10-01T09,1244.71
2026-10-01T10,2303.738
2026-10-01T11,2161.595
2026-10-01T12,2170.559
2026-10-01T13,2176.962
2026-10-01T14,2188.487
2026-10-01T15,2150.07
2026-10-01T16,1882.432
2026-10-01T17,1851.698
2026-10-01T18,1845.295
2026-10-01T19,1814.562
2026-10-01T20,1782.548
2026-10-01T21,1680.102
2026-10-01T22,580.096
2026-10-01T23,418.745
2026-10-02T00,336.793
2026-10-02T01,303.498
2026-10-02T02,297.095
2026-10-02T03,291.972
2026-10-02T04,293.253
2026-10-02T05,291.972
2026-10-02T06,323.987
2026-10-02T07,391.858
2026-10-02T08,582.664
2026-10-02T09,1221.674
2026-10-02T10,2046.368
2026-10-02T11,2070.699
2026-10-02T12,2103.994
2026-10-02T13,2080.944
2026-10-02T14,2121.922
2026-10-02T15,2127.045
2026-10-02T16,1949.044
2026-10-02T17,1859.403
2026-10-02T18,1841.475
2026-10-02T19,1822.266
2026-10-02T20,1813.302
2026-10-02T21,1463.704
2026-10-02T22,539.124
2026-10-02T23,405.944
2026-10-03T00,357.274
2026-10-03T01,340.627
2026-10-03T02,331.663
2026-10-03T03,320.138
2026-10-03T04,318.858
2026-10-03T05,311.175
2026-10-03T06,322.699
2026-10-03T07,411.058
2026-10-03T08,549.357
2026-10-03T09,1052.615
2026-10-03T10,2348.535
2026-10-03T11,2229.444
2026-10-03T12,2242.249
2026-10-03T13,2238.408
2026-10-03T14,2284.507
2026-10-03T15,2237.127
2026-10-03T16,1872.169
2026-10-03T17,1843.997
2026-10-03T18,1787.653
2026-10-03T19,1790.214
2026-10-03T20,1790.214
2026-10-03T21,1584.045
2026-10-03T22,728.635
2026-10-03T23,412.338
2026-10-04T00,326.547
2026-10-04T01,272.762
2026-10-04T02,268.921
2026-10-04T03,265.079
2026-10-04T04,259.957
2026-10-04T05,262.518
2026-10-04T06,309.899
2026-10-04T07,363.683
2026-10-04T08,452.043
2026-10-04T09,1212.704
2026-10-04T10,2275.582
2026-10-04T11,2142.402
2026-10-04T12,2118.071
2026-10-04T13,2124.474
2026-10-04T14,2111.668
2026-10-04T15,2098.862
2026-10-04T16,1731.337
2026-10-04T17,1804.33
2026-10-04T18,1827.38
2026-10-04T19,1844.028
2026-10-04T20,1836.344
2026-10-04T21,1744.143
2026-10-04T22,673.582
2026-10-04T23,363.683
2026-10-05T00,304.779
2026-10-05T01,272.765
2026-10-05T02,266.362
2026-10-05T03,257.398
2026-10-05T04,259.959
2026-10-05T05,261.24
2026-10-05T06,294.535
2026-10-05T07,316.305
2026-10-05T08,344.478
2026-10-05T09,381.615
2026-10-05T10,495.587
2026-10-05T11,1123.074
2026-10-05T12,2256.392
2026-10-05T13,2141.14
2026-10-05T14,2104.003
2026-10-05T15,2055.34
2026-10-05T16,1736.474
2026-10-05T17,1767.208
2026-10-05T18,1788.978
2026-10-05T19,1817.151
2026-10-05T20,1804.345
2026-10-05T21,1700.618
2026-10-05T22,877.201
2026-10-05T23,379.053
2026-10-06T00,303.495
2026-10-06T01,262.517
2026-10-06T02,257.394
2026-10-06T03,254.833
2026-10-06T04,252.272
2026-10-06T05,248.43
2026-10-06T06,321.423
2026-10-06T07,404.66
2026-10-06T08,563.45
2026-10-06T09,1248.555
2026-10-06T10,2376.736
2026-10-06T11,2242.276
2026-10-06T12,2208.982
2026-10-06T13,2187.212
2026-10-06T14,2200.018
2026-10-06T15,2161.601
2026-10-06T16,1936.22
2026-10-06T17,1932.379
2026-10-06T18,1905.487
2026-10-06T19,1884.998
2026-10-06T20,1865.789
2026-10-06T21,1680.107
2026-10-06T22,639.004
2026-10-06T23,457.163
2026-10-07T00,396.977
2026-10-07T01,352.157
2026-10-07T02,344.474
2026-10-07T03,344.474
2026-10-07T04,339.352
2026-10-07T05,336.79
2026-10-07T06,375.208
2026-10-07T07,448.2
2026-10-07T08,610.833
2026-10-07T09,1244.716
2026-10-07T10,2267.893
2026-10-07T11,2197.462
2026-10-07T12,2192.34
2026-10-07T13,2189.778
2026-10-07T14,2215.39
2026-10-07T15,2148.8
2026-10-07T16,1868.355
2026-10-07T17,1815.851
2026-10-07T18,1771.031
2026-10-07T19,1768.47
2026-10-07T20,1758.226
2026-10-07T21,1682.672
2026-10-07T22,1043.666
2026-10-07T23,455.884
2026-10-08T00,418.741
2026-10-08T01,372.641
2026-10-08T02,357.274
2026-10-08T03,352.152
2026-10-08T04,350.871
2026-10-08T05,349.591
2026-10-08T06,341.908
2026-10-08T07,386.727
2026-10-08T08,559.602
2026-10-08T09,1171.706
2026-10-08T10,2235.845
2026-10-08T11,2170.537
2026-10-08T12,2199.99
2026-10-08T13,2179.501
2026-10-08T14,2207.673
2026-10-08T15,2170.537
2026-10-08T16,1843.996
2026-10-08T17,1856.801
2026-10-08T18,1831.19
2026-10-08T19,1820.946
2026-10-08T20,1796.615
2026-10-08T21,1732.588
2026-10-08T22,754.246
2026-10-08T23,380.324
2026-10-09T00,364.958
2026-10-09T01,323.98
2026-10-09T02,289.406
2026-10-09T03,286.844
2026-10-09T04,284.283
2026-10-09T05,279.161
2026-10-09T06,308.614
2026-10-09T07,388.008
2026-10-09T08,563.444
2026-10-09T09,1235.736
2026-10-09T10,2342.136
2026-10-09T11,2257.619
2026-10-09T12,2256.338
2026-10-09T13,2239.691
2026-10-09T14,2252.497
2026-10-09T15,2264.022
2026-10-09T16,1892.661
2026-10-09T17,1881.136
2026-10-09T18,1826.072
2026-10-09T19,1856.805
2026-10-09T20,1797.9
2026-10-09T21,1712.102
2026-10-09T22,779.858
2026-10-09T23,386.728
2026-10-10T00,321.418
2026-10-10T01,294.527
2026-10-10T02,284.282
2026-10-10T03,280.441
2026-10-10T04,276.599
2026-10-10T05,275.318
2026-10-10T06,327.821
2026-10-10T07,423.862
2026-10-10T08,600.578
2026-10-10T09,1230.609
2026-10-10T10,2321.639
2026-10-10T11,2211.511
2026-10-10T12,2223.036
2026-10-10T13,2183.339
2026-10-10T14,2206.389
2026-10-10T15,2235.842
2026-10-10T16,1782.527
2026-10-10T17,1791.491
2026-10-10T18,1791.491
2026-10-10T19,1755.635
2026-10-10T20,1753.074
2026-10-10T21,1691.608
2026-10-10T22,838.761
2026-10-10T23,375.201
2026-10-11T00,306.058
2026-10-11T01,284.288
2026-10-11T02,276.604
2026-10-11T03,274.043
2026-10-11T04,272.763
2026-10-11T05,271.482
2026-10-11T06,308.619
2026-10-11T07,354.72
2026-10-11T08,603.151
2026-10-11T09,1399.669
2026-10-11T10,2217.957
2026-10-11T11,2102.706
2026-10-11T12,2118.072
2026-10-11T13,2100.144
2026-10-11T14,2064.288
2026-10-11T15,2078.375
2026-10-11T16,1917.022
2026-10-11T17,1829.943
2026-10-11T18,1844.029
2026-10-11T19,1873.482
2026-10-11T20,1864.518
2026-10-11T21,1786.403
2026-10-11T22,1325.396
2026-10-11T23,681.266
2026-10-12T00,321.427
2026-10-12T01,295.815
2026-10-12T02,285.57
2026-10-12T03,270.203
2026-10-12T04,271.484
2026-10-12T05,263.8
2026-10-12T06,323.988
2026-10-12T07,335.513
2026-10-12T08,338.074
2026-10-12T09,345.758
2026-10-12T10,364.967
2026-10-12T11,364.967
2026-10-12T12,418.751
2026-10-12T13,445.643
2026-10-12T14,484.061
2026-10-12T15,1432.974
2026-10-12T16,1831.236
2026-10-12T17,1837.639
2026-10-12T18,1861.97
2026-10-12T19,1876.056
2026-10-12T20,1849.164
2026-10-12T21,1731.35
2026-10-12T22,668.465
2026-10-12T23,361.125
2026-10-13T00,313.745
2026-10-13T01,298.378
2026-10-13T02,290.694
2026-10-13T03,288.133
2026-10-13T04,285.572
2026-10-13T05,289.414
2026-10-13T06,321.428
2026-10-13T07,372.652
2026-10-13T08,493.027
2026-10-13T09,1121.797
2026-10-13T10,2184.688
2026-10-13T11,2130.903
2026-10-13T12,2110.414
2026-10-13T13,2109.133
2026-10-13T14,2141.148
2026-10-13T15,2137.306
2026-10-13T16,1838.928
2026-10-13T17,1868.382
2026-10-13T18,1896.555
2026-10-13T19,1887.591
2026-10-13T20,1851.734
2026-10-13T21,1745.445
2026-10-13T22,761.951
2026-10-13T23,396.983
2026-10-14T00,317.576
2026-10-14T01,304.77
2026-10-14T02,302.209
2026-10-14T03,291.965
2026-10-14T04,293.246
2026-10-14T05,289.404
2026-10-14T06,321.418
2026-10-14T07,420.02
2026-10-14T08,542.952
2026-10-14T09,1228.046
2026-10-14T10,2280.656
2026-10-14T11,2196.14
2026-10-14T12,2197.421
2026-10-14T13,2201.262
2026-10-14T14,2199.982
2026-10-14T15,2169.249
2026-10-14T16,1772.279
2026-10-14T17,1756.912
2026-10-14T18,1768.437
2026-10-14T19,1760.754
2026-10-14T20,1760.754
2026-10-14T21,1421.409
2026-10-14T22,542.952
2026-10-14T23,343.187
2026-10-15T00,318.859
2026-10-15T01,302.212
2026-10-15T02,291.967
2026-10-15T03,283.003
2026-10-15T04,280.442
2026-10-15T05,277.881
2026-10-15T06,325.262
2026-10-15T07,402.095
2026-10-15T08,540.395
2026-10-15T09,1243.421
2026-10-15T10,2317.809
2026-10-15T11,2185.912
2026-10-15T12,2243.537
2026-10-15T13,2206.401
2026-10-15T14,2229.451
2026-10-15T15,2178.228
2026-10-15T16,1858.089
2026-10-15T17,1865.772
2026-10-15T18,1870.894
2026-10-15T19,1876.017
2026-10-15T20,1849.125
2026-10-15T21,1669.847
2026-10-15T22,578.812
2026-10-15T23,390.57
2026-10-16T00,335.504
2026-10-16T01,289.405
2026-10-16T02,270.196
2026-10-16T03,274.038
2026-10-16T04,266.355
2026-10-16T05,270.196
2026-10-16T06,354.713
2026-10-16T07,436.668
2026-10-16T08,595.456
2026-10-16T09,1252.379
2026-10-16T10,2293.468
2026-10-16T11,2166.693
2026-10-16T12,2185.901
2026-10-16T13,2160.29
2026-10-16T14,2193.585
2026-10-16T15,2150.046
2026-10-16T16,1827.347
2026-10-16T17,1794.052
2026-10-16T18,1792.772
2026-10-16T19,1797.894
2026-10-16T20,1801.736
2026-10-16T21,1535.381
2026-10-16T22,574.968
2026-10-16T23,364.957
2026-10-17T00,295.807
2026-10-17T01,288.124
2026-10-17T02,276.599
2026-10-17T03,279.16
2026-10-17T04,272.757
2026-10-17T05,267.635
2026-10-17T06,329.101
2026-10-17T07,404.654
2026-10-17T08,563.442
2026-10-17T09,1228.047
2026-10-17T10,2369.016
2026-10-17T11,2230.717
2026-10-17T12,2234.558
2026-10-17T13,2226.875
2026-10-17T14,2229.436
2026-10-17T15,2206.386
2026-10-17T16,1877.285
2026-10-17T17,1870.882
2026-10-17T18,1849.113
2026-10-17T19,1843.991
2026-10-17T20,1828.624
2026-10-17T21,1746.669
2026-10-17T22,1310.002
2026-10-17T23,466.12
2026-10-18T00,272.757
2026-10-18T01,254.829
2026-10-18T02,239.463
2026-10-18T03,238.182
2026-10-18T04,240.743
2026-10-18T05,236.902
2026-10-18T06,300.929
2026-10-18T07,344.468
2026-10-18T08,464.839
2026-10-18T09,1139.688
2026-10-18T10,2156.444
2026-10-18T11,2107.783
2026-10-18T12,2116.747
2026-10-18T13,2079.611
2026-10-18T14,2088.575
2026-10-18T15,2086.014
2026-10-18T16,1753.071
2026-10-18T17,1815.818
2026-10-18T18,1841.429
2026-10-18T19,1846.551
2026-10-18T20,1814.538
2026-10-18T21,1502.084
2026-10-18T22,615.944
2026-10-18T23,349.59
2026-10-19T00,297.095
2026-10-19T01,284.289
2026-10-19T02,276.606
2026-10-19T03,279.167
2026-10-19T04,276.606
2026-10-19T05,268.922
2026-10-19T06,304.779
2026-10-19T07,322.707
2026-10-19T08,362.405
2026-10-19T09,393.139
2026-10-19T10,501.989
2026-10-19T11,1115.388
2026-10-19T12,2223.092
2026-10-19T13,2091.192
2026-10-19T14,2110.401
2026-10-19T15,2051.494
2026-10-19T16,1736.471
2026-10-19T17,1783.852
2026-10-19T18,1799.219
2026-10-19T19,1836.356
2026-10-19T20,1832.515
2026-10-19T21,1744.154
2026-10-19T22,1144.841
2026-10-19T23,348.319
2026-10-20T00,285.571
2026-10-20T01,280.449
2026-10-20T02,274.046
2026-10-20T03,262.52
2026-10-20T04,265.082
2026-10-20T05,263.801
2026-10-20T06,318.866
2026-10-20T07,399.543
2026-10-20T08,546.811
2026-10-20T09,1160.213
2026-10-20T10,2253.835
2026-10-20T11,2185.963
2026-10-20T12,2016.926
2026-10-20T13,2170.596
2026-10-20T14,2170.596
2026-10-20T15,2144.985
2026-10-20T16,1872.219
2026-10-20T17,1822.276
2026-10-20T18,1826.118
2026-10-20T19,1815.873
2026-10-20T20,1762.089
2026-10-20T21,1593.051
2026-10-20T22,542.969
2026-10-20T23,349.6
2026-10-21T00,295.812
2026-10-21T01,281.726
2026-10-21T02,279.165
2026-10-21T03,275.323
2026-10-21T04,265.078
2026-10-21T05,263.798
2026-10-21T06,315.02
2026-10-21T07,390.574
2026-10-21T08,548.084
2026-10-21T09,1149.953
2026-10-21T10,2301.186
2026-10-21T11,2182.093
2026-10-21T12,2185.935
2026-10-21T13,2153.921
2026-10-21T14,2188.496
2026-10-21T15,2217.949
2026-10-21T16,1818.411
2026-10-21T17,1813.289
2026-10-21T18,1805.605
2026-10-21T19,1799.202
2026-10-21T20,1783.836
2026-10-21T21,1687.793
2026-10-21T22,720.962
2026-10-21T23,336.79
2026-10-22T00,294.535
2026-10-22T01,289.412
2026-10-22T02,283.01
2026-10-22T03,279.168
2026-10-22T04,275.326
2026-10-22T05,274.045
2026-10-22T06,318.866
2026-10-22T07,394.421
2026-10-22T08,550.652
2026-10-22T09,1377.911
2026-10-22T10,2293.53
2026-10-22T11,2144.982
2026-10-22T12,2194.925
2026-10-22T13,2169.313
2026-10-22T14,2183.399
2026-10-22T15,2180.838
2026-10-22T16,1856.85
2026-10-22T17,1838.922
2026-10-22T18,1823.555
2026-10-22T19,1841.483
2026-10-22T20,1806.907
2026-10-22T21,1667.323
2026-10-22T22,618.523
2026-10-22T23,402.104
2026-10-23T00,313.742
2026-10-23T01,307.339
2026-10-23T02,304.778
2026-10-23T03,290.691
2026-10-23T04,288.13
2026-10-23T05,285.569
2026-10-23T06,325.267
2026-10-23T07,398.26
2026-10-23T08,523.757
2026-10-23T09,1189.658
2026-10-23T10,2262.784
2026-10-23T11,2160.337
2026-10-23T12,2182.107
2026-10-23T13,2157.776
2026-10-23T14,2173.143
2026-10-23T15,2192.352
2026-10-23T16,1896.538
2026-10-23T17,1883.732
2026-10-23T18,1872.207
2026-10-23T19,1863.243
2026-10-23T20,1827.387
2026-10-23T21,1718.537
2026-10-23T22,767.067
2026-10-23T23,349.598
2026-10-24T00,316.301
2026-10-24T01,300.934
2026-10-24T02,293.251
2026-10-24T03,284.287
2026-10-24T04,277.884
2026-10-24T05,283.006
2026-10-24T06,315.021
2026-10-24T07,389.294
2026-10-24T08,573.696
2026-10-24T09,1352.283
2026-10-24T10,2281.978
2026-10-24T11,2225.633
2026-10-24T12,2208.985
2026-10-24T13,2210.266
2026-10-24T14,2221.791
2026-10-24T15,2244.841
2026-10-24T16,2232.036
2026-10-24T17,2121.907
2026-10-24T18,1771.03
2026-10-24T19,1812.008
2026-10-24T20,1795.361
2026-10-24T21,1439.362
2026-10-24T22,737.609
2026-10-24T23,439.236
2026-10-25T00,302.214
2026-10-25T01,275.322
2026-10-25T02,277.883
2026-10-25T03,274.042
2026-10-25T04,275.322
2026-10-25T05,267.639
2026-10-25T06,308.617
2026-10-25T07,355.998
2026-10-25T08,439.235
2026-10-25T09,1245.993
2026-10-25T10,2283.253
2026-10-25T11,2169.283
2026-10-25T12,2151.355
2026-10-25T13,2093.729
2026-10-25T14,2096.29
2026-10-25T15,2091.168
2026-10-25T16,2047.629
2026-10-25T17,2005.37
2026-10-25T18,1712.12
2026-10-25T19,1767.184
2026-10-25T20,1777.429
2026-10-25T21,1742.853
2026-10-25T22,733.766
2026-10-25T23,421.307
2026-10-26T00,318.86
2026-10-26T01,276.602
2026-10-26T02,276.602
2026-10-26T03,268.918
2026-10-26T04,272.76
2026-10-26T05,266.357
2026-10-26T06,308.616
2026-10-26T07,318.86
2026-10-26T08,338.069
2026-10-26T09,386.73
2026-10-26T10,481.492
2026-10-26T11,1237.023
2026-10-26T12,2275.56
2026-10-26T13,2142.381
2026-10-26T14,2101.403
2026-10-26T15,2079.634
2026-10-26T16,2065.547
2026-10-26T17,2050.181
2026-10-26T18,1742.846
2026-10-26T19,1787.665
2026-10-26T20,1772.299
2026-10-26T21,1659.609
2026-10-26T22,651.806
2026-10-26T23,416.183
2026-10-27T00,291.966
2026-10-27T01,279.16
2026-10-27T02,270.196
2026-10-27T03,267.635
2026-10-27T04,268.916
2026-10-27T05,263.793
2026-10-27T06,290.685
2026-10-27T07,343.188
2026-10-27T08,382.885
2026-10-27T09,426.423
2026-10-27T10,560.881
2026-10-27T11,1098.712
2026-10-27T12,1786.368
2026-10-27T13,1663.435
2026-10-27T14,1686.485
2026-10-27T15,1686.485
2026-10-27T16,1695.449
2026-10-27T17,1659.594
2026-10-27T18,1399.642
2026-10-27T19,1429.095
2026-10-27T20,1386.836
2026-10-27T21,1210.12
2026-10-27T22,464.84
2026-10-27T23,302.21
2026-10-28T00,284.29
2026-10-28T01,262.52
2026-10-28T02,261.24
2026-10-28T03,249.715
2026-10-28T04,245.873
2026-10-28T05,247.153
2026-10-28T06,313.744
2026-10-28T07,380.335
2026-10-28T08,573.703
2026-10-28T09,1339.495
2026-10-28T10,2302.496
2026-10-28T11,2197.488
2026-10-28T12,2220.539
2026-10-28T13,2205.172
2026-10-28T14,2215.416
2026-10-28T15,2200.049
2026-10-28T16,2225.661
2026-10-28T17,2118.092
2026-10-28T18,1781.297
2026-10-28T19,1823.557
2026-10-28T20,1812.031
2026-10-28T21,1651.958
2026-10-28T22,610.84
2026-10-28T23,380.335
2026-10-29T00,327.821
2026-10-29T01,289.404
2026-10-29T02,277.879
2026-10-29T03,274.038
2026-10-29T04,267.635
2026-10-29T05,268.915
2026-10-29T06,317.576
2026-10-29T07,380.323
2026-10-29T08,507.097
2026-10-29T09,1489.279
2026-10-29T10,2176.934
2026-10-29T11,2169.25
2026-10-29T12,2179.495
2026-10-29T13,2082.173
2026-10-29T14,2176.934
2026-10-29T15,2174.372
2026-10-29T16,2147.481
2026-10-29T17,2087.295
2026-10-29T18,1810.697
2026-10-29T19,1781.244
2026-10-29T20,1763.316
2026-10-29T21,1646.786
2026-10-29T22,1099.992
2026-10-29T23,338.065
2026-10-30T00,299.652
2026-10-30T01,286.846
2026-10-30T02,283.004
2026-10-30T03,281.724
2026-10-30T04,285.565
2026-10-30T05,280.443
2026-10-30T06,321.421
2026-10-30T07,375.205
2026-10-30T08,522.469
2026-10-30T09,1394.532
2026-10-30T10,2258.912
2026-10-30T11,2171.834
2026-10-30T12,2198.726
2026-10-30T13,2167.992
2026-10-30T14,2212.812
2026-10-30T15,2202.567
2026-10-30T16,2166.711
2026-10-30T17,2065.547
2026-10-30T18,1758.212
2026-10-30T19,1786.384
2026-10-30T20,1796.629
2026-10-30T21,1705.709
2026-10-30T22,774.74
2026-10-30T23,371.363
2026-10-31T00,308.617
2026-10-31T01,302.214
2026-10-31T02,290.689
2026-10-31T03,286.848
2026-10-31T04,288.128
2026-10-31T05,280.445
2026-10-31T06,321.423
2026-10-31T07,404.66
2026-10-31T08,549.364
2026-10-31T09,1361.246
2026-10-31T10,2265.328
2026-10-31T11,2171.846
2026-10-31T12,2212.825
2026-10-31T13,2198.738
2026-10-31T14,2193.616
2026-10-31T15,2148.796
2026-10-31T16,2119.343
2026-10-31T17,2150.077
2026-10-31T18,1860.668
2026-10-31T19,1842.74
2026-10-31T20,1812.006
2026-10-31T21,1751.819
2026-10-31T22,974.514
2026-10-31T23,379.049
2026-11-01T00,329.208
2026-11-01T01,308.459
2026-11-01T02,302.927
2026-11-01T03,294.627
2026-11-01T04,294.627
2026-11-01T05,297.394
2026-11-01T06,313.992
2026-11-01T07,366.555
2026-11-01T08,491.045
2026-11-01T09,1362.478
2026-11-01T10,2377.766
2026-11-01T11,2301.689
2026-11-01T12,2283.707
2026-11-01T13,2278.174
2026-11-01T14,2272.641
2026-11-01T15,2280.94
2026-11-01T16,2268.491
2026-11-01T17,2210.396
2026-11-01T18,1859.056
2026-11-01T19,1953.116
2026-11-01T20,1944.816
2026-11-01T21,1836.925
2026-11-01T22,827.169
2026-11-01T23,428.8
2026-11-02T00,318.147
2026-11-02T01,308.464
2026-11-02T02,302.931
2026-11-02T03,301.548
2026-11-02T04,296.015
2026-11-02T05,294.632
2026-11-02T06,323.68
2026-11-02T07,326.446
2026-11-02T08,336.129
2026-11-02T09,372.094
2026-11-02T10,474.454
2026-11-02T11,1199.275
2026-11-02T12,2383.335
2026-11-02T13,2282.358
2026-11-02T14,2243.627
2026-11-02T15,2207.663
2026-11-02T16,2224.262
2026-11-02T17,2204.896
2026-11-02T18,1852.168
2026-11-02T19,1922.714
2026-11-02T20,1903.348
2026-11-02T21,1805.138
2026-11-02T22,856.23
2026-11-02T23,326.446
2026-11-03T00,307.08
2026-11-03T01,291.864
2026-11-03T02,280.798
2026-11-03T03,276.648
2026-11-03T04,278.032
2026-11-03T05,278.032
2026-11-03T06,301.547
2026-11-03T07,394.224
2026-11-03T08,543.614
2026-11-03T09,1402.608
2026-11-03T10,2464.938
2026-11-03T11,2387.476
2026-11-03T12,2341.829
2026-11-03T13,2314.164
2026-11-03T14,2332.147
2026-11-03T15,2326.614
2026-11-03T16,2326.614
2026-11-03T17,2257.452
2026-11-03T18,1908.874
2026-11-03T19,1942.072
2026-11-03T20,1944.839
2026-11-03T21,1860.461
2026-11-03T22,738.651
2026-11-03T23,427.422
2026-11-04T00,331.977
2026-11-04T01,294.63
2026-11-04T02,296.013
2026-11-04T03,296.013
2026-11-04T04,287.714
2026-11-04T05,287.714
2026-11-04T06,309.845
2026-11-04T07,367.942
2026-11-04T08,533.93
2026-11-04T09,1475.916
2026-11-04T10,2471.848
2026-11-04T11,2363.955
2026-11-04T12,2363.955
2026-11-04T13,2395.77
2026-11-04T14,2431.734
2026-11-04T15,2449.716
2026-11-04T16,2437.267
2026-11-04T17,2379.171
2026-11-04T18,2056.876
2026-11-04T19,2013.996
2026-11-04T20,1983.564
2026-11-04T21,1899.187
2026-11-04T22,1070.627
2026-11-04T23,359.642
2026-11-05T00,312.614
2026-11-05T01,297.398
2026-11-05T02,287.715
2026-11-05T03,287.715
2026-11-05T04,278.033
2026-11-05T05,282.182
2026-11-05T06,331.979
2026-11-05T07,413.591
2026-11-05T08,553.299
2026-11-05T09,1514.656
2026-11-05T10,2467.713
2026-11-05T11,2416.533
2026-11-05T12,2411.0
2026-11-05T13,2366.736
2026-11-05T14,2417.916
2026-11-05T15,2386.102
2026-11-05T16,2347.371
2026-11-05T17,1965.595
2026-11-05T18,1929.63
2026-11-05T19,1928.247
2026-11-05T20,1907.498
2026-11-05T21,1803.755
2026-11-05T22,820.266
2026-11-05T23,474.454
2026-11-06T00,367.939
2026-11-06T01,348.574
2026-11-06T02,347.19
2026-11-06T03,343.041
2026-11-06T04,336.125
2026-11-06T05,334.741
2026-11-06T06,341.657
2026-11-06T07,401.136
2026-11-06T08,496.579
2026-11-06T09,1278.103
2026-11-06T10,2268.495
2026-11-06T11,2221.465
2026-11-06T12,2258.812
2026-11-06T13,2179.968
2026-11-06T14,2229.764
2026-11-06T15,2236.681
2026-11-06T16,2222.848
2026-11-06T17,2247.746
2026-11-06T18,2045.795
2026-11-06T19,2038.879
2026-11-06T20,2019.514
2026-11-06T21,1886.724
2026-11-06T22,860.368
2026-11-06T23,374.855
2026-11-07T00,330.591
2026-11-07T01,313.992
2026-11-07T02,316.759
2026-11-07T03,308.459
2026-11-07T04,305.693
2026-11-07T05,304.31
2026-11-07T06,315.375
2026-11-07T07,358.255
2026-11-07T08,456.464
2026-11-07T09,1117.646
2026-11-07T10,2374.998
2026-11-07T11,2327.968
2026-11-07T12,2330.735
2026-11-07T13,2326.585
2026-11-07T14,2401.279
2026-11-07T15,2381.914
2026-11-07T16,2361.166
2026-11-07T17,2340.417
2026-11-07T18,1968.33
2026-11-07T19,2008.443
2026-11-07T20,2015.359
2026-11-07T21,1932.366
2026-11-07T22,885.264
2026-11-07T23,442.632
2026-11-08T00,343.043
2026-11-08T01,333.361
2026-11-08T02,318.145
2026-11-08T03,315.378
2026-11-08T04,315.378
2026-11-08T05,315.378
2026-11-08T06,327.828
2026-11-08T07,354.109
2026-11-08T08,441.253
2026-11-08T09,1207.567
2026-11-08T10,2128.804
2026-11-08T11,2257.445
2026-11-08T12,2412.368
2026-11-08T13,2197.966
2026-11-08T14,2173.068
2026-11-08T15,2139.87
2026-11-08T16,2215.948
2026-11-08T17,2352.889
2026-11-08T18,2354.272
2026-11-08T19,2383.32
2026-11-08T20,2366.721
2026-11-08T21,2043.043
2026-11-08T22,918.47
2026-11-08T23,398.373
2026-11-09T00,313.996
2026-11-09T01,305.696
2026-11-09T02,283.564
2026-11-09T03,284.948
2026-11-09T04,280.798
2026-11-09T05,276.648
2026-11-09T06,308.463
2026-11-09T07,313.996
2026-11-09T08,341.66
2026-11-09T09,376.241
2026-11-09T10,485.517
2026-11-09T11,1289.18
2026-11-09T12,2401.305
2026-11-09T13,2305.862
2026-11-09T14,2280.963
2026-11-09T15,2312.778
2026-11-09T16,2314.161
2026-11-09T17,2354.275
2026-11-09T18,2036.13
2026-11-09T19,1994.633
2026-11-09T20,1986.333
2026-11-09T21,1879.824
2026-11-09T22,889.424
2026-11-09T23,395.607
2026-11-10T00,308.467
2026-11-10T01,290.484
2026-11-10T02,283.568
2026-11-10T03,289.101
2026-11-10T04,286.335
2026-11-10T05,287.718
2026-11-10T06,318.149
2026-11-10T07,394.229
2026-11-10T08,499.356
2026-11-10T09,1370.809
2026-11-10T10,1954.544
2026-11-10T11,1989.126
2026-11-10T12,2004.342
2026-11-10T13,1986.359
2026-11-10T14,2026.474
2026-11-10T15,2018.174
2026-11-10T16,1991.892
2026-11-10T17,1966.994
2026-11-10T18,1936.562
2026-11-10T19,1950.395
2026-11-10T20,1940.712
2026-11-10T21,1830.051
2026-11-10T22,716.528
2026-11-10T23,377.63
2026-11-11T00,316.762
2026-11-11T01,291.864
2026-11-11T02,289.098
2026-11-11T03,279.415
2026-11-11T04,278.032
2026-11-11T05,276.648
2026-11-11T06,329.212
2026-11-11T07,401.14
2026-11-11T08,524.249
2026-11-11T09,1280.882
2026-11-11T10,2033.365
2026-11-11T11,2036.132
2026-11-11T12,2067.946
2026-11-11T13,2065.18
2026-11-11T14,2056.88
2026-11-11T15,2008.467
2026-11-11T16,1961.437
2026-11-11T17,1940.688
2026-11-11T18,1994.635
2026-11-11T19,2020.916
2026-11-11T20,1969.736
2026-11-11T21,1748.418
2026-11-11T22,661.19
2026-11-11T23,370.709
2026-11-12T00,323.685
2026-11-12T01,300.17
2026-11-12T02,289.103
2026-11-12T03,283.57
2026-11-12T04,282.187
2026-11-12T05,279.42
2026-11-12T06,344.434
2026-11-12T07,435.73
2026-11-12T08,525.642
2026-11-12T09,1170.246
2026-11-12T10,1936.577
2026-11-12T11,1950.41
2026-11-12T12,1958.71
2026-11-12T13,1954.56
2026-11-12T14,1964.243
2026-11-12T15,1962.86
2026-11-12T16,1926.895
2026-11-12T17,1896.463
2026-11-12T18,1900.612
2026-11-12T19,1935.194
2026-11-12T20,1907.529
2026-11-12T21,1622.575
2026-11-12T22,733.133
2026-11-12T23,343.051
2026-11-13T00,312.613
2026-11-13T01,279.415
2026-11-13T02,272.499
2026-11-13T03,271.116
2026-11-13T04,272.499
2026-11-13T05,271.116
2026-11-13T06,311.23
2026-11-13T07,399.757
2026-11-13T08,509.034
2026-11-13T09,1297.483
2026-11-13T10,2047.201
2026-11-13T11,2070.716
2026-11-13T12,2077.632
2026-11-13T13,2063.8
2026-11-13T14,2049.967
2026-11-13T15,2005.703
2026-11-13T16,1998.787
2026-11-13T17,2019.536
2026-11-13T18,2027.835
2026-11-13T19,2027.835
2026-11-13T20,1990.488
2026-11-13T21,1705.539
2026-11-13T22,651.508
2026-11-13T23,388.691
2026-11-14T00,305.697
2026-11-14T01,290.481
2026-11-14T02,283.565
2026-11-14T03,283.565
2026-11-14T04,287.714
2026-11-14T05,279.415
2026-11-14T06,319.529
2026-11-14T07,417.739
2026-11-14T08,521.482
2026-11-14T09,1056.797
2026-11-14T10,2063.798
2026-11-14T11,2026.45
2026-11-14T12,2139.876
2026-11-14T13,2196.589
2026-11-14T14,2156.475
2026-11-14T15,2150.942
2026-11-14T16,2123.277
2026-11-14T17,2130.193
2026-11-14T18,2085.93
2026-11-14T19,2098.379
2026-11-14T20,2052.732
2026-11-14T21,1924.09
2026-11-14T22,1045.731
2026-11-14T23,449.554
2026-11-15T00,307.077
2026-11-15T01,278.029
2026-11-15T02,279.412
2026-11-15T03,268.346
2026-11-15T04,268.346
2026-11-15T05,272.496
2026-11-15T06,287.711
2026-11-15T07,305.693
2026-11-15T08,341.657
2026-11-15T09,387.304
2026-11-15T10,532.543
2026-11-15T11,1311.3
2026-11-15T12,2040.262
2026-11-15T13,2027.813
2026-11-15T14,2016.747
2026-11-15T15,2015.363
2026-11-15T16,2029.196
2026-11-15T17,2044.411
2026-11-15T18,2085.908
2026-11-15T19,2061.01
2026-11-15T20,2037.495
2026-11-15T21,1944.819
2026-11-15T22,780.141
2026-11-15T23,385.921
2026-11-16T00,313.999
2026-11-16T01,305.699
2026-11-16T02,287.717
2026-11-16T03,286.334
2026-11-16T04,283.567
2026-11-16T05,279.418
2026-11-16T06,307.083
2026-11-16T07,316.766
2026-11-16T08,341.664
2026-11-16T09,385.928
2026-11-16T10,477.223
2026-11-16T11,1188.216
2026-11-16T12,1965.606
2026-11-16T13,1994.654
2026-11-16T14,2018.17
2026-11-16T15,2012.637
2026-11-16T16,2014.02
2026-11-16T17,2069.35
2026-11-16T18,2066.584
2026-11-16T19,2049.985
2026-11-16T20,2022.319
2026-11-16T21,1933.791
2026-11-16T22,785.689
2026-11-16T23,348.58
2026-11-17T00,290.482
2026-11-17T01,280.799
2026-11-17T02,273.883
2026-11-17T03,261.434
2026-11-17T04,264.2
2026-11-17T05,266.967
2026-11-17T06,322.296
2026-11-17T07,416.357
2026-11-17T08,488.286
2026-11-17T09,1243.538
2026-11-17T10,2037.522
2026-11-17T11,2087.319
2026-11-17T12,2105.301
2026-11-17T13,2108.067
2026-11-17T14,2077.636
2026-11-17T15,2045.821
2026-11-17T16,1987.725
2026-11-17T17,1983.575
2026-11-17T18,2015.39
2026-11-17T19,2012.623
2026-11-17T20,1982.192
2026-11-17T21,1799.603
2026-11-17T22,655.659
2026-11-17T23,369.327
2026-11-18T00,329.208
2026-11-18T01,301.544
2026-11-18T02,302.927
2026-11-18T03,297.394
2026-11-18T04,300.161
2026-11-18T05,291.861
2026-11-18T06,361.023
2026-11-18T07,441.25
2026-11-18T08,515.944
2026-11-18T09,1208.942
2026-11-18T10,2066.544
2026-11-18T11,2081.759
2026-11-18T12,2073.46
2026-11-18T13,2080.376
2026-11-18T14,2101.124
2026-11-18T15,2059.627
2026-11-18T16,2106.657
2026-11-18T17,2135.705
2026-11-18T18,2123.256
2026-11-18T19,2105.274
2026-11-18T20,2080.376
2026-11-18T21,1960.035
2026-11-18T22,881.117
2026-11-18T23,409.436
2026-11-19T00,308.461
2026-11-19T01,308.461
2026-11-19T02,311.227
2026-11-19T03,301.545
2026-11-19T04,284.946
2026-11-19T05,289.096
2026-11-19T06,327.826
2026-11-19T07,410.82
2026-11-19T08,542.227
2026-11-19T09,1376.316
2026-11-19T10,2073.465
2026-11-19T11,2121.879
2026-11-19T12,2094.214
2026-11-19T13,2091.447
2026-11-19T14,2058.25
2026-11-19T15,2027.819
2026-11-19T16,2036.118
2026-11-19T17,2018.136
2026-11-19T18,2018.136
2026-11-19T19,2020.903
2026-11-19T20,1996.004
2026-11-19T21,1871.513
2026-11-19T22,687.467
2026-11-19T23,352.724
2026-11-20T00,308.47
2026-11-20T01,294.637
2026-11-20T02,273.888
2026-11-20T03,271.121
2026-11-20T04,269.738
2026-11-20T05,273.888
2026-11-20T06,284.954
2026-11-20T07,311.236
2026-11-20T08,338.902
2026-11-20T09,377.633
2026-11-20T10,547.776
2026-11-20T11,1132.9
2026-11-20T12,1994.679
2026-11-20T13,1984.996
2026-11-20T14,1951.798
2026-11-20T15,1951.798
2026-11-20T16,1975.313
2026-11-20T17,1987.763
2026-11-20T18,2014.045
2026-11-20T19,2033.411
2026-11-20T20,1990.529
2026-11-20T21,1890.934
2026-11-20T22,998.723
2026-11-20T23,374.867
2026-11-21T00,337.517
2026-11-21T01,320.918
2026-11-21T02,298.786
2026-11-21T03,287.719
2026-11-21T04,291.869
2026-11-21T05,287.719
2026-11-21T06,311.235
2026-11-21T07,354.116
2026-11-21T08,441.262
2026-11-21T09,1218.658
2026-11-21T10,1996.053
2026-11-21T11,2045.851
2026-11-21T12,1553.408
2026-11-21T13,2014.036
2026-11-21T14,2030.635
2026-11-21T15,2040.318
2026-11-21T16,2058.3
2026-11-21T17,2051.384
2026-11-21T18,2034.785
2026-11-21T19,2025.102
2026-11-21T20,1998.82
2026-11-21T21,1867.41
2026-11-21T22,712.382
2026-11-21T23,370.715
2026-11-22T00,325.065
2026-11-22T01,304.316
2026-11-22T02,296.017
2026-11-22T03,283.568
2026-11-22T04,275.268
2026-11-22T05,276.651
2026-11-22T06,302.933
2026-11-22T07,326.448
2026-11-22T08,416.36
2026-11-22T09,1048.508
2026-11-22T10,1991.889
2026-11-22T11,2055.519
2026-11-22T12,2052.752
2026-11-22T13,2001.572
2026-11-22T14,1697.255
2026-11-22T15,1814.832
2026-11-22T16,2015.404
2026-11-22T17,2012.638
2026-11-22T18,2033.387
2026-11-22T19,2055.519
2026-11-22T20,2034.77
2026-11-22T21,1943.475
2026-11-22T22,1267.063
2026-11-22T23,446.792
2026-11-23T00,348.585
2026-11-23T01,301.553
2026-11-23T02,296.02
2026-11-23T03,284.954
2026-11-23T04,291.87
2026-11-23T05,284.954
2026-11-23T06,293.254
2026-11-23T07,309.853
2026-11-23T08,325.069
2026-11-23T09,356.884
2026-11-23T10,477.229
2026-11-23T11,1238.028
2026-11-23T12,2036.176
2026-11-23T13,2051.392
2026-11-23T14,2018.194
2026-11-23T15,1998.828
2026-11-23T16,1960.096
2026-11-23T17,1953.18
2026-11-23T18,1991.912
2026-11-23T19,2012.661
2026-11-23T20,1987.762
2026-11-23T21,1910.299
2026-11-23T22,807.831
2026-11-23T23,362.417
2026-11-24T00,309.843
2026-11-24T01,302.927
2026-11-24T02,294.628
2026-11-24T03,291.861
2026-11-24T04,291.861
2026-11-24T05,290.478
2026-11-24T06,337.508
2026-11-24T07,414.968
2026-11-24T08,470.297
2026-11-24T09,1059.552
2026-11-24T10,2074.842
2026-11-24T11,2137.087
2026-11-24T12,2132.937
2026-11-24T13,2088.674
2026-11-24T14,2114.955
2026-11-24T15,2105.273
2026-11-24T16,2076.225
2026-11-24T17,2026.429
2026-11-24T18,2016.746
2026-11-24T19,1997.381
2026-11-24T20,1989.082
2026-11-24T21,1911.621
2026-11-24T22,1215.857
2026-11-24T23,414.968
2026-11-25T00,322.3
2026-11-25T01,302.934
2026-11-25T02,300.168
2026-11-25T03,290.485
2026-11-25T04,297.401
2026-11-25T05,300.168
2026-11-25T06,319.533
2026-11-25T07,412.212
2026-11-25T08,528.406
2026-11-25T09,1387.411
2026-11-25T10,2055.526
2026-11-25T11,2044.46
2026-11-25T12,2062.443
2026-11-25T13,2047.227
2026-11-25T14,2054.143
2026-11-25T15,1987.747
2026-11-25T16,2030.628
2026-11-25T17,1973.914
2026-11-25T18,1979.447
2026-11-25T19,1969.764
2026-11-25T20,1966.998
2026-11-25T21,1783.024
2026-11-25T22,658.432
2026-11-25T23,394.229
2026-11-26T00,319.527
2026-11-26T01,298.778
2026-11-26T02,298.778
2026-11-26T03,300.161
2026-11-26T04,296.012
2026-11-26T05,298.778
2026-11-26T06,336.125
2026-11-26T07,424.652
2026-11-26T08,510.413
2026-11-26T09,1139.784
2026-11-26T10,2033.352
2026-11-26T11,2019.519
2026-11-26T12,2108.046
2026-11-26T13,2108.046
2026-11-26T14,2119.112
2026-11-26T15,2090.064
2026-11-26T16,2114.962
2026-11-26T17,2101.13
2026-11-26T18,2040.268
2026-11-26T19,2001.537
2026-11-26T20,2005.687
2026-11-26T21,1942.058
2026-11-26T22,817.49
2026-11-26T23,435.718
2026-11-27T00,319.534
2026-11-27T01,301.552
2026-11-27T02,289.102
2026-11-27T03,290.485
2026-11-27T04,286.336
2026-11-27T05,290.485
2026-11-27T06,334.75
2026-11-27T07,426.045
2026-11-27T08,507.658
2026-11-27T09,1383.264
2026-11-27T10,2048.614
2026-11-27T11,2067.979
2026-11-27T12,2156.508
2026-11-27T13,2141.292
2026-11-27T14,2167.574
2026-11-27T15,2112.244
2026-11-27T16,2112.244
2026-11-27T17,2065.213
2026-11-27T18,2083.195
2026-11-27T19,2091.495
2026-11-27T20,2092.878
2026-11-27T21,2007.116
2026-11-27T22,784.311
2026-11-27T23,502.125
2026-11-28T00,381.771
2026-11-28T01,326.442
2026-11-28T02,304.31
2026-11-28T03,298.777
2026-11-28T04,300.16
2026-11-28T05,301.544
2026-11-28T06,356.873
2026-11-28T07,459.231
2026-11-28T08,690.23
2026-11-28T09,1261.503
2026-11-28T10,2630.898
2026-11-28T11,2493.959
2026-11-28T12,2520.24
2026-11-28T13,2495.342
2026-11-28T14,2506.408
2026-11-28T15,2557.587
2026-11-28T16,2556.204
2026-11-28T17,2487.043
2026-11-28T18,2462.145
2026-11-28T19,2466.294
2026-11-28T20,2473.21
2026-11-28T21,2463.528
2026-11-28T22,1993.231
2026-11-28T23,621.069
2026-11-29T00,464.777
2026-11-29T01,374.865
2026-11-29T02,311.234
2026-11-29T03,297.402
2026-11-29T04,296.019
2026-11-29T05,298.785
2026-11-29T06,315.384
2026-11-29T07,363.799
2026-11-29T08,672.266
2026-11-29T09,1574.155
2026-11-29T10,2423.479
2026-11-29T11,2426.246
2026-11-29T12,2430.395
2026-11-29T13,2434.545
2026-11-29T14,2442.845
2026-11-29T15,2434.545
2026-11-29T16,2393.047
2026-11-29T17,2376.448
2026-11-29T18,2398.58
2026-11-29T19,2401.347
2026-11-29T20,2406.88
2026-11-29T21,2347.399
2026-11-29T22,1961.469
2026-11-29T23,538.09
2026-11-30T00,337.514
2026-11-30T01,312.615
2026-11-30T02,302.933
2026-11-30T03,291.867
2026-11-30T04,294.633
2026-11-30T05,293.25
2026-11-30T06,313.999
2026-11-30T07,338.897
2026-11-30T08,377.628
2026-11-30T09,438.492
2026-11-30T10,515.954
2026-11-30T11,1015.308
2026-11-30T12,2485.707
2026-11-30T13,2391.646
2026-11-30T14,2391.646
2026-11-30T15,2380.58
2026-11-30T16,2348.765
2026-11-30T17,2231.189
2026-11-30T18,2011.251
2026-11-30T19,2083.18
2026-11-30T20,2114.995
2026-11-30T21,2065.198
2026-11-30T22,951.679
2026-11-30T23,473.073
2026-12-01T00,322.372
2026-12-01T01,298.784
2026-12-01T02,292.232
2026-12-01T03,285.679
2026-12-01T04,283.058
2026-12-01T05,283.058
2026-12-01T06,309.268
2026-12-01T07,382.653
2026-12-01T08,492.731
2026-12-01T09,1271.142
2026-12-01T10,1994.514
2026-12-01T11,1960.442
2026-12-01T12,2015.481
2026-12-01T13,2019.413
2026-12-01T14,2031.207
2026-12-01T15,2035.138
2026-12-01T16,2007.618
2026-12-01T17,1978.788
2026-12-01T18,1968.305
2026-12-01T19,1961.752
2026-12-01T20,1969.615
2026-12-01T21,1758.632
2026-12-01T22,627.708
2026-12-01T23,339.408
2026-12-02T00,296.166
2026-12-02T01,279.129
2026-12-02T02,271.267
2026-12-02T03,276.509
2026-12-02T04,273.888
2026-12-02T05,273.888
2026-12-02T06,313.202
2026-12-02T07,393.14
2026-12-02T08,491.425
2026-12-02T09,1137.485
2026-12-02T10,1936.87
2026-12-02T11,2323.458
2026-12-02T12,2364.082
2026-12-02T13,2336.563
2026-12-02T14,2002.393
2026-12-02T15,2007.635
2026-12-02T16,1991.91
2026-12-02T17,1965.7
2026-12-02T18,1915.903
2026-12-02T19,1863.484
2026-12-02T20,1873.968
2026-12-02T21,1841.206
2026-12-02T22,760.071
2026-12-02T23,420.66
2026-12-03T00,309.273
2026-12-03T01,279.132
2026-12-03T02,269.958
2026-12-03T03,273.89
2026-12-03T04,279.132
2026-12-03T05,276.511
2026-12-03T06,304.031
2026-12-03T07,404.937
2026-12-03T08,515.018
2026-12-03T09,1223.986
2026-12-03T10,1935.575
2026-12-03T11,1984.063
2026-12-03T12,1999.788
2026-12-03T13,2005.03
2026-12-03T14,2025.998
2026-12-03T15,1998.478
2026-12-03T16,2043.034
2026-12-03T17,1968.337
2026-12-03T18,1947.369
2026-12-03T19,1932.954
2026-12-03T20,1967.026
2026-12-03T21,1765.213
2026-12-03T22,614.614
2026-12-03T23,344.656
2026-12-04T00,286.988
2026-12-04T01,276.504
2026-12-04T02,271.262
2026-12-04T03,275.194
2026-12-04T04,266.021
2026-12-04T05,266.021
2026-12-04T06,317.128
2026-12-04T07,395.755
2026-12-04T08,499.28
2026-12-04T09,1098.154
2026-12-04T10,1963.049
2026-12-04T11,2031.193
2026-12-04T12,2063.954
2026-12-04T13,2056.091
2026-12-04T14,2086.231
2026-12-04T15,2046.918
2026-12-04T16,2020.709
2026-12-04T17,1989.258
2026-12-04T18,1978.775
2026-12-04T19,2003.673
2026-12-04T20,1982.706
2026-12-04T21,1894.906
2026-12-04T22,744.334
2026-12-04T23,425.895
2026-12-05T00,351.208
2026-12-05T01,322.378
2026-12-05T02,307.962
2026-12-05T03,304.031
2026-12-05T04,304.031
2026-12-05T05,297.479
2026-12-05T06,319.757
2026-12-05T07,410.18
2026-12-05T08,508.466
2026-12-05T09,1246.265
2026-12-05T10,1921.161
2026-12-05T11,2026.0
2026-12-05T12,2060.072
2026-12-05T13,2065.314
2026-12-05T14,2065.314
2026-12-05T15,2041.725
2026-12-05T16,1881.847
2026-12-05T17,1959.165
2026-12-05T18,2019.447
2026-12-05T19,2022.068
2026-12-05T20,2007.653
2026-12-05T21,1850.396
2026-12-05T22,726.005
2026-12-05T23,397.075
2026-12-06T00,290.926
2026-12-06T01,271.268
2026-12-06T02,267.337
2026-12-06T03,269.958
2026-12-06T04,268.648
2026-12-06T05,271.268
2026-12-06T06,306.651
2026-12-06T07,330.24
2026-12-06T08,412.8
2026-12-06T09,1016.929
2026-12-06T10,1891.016
2026-12-06T11,1994.544
2026-12-06T12,2016.822
2026-12-06T13,1982.75
2026-12-06T14,1970.956
2026-12-06T15,1739.001
2026-12-06T16,1821.561
2026-12-06T17,1811.077
2026-12-06T18,1900.19
2026-12-06T19,1934.262
2026-12-06T20,1932.952
2026-12-06T21,1881.843
2026-12-06T22,914.712
2026-12-06T23,461.287
2026-12-07T00,332.853
2026-12-07T01,309.265
2026-12-07T02,292.229
2026-12-07T03,279.124
2026-12-07T04,275.193
2026-12-07T05,280.435
2026-12-07T06,300.091
2026-12-07T07,305.333
2026-12-07T08,323.679
2026-12-07T09,344.647
2026-12-07T10,444.24
2026-12-07T11,1119.118
2026-12-07T12,2455.77
2026-12-07T13,2324.726
2026-12-07T14,2270.998
2026-12-07T15,2235.616
2026-12-07T16,2273.619
2026-12-07T17,2290.654
2026-12-07T18,2290.654
2026-12-07T19,2301.138
2026-12-07T20,2012.84
2026-12-07T21,1883.107
2026-12-07T22,758.747
2026-12-07T23,366.924
2026-12-08T00,288.305
2026-12-08T01,269.958
2026-12-08T02,264.716
2026-12-08T03,262.095
2026-12-08T04,259.474
2026-12-08T05,268.648
2026-12-08T06,288.305
2026-12-08T07,313.204
2026-12-08T08,324.998
2026-12-08T09,378.728
2026-12-08T10,528.122
2026-12-08T11,1106.042
2026-12-08T12,1938.195
2026-12-08T13,1936.884
2026-12-08T14,1926.4
2026-12-08T15,2112.488
2026-12-08T16,2282.85
2026-12-08T17,2243.536
2026-12-08T18,2273.677
2026-12-08T19,2255.33
2026-12-08T20,2200.29
2026-12-08T21,2096.762
2026-12-08T22,883.261
2026-12-08T23,416.732
2026-12-09T00,313.194
2026-12-09T01,288.296
2026-12-09T02,285.675
2026-12-09T03,279.123
2026-12-09T04,279.123
2026-12-09T05,286.985
2026-12-09T06,313.194
2026-12-09T07,391.82
2026-12-09T08,462.583
2026-12-09T09,1225.256
2026-12-09T10,1943.375
2026-12-09T11,2006.276
2026-12-09T12,2012.828
2026-12-09T13,2010.207
2026-12-09T14,2033.795
2026-12-09T15,2046.899
2026-12-09T16,2044.278
2026-12-09T17,2022.001
2026-12-09T18,2007.586
2026-12-09T19,1986.619
2026-12-09T20,1938.133
2026-12-09T21,1866.059
2026-12-09T22,651.286
2026-12-09T23,453.41
2026-12-10T00,306.648
2026-12-10T01,283.06
2026-12-10T02,271.266
2026-12-10T03,272.576
2026-12-10T04,277.818
2026-12-10T05,276.508
2026-12-10T06,313.201
2026-12-10T07,407.554
2026-12-10T08,497.976
2026-12-10T09,1107.341
2026-12-10T10,1974.868
2026-12-10T11,1984.041
2026-12-10T12,2040.391
2026-12-10T13,2191.094
2026-12-10T14,2326.072
2026-12-10T15,2340.487
2026-12-10T16,2274.964
2026-12-10T17,1814.992
2026-12-10T18,1808.439
2026-12-10T19,1816.302
2026-12-10T20,1849.064
2026-12-10T21,1767.815
2026-12-10T22,800.693
2026-12-10T23,391.828
2026-12-11T00,298.781
2026-12-11T01,272.572
2026-12-11T02,262.088
2026-12-11T03,246.363
2026-12-11T04,247.674
2026-12-11T05,256.847
2026-12-11T06,285.676
2026-12-11T07,600.183
2026-12-11T08,1117.807
2026-12-11T09,1293.407
2026-12-11T10,1876.553
2026-12-11T11,1959.111
2026-12-11T12,1978.768
2026-12-11T13,2006.287
2026-12-11T14,2369.28
2026-12-11T15,2297.205
2026-12-11T16,1960.422
2026-12-11T17,1837.24
2026-12-11T18,1910.625
2026-12-11T19,1904.073
2026-12-11T20,1905.383
2026-12-11T21,1727.163
2026-12-11T22,687.982
2026-12-11T23,352.509
2026-12-12T00,311.885
2026-12-12T01,302.712
2026-12-12T02,285.676
2026-12-12T03,277.813
2026-12-12T04,269.951
2026-12-12T05,275.192
2026-12-12T06,301.401
2026-12-12T07,414.099
2026-12-12T08,935.654
2026-12-12T09,1702.261
2026-12-12T10,1867.377
2026-12-12T11,1914.552
2026-12-12T12,1995.8
2026-12-12T13,1984.006
2026-12-12T14,1984.006
2026-12-12T15,2012.835
2026-12-12T16,2011.525
2026-12-12T17,1926.346
2026-12-12T18,1876.55
2026-12-12T19,1901.448
2026-12-12T20,1919.794
2026-12-12T21,1871.308
2026-12-12T22,1113.874
2026-12-12T23,556.937
2026-12-13T00,386.59
2026-12-13T01,304.03
2026-12-13T02,296.168
2026-12-13T03,293.547
2026-12-13T04,298.789
2026-12-13T05,297.478
2026-12-13T06,314.514
2026-12-13T07,331.55
2026-12-13T08,952.716
2026-12-13T09,1931.642
2026-12-13T10,2158.354
2026-12-13T11,2208.152
2026-12-13T12,2248.777
2026-12-13T13,2231.741
2026-12-13T14,2216.015
2026-12-13T15,2176.701
2026-12-13T16,2206.842
2026-12-13T17,2137.387
2026-12-13T18,1828.114
2026-12-13T19,2090.21
2026-12-13T20,2261.882
2026-12-13T21,2176.701
2026-12-13T22,1136.183
2026-12-13T23,539.916
2026-12-14T00,306.652
2026-12-14T01,276.511
2026-12-14T02,272.579
2026-12-14T03,271.269
2026-12-14T04,254.233
2026-12-14T05,256.854
2026-12-14T06,293.547
2026-12-14T07,306.652
2026-12-14T08,335.482
2026-12-14T09,837.395
2026-12-14T10,1652.512
2026-12-14T11,1762.592
2026-12-14T12,1832.048
2026-12-14T13,1862.189
2026-12-14T14,1870.051
2026-12-14T15,1877.914
2026-12-14T16,1843.842
2026-12-14T17,1900.192
2026-12-14T18,1980.132
2026-12-14T19,2293.336
2026-12-14T20,2244.848
2026-12-14T21,2206.844
2026-12-14T22,1009.068
2026-12-14T23,520.26
2026-12-15T00,326.305
2026-12-15T01,296.164
2026-12-15T02,280.439
2026-12-15T03,284.37
2026-12-15T04,279.128
2026-12-15T05,281.749
2026-12-15T06,304.027
2026-12-15T07,385.276
2026-12-15T08,925.185
2026-12-15T09,1535.86
2026-12-15T10,1986.659
2026-12-15T11,2350.967
2026-12-15T12,2314.274
2026-12-15T13,2302.48
2026-12-15T14,2353.588
2026-12-15T15,2430.905
2026-12-15T16,2369.313
2026-12-15T17,2282.823
2026-12-15T18,2298.548
2026-12-15T19,2274.96
2026-12-15T20,2242.199
2026-12-15T21,2061.355
2026-12-15T22,1302.598
2026-12-15T23,391.828
2026-12-16T00,318.439
2026-12-16T01,293.54
2026-12-16T02,281.746
2026-12-16T03,273.884
2026-12-16T04,271.263
2026-12-16T05,276.505
2026-12-16T06,293.54
2026-12-16T07,406.239
2026-12-16T08,522.869
2026-12-16T09,1171.541
2026-12-16T10,2442.675
2026-12-16T11,2339.15
2026-12-16T12,2347.013
2026-12-16T13,2343.081
2026-12-16T14,2365.359
2026-12-16T15,2383.705
2026-12-16T16,2337.839
2026-12-16T17,2312.941
2026-12-16T18,2289.353
2026-12-16T19,2238.245
2026-12-16T20,2229.072
2026-12-16T21,2209.416
2026-12-16T22,867.517
2026-12-16T23,435.069
2026-12-17T00,336.788
2026-12-17T01,317.132
2026-12-17T02,286.991
2026-12-17T03,280.439
2026-12-17T04,288.301
2026-12-17T05,286.991
2026-12-17T06,302.717
2026-12-17T07,428.521
2026-12-17T08,1141.412
2026-12-17T09,1731.119
2026-12-17T10,2250.062
2026-12-17T11,2288.065
2026-12-17T12,2345.725
2026-12-17T13,2365.382
2026-12-17T14,2368.003
2026-12-17T15,2375.866
2026-12-17T16,2362.761
2026-12-17T17,2167.503
2026-12-17T18,1978.796
2026-12-17T19,1985.349
2026-12-17T20,1959.139
2026-12-17T21,1921.136
2026-12-17T22,1538.481
2026-12-17T23,516.322
2026-12-18T00,330.239
2026-12-18T01,292.235
2026-12-18T02,271.267
2026-12-18T03,271.267
2026-12-18T04,268.646
2026-12-18T05,273.888
2026-12-18T06,314.513
2026-12-18T07,404.935
2026-12-18T08,906.845
2026-12-18T09,2095.442
2026-12-18T10,2204.211
2026-12-18T11,2273.666
2026-12-18T12,2327.395
2026-12-18T13,2335.258
2026-12-18T14,2327.395
2026-12-18T15,2379.814
2026-12-18T16,2006.33
2026-12-18T17,1892.319
2026-12-18T18,1919.839
2026-12-18T19,1930.323
2026-12-18T20,1936.875
2026-12-18T21,1902.803
2026-12-18T22,1020.856
2026-12-18T23,517.636
2026-12-19T00,360.378
2026-12-19T01,307.959
2026-12-19T02,301.407
2026-12-19T03,302.717
2026-12-19T04,288.302
2026-12-19T05,286.992
2026-12-19T06,301.407
2026-12-19T07,373.482
2026-12-19T08,1022.162
2026-12-19T09,1801.888
2026-12-19T10,2326.074
2026-12-19T11,2292.002
2026-12-19T12,2345.731
2026-12-19T13,2358.836
2026-12-19T14,2309.038
2026-12-19T15,2336.558
2026-12-19T16,2309.038
2026-12-19T17,2272.345
2026-12-19T18,2298.554
2026-12-19T19,2252.688
2026-12-19T20,2214.685
2026-12-19T21,2035.151
2026-12-19T22,1839.892
2026-12-19T23,665.716
2026-12-20T00,385.269
2026-12-20T01,283.055
2026-12-20T02,269.95
2026-12-20T03,273.882
2026-12-20T04,269.95
2026-12-20T05,266.019
2026-12-20T06,300.09
2026-12-20T07,385.269
2026-12-20T08,885.856
2026-12-20T09,1720.605
2026-12-20T10,2163.533
2026-12-20T11,2174.017
2026-12-20T12,2212.02
2026-12-20T13,2231.676
2026-12-20T14,2259.195
2026-12-20T15,2259.195
2026-12-20T16,2259.195
2026-12-20T17,2259.195
2026-12-20T18,2264.437
2026-12-20T19,2272.3
2026-12-20T20,2276.231
2026-12-20T21,2240.849
2026-12-20T22,2031.179
2026-12-20T23,933.032
2026-12-21T00,421.963
2026-12-21T01,332.853
2026-12-21T02,292.229
2026-12-21T03,283.056
2026-12-21T04,279.125
2026-12-21T05,273.883
2026-12-21T06,301.402
2026-12-21T07,343.337
2026-12-21T08,366.925
2026-12-21T09,815.097
2026-12-21T10,1681.301
2026-12-21T11,2032.501
2026-12-21T12,2136.026
2026-12-21T13,2143.888
2026-12-21T14,2146.509
2026-12-21T15,2177.96
2026-12-21T16,2204.169
2026-12-21T17,2194.996
2026-12-21T18,2219.894
2026-12-21T19,2250.035
2026-12-21T20,2256.587
2026-12-21T21,2201.548
2026-12-21T22,1611.848
2026-12-21T23,522.868
2026-12-22T00,342.033
2026-12-22T01,300.098
2026-12-22T02,279.13
2026-12-22T03,268.647
2026-12-22T04,260.784
2026-12-22T05,272.578
2026-12-22T06,313.203
2026-12-22T07,414.109
2026-12-22T08,895.052
2026-12-22T09,1737.685
2026-12-22T10,2192.419
2026-12-22T11,2222.56
2026-12-22T12,2280.22
2026-12-22T13,2267.116
2026-12-22T14,2256.632
2026-12-22T15,2255.321
2026-12-22T16,2284.152
2026-12-22T17,2244.838
2026-12-22T18,2246.148
2026-12-22T19,2208.144
2026-12-22T20,2234.354
2026-12-22T21,2213.386
2026-12-22T22,2079.718
2026-12-22T23,897.673
2026-12-23T00,397.063
2026-12-23T01,277.813
2026-12-23T02,267.33
2026-12-23T03,267.33
2026-12-23T04,267.33
2026-12-23T05,259.467
2026-12-23T06,306.643
2026-12-23T07,442.928
2026-12-23T08,1026.074
2026-12-23T09,2078.356
2026-12-23T10,2120.29
2026-12-23T11,2183.191
2026-12-23T12,2225.125
2026-12-23T13,2246.092
2026-12-23T14,2267.059
2026-12-23T15,2285.405
2026-12-23T16,2251.334
2026-12-23T17,2134.705
2026-12-23T18,2191.054
2026-12-23T19,2187.122
2026-12-23T20,2158.293
2026-12-23T21,2159.603
2026-12-23T22,2016.765
2026-12-23T23,1585.631
2026-12-24T00,482.252
2026-12-24T01,331.548
2026-12-24T02,269.956
2026-12-24T03,263.404
2026-12-24T04,258.162
2026-12-24T05,262.094
2026-12-24T06,286.992
2026-12-24T07,324.996
2026-12-24T08,846.562
2026-12-24T09,1635.464
2026-12-24T10,1773.063
2026-12-24T11,2187.17
2026-12-24T12,2164.892
2026-12-24T13,2130.82
2026-12-24T14,2091.506
2026-12-24T15,2096.748
2026-12-24T16,2029.914
2026-12-24T17,1976.185
2026-12-24T18,1602.702
2026-12-24T19,817.732
2026-12-24T20,363.0
2026-12-24T21,290.924
2026-12-24T22,275.198
2026-12-24T23,264.714
2026-12-25T00,264.718
2026-12-25T01,266.029
2026-12-25T02,254.234
2026-12-25T03,255.545
2026-12-25T04,259.476
2026-12-25T05,252.924
2026-12-25T06,268.65
2026-12-25T07,272.581
2026-12-25T08,272.581
2026-12-25T09,281.755
2026-12-25T10,310.585
2026-12-25T11,832.159
2026-12-25T12,1130.95
2026-12-25T13,1023.49
2026-12-25T14,1031.353
2026-12-25T15,1035.285
2026-12-25T16,1044.458
2026-12-25T17,1045.769
2026-12-25T18,1109.982
2026-12-25T19,1119.156
2026-12-25T20,1125.708
2026-12-25T21,1052.321
2026-12-25T22,469.154
2026-12-25T23,279.134
2026-12-26T00,281.747
2026-12-26T01,267.332
2026-12-26T02,263.401
2026-12-26T03,264.711
2026-12-26T04,262.09
2026-12-26T05,263.401
2026-12-26T06,286.989
2026-12-26T07,314.508
2026-12-26T08,394.446
2026-12-26T09,960.56
2026-12-26T10,1779.592
2026-12-26T11,1813.664
2026-12-26T12,1887.049
2026-12-26T13,1923.741
2026-12-26T14,1952.571
2026-12-26T15,1914.568
2026-12-26T16,1932.915
2026-12-26T17,2301.151
2026-12-26T18,2175.348
2026-12-26T19,2172.727
2026-12-26T20,2143.897
2026-12-26T21,1914.568
2026-12-26T22,1107.331
2026-12-26T23,475.694
2026-12-27T00,318.445
2026-12-27T01,266.026
2026-12-27T02,266.026
2026-12-27T03,258.163
2026-12-27T04,256.853
2026-12-27T05,259.474
2026-12-27T06,284.373
2026-12-27T07,292.236
2026-12-27T08,385.279
2026-12-27T09,1032.654
2026-12-27T10,2213.391
2026-12-27T11,2189.803
2026-12-27T12,2193.734
2026-12-27T13,2206.839
2026-12-27T14,2202.907
2026-12-27T15,2185.871
2026-12-27T16,1872.668
2026-12-27T17,1887.083
2026-12-27T18,1930.329
2026-12-27T19,1934.26
2026-12-27T20,1926.397
2026-12-27T21,1833.354
2026-12-27T22,722.071
2026-12-27T23,395.763
2026-12-28T00,305.331
2026-12-28T01,280.433
2026-12-28T02,273.881
2026-12-28T03,269.949
2026-12-28T04,267.329
2026-12-28T05,264.708
2026-12-28T06,294.848
2026-12-28T07,298.779
2026-12-28T08,324.988
2026-12-28T09,362.99
2026-12-28T10,456.031
2026-12-28T11,960.548
2026-12-28T12,1897.509
2026-12-28T13,1911.924
2026-12-28T14,1862.127
2026-12-28T15,1847.712
2026-12-28T16,1855.575
2026-12-28T17,1868.679
2026-12-28T18,1880.473
2026-12-28T19,1900.13
2026-12-28T20,1884.404
2026-12-28T21,1797.916
2026-12-28T22,830.815
2026-12-28T23,366.922
2026-12-29T00,281.749
2026-12-29T01,271.265
2026-12-29T02,268.644
2026-12-29T03,259.471
2026-12-29T04,259.471
2026-12-29T05,256.85
2026-12-29T06,292.232
2026-12-29T07,387.896
2026-12-29T08,500.595
2026-12-29T09,1142.72
2026-12-29T10,2285.44
2026-12-29T11,2365.378
2026-12-29T12,2352.274
2026-12-29T13,2323.444
2026-12-29T14,2286.751
2026-12-29T15,2269.715
2026-12-29T16,2231.712
2026-12-29T17,1925.064
2026-12-29T18,1989.277
2026-12-29T19,2002.381
2026-12-29T20,1976.172
2026-12-29T21,1738.979
2026-12-29T22,853.109
2026-12-29T23,377.412
2026-12-30T00,55.039
2026-12-30T01,0.0
2026-12-30T02,127.114
2026-12-30T03,250.296
2026-12-30T04,245.054
2026-12-30T05,238.502
2026-12-30T06,268.642
2026-12-30T07,377.41
2026-12-30T08,469.141
2026-12-30T09,992.01
2026-12-30T10,1926.361
2026-12-30T11,1948.639
2026-12-30T12,2007.609
2026-12-30T13,1990.573
2026-12-30T14,2007.609
2026-12-30T15,1977.469
2026-12-30T16,1961.743
2026-12-30T17,1879.185
2026-12-30T18,1901.463
2026-12-30T19,1935.534
2026-12-30T20,1905.394
2026-12-30T21,1817.594
2026-12-30T22,830.825
2026-12-30T23,450.795
2026-12-31T00,317.123
2026-12-31T01,134.974
2026-12-31T02,28.829
2026-12-31T03,258.154
2026-12-31T04,243.739
2026-12-31T05,243.739
2026-12-31T06,276.5
2026-12-31T07,300.088
2026-12-31T08,381.334
2026-12-31T09,1056.204
2026-12-31T10,2146.48
2026-12-31T11,2196.276
2026-12-31T12,2171.378
2026-12-31T13,2139.928
2026-12-31T14,2097.994
2026-12-31T15,2084.89
2026-12-31T16,2075.717
2026-12-31T17,1749.421
2026-12-31T18,1237.043
2026-12-31T19,723.356
2026-12-31T20,319.744
2026-12-31T21,279.121
2026-12-31T22,269.948
2026-12-31T23,266.017
