bucket,value
2026-01-01T00,676.679
2026-01-01T01,778.164
2026-01-01T02,931.357
2026-01-01T03,882.219
2026-01-01T04,865.84
2026-01-01T05,863.271
2026-01-01T06,980.815
2026-01-01T07,1060.141
2026-01-01T08,1112.811
2026-01-01T09,1189.567
2026-01-01T10,1603.86
2026-01-01T11,1865.604
2026-01-01T12,1928.872
2026-01-01T13,2031.321
2026-01-01T14,2020.723
2026-01-01T15,1976.724
2026-01-01T16,1987.001
2026-01-01T17,1804.584
2026-01-01T18,1470.259
2026-01-01T19,1485.995
2026-01-01T20,1427.866
2026-01-01T21,1342.117
2026-01-01T22,909.518
2026-01-01T23,658.694
2026-01-02T00,574.55
2026-01-02T01,718.75
2026-01-02T02,850.424
2026-01-02T03,892.496
2026-01-02T04,911.123
2026-01-02T05,899.24
2026-01-02T06,924.933
2026-01-02T07,1044.403
2026-01-02T08,1191.493
2026-01-02T09,1112.489
2026-01-02T10,1624.413
2026-01-02T11,1830.275
2026-01-02T12,1945.249
2026-01-02T13,1994.386
2026-01-02T14,1938.505
2026-01-02T15,1912.491
2026-01-02T16,2026.502
2026-01-02T17,1889.368
2026-01-02T18,1511.366
2026-01-02T19,1514.256
2026-01-02T20,1468.01
2026-01-02T21,1398.318
2026-01-02T22,998.478
2026-01-02T23,655.482
2026-01-03T00,525.867
2026-01-03T01,633.048
2026-01-03T02,935.722
2026-01-03T03,939.737
2026-01-03T04,954.589
2026-01-03T05,950.977
2026-01-03T06,1023.233
2026-01-03T07,1101.912
2026-01-03T08,1232.777
2026-01-03T09,1125.998
2026-01-03T10,1521.0
2026-01-03T11,1688.796
2026-01-03T12,1915.602
2026-01-03T13,2021.979
2026-01-03T14,1979.027
2026-01-03T15,1928.447
2026-01-03T16,1922.024
2026-01-03T17,1887.502
2026-01-03T18,1651.062
2026-01-03T19,1439.511
2026-01-03T20,1428.271
2026-01-03T21,1370.466
2026-01-03T22,1100.708
2026-01-03T23,772.744
2026-01-04T00,623.812
2026-01-04T01,922.873
2026-01-04T02,941.74
2026-01-04T03,929.296
2026-01-04T04,938.93
2026-01-04T05,907.619
2026-01-04T06,827.334
2026-01-04T07,867.878
2026-01-04T08,925.683
2026-01-04T09,773.543
2026-01-04T10,960.206
2026-01-04T11,1287.366
2026-01-04T12,1655.07
2026-01-04T13,1859.395
2026-01-04T14,1795.97
2026-01-04T15,1830.492
2026-01-04T16,1922.418
2026-01-04T17,1850.162
2026-01-04T18,1453.555
2026-01-04T19,1403.779
2026-01-04T20,1365.643
2026-01-04T21,990.714
2026-01-04T22,843.793
2026-01-04T23,656.729
2026-01-05T00,604.176
2026-01-05T01,700.121
2026-01-05T02,893.216
2026-01-05T03,871.137
2026-01-05T04,783.622
2026-01-05T05,783.22
2026-01-05T06,894.421
2026-01-05T07,942.594
2026-01-05T08,1087.115
2026-01-05T09,1089.925
2026-01-05T10,1634.686
2026-01-05T11,1745.485
2026-01-05T12,1944.201
2026-01-05T13,1983.944
2026-01-05T14,1957.449
2026-01-05T15,1926.537
2026-01-05T16,1948.617
2026-01-05T17,1825.774
2026-01-05T18,1500.202
2026-01-05T19,1511.041
2026-01-05T20,1448.817
2026-01-05T21,1346.85
2026-01-05T22,922.12
2026-01-05T23,591.731
2026-01-06T00,492.172
2026-01-06T01,822.964
2026-01-06T02,926.938
2026-01-06T03,917.304
2026-01-06T04,938.179
2026-01-06T05,936.171
2026-01-06T06,1046.569
2026-01-06T07,1154.156
2026-01-06T08,1271.78
2026-01-06T09,1122.041
2026-01-06T10,1647.132
2026-01-06T11,1862.708
2026-01-06T12,1901.247
2026-01-06T13,1991.572
2026-01-06T14,1971.099
2026-01-06T15,1911.283
2026-01-06T16,1891.211
2026-01-06T17,1694.502
2026-01-06T18,1456.044
2026-01-06T19,1456.847
2026-01-06T20,1404.257
2026-01-06T21,1304.699
2026-01-06T22,833.803
2026-01-06T23,589.322
2026-01-07T00,591.558
2026-01-07T01,765.3
2026-01-07T02,861.966
2026-01-07T03,795.809
2026-01-07T04,833.062
2026-01-07T05,830.172
2026-01-07T06,793.24
2026-01-07T07,878.344
2026-01-07T08,1027.679
2026-01-07T09,1101.222
2026-01-07T10,1380.301
2026-01-07T11,1595.471
2026-01-07T12,1824.451
2026-01-07T13,1894.141
2026-01-07T14,1853.997
2026-01-07T15,1787.198
2026-01-07T16,1754.762
2026-01-07T17,1664.198
2026-01-07T18,1382.549
2026-01-07T19,1392.826
2026-01-07T20,1349.471
2026-01-07T21,1227.755
2026-01-07T22,975.974
2026-01-07T23,758.555
2026-01-08T00,676.679
2026-01-08T01,778.164
2026-01-08T02,931.357
2026-01-08T03,882.219
2026-01-08T04,865.84
2026-01-08T05,863.271
2026-01-08T06,980.815
2026-01-08T07,1060.141
2026-01-08T08,1112.811
2026-01-08T09,1189.567
2026-01-08T10,1603.86
2026-01-08T11,1865.604
2026-01-08T12,1928.872
2026-01-08T13,2031.321
2026-01-08T14,2020.723
2026-01-08T15,1976.724
2026-01-08T16,1987.001
2026-01-08T17,1804.584
2026-01-08T18,1470.259
2026-01-08T19,1485.995
2026-01-08T20,1427.866
2026-01-08T21,1342.117
2026-01-08T22,909.518
2026-01-08T23,658.694
2026-01-09T00,574.55
2026-01-09T01,718.75
2026-01-09T02,850.424
2026-01-09T03,892.496
2026-01-09T04,911.123
2026-01-09T05,899.24
2026-01-09T06,924.933
2026-01-09T07,1044.403
2026-01-09T08,1191.493
2026-01-09T09,1112.489
2026-01-09T10,1624.413
2026-01-09T11,1830.275
2026-01-09T12,1945.249
2026-01-09T13,1994.386
2026-01-09T14,1938.505
2026-01-09T15,1912.491
2026-01-09T16,2026.502
2026-01-09T17,1889.368
2026-01-09T18,1511.366
2026-01-09T19,1514.256
2026-01-09T20,1468.01
2026-01-09T21,1398.318
2026-01-09T22,998.478
2026-01-09T23,655.482
2026-01-10T00,525.884
2026-01-10T01,633.067
2026-01-10T02,935.752
2026-01-10T03,939.766
2026-01-10T04,954.619
2026-01-10T05,951.006
2026-01-10T06,1023.265
2026-01-10T07,1101.947
2026-01-10T08,1232.816
2026-01-10T09,1126.033
2026-01-10T10,1521.048
2026-01-10T11,1688.849
2026-01-10T12,1915.661
2026-01-10T13,2022.042
2026-01-10T14,1979.088
2026-01-10T15,1928.507
2026-01-10T16,1922.084
2026-01-10T17,1887.561
2026-01-10T18,1651.114
2026-01-10T19,1439.556
2026-01-10T20,1428.316
2026-01-10T21,1370.509
2026-01-10T22,1100.743
2026-01-10T23,772.768
2026-01-11T00,623.812
2026-01-11T01,922.873
2026-01-11T02,941.74
2026-01-11T03,929.296
2026-01-11T04,938.93
2026-01-11T05,907.619
2026-01-11T06,827.334
2026-01-11T07,867.878
2026-01-11T08,925.683
2026-01-11T09,773.543
2026-01-11T10,960.206
2026-01-11T11,1287.366
2026-01-11T12,1655.07
2026-01-11T13,1859.395
2026-01-11T14,1795.97
2026-01-11T15,1830.492
2026-01-11T16,1922.418
2026-01-11T17,1850.162
2026-01-11T18,1453.555
2026-01-11T19,1403.779
2026-01-11T20,1365.643
2026-01-11T21,990.714
2026-01-11T22,843.793
2026-01-11T23,656.729
2026-01-12T00,604.176
2026-01-12T01,700.121
2026-01-12T02,893.216
2026-01-12T03,871.137
2026-01-12T04,783.622
2026-01-12T05,783.22
2026-01-12T06,894.421
2026-01-12T07,942.594
2026-01-12T08,1087.115
2026-01-12T09,1089.925
2026-01-12T10,1634.686
2026-01-12T11,1745.485
2026-01-12T12,1944.201
2026-01-12T13,1983.944
2026-01-12T14,1957.449
2026-01-12T15,1926.537
2026-01-12T16,1948.617
2026-01-12T17,1825.774
2026-01-12T18,1500.202
2026-01-12T19,1511.041
2026-01-12T20,1448.817
2026-01-12T21,1346.85
2026-01-12T22,922.12
2026-01-12T23,591.731
2026-01-13T00,492.172
2026-01-13T01,822.964
2026-01-13T02,926.938
2026-01-13T03,917.304
2026-01-13T04,938.179
2026-01-13T05,936.171
2026-01-13T06,1046.569
2026-01-13T07,1154.156
2026-01-13T08,1271.78
2026-01-13T09,1122.041
2026-01-13T10,1647.132
2026-01-13T11,1862.708
2026-01-13T12,1901.247
2026-01-13T13,1991.572
2026-01-13T14,1971.099
2026-01-13T15,1911.283
2026-01-13T16,1891.211
2026-01-13T17,1694.502
2026-01-13T18,1456.044
2026-01-13T19,1456.847
2026-01-13T20,1404.257
2026-01-13T21,1304.699
2026-01-13T22,833.803
2026-01-13T23,589.322
2026-01-14T00,591.558
2026-01-14T01,765.3
2026-01-14T02,861.966
2026-01-14T03,795.809
2026-01-14T04,833.062
2026-01-14T05,830.172
2026-01-14T06,793.24
2026-01-14T07,878.344
2026-01-14T08,1027.679
2026-01-14T09,1101.222
2026-01-14T10,1380.301
2026-01-14T11,1595.471
2026-01-14T12,1824.451
2026-01-14T13,1894.141
2026-01-14T14,1853.997
2026-01-14T15,1787.198
2026-01-14T16,1754.762
2026-01-14T17,1664.198
2026-01-14T18,1382.549
2026-01-14T19,1392.826
2026-01-14T20,1349.471
2026-01-14T21,1227.755
2026-01-14T22,975.974
2026-01-14T23,758.555
2026-01-15T00,676.679
2026-01-15T01,778.164
2026-01-15T02,931.357
2026-01-15T03,882.219
2026-01-15T04,865.84
2026-01-15T05,863.271
2026-01-15T06,980.815
2026-01-15T07,1060.141
2026-01-15T08,1112.811
2026-01-15T09,1189.567
2026-01-15T10,1603.86
2026-01-15T11,1865.604
2026-01-15T12,1928.872
2026-01-15T13,2031.321
2026-01-15T14,2020.723
2026-01-15T15,1976.724
2026-01-15T16,1987.001
2026-01-15T17,1804.584
2026-01-15T18,1470.259
2026-01-15T19,1485.995
2026-01-15T20,1427.866
2026-01-15T21,1342.117
2026-01-15T22,909.518
2026-01-15T23,658.694
2026-01-16T00,574.55
2026-01-16T01,718.75
2026-01-16T02,850.424
2026-01-16T03,892.496
2026-01-16T04,911.123
2026-01-16T05,899.24
2026-01-16T06,924.933
2026-01-16T07,1044.403
2026-01-16T08,1191.493
2026-01-16T09,1112.489
2026-01-16T10,1624.413
2026-01-16T11,1830.275
2026-01-16T12,1945.249
2026-01-16T13,1994.386
2026-01-16T14,1938.505
2026-01-16T15,1912.491
2026-01-16T16,2026.502
2026-01-16T17,1889.368
2026-01-16T18,1511.366
2026-01-16T19,1514.256
2026-01-16T20,1468.01
2026-01-16T21,1398.318
2026-01-16T22,998.478
2026-01-16T23,655.482
2026-01-17T00,525.884
2026-01-17T01,633.067
2026-01-17T02,935.752
2026-01-17T03,939.766
2026-01-17T04,954.619
2026-01-17T05,951.006
2026-01-17T06,1023.265
2026-01-17T07,1101.947
2026-01-17T08,1232.816
2026-01-17T09,1126.033
2026-01-17T10,1521.048
2026-01-17T11,1688.849
2026-01-17T12,1915.661
2026-01-17T13,2022.042
2026-01-17T14,1979.088
2026-01-17T15,1928.507
2026-01-17T16,1922.084
2026-01-17T17,1887.561
2026-01-17T18,1651.114
2026-01-17T19,1439.556
2026-01-17T20,1428.316
2026-01-17T21,1370.509
2026-01-17T22,1100.743
2026-01-17T23,772.768
2026-01-18T00,623.812
2026-01-18T01,922.873
2026-01-18T02,941.74
2026-01-18T03,929.296
2026-01-18T04,938.93
2026-01-18T05,907.619
2026-01-18T06,827.334
2026-01-18T07,867.878
2026-01-18T08,925.683
2026-01-18T09,773.543
2026-01-18T10,960.206
2026-01-18T11,1287.366
2026-01-18T12,1655.07
2026-01-18T13,1859.395
2026-01-18T14,1795.97
2026-01-18T15,1830.492
2026-01-18T16,1922.418
2026-01-18T17,1850.162
2026-01-18T18,1453.555
2026-01-18T19,1403.779
2026-01-18T20,1365.643
2026-01-18T21,990.714
2026-01-18T22,843.793
2026-01-18T23,656.729
2026-01-19T00,604.176
2026-01-19T01,700.121
2026-01-19T02,893.216
2026-01-19T03,871.137
2026-01-19T04,783.622
2026-01-19T05,783.22
2026-01-19T06,894.421
2026-01-19T07,942.594
2026-01-19T08,1087.115
2026-01-19T09,1089.925
2026-01-19T10,1634.686
2026-01-19T11,1745.485
2026-01-19T12,1944.201
2026-01-19T13,1983.944
2026-01-19T14,1957.449
2026-01-19T15,1926.537
2026-01-19T16,1948.617
2026-01-19T17,1825.774
2026-01-19T18,1500.202
2026-01-19T19,1511.041
2026-01-19T20,1448.817
2026-01-19T21,1346.85
2026-01-19T22,922.12
2026-01-19T23,591.731
2026-01-20T00,492.172
2026-01-20T01,822.964
2026-01-20T02,926.938
2026-01-20T03,917.304
2026-01-20T04,938.179
2026-01-20T05,936.171
2026-01-20T06,1046.569
2026-01-20T07,1154.156
2026-01-20T08,1271.78
2026-01-20T09,1122.041
2026-01-20T10,1647.132
2026-01-20T11,1862.708
2026-01-20T12,1901.247
2026-01-20T13,1991.572
2026-01-20T14,1971.099
2026-01-20T15,1911.283
2026-01-20T16,1891.211
2026-01-20T17,1694.502
2026-01-20T18,1456.044
2026-01-20T19,1456.847
2026-01-20T20,1404.257
2026-01-20T21,1304.699
2026-01-20T22,833.803
2026-01-20T23,589.322
2026-01-21T00,591.558
2026-01-21T01,765.3
2026-01-21T02,861.966
2026-01-21T03,795.809
2026-01-21T04,833.062
2026-01-21T05,830.172
2026-01-21T06,793.24
2026-01-21T07,878.344
2026-01-21T08,1027.679
2026-01-21T09,1101.222
2026-01-21T10,1380.301
2026-01-21T11,1595.471
2026-01-21T12,1824.451
2026-01-21T13,1894.141
2026-01-21T14,1853.997
2026-01-21T15,1787.198
2026-01-21T16,1754.762
2026-01-21T17,1664.198
2026-01-21T18,1382.549
2026-01-21T19,1392.826
2026-01-21T20,1349.471
2026-01-21T21,1227.755
2026-01-21T22,975.974
2026-01-21T23,758.555
2026-01-22T00,676.679
2026-01-22T01,778.164
2026-01-22T02,931.357
2026-01-22T03,882.219
2026-01-22T04,865.84
2026-01-22T05,863.271
2026-01-22T06,980.815
2026-01-22T07,1060.141
2026-01-22T08,1112.811
2026-01-22T09,1189.567
2026-01-22T10,1603.86
2026-01-22T11,1865.604
2026-01-22T12,1928.872
2026-01-22T13,2031.321
2026-01-22T14,2020.723
2026-01-22T15,1976.724
2026-01-22T16,1987.001
2026-01-22T17,1804.584
2026-01-22T18,1470.259
2026-01-22T19,1485.995
2026-01-22T20,1427.866
2026-01-22T21,1342.117
2026-01-22T22,909.518
2026-01-22T23,658.694
2026-01-23T00,574.55
2026-01-23T01,718.75
2026-01-23T02,850.424
2026-01-23T03,892.496
2026-01-23T04,911.123
2026-01-23T05,899.24
2026-01-23T06,924.933
2026-01-23T07,1044.403
2026-01-23T08,1191.493
2026-01-23T09,1112.489
2026-01-23T10,1624.413
2026-01-23T11,1830.275
2026-01-23T12,1945.249
2026-01-23T13,1994.386
2026-01-23T14,1938.505
2026-01-23T15,1912.491
2026-01-23T16,2026.502
2026-01-23T17,1889.368
2026-01-23T18,1511.366
2026-01-23T19,1514.256
2026-01-23T20,1468.01
2026-01-23T21,1398.318
2026-01-23T22,998.478
2026-01-23T23,655.482
2026-01-24T00,525.884
2026-01-24T01,633.067
2026-01-24T02,935.752
2026-01-24T03,939.766
2026-01-24T04,954.619
2026-01-24T05,951.006
2026-01-24T06,1023.265
2026-01-24T07,1101.947
2026-01-24T08,1232.816
2026-01-24T09,1126.033
2026-01-24T10,1521.048
2026-01-24T11,1688.849
2026-01-24T12,1915.661
2026-01-24T13,2022.042
2026-01-24T14,1979.088
2026-01-24T15,1928.507
2026-01-24T16,1922.084
2026-01-24T17,1887.561
2026-01-24T18,1651.114
2026-01-24T19,1439.556
2026-01-24T20,1428.316
2026-01-24T21,1370.509
2026-01-24T22,1100.743
2026-01-24T23,772.768
2026-01-25T00,623.812
2026-01-25T01,922.873
2026-01-25T02,941.74
2026-01-25T03,929.296
2026-01-25T04,938.93
2026-01-25T05,907.619
2026-01-25T06,827.334
2026-01-25T07,867.878
2026-01-25T08,925.683
2026-01-25T09,773.543
2026-01-25T10,960.206
2026-01-25T11,1287.366
2026-01-25T12,1655.07
2026-01-25T13,1859.395
2026-01-25T14,1795.97
2026-01-25T15,1830.492
2026-01-25T16,1922.418
2026-01-25T17,1850.162
2026-01-25T18,1453.555
2026-01-25T19,1403.779
2026-01-25T20,1365.643
2026-01-25T21,990.714
2026-01-25T22,843.793
2026-01-25T23,656.729
2026-01-26T00,604.176
2026-01-26T01,700.121
2026-01-26T02,893.216
2026-01-26T03,871.137
2026-01-26T04,783.622
2026-01-26T05,783.22
2026-01-26T06,894.421
2026-01-26T07,942.594
2026-01-26T08,1087.115
2026-01-26T09,1089.925
2026-01-26T10,1634.686
2026-01-26T11,1745.485
2026-01-26T12,1944.201
2026-01-26T13,1983.944
2026-01-26T14,1957.449
2026-01-26T15,1926.537
2026-01-26T16,1948.617
2026-01-26T17,1825.774
2026-01-26T18,1500.202
2026-01-26T19,1511.041
2026-01-26T20,1448.817
2026-01-26T21,1346.85
2026-01-26T22,922.12
2026-01-26T23,591.731
2026-01-27T00,492.172
2026-01-27T01,822.964
2026-01-27T02,926.938
2026-01-27T03,917.304
2026-01-27T04,938.179
2026-01-27T05,936.171
2026-01-27T06,1046.569
2026-01-27T07,1154.156
2026-01-27T08,1271.78
2026-01-27T09,1122.041
2026-01-27T10,1647.132
2026-01-27T11,1862.708
2026-01-27T12,1901.247
2026-01-27T13,1991.572
2026-01-27T14,1971.099
2026-01-27T15,1911.283
2026-01-27T16,1891.211
2026-01-27T17,1694.502
2026-01-27T18,1456.044
2026-01-27T19,1456.847
2026-01-27T20,1404.257
2026-01-27T21,1304.699
2026-01-27T22,833.803
2026-01-27T23,589.322
2026-01-28T00,591.558
2026-01-28T01,765.3
2026-01-28T02,861.966
2026-01-28T03,795.809
2026-01-28T04,833.062
2026-01-28T05,830.172
2026-01-28T06,793.24
2026-01-28T07,878.344
2026-01-28T08,1027.679
2026-01-28T09,1101.222
2026-01-28T10,1380.301
2026-01-28T11,1595.471
2026-01-28T12,1824.451
2026-01-28T13,1894.141
2026-01-28T14,1853.997
2026-01-28T15,1787.198
2026-01-28T16,1754.762
2026-01-28T17,1664.198
2026-01-28T18,1382.549
2026-01-28T19,1392.826
2026-01-28T20,1349.471
2026-01-28T21,1227.755
2026-01-28T22,975.974
2026-01-28T23,758.555
2026-01-29T00,676.679
2026-01-29T01,778.164
2026-01-29T02,931.357
2026-01-29T03,882.219
2026-01-29T04,865.84
2026-01-29T05,863.271
2026-01-29T06,980.815
2026-01-29T07,1060.141
2026-01-29T08,1112.811
2026-01-29T09,1189.567
2026-01-29T10,1603.86
2026-01-29T11,1865.604
2026-01-29T12,1928.872
2026-01-29T13,2031.321
2026-01-29T14,2020.723
2026-01-29T15,1976.724
2026-01-29T16,1987.001
2026-01-29T17,1804.584
2026-01-29T18,1470.259
2026-01-29T19,1485.995
2026-01-29T20,1427.866
2026-01-29T21,1342.117
2026-01-29T22,909.518
2026-01-29T23,658.694
2026-01-30T00,574.55
2026-01-30T01,718.75
2026-01-30T02,850.424
2026-01-30T03,892.496
2026-01-30T04,911.123
2026-01-30T05,899.24
2026-01-30T06,924.933
2026-01-30T07,1044.403
2026-01-30T08,1191.493
2026-01-30T09,1112.489
2026-01-30T10,1624.413
2026-01-30T11,1830.275
2026-01-30T12,1945.249
2026-01-30T13,1994.386
2026-01-30T14,1938.505
2026-01-30T15,1912.491
2026-01-30T16,2026.502
2026-01-30T17,1889.368
2026-01-30T18,1511.366
2026-01-30T19,1514.256
2026-01-30T20,1468.01
2026-01-30T21,1398.318
2026-01-30T22,998.478
2026-01-30T23,655.482
2026-01-31T00,525.884
2026-01-31T01,633.067
2026-01-31T02,935.752
2026-01-31T03,939.766
2026-01-31T04,954.619
2026-01-31T05,951.006
2026-01-31T06,1023.265
2026-01-31T07,1101.947
2026-01-31T08,1232.816
2026-01-31T09,1126.033
2026-01-31T10,1521.048
2026-01-31T11,1688.849
2026-01-31T12,1915.661
2026-01-31T13,2022.042
2026-01-31T14,1979.088
2026-01-31T15,1928.507
2026-01-31T16,1922.084
2026-01-31T17,1887.561
2026-01-31T18,1651.114
2026-01-31T19,1439.556
2026-01-31T20,1428.316
2026-01-31T21,1370.509
2026-01-31T22,1100.743
2026-01-31T23,772.768
2026-02-01T00,455.104
2026-02-01T01,418.5
2026-02-01T02,400.763
2026-02-01T03,387.555
2026-02-01T04,400.009
2026-02-01T05,393.971
2026-02-01T06,418.122
2026-02-01T07,454.349
2026-02-01T08,579.258
2026-02-01T09,752.846
2026-02-01T10,1287.575
2026-02-01T11,1651.733
2026-02-01T12,1740.037
2026-02-01T13,1935.136
2026-02-01T14,1915.135
2026-02-01T15,1872.87
2026-02-01T16,1889.852
2026-02-01T17,1883.059
2026-02-01T18,1792.491
2026-02-01T19,1781.925
2026-02-01T20,1716.641
2026-02-01T21,1292.103
2026-02-01T22,1003.418
2026-02-01T23,884.547
2026-02-02T00,838.512
2026-02-02T01,932.099
2026-02-02T02,914.74
2026-02-02T03,901.155
2026-02-02T04,787.945
2026-02-02T05,766.057
2026-02-02T06,673.979
2026-02-02T07,764.548
2026-02-02T08,903.042
2026-02-02T09,1044.178
2026-02-02T10,1592.871
2026-02-02T11,1815.895
2026-02-02T12,1901.181
2026-02-02T13,1960.05
2026-02-02T14,1926.842
2026-02-02T15,1826.462
2026-02-02T16,1864.953
2026-02-02T17,1722.685
2026-02-02T18,1415.13
2026-02-02T19,1429.848
2026-02-02T20,1400.79
2026-02-02T21,1277.768
2026-02-02T22,914.74
2026-02-02T23,781.529
2026-02-03T00,687.577
2026-02-03T01,740.41
2026-02-03T02,872.491
2026-02-03T03,866.453
2026-02-03T04,871.736
2026-02-03T05,850.603
2026-02-03T06,834.754
2026-02-03T07,841.546
2026-02-03T08,954.382
2026-02-03T09,1027.97
2026-02-03T10,1666.866
2026-02-03T11,1819.703
2026-02-03T12,1956.312
2026-02-03T13,1949.52
2026-02-03T14,1909.141
2026-02-03T15,1884.234
2026-02-03T16,1880.837
2026-02-03T17,1764.229
2026-02-03T18,1413.27
2026-02-03T19,1403.081
2026-02-03T20,1370.626
2026-02-03T21,1269.112
2026-02-03T22,889.096
2026-02-03T23,743.052
2026-02-04T00,690.592
2026-02-04T01,774.746
2026-02-04T02,878.146
2026-02-04T03,869.844
2026-02-04T04,878.146
2026-02-04T05,858.523
2026-02-04T06,757.764
2026-02-04T07,882.297
2026-02-04T08,813.238
2026-02-04T09,1063.059
2026-02-04T10,1517.415
2026-02-04T11,1671.006
2026-02-04T12,1805.728
2026-02-04T13,1939.318
2026-02-04T14,1921.959
2026-02-04T15,1904.222
2026-02-04T16,1911.015
2026-02-04T17,1747.99
2026-02-04T18,1527.227
2026-02-04T19,1549.115
2026-02-04T20,1501.566
2026-02-04T21,1397.788
2026-02-04T22,982.301
2026-02-04T23,873.995
2026-02-05T00,821.188
2026-02-05T01,801.186
2026-02-05T02,770.996
2026-02-05T03,762.316
2026-02-05T04,767.222
2026-02-05T05,707.973
2026-02-05T06,522.677
2026-02-05T07,631.364
2026-02-05T08,795.903
2026-02-05T09,1051.015
2026-02-05T10,1539.35
2026-02-05T11,1715.588
2026-02-05T12,1912.205
2026-02-05T13,1920.13
2026-02-05T14,1910.696
2026-02-05T15,1854.088
2026-02-05T16,1829.936
2026-02-05T17,1685.775
2026-02-05T18,1412.926
2026-02-05T19,1414.436
2026-02-05T20,1374.056
2026-02-05T21,1270.652
2026-02-05T22,932.516
2026-02-05T23,760.806
2026-02-06T00,711.715
2026-02-06T01,840.02
2026-02-06T02,895.115
2026-02-06T03,875.492
2026-02-06T04,886.059
2026-02-06T05,798.887
2026-02-06T06,750.961
2026-02-06T07,824.548
2026-02-06T08,922.286
2026-02-06T09,1095.498
2026-02-06T10,1525.696
2026-02-06T11,1752.117
2026-02-06T12,1964.952
2026-02-06T13,1970.235
2026-02-06T14,1943.442
2026-02-06T15,1909.102
2026-02-06T16,1897.781
2026-02-06T17,1711.739
2026-02-06T18,1417.392
2026-02-06T19,1438.147
2026-02-06T20,1417.015
2026-02-06T21,1324.182
2026-02-06T22,922.663
2026-02-06T23,590.957
2026-02-07T00,455.105
2026-02-07T01,513.219
2026-02-07T02,550.956
2026-02-07T03,540.013
2026-02-07T04,551.334
2026-02-07T05,534.352
2026-02-07T06,569.447
2026-02-07T07,597.75
2026-02-07T08,786.811
2026-02-07T09,1411.354
2026-02-07T10,1902.686
2026-02-07T11,1989.48
2026-02-07T12,1978.536
2026-02-07T13,2023.443
2026-02-07T14,1990.235
2026-02-07T15,1961.555
2026-02-07T16,1958.159
2026-02-07T17,1907.591
2026-02-07T18,1946.838
2026-02-07T19,1957.027
2026-02-07T20,1941.554
2026-02-07T21,1852.496
2026-02-07T22,1177.386
2026-02-07T23,605.674
2026-02-08T00,455.104
2026-02-08T01,418.5
2026-02-08T02,400.763
2026-02-08T03,387.555
2026-02-08T04,400.009
2026-02-08T05,393.971
2026-02-08T06,418.122
2026-02-08T07,454.349
2026-02-08T08,579.258
2026-02-08T09,752.846
2026-02-08T10,1287.575
2026-02-08T11,1651.733
2026-02-08T12,1740.037
2026-02-08T13,1935.136
2026-02-08T14,1915.135
2026-02-08T15,1872.87
2026-02-08T16,1889.852
2026-02-08T17,1883.059
2026-02-08T18,1792.491
2026-02-08T19,1781.925
2026-02-08T20,1716.641
2026-02-08T21,1292.103
2026-02-08T22,1003.418
2026-02-08T23,884.547
2026-02-09T00,838.512
2026-02-09T01,932.099
2026-02-09T02,914.74
2026-02-09T03,901.155
2026-02-09T04,787.945
2026-02-09T05,766.057
2026-02-09T06,673.979
2026-02-09T07,764.548
2026-02-09T08,903.042
2026-02-09T09,1044.178
2026-02-09T10,1592.871
2026-02-09T11,1815.895
2026-02-09T12,1901.181
2026-02-09T13,1960.05
2026-02-09T14,1926.842
2026-02-09T15,1826.462
2026-02-09T16,1864.953
2026-02-09T17,1722.685
2026-02-09T18,1415.13
2026-02-09T19,1429.848
2026-02-09T20,1400.79
2026-02-09T21,1277.768
2026-02-09T22,914.74
2026-02-09T23,781.529
2026-02-10T00,687.577
2026-02-10T01,740.41
2026-02-10T02,872.491
2026-02-10T03,866.453
2026-02-10T04,871.736
2026-02-10T05,850.603
2026-02-10T06,834.754
2026-02-10T07,841.546
2026-02-10T08,954.382
2026-02-10T09,1027.97
2026-02-10T10,1666.866
2026-02-10T11,1819.703
2026-02-10T12,1956.312
2026-02-10T13,1949.52
2026-02-10T14,1909.141
2026-02-10T15,1884.234
2026-02-10T16,1880.837
2026-02-10T17,1764.229
2026-02-10T18,1413.27
2026-02-10T19,1403.081
2026-02-10T20,1370.626
2026-02-10T21,1269.112
2026-02-10T22,889.096
2026-02-10T23,743.052
2026-02-11T00,690.592
2026-02-11T01,774.746
2026-02-11T02,878.146
2026-02-11T03,869.844
2026-02-11T04,878.146
2026-02-11T05,858.523
2026-02-11T06,757.764
2026-02-11T07,882.297
2026-02-11T08,813.238
2026-02-11T09,1063.059
2026-02-11T10,1517.415
2026-02-11T11,1671.006
2026-02-11T12,1805.728
2026-02-11T13,1939.318
2026-02-11T14,1921.959
2026-02-11T15,1904.222
2026-02-11T16,1911.015
2026-02-11T17,1747.99
2026-02-11T18,1527.227
2026-02-11T19,1549.115
2026-02-11T20,1501.566
2026-02-11T21,1397.788
2026-02-11T22,982.301
2026-02-11T23,873.995
2026-02-12T00,821.16
2026-02-12T01,801.159
2026-02-12T02,770.969
2026-02-12T03,762.29
2026-02-12T04,767.196
2026-02-12T05,707.948
2026-02-12T06,522.659
2026-02-12T07,631.342
2026-02-12T08,795.876
2026-02-12T09,1050.979
2026-02-12T10,1539.297
2026-02-12T11,1715.529
2026-02-12T12,1912.14
2026-02-12T13,1920.065
2026-02-12T14,1910.63
2026-02-12T15,1854.025
2026-02-12T16,1829.873
2026-02-12T17,1685.717
2026-02-12T18,1412.878
2026-02-12T19,1414.387
2026-02-12T20,1374.008
2026-02-12T21,1270.609
2026-02-12T22,932.484
2026-02-12T23,760.78
2026-02-13T00,711.715
2026-02-13T01,840.02
2026-02-13T02,895.115
2026-02-13T03,875.492
2026-02-13T04,886.059
2026-02-13T05,798.887
2026-02-13T06,750.961
2026-02-13T07,824.548
2026-02-13T08,922.286
2026-02-13T09,1095.498
2026-02-13T10,1525.696
2026-02-13T11,1752.117
2026-02-13T12,1964.952
2026-02-13T13,1970.235
2026-02-13T14,1943.442
2026-02-13T15,1909.102
2026-02-13T16,1897.781
2026-02-13T17,1711.739
2026-02-13T18,1417.392
2026-02-13T19,1438.147
2026-02-13T20,1417.015
2026-02-13T21,1324.182
2026-02-13T22,922.663
2026-02-13T23,590.957
2026-02-14T00,455.105
2026-02-14T01,513.219
2026-02-14T02,550.956
2026-02-14T03,540.013
2026-02-14T04,551.334
2026-02-14T05,534.352
2026-02-14T06,569.447
2026-02-14T07,597.75
2026-02-14T08,786.811
2026-02-14T09,1411.354
2026-02-14T10,1902.686
2026-02-14T11,1989.48
2026-02-14T12,1978.536
2026-02-14T13,2023.443
2026-02-14T14,1990.235
2026-02-14T15,1961.555
2026-02-14T16,1958.159
2026-02-14T17,1907.591
2026-02-14T18,1946.838
2026-02-14T19,1957.027
2026-02-14T20,1941.554
2026-02-14T21,1852.496
2026-02-14T22,1177.386
2026-02-14T23,605.674
2026-02-15T00,455.104
2026-02-15T01,418.5
2026-02-15T02,400.763
2026-02-15T03,387.555
2026-02-15T04,400.009
2026-02-15T05,393.971
2026-02-15T06,418.122
2026-02-15T07,454.349
2026-02-15T08,579.258
2026-02-15T09,752.846
2026-02-15T10,1287.575
2026-02-15T11,1651.733
2026-02-15T12,1740.037
2026-02-15T13,1935.136
2026-02-15T14,1915.135
2026-02-15T15,1872.87
2026-02-15T16,1889.852
2026-02-15T17,1883.059
2026-02-15T18,1792.491
2026-02-15T19,1781.925
2026-02-15T20,1716.641
2026-02-15T21,1292.103
2026-02-15T22,1003.418
2026-02-15T23,884.547
2026-02-16T00,838.512
2026-02-16T01,932.099
2026-02-16T02,914.74
2026-02-16T03,901.155
2026-02-16T04,787.945
2026-02-16T05,766.057
2026-02-16T06,673.979
2026-02-16T07,764.548
2026-02-16T08,903.042
2026-02-16T09,1044.178
2026-02-16T10,1592.871
2026-02-16T11,1815.895
2026-02-16T12,1901.181
2026-02-16T13,1960.05
2026-02-16T14,1926.842
2026-02-16T15,1826.462
2026-02-16T16,1864.953
2026-02-16T17,1722.685
2026-02-16T18,1415.13
2026-02-16T19,1429.848
2026-02-16T20,1400.79
2026-02-16T21,1277.768
2026-02-16T22,914.74
2026-02-16T23,781.529
2026-02-17T00,687.577
2026-02-17T01,740.41
2026-02-17T02,872.491
2026-02-17T03,866.453
2026-02-17T04,871.736
2026-02-17T05,850.603
2026-02-17T06,834.754
2026-02-17T07,841.546
2026-02-17T08,954.382
2026-02-17T09,1027.97
2026-02-17T10,1666.866
2026-02-17T11,1819.703
2026-02-17T12,1956.312
2026-02-17T13,1949.52
2026-02-17T14,1909.141
2026-02-17T15,1884.234
2026-02-17T16,1880.837
2026-02-17T17,1764.229
2026-02-17T18,1413.27
2026-02-17T19,1403.081
2026-02-17T20,1370.626
2026-02-17T21,1269.112
2026-02-17T22,889.096
2026-02-17T23,743.052
2026-02-18T00,690.592
2026-02-18T01,774.746
2026-02-18T02,878.146
2026-02-18T03,869.844
2026-02-18T04,878.146
2026-02-18T05,858.523
2026-02-18T06,757.764
2026-02-18T07,882.297
2026-02-18T08,813.238
2026-02-18T09,1063.059
2026-02-18T10,1517.415
2026-02-18T11,1671.006
2026-02-18T12,1805.728
2026-02-18T13,1939.318
2026-02-18T14,1921.959
2026-02-18T15,1904.222
2026-02-18T16,1911.015
2026-02-18T17,1747.99
2026-02-18T18,1527.227
2026-02-18T19,1549.115
2026-02-18T20,1501.566
2026-02-18T21,1397.788
2026-02-18T22,982.301
2026-02-18T23,873.995
2026-02-19T00,821.16
2026-02-19T01,801.159
2026-02-19T02,770.969
2026-02-19T03,762.29
2026-02-19T04,767.196
2026-02-19T05,707.948
2026-02-19T06,522.659
2026-02-19T07,631.342
2026-02-19T08,795.876
2026-02-19T09,1050.979
2026-02-19T10,1539.297
2026-02-19T11,1715.529
2026-02-19T12,1912.14
2026-02-19T13,1920.065
2026-02-19T14,1910.63
2026-02-19T15,1854.025
2026-02-19T16,1829.873
2026-02-19T17,1685.717
2026-02-19T18,1412.878
2026-02-19T19,1414.387
2026-02-19T20,1374.008
2026-02-19T21,1270.609
2026-02-19T22,932.484
2026-02-19T23,760.78
2026-02-20T00,711.715
2026-02-20T01,840.02
2026-02-20T02,895.115
2026-02-20T03,875.492
2026-02-20T04,886.059
2026-02-20T05,798.887
2026-02-20T06,750.961
2026-02-20T07,824.548
2026-02-20T08,922.286
2026-02-20T09,1095.498
2026-02-20T10,1525.696
2026-02-20T11,1752.117
2026-02-20T12,1964.952
2026-02-20T13,1970.235
2026-02-20T14,1943.442
2026-02-20T15,1909.102
2026-02-20T16,1897.781
2026-02-20T17,1711.739
2026-02-20T18,1417.392
2026-02-20T19,1438.147
2026-02-20T20,1417.015
2026-02-20T21,1324.182
2026-02-20T22,922.663
2026-02-20T23,590.957
2026-02-21T00,455.105
2026-02-21T01,513.219
2026-02-21T02,550.956
2026-02-21T03,540.013
2026-02-21T04,551.334
2026-02-21T05,534.352
2026-02-21T06,569.447
2026-02-21T07,597.75
2026-02-21T08,786.811
2026-02-21T09,1411.354
2026-02-21T10,1902.686
2026-02-21T11,1989.48
2026-02-21T12,1978.536
2026-02-21T13,2023.443
2026-02-21T14,1990.235
2026-02-21T15,1961.555
2026-02-21T16,1958.159
2026-02-21T17,1907.591
2026-02-21T18,1946.838
2026-02-21T19,1957.027
2026-02-21T20,1941.554
2026-02-21T21,1852.496
2026-02-21T22,1177.386
2026-02-21T23,605.674
2026-02-22T00,455.104
2026-02-22T01,418.5
2026-02-22T02,400.763
2026-02-22T03,387.555
2026-02-22T04,400.009
2026-02-22T05,393.971
2026-02-22T06,418.122
2026-02-22T07,454.349
2026-02-22T08,579.258
2026-02-22T09,752.846
2026-02-22T10,1287.575
2026-02-22T11,1651.733
2026-02-22T12,1740.037
2026-02-22T13,1935.136
2026-02-22T14,1915.135
2026-02-22T15,1872.87
2026-02-22T16,1889.852
2026-02-22T17,1883.059
2026-02-22T18,1792.491
2026-02-22T19,1781.925
2026-02-22T20,1716.641
2026-02-22T21,1292.103
2026-02-22T22,1003.418
2026-02-22T23,884.547
2026-02-23T00,838.512
2026-02-23T01,932.099
2026-02-23T02,914.74
2026-02-23T03,901.155
2026-02-23T04,787.945
2026-02-23T05,766.057
2026-02-23T06,673.979
2026-02-23T07,764.548
2026-02-23T08,903.042
2026-02-23T09,1044.178
2026-02-23T10,1592.871
2026-02-23T11,1815.895
2026-02-23T12,1901.181
2026-02-23T13,1960.05
2026-02-23T14,1926.842
2026-02-23T15,1826.462
2026-02-23T16,1864.953
2026-02-23T17,1722.685
2026-02-23T18,1415.13
2026-02-23T19,1429.848
2026-02-23T20,1400.79
2026-02-23T21,1277.768
2026-02-23T22,914.74
2026-02-23T23,781.529
2026-02-24T00,687.577
2026-02-24T01,740.41
2026-02-24T02,872.491
2026-02-24T03,866.453
2026-02-24T04,871.736
2026-02-24T05,850.603
2026-02-24T06,834.754
2026-02-24T07,841.546
2026-02-24T08,954.382
2026-02-24T09,1027.97
2026-02-24T10,1666.866
2026-02-24T11,1819.703
2026-02-24T12,1956.312
2026-02-24T13,1949.52
2026-02-24T14,1909.141
2026-02-24T15,1884.234
2026-02-24T16,1880.837
2026-02-24T17,1764.229
2026-02-24T18,1413.27
2026-02-24T19,1403.081
2026-02-24T20,1370.626
2026-02-24T21,1269.112
2026-02-24T22,889.096
2026-02-24T23,743.052
2026-02-25T00,690.592
2026-02-25T01,774.746
2026-02-25T02,878.146
2026-02-25T03,869.844
2026-02-25T04,878.146
2026-02-25T05,858.523
2026-02-25T06,757.764
2026-02-25T07,882.297
2026-02-25T08,813.238
2026-02-25T09,1063.059
2026-02-25T10,1517.415
2026-02-25T11,1671.006
2026-02-25T12,1805.728
2026-02-25T13,1939.318
2026-02-25T14,1921.959
2026-02-25T15,1904.222
2026-02-25T16,1911.015
2026-02-25T17,1747.99
2026-02-25T18,1527.227
2026-02-25T19,1549.115
2026-02-25T20,1501.566
2026-02-25T21,1397.788
2026-02-25T22,982.301
2026-02-25T23,873.995
2026-02-26T00,821.16
2026-02-26T01,801.159
2026-02-26T02,770.969
2026-02-26T03,762.29
2026-02-26T04,767.196
2026-02-26T05,707.948
2026-02-26T06,522.659
2026-02-26T07,631.342
2026-02-26T08,795.876
2026-02-26T09,1050.979
2026-02-26T10,1539.297
2026-02-26T11,1715.529
2026-02-26T12,1912.14
2026-02-26T13,1920.065
2026-02-26T14,1910.63
2026-02-26T15,1854.025
2026-02-26T16,1829.873
2026-02-26T17,1685.717
2026-02-26T18,1412.878
2026-02-26T19,1414.387
2026-02-26T20,1374.008
2026-02-26T21,1270.609
2026-02-26T22,932.484
2026-02-26T23,760.78
2026-02-27T00,711.715
2026-02-27T01,840.02
2026-02-27T02,895.115
2026-02-27T03,875.492
2026-02-27T04,886.059
2026-02-27T05,798.887
2026-02-27T06,750.961
2026-02-27T07,824.548
2026-02-27T08,922.286
2026-02-27T09,1095.498
2026-02-27T10,1525.696
2026-02-27T11,1752.117
2026-02-27T12,1964.952
2026-02-27T13,1970.235
2026-02-27T14,1943.442
2026-02-27T15,1909.102
2026-02-27T16,1897.781
2026-02-27T17,1711.739
2026-02-27T18,1417.392
2026-02-27T19,1438.147
2026-02-27T20,1417.015
2026-02-27T21,1324.182
2026-02-27T22,922.663
2026-02-27T23,590.957
2026-02-28T00,455.105
2026-02-28T01,513.219
2026-02-28T02,550.956
2026-02-28T03,540.013
2026-02-28T04,551.334
2026-02-28T05,534.352
2026-02-28T06,569.447
2026-02-28T07,597.75
2026-02-28T08,786.811
2026-02-28T09,1411.354
2026-02-28T10,1902.686
2026-02-28T11,1989.48
2026-02-28T12,1978.536
2026-02-28T13,2023.443
2026-02-28T14,1990.235
2026-02-28T15,1961.555
2026-02-28T16,1958.159
2026-02-28T17,1907.591
2026-02-28T18,1946.838
2026-02-28T19,1957.027
2026-02-28T20,1941.554
2026-02-28T21,1852.496
2026-02-28T22,1177.386
2026-02-28T23,605.674
2026-03-01T00,381.292
2026-03-01T01,367.263
2026-03-01T02,347.343
2026-03-01T03,341.732
2026-03-01T04,348.185
2026-03-01T05,348.185
2026-03-01T06,360.249
2026-03-01T07,393.637
2026-03-01T08,506.425
2026-03-01T09,656.248
2026-03-01T10,938.499
2026-03-01T11,1493.182
2026-03-01T12,1542.842
2026-03-01T13,1736.995
2026-03-01T14,1720.161
2026-03-01T15,1677.795
2026-03-01T16,1683.968
2026-03-01T17,1687.896
2026-03-01T18,1590.819
2026-03-01T19,1551.82
2026-03-01T20,1468.211
2026-03-01T21,955.333
2026-03-01T22,948.6
2026-03-01T23,870.321
2026-03-02T00,822.054
2026-03-02T01,812.796
2026-03-02T02,791.753
2026-03-02T03,786.423
2026-03-02T04,788.667
2026-03-02T05,770.15
2026-03-02T06,446.659
2026-03-02T07,537.842
2026-03-02T08,691.031
2026-03-02T09,890.512
2026-03-02T10,1181.458
2026-03-02T11,1293.403
2026-03-02T12,1567.514
2026-03-02T13,1694.049
2026-03-02T14,1747.637
2026-03-02T15,1716.494
2026-03-02T16,1595.852
2026-03-02T17,1502.704
2026-03-02T18,1265.066
2026-03-02T19,1264.224
2026-03-02T20,1230.837
2026-03-02T21,1095.605
2026-03-02T22,1047.348
2026-03-02T23,875.923
2026-03-03T00,862.035
2026-03-03T01,848.357
2026-03-03T02,826.964
2026-03-03T03,822.756
2026-03-03T04,823.107
2026-03-03T05,795.751
2026-03-03T06,458.022
2026-03-03T07,544.997
2026-03-03T08,667.042
2026-03-03T09,898.508
2026-03-03T10,1184.684
2026-03-03T11,1357.582
2026-03-03T12,1671.815
2026-03-03T13,1734.24
2026-03-03T14,1713.899
2026-03-03T15,1698.118
2026-03-03T16,1614.299
2026-03-03T17,1450.519
2026-03-03T18,1254.124
2026-03-03T19,1261.489
2026-03-03T20,1221.508
2026-03-03T21,1126.116
2026-03-03T22,1040.895
2026-03-03T23,905.172
2026-03-04T00,851.816
2026-03-04T01,841.295
2026-03-04T02,819.552
2026-03-04T03,812.188
2026-03-04T04,811.837
2026-03-04T05,768.703
2026-03-04T06,449.228
2026-03-04T07,559.344
2026-03-04T08,691.903
2026-03-04T09,915.29
2026-03-04T10,1214.775
2026-03-04T11,1292.627
2026-03-04T12,1684.694
2026-03-04T13,1752.376
2026-03-04T14,1714.152
2026-03-04T15,1682.941
2026-03-04T16,1608.245
2026-03-04T17,1489.713
2026-03-04T18,1245.986
2026-03-04T19,1248.792
2026-03-04T20,1215.126
2026-03-04T21,1119.739
2026-03-04T22,1030.315
2026-03-04T23,876.364
2026-03-05T00,841.0
2026-03-05T01,828.024
2026-03-05T02,804.176
2026-03-05T03,799.266
2026-03-05T04,796.811
2026-03-05T05,747.712
2026-03-05T06,449.609
2026-03-05T07,546.054
2026-03-05T08,678.973
2026-03-05T09,888.697
2026-03-05T10,1189.255
2026-03-05T11,1255.539
2026-03-05T12,1570.125
2026-03-05T13,1653.944
2026-03-05T14,1660.958
2026-03-05T15,1635.707
2026-03-05T16,1561.357
2026-03-05T17,1474.03
2026-03-05T18,1233.444
2026-03-05T19,1237.652
2026-03-05T20,1193.814
2026-03-05T21,1111.046
2026-03-05T22,971.114
2026-03-05T23,861.692
2026-03-06T00,824.836
2026-03-06T01,808.704
2026-03-06T02,784.506
2026-03-06T03,779.246
2026-03-06T04,778.194
2026-03-06T05,735.76
2026-03-06T06,443.279
2026-03-06T07,558.658
2026-03-06T08,703.145
2026-03-06T09,903.042
2026-03-06T10,1209.9
2026-03-06T11,1278.987
2026-03-06T12,1667.558
2026-03-06T13,1755.232
2026-03-06T14,1735.944
2026-03-06T15,1701.576
2026-03-06T16,1633.19
2026-03-06T17,1520.617
2026-03-06T18,1260.751
2026-03-06T19,1265.661
2026-03-06T20,1244.269
2026-03-06T21,1180.091
2026-03-06T22,839.916
2026-03-06T23,496.936
2026-03-07T00,411.029
2026-03-07T01,396.72
2026-03-07T02,372.592
2026-03-07T03,363.052
2026-03-07T04,367.261
2026-03-07T05,358.563
2026-03-07T06,413.554
2026-03-07T07,518.205
2026-03-07T08,651.755
2026-03-07T09,1091.402
2026-03-07T10,1707.525
2026-03-07T11,1761.674
2026-03-07T12,1783.839
2026-03-07T13,1784.961
2026-03-07T14,1767.846
2026-03-07T15,1752.976
2026-03-07T16,1733.898
2026-03-07T17,1742.034
2026-03-07T18,1726.884
2026-03-07T19,1737.265
2026-03-07T20,1733.898
2026-03-07T21,1662.634
2026-03-07T22,990.398
2026-03-07T23,512.033
2026-03-08T00,381.292
2026-03-08T01,367.263
2026-03-08T02,347.343
2026-03-08T03,341.732
2026-03-08T04,348.185
2026-03-08T05,348.185
2026-03-08T06,360.249
2026-03-08T07,393.637
2026-03-08T08,506.425
2026-03-08T09,656.248
2026-03-08T10,938.499
2026-03-08T11,1493.182
2026-03-08T12,1542.842
2026-03-08T13,1736.995
2026-03-08T14,1720.161
2026-03-08T15,1677.795
2026-03-08T16,1683.968
2026-03-08T17,1687.896
2026-03-08T18,1590.819
2026-03-08T19,1551.82
2026-03-08T20,1468.211
2026-03-08T21,955.333
2026-03-08T22,948.6
2026-03-08T23,870.321
2026-03-09T00,822.054
2026-03-09T01,812.796
2026-03-09T02,791.753
2026-03-09T03,786.423
2026-03-09T04,788.667
2026-03-09T05,770.15
2026-03-09T06,446.659
2026-03-09T07,537.842
2026-03-09T08,691.031
2026-03-09T09,890.512
2026-03-09T10,1181.458
2026-03-09T11,1293.403
2026-03-09T12,1567.514
2026-03-09T13,1694.049
2026-03-09T14,1747.637
2026-03-09T15,1716.494
2026-03-09T16,1595.852
2026-03-09T17,1502.704
2026-03-09T18,1265.066
2026-03-09T19,1264.224
2026-03-09T20,1230.837
2026-03-09T21,1095.605
2026-03-09T22,1047.348
2026-03-09T23,875.923
2026-03-10T00,862.035
2026-03-10T01,848.357
2026-03-10T02,826.964
2026-03-10T03,822.756
2026-03-10T04,823.107
2026-03-10T05,795.751
2026-03-10T06,458.022
2026-03-10T07,544.997
2026-03-10T08,667.042
2026-03-10T09,898.508
2026-03-10T10,1184.684
2026-03-10T11,1357.582
2026-03-10T12,1671.815
2026-03-10T13,1734.24
2026-03-10T14,1713.899
2026-03-10T15,1698.118
2026-03-10T16,1614.299
2026-03-10T17,1450.519
2026-03-10T18,1254.124
2026-03-10T19,1261.489
2026-03-10T20,1221.508
2026-03-10T21,1126.116
2026-03-10T22,1040.895
2026-03-10T23,905.172
2026-03-11T00,851.816
2026-03-11T01,841.295
2026-03-11T02,819.552
2026-03-11T03,812.188
2026-03-11T04,811.837
2026-03-11T05,768.703
2026-03-11T06,449.228
2026-03-11T07,559.344
2026-03-11T08,691.903
2026-03-11T09,915.29
2026-03-11T10,1214.775
2026-03-11T11,1292.627
2026-03-11T12,1684.694
2026-03-11T13,1752.376
2026-03-11T14,1714.152
2026-03-11T15,1682.941
2026-03-11T16,1608.245
2026-03-11T17,1489.713
2026-03-11T18,1245.986
2026-03-11T19,1248.792
2026-03-11T20,1215.126
2026-03-11T21,1119.739
2026-03-11T22,1030.315
2026-03-11T23,876.364
2026-03-12T00,841.0
2026-03-12T01,828.024
2026-03-12T02,804.176
2026-03-12T03,799.266
2026-03-12T04,796.811
2026-03-12T05,747.712
2026-03-12T06,449.609
2026-03-12T07,546.054
2026-03-12T08,678.973
2026-03-12T09,888.697
2026-03-12T10,1189.255
2026-03-12T11,1255.539
2026-03-12T12,1570.125
2026-03-12T13,1653.944
2026-03-12T14,1660.958
2026-03-12T15,1635.707
2026-03-12T16,1561.357
2026-03-12T17,1474.03
2026-03-12T18,1233.444
2026-03-12T19,1237.652
2026-03-12T20,1193.814
2026-03-12T21,1111.046
2026-03-12T22,971.114
2026-03-12T23,861.692
2026-03-13T00,824.836
2026-03-13T01,808.704
2026-03-13T02,784.506
2026-03-13T03,779.246
2026-03-13T04,778.194
2026-03-13T05,735.76
2026-03-13T06,443.279
2026-03-13T07,558.658
2026-03-13T08,703.145
2026-03-13T09,903.042
2026-03-13T10,1209.9
2026-03-13T11,1278.987
2026-03-13T12,1667.558
2026-03-13T13,1755.232
2026-03-13T14,1735.944
2026-03-13T15,1701.576
2026-03-13T16,1633.19
2026-03-13T17,1520.617
2026-03-13T18,1260.751
2026-03-13T19,1265.661
2026-03-13T20,1244.269
2026-03-13T21,1180.091
2026-03-13T22,839.916
2026-03-13T23,496.936
2026-03-14T00,411.029
2026-03-14T01,396.72
2026-03-14T02,372.592
2026-03-14T03,363.052
2026-03-14T04,367.261
2026-03-14T05,358.563
2026-03-14T06,413.554
2026-03-14T07,518.205
2026-03-14T08,651.755
2026-03-14T09,1091.402
2026-03-14T10,1707.525
2026-03-14T11,1761.674
2026-03-14T12,1783.839
2026-03-14T13,1784.961
2026-03-14T14,1767.846
2026-03-14T15,1752.976
2026-03-14T16,1733.898
2026-03-14T17,1742.034
2026-03-14T18,1726.884
2026-03-14T19,1737.265
2026-03-14T20,1733.898
2026-03-14T21,1662.634
2026-03-14T22,990.398
2026-03-14T23,512.033
2026-03-15T00,381.292
2026-03-15T01,367.263
2026-03-15T02,347.343
2026-03-15T03,341.732
2026-03-15T04,348.185
2026-03-15T05,348.185
2026-03-15T06,360.249
2026-03-15T07,393.637
2026-03-15T08,506.425
2026-03-15T09,656.248
2026-03-15T10,938.499
2026-03-15T11,1493.182
2026-03-15T12,1542.842
2026-03-15T13,1736.995
2026-03-15T14,1720.161
2026-03-15T15,1677.795
2026-03-15T16,1683.968
2026-03-15T17,1687.896
2026-03-15T18,1590.819
2026-03-15T19,1551.82
2026-03-15T20,1468.211
2026-03-15T21,955.333
2026-03-15T22,948.6
2026-03-15T23,870.321
2026-03-16T00,822.054
2026-03-16T01,812.796
2026-03-16T02,791.753
2026-03-16T03,786.423
2026-03-16T04,788.667
2026-03-16T05,770.15
2026-03-16T06,446.659
2026-03-16T07,537.842
2026-03-16T08,691.031
2026-03-16T09,890.512
2026-03-16T10,1181.458
2026-03-16T11,1293.403
2026-03-16T12,1567.514
2026-03-16T13,1694.049
2026-03-16T14,1747.637
2026-03-16T15,1716.494
2026-03-16T16,1595.852
2026-03-16T17,1502.704
2026-03-16T18,1265.066
2026-03-16T19,1264.224
2026-03-16T20,1230.837
2026-03-16T21,1095.605
2026-03-16T22,1047.348
2026-03-16T23,875.923
2026-03-17T00,862.035
2026-03-17T01,848.357
2026-03-17T02,826.964
2026-03-17T03,822.756
2026-03-17T04,823.107
2026-03-17T05,795.751
2026-03-17T06,458.022
2026-03-17T07,544.997
2026-03-17T08,667.042
2026-03-17T09,898.508
2026-03-17T10,1184.684
2026-03-17T11,1357.582
2026-03-17T12,1671.815
2026-03-17T13,1734.24
2026-03-17T14,1713.899
2026-03-17T15,1698.118
2026-03-17T16,1614.299
2026-03-17T17,1450.519
2026-03-17T18,1254.124
2026-03-17T19,1261.489
2026-03-17T20,1221.508
2026-03-17T21,1126.116
2026-03-17T22,1040.895
2026-03-17T23,905.172
2026-03-18T00,851.816
2026-03-18T01,841.295
2026-03-18T02,819.552
2026-03-18T03,812.188
2026-03-18T04,811.837
2026-03-18T05,768.703
2026-03-18T06,449.228
2026-03-18T07,559.344
2026-03-18T08,691.903
2026-03-18T09,915.29
2026-03-18T10,1214.775
2026-03-18T11,1292.627
2026-03-18T12,1684.694
2026-03-18T13,1752.376
2026-03-18T14,1714.152
2026-03-18T15,1682.941
2026-03-18T16,1608.245
2026-03-18T17,1489.713
2026-03-18T18,1245.986
2026-03-18T19,1248.792
2026-03-18T20,1215.126
2026-03-18T21,1119.739
2026-03-18T22,1030.315
2026-03-18T23,876.364
2026-03-19T00,841.0
2026-03-19T01,828.024
2026-03-19T02,804.176
2026-03-19T03,799.266
2026-03-19T04,796.811
2026-03-19T05,747.712
2026-03-19T06,449.609
2026-03-19T07,546.054
2026-03-19T08,678.973
2026-03-19T09,888.697
2026-03-19T10,1189.255
2026-03-19T11,1255.539
2026-03-19T12,1570.125
2026-03-19T13,1653.944
2026-03-19T14,1660.958
2026-03-19T15,1635.707
2026-03-19T16,1561.357
2026-03-19T17,1474.03
2026-03-19T18,1233.444
2026-03-19T19,1237.652
2026-03-19T20,1193.814
2026-03-19T21,1111.046
2026-03-19T22,971.114
2026-03-19T23,861.692
2026-03-20T00,824.836
2026-03-20T01,808.704
2026-03-20T02,784.506
2026-03-20T03,779.246
2026-03-20T04,778.194
2026-03-20T05,735.76
2026-03-20T06,443.279
2026-03-20T07,558.658
2026-03-20T08,703.145
2026-03-20T09,903.042
2026-03-20T10,1209.9
2026-03-20T11,1278.987
2026-03-20T12,1667.558
2026-03-20T13,1755.232
2026-03-20T14,1735.944
2026-03-20T15,1701.576
2026-03-20T16,1633.19
2026-03-20T17,1520.617
2026-03-20T18,1260.751
2026-03-20T19,1265.661
2026-03-20T20,1244.269
2026-03-20T21,1180.091
2026-03-20T22,839.916
2026-03-20T23,496.936
2026-03-21T00,411.029
2026-03-21T01,396.72
2026-03-21T02,372.592
2026-03-21T03,363.052
2026-03-21T04,367.261
2026-03-21T05,358.563
2026-03-21T06,413.554
2026-03-21T07,518.205
2026-03-21T08,651.755
2026-03-21T09,1091.402
2026-03-21T10,1707.525
2026-03-21T11,1761.674
2026-03-21T12,1783.839
2026-03-21T13,1784.961
2026-03-21T14,1767.846
2026-03-21T15,1752.976
2026-03-21T16,1733.898
2026-03-21T17,1742.034
2026-03-21T18,1726.884
2026-03-21T19,1737.265
2026-03-21T20,1733.898
2026-03-21T21,1662.634
2026-03-21T22,990.398
2026-03-21T23,512.033
2026-03-22T00,381.292
2026-03-22T01,367.263
2026-03-22T02,347.343
2026-03-22T03,341.732
2026-03-22T04,348.185
2026-03-22T05,348.185
2026-03-22T06,360.249
2026-03-22T07,393.637
2026-03-22T08,506.425
2026-03-22T09,656.248
2026-03-22T10,938.499
2026-03-22T11,1493.182
2026-03-22T12,1542.842
2026-03-22T13,1736.995
2026-03-22T14,1720.161
2026-03-22T15,1677.795
2026-03-22T16,1683.968
2026-03-22T17,1687.896
2026-03-22T18,1590.819
2026-03-22T19,1551.82
2026-03-22T20,1468.211
2026-03-22T21,955.333
2026-03-22T22,948.6
2026-03-22T23,870.321
2026-03-23T00,822.054
2026-03-23T01,812.796
2026-03-23T02,791.753
2026-03-23T03,786.423
2026-03-23T04,788.667
2026-03-23T05,770.15
2026-03-23T06,446.659
2026-03-23T07,537.842
2026-03-23T08,691.031
2026-03-23T09,890.512
2026-03-23T10,1181.458
2026-03-23T11,1293.403
2026-03-23T12,1567.514
2026-03-23T13,1694.049
2026-03-23T14,1747.637
2026-03-23T15,1716.494
2026-03-23T16,1595.852
2026-03-23T17,1502.704
2026-03-23T18,1265.066
2026-03-23T19,1264.224
2026-03-23T20,1230.837
2026-03-23T21,1095.605
2026-03-23T22,1047.348
2026-03-23T23,875.923
2026-03-24T00,862.035
2026-03-24T01,848.357
2026-03-24T02,826.964
2026-03-24T03,822.756
2026-03-24T04,823.107
2026-03-24T05,795.751
2026-03-24T06,458.022
2026-03-24T07,544.997
2026-03-24T08,667.042
2026-03-24T09,898.508
2026-03-24T10,1184.684
2026-03-24T11,1357.582
2026-03-24T12,1671.815
2026-03-24T13,1734.24
2026-03-24T14,1713.899
2026-03-24T15,1698.118
2026-03-24T16,1614.299
2026-03-24T17,1450.519
2026-03-24T18,1254.124
2026-03-24T19,1261.489
2026-03-24T20,1221.508
2026-03-24T21,1126.116
2026-03-24T22,1040.895
2026-03-24T23,905.172
2026-03-25T00,851.816
2026-03-25T01,841.295
2026-03-25T02,819.552
2026-03-25T03,812.188
2026-03-25T04,811.837
2026-03-25T05,768.703
2026-03-25T06,449.228
2026-03-25T07,559.344
2026-03-25T08,691.903
2026-03-25T09,915.29
2026-03-25T10,1214.775
2026-03-25T11,1292.627
2026-03-25T12,1684.694
2026-03-25T13,1752.376
2026-03-25T14,1714.152
2026-03-25T15,1682.941
2026-03-25T16,1608.245
2026-03-25T17,1489.713
2026-03-25T18,1245.986
2026-03-25T19,1248.792
2026-03-25T20,1215.126
2026-03-25T21,1119.739
2026-03-25T22,1030.315
2026-03-25T23,876.364
2026-03-26T00,841.0
2026-03-26T01,828.024
2026-03-26T02,804.176
2026-03-26T03,799.266
2026-03-26T04,796.811
2026-03-26T05,747.712
2026-03-26T06,449.609
2026-03-26T07,546.054
2026-03-26T08,678.973
2026-03-26T09,888.697
2026-03-26T10,1189.255
2026-03-26T11,1255.539
2026-03-26T12,1570.125
2026-03-26T13,1653.944
2026-03-26T14,1660.958
2026-03-26T15,1635.707
2026-03-26T16,1561.357
2026-03-26T17,1474.03
2026-03-26T18,1233.444
2026-03-26T19,1237.652
2026-03-26T20,1193.814
2026-03-26T21,1111.046
2026-03-26T22,971.114
2026-03-26T23,861.692
2026-03-27T00,824.836
2026-03-27T01,808.704
2026-03-27T02,784.506
2026-03-27T03,779.246
2026-03-27T04,778.194
2026-03-27T05,735.76
2026-03-27T06,443.279
2026-03-27T07,558.658
2026-03-27T08,703.145
2026-03-27T09,903.042
2026-03-27T10,1209.9
2026-03-27T11,1278.987
2026-03-27T12,1667.558
2026-03-27T13,1755.232
2026-03-27T14,1735.944
2026-03-27T15,1701.576
2026-03-27T16,1633.19
2026-03-27T17,1520.617
2026-03-27T18,1260.751
2026-03-27T19,1265.661
2026-03-27T20,1244.269
2026-03-27T21,1180.091
2026-03-27T22,839.916
2026-03-27T23,496.936
2026-03-28T00,411.029
2026-03-28T01,396.72
2026-03-28T02,372.592
2026-03-28T03,363.052
2026-03-28T04,367.261
2026-03-28T05,358.563
2026-03-28T06,413.554
2026-03-28T07,518.205
2026-03-28T08,651.755
2026-03-28T09,1091.402
2026-03-28T10,1707.525
2026-03-28T11,1761.674
2026-03-28T12,1783.839
2026-03-28T13,1784.961
2026-03-28T14,1767.846
2026-03-28T15,1752.976
2026-03-28T16,1733.898
2026-03-28T17,1742.034
2026-03-28T18,1726.884
2026-03-28T19,1737.265
2026-03-28T20,1733.898
2026-03-28T21,1662.634
2026-03-28T22,990.398
2026-03-28T23,512.033
2026-03-29T00,381.292
2026-03-29T01,367.263
2026-03-29T02,347.343
2026-03-29T03,341.732
2026-03-29T04,348.185
2026-03-29T05,348.185
2026-03-29T06,360.249
2026-03-29T07,393.637
2026-03-29T08,506.425
2026-03-29T09,656.248
2026-03-29T10,938.499
2026-03-29T11,1493.182
2026-03-29T12,1542.842
2026-03-29T13,1736.995
2026-03-29T14,1720.161
2026-03-29T15,1677.795
2026-03-29T16,1683.968
2026-03-29T17,1687.896
2026-03-29T18,1590.819
2026-03-29T19,1551.82
2026-03-29T20,1468.211
2026-03-29T21,955.333
2026-03-29T22,948.6
2026-03-29T23,870.321
2026-03-30T00,822.054
2026-03-30T01,812.796
2026-03-30T02,791.753
2026-03-30T03,786.423
2026-03-30T04,788.667
2026-03-30T05,770.15
2026-03-30T06,446.659
2026-03-30T07,537.842
2026-03-30T08,691.031
2026-03-30T09,890.512
2026-03-30T10,1181.458
2026-03-30T11,1293.403
2026-03-30T12,1567.514
2026-03-30T13,1694.049
2026-03-30T14,1747.637
2026-03-30T15,1716.494
2026-03-30T16,1595.852
2026-03-30T17,1502.704
2026-03-30T18,1265.066
2026-03-30T19,1264.224
2026-03-30T20,1230.837
2026-03-30T21,1095.605
2026-03-30T22,1047.348
2026-03-30T23,875.923
2026-03-31T00,862.035
2026-03-31T01,848.357
2026-03-31T02,826.964
2026-03-31T03,822.756
2026-03-31T04,823.107
2026-03-31T05,795.751
2026-03-31T06,458.022
2026-03-31T07,544.997
2026-03-31T08,667.042
2026-03-31T09,898.508
2026-03-31T10,1184.684
2026-03-31T11,1357.582
2026-03-31T12,1671.815
2026-03-31T13,1734.24
2026-03-31T14,1713.899
2026-03-31T15,1698.118
2026-03-31T16,1614.299
2026-03-31T17,1450.519
2026-03-31T18,1254.124
2026-03-31T19,1261.489
2026-03-31T20,1221.508
2026-03-31T21,1126.116
2026-03-31T22,1040.895
2026-03-31T23,905.172
2026-04-01T00,961.725
2026-04-01T01,946.476
2026-04-01T02,914.592
2026-04-01T03,905.581
2026-04-01T04,904.888
2026-04-01T05,871.964
2026-04-01T06,513.613
2026-04-01T07,611.692
2026-04-01T08,743.388
2026-04-01T09,965.191
2026-04-01T10,1353.0
2026-04-01T11,1449.346
2026-04-01T12,1940.432
2026-04-01T13,1923.104
2026-04-01T14,1890.527
2026-04-01T15,1835.076
2026-04-01T16,1711.698
2026-04-01T17,1676.348
2026-04-01T18,1421.274
2026-04-01T19,1424.74
2026-04-01T20,1366.516
2026-04-01T21,1264.279
2026-04-01T22,1044.902
2026-04-01T23,863.647
2026-04-02T00,906.75
2026-04-02T01,899.818
2026-04-02T02,919.314
2026-04-02T03,909.349
2026-04-02T04,905.45
2026-04-02T05,866.026
2026-04-02T06,547.603
2026-04-02T07,673.672
2026-04-02T08,826.603
2026-04-02T09,1049.716
2026-04-02T10,1424.893
2026-04-02T11,1483.379
2026-04-02T12,2007.587
2026-04-02T13,2021.884
2026-04-02T14,1962.098
2026-04-02T15,1876.318
2026-04-02T16,1837.761
2026-04-02T17,1787.073
2026-04-02T18,1485.112
2026-04-02T19,1477.314
2026-04-02T20,1418.828
2026-04-02T21,1325.683
2026-04-02T22,1062.713
2026-04-02T23,882.056
2026-04-03T00,843.476
2026-04-03T01,836.977
2026-04-03T02,810.118
2026-04-03T03,814.017
2026-04-03T04,810.984
2026-04-03T05,766.796
2026-04-03T06,529.826
2026-04-03T07,649.394
2026-04-03T08,805.786
2026-04-03T09,1000.301
2026-04-03T10,1382.832
2026-04-03T11,1571.715
2026-04-03T12,1946.882
2026-04-03T13,2039.158
2026-04-03T14,2039.158
2026-04-03T15,2010.565
2026-04-03T16,1872.802
2026-04-03T17,1848.108
2026-04-03T18,1663.991
2026-04-03T19,1637.131
2026-04-03T20,1581.246
2026-04-03T21,1355.973
2026-04-03T22,928.386
2026-04-03T23,581.379
2026-04-04T00,476.963
2026-04-04T01,467.432
2026-04-04T02,436.241
2026-04-04T03,428.877
2026-04-04T04,425.844
2026-04-04T05,429.31
2026-04-04T06,507.721
2026-04-04T07,627.72
2026-04-04T08,786.707
2026-04-04T09,1122.877
2026-04-04T10,2041.713
2026-04-04T11,2096.731
2026-04-04T12,2136.586
2026-04-04T13,2148.282
2026-04-04T14,2137.452
2026-04-04T15,2125.322
2026-04-04T16,2078.969
2026-04-04T17,2079.835
2026-04-04T18,1874.495
2026-04-04T19,2003.158
2026-04-04T20,2038.681
2026-04-04T21,1921.281
2026-04-04T22,1122.444
2026-04-04T23,607.359
2026-04-05T00,494.724
2026-04-05T01,476.096
2026-04-05T02,445.338
2026-04-05T03,442.305
2026-04-05T04,430.176
2026-04-05T05,422.811
2026-04-05T06,434.074
2026-04-05T07,470.464
2026-04-05T08,612.556
2026-04-05T09,788.005
2026-04-05T10,1019.772
2026-04-05T11,1759.691
2026-04-05T12,1823.806
2026-04-05T13,2022.215
2026-04-05T14,2006.619
2026-04-05T15,2015.284
2026-04-05T16,1986.692
2026-04-05T17,1964.165
2026-04-05T18,1873.191
2026-04-05T19,1829.871
2026-04-05T20,1760.991
2026-04-05T21,1186.557
2026-04-05T22,874.214
2026-04-05T23,743.385
2026-04-06T00,697.054
2026-04-06T01,694.021
2026-04-06T02,669.328
2026-04-06T03,666.295
2026-04-06T04,663.696
2026-04-06T05,651.999
2026-04-06T06,516.4
2026-04-06T07,611.276
2026-04-06T08,760.737
2026-04-06T09,937.492
2026-04-06T10,1265.441
2026-04-06T11,1603.787
2026-04-06T12,1927.837
2026-04-06T13,2001.484
2026-04-06T14,1991.954
2026-04-06T15,1952.964
2026-04-06T16,1863.287
2026-04-06T17,1858.954
2026-04-06T18,1732.02
2026-04-06T19,1718.591
2026-04-06T20,1628.914
2026-04-06T21,1314.395
2026-04-06T22,1147.604
2026-04-06T23,1015.472
2026-04-07T00,954.11
2026-04-07T01,941.98
2026-04-07T02,914.255
2026-04-07T03,916.334
2026-04-07T04,909.056
2026-04-07T05,882.37
2026-04-07T06,501.142
2026-04-07T07,601.994
2026-04-07T08,750.673
2026-04-07T09,958.269
2026-04-07T10,1351.627
2026-04-07T11,1426.833
2026-04-07T12,1880.148
2026-04-07T13,1916.192
2026-04-07T14,1911.34
2026-04-07T15,1843.065
2026-04-07T16,1741.52
2026-04-07T17,1686.068
2026-04-07T18,1430.299
2026-04-07T19,1423.714
2026-04-07T20,1384.552
2026-04-07T21,1277.461
2026-04-07T22,1133.288
2026-04-07T23,1004.71
2026-04-08T00,961.725
2026-04-08T01,946.476
2026-04-08T02,914.592
2026-04-08T03,905.581
2026-04-08T04,904.888
2026-04-08T05,871.964
2026-04-08T06,513.613
2026-04-08T07,611.692
2026-04-08T08,743.388
2026-04-08T09,965.191
2026-04-08T10,1353.0
2026-04-08T11,1449.346
2026-04-08T12,1940.432
2026-04-08T13,1923.104
2026-04-08T14,1890.527
2026-04-08T15,1835.076
2026-04-08T16,1711.698
2026-04-08T17,1676.348
2026-04-08T18,1421.274
2026-04-08T19,1424.74
2026-04-08T20,1366.516
2026-04-08T21,1264.279
2026-04-08T22,1044.902
2026-04-08T23,863.647
2026-04-09T00,906.75
2026-04-09T01,899.818
2026-04-09T02,919.314
2026-04-09T03,909.349
2026-04-09T04,905.45
2026-04-09T05,866.026
2026-04-09T06,547.603
2026-04-09T07,673.672
2026-04-09T08,826.603
2026-04-09T09,1049.716
2026-04-09T10,1424.893
2026-04-09T11,1483.379
2026-04-09T12,2007.587
2026-04-09T13,2021.884
2026-04-09T14,1962.098
2026-04-09T15,1876.318
2026-04-09T16,1837.761
2026-04-09T17,1787.073
2026-04-09T18,1485.112
2026-04-09T19,1477.314
2026-04-09T20,1418.828
2026-04-09T21,1325.683
2026-04-09T22,1062.713
2026-04-09T23,882.056
2026-04-10T00,843.476
2026-04-10T01,836.977
2026-04-10T02,810.118
2026-04-10T03,814.017
2026-04-10T04,810.984
2026-04-10T05,766.796
2026-04-10T06,529.826
2026-04-10T07,649.394
2026-04-10T08,805.786
2026-04-10T09,1000.301
2026-04-10T10,1382.832
2026-04-10T11,1571.715
2026-04-10T12,1946.882
2026-04-10T13,2039.158
2026-04-10T14,2039.158
2026-04-10T15,2010.565
2026-04-10T16,1872.802
2026-04-10T17,1848.108
2026-04-10T18,1663.991
2026-04-10T19,1637.131
2026-04-10T20,1581.246
2026-04-10T21,1355.973
2026-04-10T22,928.386
2026-04-10T23,581.379
2026-04-11T00,476.963
2026-04-11T01,467.432
2026-04-11T02,436.241
2026-04-11T03,428.877
2026-04-11T04,425.844
2026-04-11T05,429.31
2026-04-11T06,507.721
2026-04-11T07,627.72
2026-04-11T08,786.707
2026-04-11T09,1122.877
2026-04-11T10,2041.713
2026-04-11T11,2096.731
2026-04-11T12,2136.586
2026-04-11T13,2148.282
2026-04-11T14,2137.452
2026-04-11T15,2125.322
2026-04-11T16,2078.969
2026-04-11T17,2079.835
2026-04-11T18,1874.495
2026-04-11T19,2003.158
2026-04-11T20,2038.681
2026-04-11T21,1921.281
2026-04-11T22,1122.444
2026-04-11T23,607.359
2026-04-12T00,494.724
2026-04-12T01,476.096
2026-04-12T02,445.338
2026-04-12T03,442.305
2026-04-12T04,430.176
2026-04-12T05,422.811
2026-04-12T06,434.074
2026-04-12T07,470.464
2026-04-12T08,612.556
2026-04-12T09,788.005
2026-04-12T10,1019.772
2026-04-12T11,1759.691
2026-04-12T12,1823.806
2026-04-12T13,2022.215
2026-04-12T14,2006.619
2026-04-12T15,2015.284
2026-04-12T16,1986.692
2026-04-12T17,1964.165
2026-04-12T18,1873.191
2026-04-12T19,1829.871
2026-04-12T20,1760.991
2026-04-12T21,1186.557
2026-04-12T22,874.214
2026-04-12T23,743.385
2026-04-13T00,697.054
2026-04-13T01,694.021
2026-04-13T02,669.328
2026-04-13T03,666.295
2026-04-13T04,663.696
2026-04-13T05,651.999
2026-04-13T06,516.4
2026-04-13T07,611.276
2026-04-13T08,760.737
2026-04-13T09,937.492
2026-04-13T10,1265.441
2026-04-13T11,1603.787
2026-04-13T12,1927.837
2026-04-13T13,2001.484
2026-04-13T14,1991.954
2026-04-13T15,1952.964
2026-04-13T16,1863.287
2026-04-13T17,1858.954
2026-04-13T18,1732.02
2026-04-13T19,1718.591
2026-04-13T20,1628.914
2026-04-13T21,1314.395
2026-04-13T22,1147.604
2026-04-13T23,1015.472
2026-04-14T00,954.11
2026-04-14T01,941.98
2026-04-14T02,914.255
2026-04-14T03,916.334
2026-04-14T04,909.056
2026-04-14T05,882.37
2026-04-14T06,501.142
2026-04-14T07,601.994
2026-04-14T08,750.673
2026-04-14T09,958.269
2026-04-14T10,1351.627
2026-04-14T11,1426.833
2026-04-14T12,1880.148
2026-04-14T13,1916.192
2026-04-14T14,1911.34
2026-04-14T15,1843.065
2026-04-14T16,1741.52
2026-04-14T17,1686.068
2026-04-14T18,1430.299
2026-04-14T19,1423.714
2026-04-14T20,1384.552
2026-04-14T21,1277.461
2026-04-14T22,1133.288
2026-04-14T23,1004.71
2026-04-15T00,961.725
2026-04-15T01,946.476
2026-04-15T02,914.592
2026-04-15T03,905.581
2026-04-15T04,904.888
2026-04-15T05,871.964
2026-04-15T06,513.613
2026-04-15T07,611.692
2026-04-15T08,743.388
2026-04-15T09,965.191
2026-04-15T10,1353.0
2026-04-15T11,1449.346
2026-04-15T12,1940.432
2026-04-15T13,1923.104
2026-04-15T14,1890.527
2026-04-15T15,1835.076
2026-04-15T16,1711.698
2026-04-15T17,1676.348
2026-04-15T18,1421.274
2026-04-15T19,1424.74
2026-04-15T20,1366.516
2026-04-15T21,1264.279
2026-04-15T22,1044.902
2026-04-15T23,863.647
2026-04-16T00,906.75
2026-04-16T01,899.818
2026-04-16T02,919.314
2026-04-16T03,909.349
2026-04-16T04,905.45
2026-04-16T05,866.026
2026-04-16T06,547.603
2026-04-16T07,673.672
2026-04-16T08,826.603
2026-04-16T09,1049.716
2026-04-16T10,1424.893
2026-04-16T11,1483.379
2026-04-16T12,2007.587
2026-04-16T13,2021.884
2026-04-16T14,1962.098
2026-04-16T15,1876.318
2026-04-16T16,1837.761
2026-04-16T17,1787.073
2026-04-16T18,1485.112
2026-04-16T19,1477.314
2026-04-16T20,1418.828
2026-04-16T21,1325.683
2026-04-16T22,1062.713
2026-04-16T23,882.056
2026-04-17T00,843.476
2026-04-17T01,836.977
2026-04-17T02,810.118
2026-04-17T03,814.017
2026-04-17T04,810.984
2026-04-17T05,766.796
2026-04-17T06,529.826
2026-04-17T07,649.394
2026-04-17T08,805.786
2026-04-17T09,1000.301
2026-04-17T10,1382.832
2026-04-17T11,1571.715
2026-04-17T12,1946.882
2026-04-17T13,2039.158
2026-04-17T14,2039.158
2026-04-17T15,2010.565
2026-04-17T16,1872.802
2026-04-17T17,1848.108
2026-04-17T18,1663.991
2026-04-17T19,1637.131
2026-04-17T20,1581.246
2026-04-17T21,1355.973
2026-04-17T22,928.386
2026-04-17T23,581.379
2026-04-18T00,476.963
2026-04-18T01,467.432
2026-04-18T02,436.241
2026-04-18T03,428.877
2026-04-18T04,425.844
2026-04-18T05,429.31
2026-04-18T06,507.721
2026-04-18T07,627.72
2026-04-18T08,786.707
2026-04-18T09,1122.877
2026-04-18T10,2041.713
2026-04-18T11,2096.731
2026-04-18T12,2136.586
2026-04-18T13,2148.282
2026-04-18T14,2137.452
2026-04-18T15,2125.322
2026-04-18T16,2078.969
2026-04-18T17,2079.835
2026-04-18T18,1874.495
2026-04-18T19,2003.158
2026-04-18T20,2038.681
2026-04-18T21,1921.281
2026-04-18T22,1122.444
2026-04-18T23,607.359
2026-04-19T00,494.724
2026-04-19T01,476.096
2026-04-19T02,445.338
2026-04-19T03,442.305
2026-04-19T04,430.176
2026-04-19T05,422.811
2026-04-19T06,434.074
2026-04-19T07,470.464
2026-04-19T08,612.556
2026-04-19T09,788.005
2026-04-19T10,1019.772
2026-04-19T11,1759.691
2026-04-19T12,1823.806
2026-04-19T13,2022.215
2026-04-19T14,2006.619
2026-04-19T15,2015.284
2026-04-19T16,1986.692
2026-04-19T17,1964.165
2026-04-19T18,1873.191
2026-04-19T19,1829.871
2026-04-19T20,1760.991
2026-04-19T21,1186.557
2026-04-19T22,874.214
2026-04-19T23,743.385
2026-04-20T00,697.054
2026-04-20T01,694.021
2026-04-20T02,669.328
2026-04-20T03,666.295
2026-04-20T04,663.696
2026-04-20T05,651.999
2026-04-20T06,516.4
2026-04-20T07,611.276
2026-04-20T08,760.737
2026-04-20T09,937.492
2026-04-20T10,1265.441
2026-04-20T11,1603.787
2026-04-20T12,1927.837
2026-04-20T13,2001.484
2026-04-20T14,1991.954
2026-04-20T15,1952.964
2026-04-20T16,1863.287
2026-04-20T17,1858.954
2026-04-20T18,1732.02
2026-04-20T19,1718.591
2026-04-20T20,1628.914
2026-04-20T21,1314.395
2026-04-20T22,1147.604
2026-04-20T23,1015.472
2026-04-21T00,954.11
2026-04-21T01,941.98
2026-04-21T02,914.255
2026-04-21T03,916.334
2026-04-21T04,909.056
2026-04-21T05,882.37
2026-04-21T06,501.142
2026-04-21T07,601.994
2026-04-21T08,750.673
2026-04-21T09,958.269
2026-04-21T10,1351.627
2026-04-21T11,1426.833
2026-04-21T12,1880.148
2026-04-21T13,1916.192
2026-04-21T14,1911.34
2026-04-21T15,1843.065
2026-04-21T16,1741.52
2026-04-21T17,1686.068
2026-04-21T18,1430.299
2026-04-21T19,1423.714
2026-04-21T20,1384.552
2026-04-21T21,1277.461
2026-04-21T22,1133.288
2026-04-21T23,1004.71
2026-04-22T00,961.725
2026-04-22T01,946.476
2026-04-22T02,914.592
2026-04-22T03,905.581
2026-04-22T04,904.888
2026-04-22T05,871.964
2026-04-22T06,513.613
2026-04-22T07,611.692
2026-04-22T08,743.388
2026-04-22T09,965.191
2026-04-22T10,1353.0
2026-04-22T11,1449.346
2026-04-22T12,1940.432
2026-04-22T13,1923.104
2026-04-22T14,1890.527
2026-04-22T15,1835.076
2026-04-22T16,1711.698
2026-04-22T17,1676.348
2026-04-22T18,1421.274
2026-04-22T19,1424.74
2026-04-22T20,1366.516
2026-04-22T21,1264.279
2026-04-22T22,1044.902
2026-04-22T23,863.647
2026-04-23T00,906.72
2026-04-23T01,899.789
2026-04-23T02,919.284
2026-04-23T03,909.32
2026-04-23T04,905.421
2026-04-23T05,865.998
2026-04-23T06,547.585
2026-04-23T07,673.65
2026-04-23T08,826.575
2026-04-23T09,1049.682
2026-04-23T10,1424.846
2026-04-23T11,1483.33
2026-04-23T12,2007.521
2026-04-23T13,2021.817
2026-04-23T14,1962.034
2026-04-23T15,1876.257
2026-04-23T16,1837.701
2026-04-23T17,1787.015
2026-04-23T18,1485.063
2026-04-23T19,1477.265
2026-04-23T20,1418.781
2026-04-23T21,1325.64
2026-04-23T22,1062.678
2026-04-23T23,882.027
2026-04-24T00,843.476
2026-04-24T01,836.977
2026-04-24T02,810.118
2026-04-24T03,814.017
2026-04-24T04,810.984
2026-04-24T05,766.796
2026-04-24T06,529.826
2026-04-24T07,649.394
2026-04-24T08,805.786
2026-04-24T09,1000.301
2026-04-24T10,1382.832
2026-04-24T11,1571.715
2026-04-24T12,1946.882
2026-04-24T13,2039.158
2026-04-24T14,2039.158
2026-04-24T15,2010.565
2026-04-24T16,1872.802
2026-04-24T17,1848.108
2026-04-24T18,1663.991
2026-04-24T19,1637.131
2026-04-24T20,1581.246
2026-04-24T21,1355.973
2026-04-24T22,928.386
2026-04-24T23,581.379
2026-04-25T00,476.963
2026-04-25T01,467.432
2026-04-25T02,436.241
2026-04-25T03,428.877
2026-04-25T04,425.844
2026-04-25T05,429.31
2026-04-25T06,507.721
2026-04-25T07,627.72
2026-04-25T08,786.707
2026-04-25T09,1122.877
2026-04-25T10,2041.713
2026-04-25T11,2096.731
2026-04-25T12,2136.586
2026-04-25T13,2148.282
2026-04-25T14,2137.452
2026-04-25T15,2125.322
2026-04-25T16,2078.969
2026-04-25T17,2079.835
2026-04-25T18,1874.495
2026-04-25T19,2003.158
2026-04-25T20,2038.681
2026-04-25T21,1921.281
2026-04-25T22,1122.444
2026-04-25T23,607.359
2026-04-26T00,494.724
2026-04-26T01,476.096
2026-04-26T02,445.338
2026-04-26T03,442.305
2026-04-26T04,430.176
2026-04-26T05,422.811
2026-04-26T06,434.074
2026-04-26T07,470.464
2026-04-26T08,612.556
2026-04-26T09,788.005
2026-04-26T10,1019.772
2026-04-26T11,1759.691
2026-04-26T12,1823.806
2026-04-26T13,2022.215
2026-04-26T14,2006.619
2026-04-26T15,2015.284
2026-04-26T16,1986.692
2026-04-26T17,1964.165
2026-04-26T18,1873.191
2026-04-26T19,1829.871
2026-04-26T20,1760.991
2026-04-26T21,1186.557
2026-04-26T22,874.214
2026-04-26T23,743.385
2026-04-27T00,697.054
2026-04-27T01,694.021
2026-04-27T02,669.328
2026-04-27T03,666.295
2026-04-27T04,663.696
2026-04-27T05,651.999
2026-04-27T06,516.4
2026-04-27T07,611.276
2026-04-27T08,760.737
2026-04-27T09,937.492
2026-04-27T10,1265.441
2026-04-27T11,1603.787
2026-04-27T12,1927.837
2026-04-27T13,2001.484
2026-04-27T14,1991.954
2026-04-27T15,1952.964
2026-04-27T16,1863.287
2026-04-27T17,1858.954
2026-04-27T18,1732.02
2026-04-27T19,1718.591
2026-04-27T20,1628.914
2026-04-27T21,1314.395
2026-04-27T22,1147.604
2026-04-27T23,1015.472
2026-04-28T00,954.11
2026-04-28T01,941.98
2026-04-28T02,914.255
2026-04-28T03,916.334
2026-04-28T04,909.056
2026-04-28T05,882.37
2026-04-28T06,501.142
2026-04-28T07,601.994
2026-04-28T08,750.673
2026-04-28T09,958.269
2026-04-28T10,1351.627
2026-04-28T11,1426.833
2026-04-28T12,1880.148
2026-04-28T13,1916.192
2026-04-28T14,1911.34
2026-04-28T15,1843.065
2026-04-28T16,1741.52
2026-04-28T17,1686.068
2026-04-28T18,1430.299
2026-04-28T19,1423.714
2026-04-28T20,1384.552
2026-04-28T21,1277.461
2026-04-28T22,1133.288
2026-04-28T23,1004.71
2026-04-29T00,961.725
2026-04-29T01,946.476
2026-04-29T02,914.592
2026-04-29T03,905.581
2026-04-29T04,904.888
2026-04-29T05,871.964
2026-04-29T06,513.613
2026-04-29T07,611.692
2026-04-29T08,743.388
2026-04-29T09,965.191
2026-04-29T10,1353.0
2026-04-29T11,1449.346
2026-04-29T12,1940.432
2026-04-29T13,1923.104
2026-04-29T14,1890.527
2026-04-29T15,1835.076
2026-04-29T16,1711.698
2026-04-29T17,1676.348
2026-04-29T18,1421.274
2026-04-29T19,1424.74
2026-04-29T20,1366.516
2026-04-29T21,1264.279
2026-04-29T22,1044.902
2026-04-29T23,863.647
2026-04-30T00,906.72
2026-04-30T01,899.789
2026-04-30T02,919.284
2026-04-30T03,909.32
2026-04-30T04,905.421
2026-04-30T05,865.998
2026-04-30T06,547.585
2026-04-30T07,673.65
2026-04-30T08,826.575
2026-04-30T09,1049.682
2026-04-30T10,1424.846
2026-04-30T11,1483.33
2026-04-30T12,2007.521
2026-04-30T13,2021.817
2026-04-30T14,1962.034
2026-04-30T15,1876.257
2026-04-30T16,1837.701
2026-04-30T17,1787.015
2026-04-30T18,1485.063
2026-04-30T19,1477.265
2026-04-30T20,1418.781
2026-04-30T21,1325.64
2026-04-30T22,1062.678
2026-04-30T23,882.027
2026-05-01T00,880.697
2026-05-01T01,867.978
2026-05-01T02,841.853
2026-05-01T03,843.228
2026-05-01T04,839.447
2026-05-01T05,737.008
2026-05-01T06,504.631
2026-05-01T07,614.632
2026-05-01T08,781.009
2026-05-01T09,980.386
2026-05-01T10,1354.39
2026-05-01T11,1421.078
2026-05-01T12,1821.895
2026-05-01T13,1841.489
2026-05-01T14,1785.113
2026-05-01T15,1781.332
2026-05-01T16,1721.519
2026-05-01T17,1630.424
2026-05-01T18,1422.797
2026-05-01T19,1436.891
2026-05-01T20,1412.484
2026-05-01T21,1329.64
2026-05-01T22,1029.886
2026-05-01T23,754.196
2026-05-02T00,666.229
2026-05-02T01,650.759
2026-05-02T02,606.756
2026-05-02T03,610.881
2026-05-02T04,603.319
2026-05-02T05,593.349
2026-05-02T06,469.935
2026-05-02T07,613.288
2026-05-02T08,810.956
2026-05-02T09,1067.066
2026-05-02T10,1792.423
2026-05-02T11,1827.488
2026-05-02T12,1880.772
2026-05-02T13,1891.429
2026-05-02T14,1828.175
2026-05-02T15,1829.894
2026-05-02T16,1808.924
2026-05-02T17,1836.77
2026-05-02T18,1858.084
2026-05-02T19,1888.335
2026-05-02T20,1849.146
2026-05-02T21,1746.014
2026-05-02T22,1059.503
2026-05-02T23,554.503
2026-05-03T00,457.207
2026-05-03T01,433.143
2026-05-03T02,400.915
2026-05-03T03,402.634
2026-05-03T04,395.759
2026-05-03T05,385.446
2026-05-03T06,401.345
2026-05-03T07,457.636
2026-05-03T08,586.548
2026-05-03T09,739.523
2026-05-03T10,1098.327
2026-05-03T11,1581.746
2026-05-03T12,1697.337
2026-05-03T13,1895.001
2026-05-03T14,1866.211
2026-05-03T15,1836.991
2026-05-03T16,1815.936
2026-05-03T17,1808.631
2026-05-03T18,1745.894
2026-05-03T19,1693.899
2026-05-03T20,1608.388
2026-05-03T21,1072.115
2026-05-03T22,941.055
2026-05-03T23,768.313
2026-05-04T00,644.135
2026-05-04T01,624.798
2026-05-04T02,602.883
2026-05-04T03,613.626
2026-05-04T04,599.015
2026-05-04T05,565.498
2026-05-04T06,503.19
2026-05-04T07,594.289
2026-05-04T08,727.928
2026-05-04T09,923.017
2026-05-04T10,1311.904
2026-05-04T11,1387.962
2026-05-04T12,1716.69
2026-05-04T13,1713.253
2026-05-04T14,1629.03
2026-05-04T15,1621.725
2026-05-04T16,1622.154
2026-05-04T17,1570.159
2026-05-04T18,1378.939
2026-05-04T19,1386.673
2026-05-04T20,1325.655
2026-05-04T21,1228.11
2026-05-04T22,1051.5
2026-05-04T23,920.868
2026-05-05T00,879.195
2026-05-05T01,863.295
2026-05-05T02,831.926
2026-05-05T03,837.083
2026-05-05T04,762.312
2026-05-05T05,613.631
2026-05-05T06,510.07
2026-05-05T07,611.053
2026-05-05T08,752.429
2026-05-05T09,970.294
2026-05-05T10,1329.535
2026-05-05T11,1336.84
2026-05-05T12,1716.707
2026-05-05T13,1750.654
2026-05-05T14,1698.229
2026-05-05T15,1678.462
2026-05-05T16,1630.335
2026-05-05T17,1562.44
2026-05-05T18,1383.679
2026-05-05T19,1377.233
2026-05-05T20,1335.981
2026-05-05T21,1232.849
2026-05-05T22,1094.481
2026-05-05T23,967.286
2026-05-06T00,935.049
2026-05-06T01,905.399
2026-05-06T02,861.139
2026-05-06T03,864.577
2026-05-06T04,839.224
2026-05-06T05,735.664
2026-05-06T06,513.933
2026-05-06T07,618.353
2026-05-06T08,744.258
2026-05-06T09,953.956
2026-05-06T10,1334.679
2026-05-06T11,1385.385
2026-05-06T12,1682.745
2026-05-06T13,1723.997
2026-05-06T14,1692.628
2026-05-06T15,1641.063
2026-05-06T16,1621.296
2026-05-06T17,1592.935
2026-05-06T18,1392.261
2026-05-06T19,1372.924
2026-05-06T20,1330.382
2026-05-06T21,1241.003
2026-05-06T22,1074.275
2026-05-06T23,923.877
2026-05-07T00,789.643
2026-05-07T01,779.33
2026-05-07T02,745.984
2026-05-07T03,752.516
2026-05-07T04,673.449
2026-05-07T05,561.723
2026-05-07T06,477.499
2026-05-07T07,579.943
2026-05-07T08,728.108
2026-05-07T09,927.152
2026-05-07T10,1260.267
2026-05-07T11,1397.088
2026-05-07T12,1628.446
2026-05-07T13,1660.417
2026-05-07T14,1621.227
2026-05-07T15,1612.977
2026-05-07T16,1605.414
2026-05-07T17,1553.16
2026-05-07T18,1410.151
2026-05-07T19,1400.87
2026-05-07T20,1372.336
2026-05-07T21,1275.393
2026-05-07T22,1052.629
2026-05-07T23,920.277
2026-05-08T00,880.697
2026-05-08T01,867.978
2026-05-08T02,841.853
2026-05-08T03,843.228
2026-05-08T04,839.447
2026-05-08T05,737.008
2026-05-08T06,504.631
2026-05-08T07,614.632
2026-05-08T08,781.009
2026-05-08T09,980.386
2026-05-08T10,1354.39
2026-05-08T11,1421.078
2026-05-08T12,1821.895
2026-05-08T13,1841.489
2026-05-08T14,1785.113
2026-05-08T15,1781.332
2026-05-08T16,1721.519
2026-05-08T17,1630.424
2026-05-08T18,1422.797
2026-05-08T19,1436.891
2026-05-08T20,1412.484
2026-05-08T21,1329.64
2026-05-08T22,1029.886
2026-05-08T23,754.196
2026-05-09T00,666.229
2026-05-09T01,650.759
2026-05-09T02,606.756
2026-05-09T03,610.881
2026-05-09T04,603.319
2026-05-09T05,593.349
2026-05-09T06,469.935
2026-05-09T07,613.288
2026-05-09T08,810.956
2026-05-09T09,1067.066
2026-05-09T10,1792.423
2026-05-09T11,1827.488
2026-05-09T12,1880.772
2026-05-09T13,1891.429
2026-05-09T14,1828.175
2026-05-09T15,1829.894
2026-05-09T16,1808.924
2026-05-09T17,1836.77
2026-05-09T18,1858.084
2026-05-09T19,1888.335
2026-05-09T20,1849.146
2026-05-09T21,1746.014
2026-05-09T22,1059.503
2026-05-09T23,554.503
2026-05-10T00,457.207
2026-05-10T01,433.143
2026-05-10T02,400.915
2026-05-10T03,402.634
2026-05-10T04,395.759
2026-05-10T05,385.446
2026-05-10T06,401.345
2026-05-10T07,457.636
2026-05-10T08,586.548
2026-05-10T09,739.523
2026-05-10T10,1098.327
2026-05-10T11,1581.746
2026-05-10T12,1697.337
2026-05-10T13,1895.001
2026-05-10T14,1866.211
2026-05-10T15,1836.991
2026-05-10T16,1815.936
2026-05-10T17,1808.631
2026-05-10T18,1745.894
2026-05-10T19,1693.899
2026-05-10T20,1608.388
2026-05-10T21,1072.115
2026-05-10T22,941.055
2026-05-10T23,768.313
2026-05-11T00,644.135
2026-05-11T01,624.798
2026-05-11T02,602.883
2026-05-11T03,613.626
2026-05-11T04,599.015
2026-05-11T05,565.498
2026-05-11T06,503.19
2026-05-11T07,594.289
2026-05-11T08,727.928
2026-05-11T09,923.017
2026-05-11T10,1311.904
2026-05-11T11,1387.962
2026-05-11T12,1716.69
2026-05-11T13,1713.253
2026-05-11T14,1629.03
2026-05-11T15,1621.725
2026-05-11T16,1622.154
2026-05-11T17,1570.159
2026-05-11T18,1378.939
2026-05-11T19,1386.673
2026-05-11T20,1325.655
2026-05-11T21,1228.11
2026-05-11T22,1051.5
2026-05-11T23,920.868
2026-05-12T00,879.195
2026-05-12T01,863.295
2026-05-12T02,831.926
2026-05-12T03,837.083
2026-05-12T04,762.312
2026-05-12T05,613.631
2026-05-12T06,510.07
2026-05-12T07,611.053
2026-05-12T08,752.429
2026-05-12T09,970.294
2026-05-12T10,1329.535
2026-05-12T11,1336.84
2026-05-12T12,1716.707
2026-05-12T13,1750.654
2026-05-12T14,1698.229
2026-05-12T15,1678.462
2026-05-12T16,1630.335
2026-05-12T17,1562.44
2026-05-12T18,1383.679
2026-05-12T19,1377.233
2026-05-12T20,1335.981
2026-05-12T21,1232.849
2026-05-12T22,1094.481
2026-05-12T23,967.286
2026-05-13T00,935.049
2026-05-13T01,905.399
2026-05-13T02,861.139
2026-05-13T03,864.577
2026-05-13T04,839.224
2026-05-13T05,735.664
2026-05-13T06,513.933
2026-05-13T07,618.353
2026-05-13T08,744.258
2026-05-13T09,953.956
2026-05-13T10,1334.679
2026-05-13T11,1385.385
2026-05-13T12,1682.745
2026-05-13T13,1723.997
2026-05-13T14,1692.628
2026-05-13T15,1641.063
2026-05-13T16,1621.296
2026-05-13T17,1592.935
2026-05-13T18,1392.261
2026-05-13T19,1372.924
2026-05-13T20,1330.382
2026-05-13T21,1241.003
2026-05-13T22,1074.275
2026-05-13T23,923.877
2026-05-14T00,789.643
2026-05-14T01,779.33
2026-05-14T02,745.984
2026-05-14T03,752.516
2026-05-14T04,673.449
2026-05-14T05,561.723
2026-05-14T06,477.499
2026-05-14T07,579.943
2026-05-14T08,728.108
2026-05-14T09,927.152
2026-05-14T10,1260.267
2026-05-14T11,1397.088
2026-05-14T12,1628.446
2026-05-14T13,1660.417
2026-05-14T14,1621.227
2026-05-14T15,1612.977
2026-05-14T16,1605.414
2026-05-14T17,1553.16
2026-05-14T18,1410.151
2026-05-14T19,1400.87
2026-05-14T20,1372.336
2026-05-14T21,1275.393
2026-05-14T22,1052.629
2026-05-14T23,920.277
2026-05-15T00,880.697
2026-05-15T01,867.978
2026-05-15T02,841.853
2026-05-15T03,843.228
2026-05-15T04,839.447
2026-05-15T05,737.008
2026-05-15T06,504.631
2026-05-15T07,614.632
2026-05-15T08,781.009
2026-05-15T09,980.386
2026-05-15T10,1354.39
2026-05-15T11,1421.078
2026-05-15T12,1821.895
2026-05-15T13,1841.489
2026-05-15T14,1785.113
2026-05-15T15,1781.332
2026-05-15T16,1721.519
2026-05-15T17,1630.424
2026-05-15T18,1422.797
2026-05-15T19,1436.891
2026-05-15T20,1412.484
2026-05-15T21,1329.64
2026-05-15T22,1029.886
2026-05-15T23,754.196
2026-05-16T00,666.229
2026-05-16T01,650.759
2026-05-16T02,606.756
2026-05-16T03,610.881
2026-05-16T04,603.319
2026-05-16T05,593.349
2026-05-16T06,469.935
2026-05-16T07,613.288
2026-05-16T08,810.956
2026-05-16T09,1067.066
2026-05-16T10,1792.423
2026-05-16T11,1827.488
2026-05-16T12,1880.772
2026-05-16T13,1891.429
2026-05-16T14,1828.175
2026-05-16T15,1829.894
2026-05-16T16,1808.924
2026-05-16T17,1836.77
2026-05-16T18,1858.084
2026-05-16T19,1888.335
2026-05-16T20,1849.146
2026-05-16T21,1746.014
2026-05-16T22,1059.503
2026-05-16T23,554.503
2026-05-17T00,457.207
2026-05-17T01,433.143
2026-05-17T02,400.915
2026-05-17T03,402.634
2026-05-17T04,395.759
2026-05-17T05,385.446
2026-05-17T06,401.345
2026-05-17T07,457.636
2026-05-17T08,586.548
2026-05-17T09,739.523
2026-05-17T10,1098.327
2026-05-17T11,1581.746
2026-05-17T12,1697.337
2026-05-17T13,1895.001
2026-05-17T14,1866.211
2026-05-17T15,1836.991
2026-05-17T16,1815.936
2026-05-17T17,1808.631
2026-05-17T18,1745.894
2026-05-17T19,1693.899
2026-05-17T20,1608.388
2026-05-17T21,1072.115
2026-05-17T22,941.055
2026-05-17T23,768.313
2026-05-18T00,644.135
2026-05-18T01,624.798
2026-05-18T02,602.883
2026-05-18T03,613.626
2026-05-18T04,599.015
2026-05-18T05,565.498
2026-05-18T06,503.19
2026-05-18T07,594.289
2026-05-18T08,727.928
2026-05-18T09,923.017
2026-05-18T10,1311.904
2026-05-18T11,1387.962
2026-05-18T12,1716.69
2026-05-18T13,1713.253
2026-05-18T14,1629.03
2026-05-18T15,1621.725
2026-05-18T16,1622.154
2026-05-18T17,1570.159
2026-05-18T18,1378.939
2026-05-18T19,1386.673
2026-05-18T20,1325.655
2026-05-18T21,1228.11
2026-05-18T22,1051.5
2026-05-18T23,920.868
2026-05-19T00,879.195
2026-05-19T01,863.295
2026-05-19T02,831.926
2026-05-19T03,837.083
2026-05-19T04,762.312
2026-05-19T05,613.631
2026-05-19T06,510.07
2026-05-19T07,611.053
2026-05-19T08,752.429
2026-05-19T09,970.294
2026-05-19T10,1329.535
2026-05-19T11,1336.84
2026-05-19T12,1716.707
2026-05-19T13,1750.654
2026-05-19T14,1698.229
2026-05-19T15,1678.462
2026-05-19T16,1630.335
2026-05-19T17,1562.44
2026-05-19T18,1383.679
2026-05-19T19,1377.233
2026-05-19T20,1335.981
2026-05-19T21,1232.849
2026-05-19T22,1094.481
2026-05-19T23,967.286
2026-05-20T00,935.049
2026-05-20T01,905.399
2026-05-20T02,861.139
2026-05-20T03,864.577
2026-05-20T04,839.224
2026-05-20T05,735.664
2026-05-20T06,513.933
2026-05-20T07,618.353
2026-05-20T08,744.258
2026-05-20T09,953.956
2026-05-20T10,1334.679
2026-05-20T11,1385.385
2026-05-20T12,1682.745
2026-05-20T13,1723.997
2026-05-20T14,1692.628
2026-05-20T15,1641.063
2026-05-20T16,1621.296
2026-05-20T17,1592.935
2026-05-20T18,1392.261
2026-05-20T19,1372.924
2026-05-20T20,1330.382
2026-05-20T21,1241.003
2026-05-20T22,1074.275
2026-05-20T23,923.877
2026-05-21T00,789.643
2026-05-21T01,779.33
2026-05-21T02,745.984
2026-05-21T03,752.516
2026-05-21T04,673.449
2026-05-21T05,561.723
2026-05-21T06,477.499
2026-05-21T07,579.943
2026-05-21T08,728.108
2026-05-21T09,927.152
2026-05-21T10,1260.267
2026-05-21T11,1397.088
2026-05-21T12,1628.446
2026-05-21T13,1660.417
2026-05-21T14,1621.227
2026-05-21T15,1612.977
2026-05-21T16,1605.414
2026-05-21T17,1553.16
2026-05-21T18,1410.151
2026-05-21T19,1400.87
2026-05-21T20,1372.336
2026-05-21T21,1275.393
2026-05-21T22,1052.629
2026-05-21T23,920.277
2026-05-22T00,880.697
2026-05-22T01,867.978
2026-05-22T02,841.853
2026-05-22T03,843.228
2026-05-22T04,839.447
2026-05-22T05,737.008
2026-05-22T06,504.631
2026-05-22T07,614.632
2026-05-22T08,781.009
2026-05-22T09,980.386
2026-05-22T10,1354.39
2026-05-22T11,1421.078
2026-05-22T12,1821.895
2026-05-22T13,1841.489
2026-05-22T14,1785.113
2026-05-22T15,1781.332
2026-05-22T16,1721.519
2026-05-22T17,1630.424
2026-05-22T18,1422.797
2026-05-22T19,1436.891
2026-05-22T20,1412.484
2026-05-22T21,1329.64
2026-05-22T22,1029.886
2026-05-22T23,754.196
2026-05-23T00,666.229
2026-05-23T01,650.759
2026-05-23T02,606.756
2026-05-23T03,610.881
2026-05-23T04,603.319
2026-05-23T05,593.349
2026-05-23T06,469.935
2026-05-23T07,613.288
2026-05-23T08,810.956
2026-05-23T09,1067.066
2026-05-23T10,1792.423
2026-05-23T11,1827.488
2026-05-23T12,1880.772
2026-05-23T13,1891.429
2026-05-23T14,1828.175
2026-05-23T15,1829.894
2026-05-23T16,1808.924
2026-05-23T17,1836.77
2026-05-23T18,1858.084
2026-05-23T19,1888.335
2026-05-23T20,1849.146
2026-05-23T21,1746.014
2026-05-23T22,1059.503
2026-05-23T23,554.503
2026-05-24T00,457.207
2026-05-24T01,433.143
2026-05-24T02,400.915
2026-05-24T03,402.634
2026-05-24T04,395.759
2026-05-24T05,385.446
2026-05-24T06,401.345
2026-05-24T07,457.636
2026-05-24T08,586.548
2026-05-24T09,739.523
2026-05-24T10,1098.327
2026-05-24T11,1581.746
2026-05-24T12,1697.337
2026-05-24T13,1895.001
2026-05-24T14,1866.211
2026-05-24T15,1836.991
2026-05-24T16,1815.936
2026-05-24T17,1808.631
2026-05-24T18,1745.894
2026-05-24T19,1693.899
2026-05-24T20,1608.388
2026-05-24T21,1072.115
2026-05-24T22,941.055
2026-05-24T23,768.313
2026-05-25T00,644.135
2026-05-25T01,624.798
2026-05-25T02,602.883
2026-05-25T03,613.626
2026-05-25T04,599.015
2026-05-25T05,565.498
2026-05-25T06,503.19
2026-05-25T07,594.289
2026-05-25T08,727.928
2026-05-25T09,923.017
2026-05-25T10,1311.904
2026-05-25T11,1387.962
2026-05-25T12,1716.69
2026-05-25T13,1713.253
2026-05-25T14,1629.03
2026-05-25T15,1621.725
2026-05-25T16,1622.154
2026-05-25T17,1570.159
2026-05-25T18,1378.939
2026-05-25T19,1386.673
2026-05-25T20,1325.655
2026-05-25T21,1228.11
2026-05-25T22,1051.5
2026-05-25T23,920.868
2026-05-26T00,879.195
2026-05-26T01,863.295
2026-05-26T02,831.926
2026-05-26T03,837.083
2026-05-26T04,762.312
2026-05-26T05,613.631
2026-05-26T06,510.07
2026-05-26T07,611.053
2026-05-26T08,752.429
2026-05-26T09,970.294
2026-05-26T10,1329.535
2026-05-26T11,1336.84
2026-05-26T12,1716.707
2026-05-26T13,1750.654
2026-05-26T14,1698.229
2026-05-26T15,1678.462
2026-05-26T16,1630.335
2026-05-26T17,1562.44
2026-05-26T18,1383.679
2026-05-26T19,1377.233
2026-05-26T20,1335.981
2026-05-26T21,1232.849
2026-05-26T22,1094.481
2026-05-26T23,967.286
2026-05-27T00,935.049
2026-05-27T01,905.399
2026-05-27T02,861.139
2026-05-27T03,864.577
2026-05-27T04,839.224
2026-05-27T05,735.664
2026-05-27T06,513.933
2026-05-27T07,618.353
2026-05-27T08,744.258
2026-05-27T09,953.956
2026-05-27T10,1334.679
2026-05-27T11,1385.385
2026-05-27T12,1682.745
2026-05-27T13,1723.997
2026-05-27T14,1692.628
2026-05-27T15,1641.063
2026-05-27T16,1621.296
2026-05-27T17,1592.935
2026-05-27T18,1392.261
2026-05-27T19,1372.924
2026-05-27T20,1330.382
2026-05-27T21,1241.003
2026-05-27T22,1074.275
2026-05-27T23,923.877
2026-05-28T00,789.643
2026-05-28T01,779.33
2026-05-28T02,745.984
2026-05-28T03,752.516
2026-05-28T04,673.449
2026-05-28T05,561.723
2026-05-28T06,477.499
2026-05-28T07,579.943
2026-05-28T08,728.108
2026-05-28T09,927.152
2026-05-28T10,1260.267
2026-05-28T11,1397.088
2026-05-28T12,1628.446
2026-05-28T13,1660.417
2026-05-28T14,1621.227
2026-05-28T15,1612.977
2026-05-28T16,1605.414
2026-05-28T17,1553.16
2026-05-28T18,1410.151
2026-05-28T19,1400.87
2026-05-28T20,1372.336
2026-05-28T21,1275.393
2026-05-28T22,1052.629
2026-05-28T23,920.277
2026-05-29T00,880.728
2026-05-29T01,868.009
2026-05-29T02,841.882
2026-05-29T03,843.257
2026-05-29T04,839.476
2026-05-29T05,737.034
2026-05-29T06,504.648
2026-05-29T07,614.653
2026-05-29T08,781.036
2026-05-29T09,980.42
2026-05-29T10,1354.437
2026-05-29T11,1421.128
2026-05-29T12,1821.959
2026-05-29T13,1841.553
2026-05-29T14,1785.176
2026-05-29T15,1781.394
2026-05-29T16,1721.579
2026-05-29T17,1630.481
2026-05-29T18,1422.846
2026-05-29T19,1436.941
2026-05-29T20,1412.533
2026-05-29T21,1329.686
2026-05-29T22,1029.922
2026-05-29T23,754.222
2026-05-30T00,666.229
2026-05-30T01,650.759
2026-05-30T02,606.756
2026-05-30T03,610.881
2026-05-30T04,603.319
2026-05-30T05,593.349
2026-05-30T06,469.935
2026-05-30T07,613.288
2026-05-30T08,810.956
2026-05-30T09,1067.066
2026-05-30T10,1792.423
2026-05-30T11,1827.488
2026-05-30T12,1880.772
2026-05-30T13,1891.429
2026-05-30T14,1828.175
2026-05-30T15,1829.894
2026-05-30T16,1808.924
2026-05-30T17,1836.77
2026-05-30T18,1858.084
2026-05-30T19,1888.335
2026-05-30T20,1849.146
2026-05-30T21,1746.014
2026-05-30T22,1059.503
2026-05-30T23,554.503
2026-05-31T00,457.207
2026-05-31T01,433.143
2026-05-31T02,400.915
2026-05-31T03,402.634
2026-05-31T04,395.759
2026-05-31T05,385.446
2026-05-31T06,401.345
2026-05-31T07,457.636
2026-05-31T08,586.548
2026-05-31T09,739.523
2026-05-31T10,1098.327
2026-05-31T11,1581.746
2026-05-31T12,1697.337
2026-05-31T13,1895.001
2026-05-31T14,1866.211
2026-05-31T15,1836.991
2026-05-31T16,1815.936
2026-05-31T17,1808.631
2026-05-31T18,1745.894
2026-05-31T19,1693.899
2026-05-31T20,1608.388
2026-05-31T21,1072.115
2026-05-31T22,941.055
2026-05-31T23,768.313
2026-06-01T00,789.3
2026-06-01T01,780.427
2026-06-01T02,741.979
2026-06-01T03,754.918
2026-06-01T04,744.567
2026-06-01T05,561.198
2026-06-01T06,505.744
2026-06-01T07,637.355
2026-06-01T08,814.809
2026-06-01T09,1071.008
2026-06-01T10,1568.988
2026-06-01T11,1608.915
2026-06-01T12,1862.896
2026-06-01T13,1881.381
2026-06-01T14,1839.236
2026-06-01T15,1817.424
2026-06-01T16,1825.557
2026-06-01T17,1772.321
2026-06-01T18,1608.546
2026-06-01T19,1586.364
2026-06-01T20,1468.431
2026-06-01T21,1363.437
2026-06-01T22,1053.263
2026-06-01T23,805.936
2026-06-02T00,762.496
2026-06-02T01,754.178
2026-06-02T02,721.829
2026-06-02T03,732.92
2026-06-02T04,724.14
2026-06-02T05,594.747
2026-06-02T06,487.997
2026-06-02T07,640.034
2026-06-02T08,818.412
2026-06-02T09,1012.04
2026-06-02T10,1460.757
2026-06-02T11,1604.014
2026-06-02T12,1818.437
2026-06-02T13,1845.702
2026-06-02T14,1799.952
2026-06-02T15,1789.786
2026-06-02T16,1783.778
2026-06-02T17,1761.134
2026-06-02T18,1606.787
2026-06-02T19,1510.666
2026-06-02T20,1442.272
2026-06-02T21,1284.69
2026-06-02T22,1149.289
2026-06-02T23,933.942
2026-06-03T00,901.6
2026-06-03T01,879.88
2026-06-03T02,847.532
2026-06-03T03,848.456
2026-06-03T04,728.304
2026-06-03T05,652.516
2026-06-03T06,512.955
2026-06-03T07,651.592
2026-06-03T08,829.047
2026-06-03T09,1038.85
2026-06-03T10,1448.752
2026-06-03T11,1553.654
2026-06-03T12,1822.147
2026-06-03T13,1803.662
2026-06-03T14,1762.071
2026-06-03T15,1752.828
2026-06-03T16,1750.056
2026-06-03T17,1678.427
2026-06-03T18,1500.972
2026-06-03T19,1505.131
2026-06-03T20,1452.911
2026-06-03T21,1352.169
2026-06-03T22,1105.858
2026-06-03T23,925.63
2026-06-04T00,884.029
2026-06-04T01,866.931
2026-06-04T02,837.817
2026-06-04T03,844.749
2026-06-04T04,841.514
2026-06-04T05,774.507
2026-06-04T06,489.844
2026-06-04T07,628.016
2026-06-04T08,813.787
2026-06-04T09,1007.414
2026-06-04T10,1359.547
2026-06-04T11,1512.045
2026-06-04T12,1767.134
2026-06-04T13,1800.868
2026-06-04T14,1793.937
2026-06-04T15,1779.611
2026-06-04T16,1780.073
2026-06-04T17,1740.793
2026-06-04T18,1589.219
2026-06-04T19,1578.59
2026-06-04T20,1535.151
2026-06-04T21,1312.873
2026-06-04T22,1028.671
2026-06-04T23,824.878
2026-06-05T00,757.408
2026-06-05T01,743.083
2026-06-05T02,719.977
2026-06-05T03,718.59
2026-06-05T04,652.046
2026-06-05T05,581.804
2026-06-05T06,504.169
2026-06-05T07,633.561
2026-06-05T08,819.794
2026-06-05T09,1054.087
2026-06-05T10,1453.817
2026-06-05T11,1513.892
2026-06-05T12,1843.843
2026-06-05T13,1844.305
2026-06-05T14,1800.866
2026-06-05T15,1821.199
2026-06-05T16,1759.276
2026-06-05T17,1710.292
2026-06-05T18,1552.71
2026-06-05T19,1556.407
2026-06-05T20,1545.778
2026-06-05T21,1453.817
2026-06-05T22,969.52
2026-06-05T23,545.759
2026-06-06T00,442.73
2026-06-06T01,421.933
2026-06-06T02,388.197
2026-06-06T03,401.137
2026-06-06T04,393.743
2026-06-06T05,392.819
2026-06-06T06,463.988
2026-06-06T07,621.578
2026-06-06T08,809.668
2026-06-06T09,1074.012
2026-06-06T10,1850.868
2026-06-06T11,1890.15
2026-06-06T12,1936.364
2026-06-06T13,1959.933
2026-06-06T14,1933.591
2026-06-06T15,1942.834
2026-06-06T16,1903.552
2026-06-06T17,1915.106
2026-06-06T18,1931.281
2026-06-06T19,1957.16
2026-06-06T20,1923.424
2026-06-06T21,1807.889
2026-06-06T22,1088.338
2026-06-06T23,540.703
2026-06-07T00,442.537
2026-06-07T01,425.531
2026-06-07T02,390.779
2026-06-07T03,401.13
2026-06-07T04,393.736
2026-06-07T05,393.736
2026-06-07T06,417.028
2026-06-07T07,452.15
2026-06-07T08,592.638
2026-06-07T09,826.662
2026-06-07T10,1003.381
2026-06-07T11,1602.673
2026-06-07T12,1719.87
2026-06-07T13,1867.013
2026-06-07T14,1873.298
2026-06-07T15,1886.237
2026-06-07T16,1868.861
2026-06-07T17,1878.474
2026-06-07T18,1760.538
2026-06-07T19,1733.549
2026-06-07T20,1642.232
2026-06-07T21,1102.832
2026-06-07T22,1015.211
2026-06-07T23,835.904
2026-06-08T00,789.3
2026-06-08T01,780.427
2026-06-08T02,741.979
2026-06-08T03,754.918
2026-06-08T04,744.567
2026-06-08T05,561.198
2026-06-08T06,505.744
2026-06-08T07,637.355
2026-06-08T08,814.809
2026-06-08T09,1071.008
2026-06-08T10,1568.988
2026-06-08T11,1608.915
2026-06-08T12,1862.896
2026-06-08T13,1881.381
2026-06-08T14,1839.236
2026-06-08T15,1817.424
2026-06-08T16,1825.557
2026-06-08T17,1772.321
2026-06-08T18,1608.546
2026-06-08T19,1586.364
2026-06-08T20,1468.431
2026-06-08T21,1363.437
2026-06-08T22,1053.263
2026-06-08T23,805.936
2026-06-09T00,762.496
2026-06-09T01,754.178
2026-06-09T02,721.829
2026-06-09T03,732.92
2026-06-09T04,724.14
2026-06-09T05,594.747
2026-06-09T06,487.997
2026-06-09T07,640.034
2026-06-09T08,818.412
2026-06-09T09,1012.04
2026-06-09T10,1460.757
2026-06-09T11,1604.014
2026-06-09T12,1818.437
2026-06-09T13,1845.702
2026-06-09T14,1799.952
2026-06-09T15,1789.786
2026-06-09T16,1783.778
2026-06-09T17,1761.134
2026-06-09T18,1606.787
2026-06-09T19,1510.666
2026-06-09T20,1442.272
2026-06-09T21,1284.69
2026-06-09T22,1149.289
2026-06-09T23,933.942
2026-06-10T00,901.6
2026-06-10T01,879.88
2026-06-10T02,847.532
2026-06-10T03,848.456
2026-06-10T04,728.304
2026-06-10T05,652.516
2026-06-10T06,512.955
2026-06-10T07,651.592
2026-06-10T08,829.047
2026-06-10T09,1038.85
2026-06-10T10,1448.752
2026-06-10T11,1553.654
2026-06-10T12,1822.147
2026-06-10T13,1803.662
2026-06-10T14,1762.071
2026-06-10T15,1752.828
2026-06-10T16,1750.056
2026-06-10T17,1678.427
2026-06-10T18,1500.972
2026-06-10T19,1505.131
2026-06-10T20,1452.911
2026-06-10T21,1352.169
2026-06-10T22,1105.858
2026-06-10T23,925.63
2026-06-11T00,884.029
2026-06-11T01,866.931
2026-06-11T02,837.817
2026-06-11T03,844.749
2026-06-11T04,841.514
2026-06-11T05,774.507
2026-06-11T06,489.844
2026-06-11T07,628.016
2026-06-11T08,813.787
2026-06-11T09,1007.414
2026-06-11T10,1359.547
2026-06-11T11,1512.045
2026-06-11T12,1767.134
2026-06-11T13,1800.868
2026-06-11T14,1793.937
2026-06-11T15,1779.611
2026-06-11T16,1780.073
2026-06-11T17,1740.793
2026-06-11T18,1589.219
2026-06-11T19,1578.59
2026-06-11T20,1535.151
2026-06-11T21,1312.873
2026-06-11T22,1028.671
2026-06-11T23,824.878
2026-06-12T00,757.408
2026-06-12T01,743.083
2026-06-12T02,719.977
2026-06-12T03,718.59
2026-06-12T04,652.046
2026-06-12T05,581.804
2026-06-12T06,504.169
2026-06-12T07,633.561
2026-06-12T08,819.794
2026-06-12T09,1054.087
2026-06-12T10,1453.817
2026-06-12T11,1513.892
2026-06-12T12,1843.843
2026-06-12T13,1844.305
2026-06-12T14,1800.866
2026-06-12T15,1821.199
2026-06-12T16,1759.276
2026-06-12T17,1710.292
2026-06-12T18,1552.71
2026-06-12T19,1556.407
2026-06-12T20,1545.778
2026-06-12T21,1453.817
2026-06-12T22,969.52
2026-06-12T23,545.759
2026-06-13T00,442.73
2026-06-13T01,421.933
2026-06-13T02,388.197
2026-06-13T03,401.137
2026-06-13T04,393.743
2026-06-13T05,392.819
2026-06-13T06,463.988
2026-06-13T07,621.578
2026-06-13T08,809.668
2026-06-13T09,1074.012
2026-06-13T10,1850.868
2026-06-13T11,1890.15
2026-06-13T12,1936.364
2026-06-13T13,1959.933
2026-06-13T14,1933.591
2026-06-13T15,1942.834
2026-06-13T16,1903.552
2026-06-13T17,1915.106
2026-06-13T18,1931.281
2026-06-13T19,1957.16
2026-06-13T20,1923.424
2026-06-13T21,1807.889
2026-06-13T22,1088.338
2026-06-13T23,540.703
2026-06-14T00,442.537
2026-06-14T01,425.531
2026-06-14T02,390.779
2026-06-14T03,401.13
2026-06-14T04,393.736
2026-06-14T05,393.736
2026-06-14T06,417.028
2026-06-14T07,452.15
2026-06-14T08,592.638
2026-06-14T09,826.662
2026-06-14T10,1003.381
2026-06-14T11,1602.673
2026-06-14T12,1719.87
2026-06-14T13,1867.013
2026-06-14T14,1873.298
2026-06-14T15,1886.237
2026-06-14T16,1868.861
2026-06-14T17,1878.474
2026-06-14T18,1760.538
2026-06-14T19,1733.549
2026-06-14T20,1642.232
2026-06-14T21,1102.832
2026-06-14T22,1015.211
2026-06-14T23,835.904
2026-06-15T00,789.3
2026-06-15T01,780.427
2026-06-15T02,741.979
2026-06-15T03,754.918
2026-06-15T04,744.567
2026-06-15T05,561.198
2026-06-15T06,505.744
2026-06-15T07,637.355
2026-06-15T08,814.809
2026-06-15T09,1071.008
2026-06-15T10,1568.988
2026-06-15T11,1608.915
2026-06-15T12,1862.896
2026-06-15T13,1881.381
2026-06-15T14,1839.236
2026-06-15T15,1817.424
2026-06-15T16,1825.557
2026-06-15T17,1772.321
2026-06-15T18,1608.546
2026-06-15T19,1586.364
2026-06-15T20,1468.431
2026-06-15T21,1363.437
2026-06-15T22,1053.263
2026-06-15T23,805.936
2026-06-16T00,762.496
2026-06-16T01,754.178
2026-06-16T02,721.829
2026-06-16T03,732.92
2026-06-16T04,724.14
2026-06-16T05,594.747
2026-06-16T06,487.997
2026-06-16T07,640.034
2026-06-16T08,818.412
2026-06-16T09,1012.04
2026-06-16T10,1460.757
2026-06-16T11,1604.014
2026-06-16T12,1818.437
2026-06-16T13,1845.702
2026-06-16T14,1799.952
2026-06-16T15,1789.786
2026-06-16T16,1783.778
2026-06-16T17,1761.134
2026-06-16T18,1606.787
2026-06-16T19,1510.666
2026-06-16T20,1442.272
2026-06-16T21,1284.69
2026-06-16T22,1149.289
2026-06-16T23,933.942
2026-06-17T00,901.6
2026-06-17T01,879.88
2026-06-17T02,847.532
2026-06-17T03,848.456
2026-06-17T04,728.304
2026-06-17T05,652.516
2026-06-17T06,512.955
2026-06-17T07,651.592
2026-06-17T08,829.047
2026-06-17T09,1038.85
2026-06-17T10,1448.752
2026-06-17T11,1553.654
2026-06-17T12,1822.147
2026-06-17T13,1803.662
2026-06-17T14,1762.071
2026-06-17T15,1752.828
2026-06-17T16,1750.056
2026-06-17T17,1678.427
2026-06-17T18,1500.972
2026-06-17T19,1505.131
2026-06-17T20,1452.911
2026-06-17T21,1352.169
2026-06-17T22,1105.858
2026-06-17T23,925.63
2026-06-18T00,884.029
2026-06-18T01,866.931
2026-06-18T02,837.817
2026-06-18T03,844.749
2026-06-18T04,841.514
2026-06-18T05,774.507
2026-06-18T06,489.844
2026-06-18T07,628.016
2026-06-18T08,813.787
2026-06-18T09,1007.414
2026-06-18T10,1359.547
2026-06-18T11,1512.045
2026-06-18T12,1767.134
2026-06-18T13,1800.868
2026-06-18T14,1793.937
2026-06-18T15,1779.611
2026-06-18T16,1780.073
2026-06-18T17,1740.793
2026-06-18T18,1589.219
2026-06-18T19,1578.59
2026-06-18T20,1535.151
2026-06-18T21,1312.873
2026-06-18T22,1028.671
2026-06-18T23,824.878
2026-06-19T00,757.408
2026-06-19T01,743.083
2026-06-19T02,719.977
2026-06-19T03,718.59
2026-06-19T04,652.046
2026-06-19T05,581.804
2026-06-19T06,504.169
2026-06-19T07,633.561
2026-06-19T08,819.794
2026-06-19T09,1054.087
2026-06-19T10,1453.817
2026-06-19T11,1513.892
2026-06-19T12,1843.843
2026-06-19T13,1844.305
2026-06-19T14,1800.866
2026-06-19T15,1821.199
2026-06-19T16,1759.276
2026-06-19T17,1710.292
2026-06-19T18,1552.71
2026-06-19T19,1556.407
2026-06-19T20,1545.778
2026-06-19T21,1453.817
2026-06-19T22,969.52
2026-06-19T23,545.759
2026-06-20T00,442.73
2026-06-20T01,421.933
2026-06-20T02,388.197
2026-06-20T03,401.137
2026-06-20T04,393.743
2026-06-20T05,392.819
2026-06-20T06,463.988
2026-06-20T07,621.578
2026-06-20T08,809.668
2026-06-20T09,1074.012
2026-06-20T10,1850.868
2026-06-20T11,1890.15
2026-06-20T12,1936.364
2026-06-20T13,1959.933
2026-06-20T14,1933.591
2026-06-20T15,1942.834
2026-06-20T16,1903.552
2026-06-20T17,1915.106
2026-06-20T18,1931.281
2026-06-20T19,1957.16
2026-06-20T20,1923.424
2026-06-20T21,1807.889
2026-06-20T22,1088.338
2026-06-20T23,540.703
2026-06-21T00,442.521
2026-06-21T01,425.515
2026-06-21T02,390.764
2026-06-21T03,401.115
2026-06-21T04,393.722
2026-06-21T05,393.722
2026-06-21T06,417.012
2026-06-21T07,452.133
2026-06-21T08,592.616
2026-06-21T09,826.63
2026-06-21T10,1003.343
2026-06-21T11,1602.613
2026-06-21T12,1719.805
2026-06-21T13,1866.942
2026-06-21T14,1873.227
2026-06-21T15,1886.166
2026-06-21T16,1868.791
2026-06-21T17,1878.403
2026-06-21T18,1760.471
2026-06-21T19,1733.484
2026-06-21T20,1642.17
2026-06-21T21,1102.79
2026-06-21T22,1015.173
2026-06-21T23,835.873
2026-06-22T00,789.3
2026-06-22T01,780.427
2026-06-22T02,741.979
2026-06-22T03,754.918
2026-06-22T04,744.567
2026-06-22T05,561.198
2026-06-22T06,505.744
2026-06-22T07,637.355
2026-06-22T08,814.809
2026-06-22T09,1071.008
2026-06-22T10,1568.988
2026-06-22T11,1608.915
2026-06-22T12,1862.896
2026-06-22T13,1881.381
2026-06-22T14,1839.236
2026-06-22T15,1817.424
2026-06-22T16,1825.557
2026-06-22T17,1772.321
2026-06-22T18,1608.546
2026-06-22T19,1586.364
2026-06-22T20,1468.431
2026-06-22T21,1363.437
2026-06-22T22,1053.263
2026-06-22T23,805.936
2026-06-23T00,762.496
2026-06-23T01,754.178
2026-06-23T02,721.829
2026-06-23T03,732.92
2026-06-23T04,724.14
2026-06-23T05,594.747
2026-06-23T06,487.997
2026-06-23T07,640.034
2026-06-23T08,818.412
2026-06-23T09,1012.04
2026-06-23T10,1460.757
2026-06-23T11,1604.014
2026-06-23T12,1818.437
2026-06-23T13,1845.702
2026-06-23T14,1799.952
2026-06-23T15,1789.786
2026-06-23T16,1783.778
2026-06-23T17,1761.134
2026-06-23T18,1606.787
2026-06-23T19,1510.666
2026-06-23T20,1442.272
2026-06-23T21,1284.69
2026-06-23T22,1149.289
2026-06-23T23,933.942
2026-06-24T00,901.6
2026-06-24T01,879.88
2026-06-24T02,847.532
2026-06-24T03,848.456
2026-06-24T04,728.304
2026-06-24T05,652.516
2026-06-24T06,512.955
2026-06-24T07,651.592
2026-06-24T08,829.047
2026-06-24T09,1038.85
2026-06-24T10,1448.752
2026-06-24T11,1553.654
2026-06-24T12,1822.147
2026-06-24T13,1803.662
2026-06-24T14,1762.071
2026-06-24T15,1752.828
2026-06-24T16,1750.056
2026-06-24T17,1678.427
2026-06-24T18,1500.972
2026-06-24T19,1505.131
2026-06-24T20,1452.911
2026-06-24T21,1352.169
2026-06-24T22,1105.858
2026-06-24T23,925.63
2026-06-25T00,884.029
2026-06-25T01,866.931
2026-06-25T02,837.817
2026-06-25T03,844.749
2026-06-25T04,841.514
2026-06-25T05,774.507
2026-06-25T06,489.844
2026-06-25T07,628.016
2026-06-25T08,813.787
2026-06-25T09,1007.414
2026-06-25T10,1359.547
2026-06-25T11,1512.045
2026-06-25T12,1767.134
2026-06-25T13,1800.868
2026-06-25T14,1793.937
2026-06-25T15,1779.611
2026-06-25T16,1780.073
2026-06-25T17,1740.793
2026-06-25T18,1589.219
2026-06-25T19,1578.59
2026-06-25T20,1535.151
2026-06-25T21,1312.873
2026-06-25T22,1028.671
2026-06-25T23,824.878
2026-06-26T00,757.408
2026-06-26T01,743.083
2026-06-26T02,719.977
2026-06-26T03,718.59
2026-06-26T04,652.046
2026-06-26T05,581.804
2026-06-26T06,504.169
2026-06-26T07,633.561
2026-06-26T08,819.794
2026-06-26T09,1054.087
2026-06-26T10,1453.817
2026-06-26T11,1513.892
2026-06-26T12,1843.843
2026-06-26T13,1844.305
2026-06-26T14,1800.866
2026-06-26T15,1821.199
2026-06-26T16,1759.276
2026-06-26T17,1710.292
2026-06-26T18,1552.71
2026-06-26T19,1556.407
2026-06-26T20,1545.778
2026-06-26T21,1453.817
2026-06-26T22,969.52
2026-06-26T23,545.759
2026-06-27T00,442.73
2026-06-27T01,421.933
2026-06-27T02,388.197
2026-06-27T03,401.137
2026-06-27T04,393.743
2026-06-27T05,392.819
2026-06-27T06,463.988
2026-06-27T07,621.578
2026-06-27T08,809.668
2026-06-27T09,1074.012
2026-06-27T10,1850.868
2026-06-27T11,1890.15
2026-06-27T12,1936.364
2026-06-27T13,1959.933
2026-06-27T14,1933.591
2026-06-27T15,1942.834
2026-06-27T16,1903.552
2026-06-27T17,1915.106
2026-06-27T18,1931.281
2026-06-27T19,1957.16
2026-06-27T20,1923.424
2026-06-27T21,1807.889
2026-06-27T22,1088.338
2026-06-27T23,540.703
2026-06-28T00,442.521
2026-06-28T01,425.515
2026-06-28T02,390.764
2026-06-28T03,401.115
2026-06-28T04,393.722
2026-06-28T05,393.722
2026-06-28T06,417.012
2026-06-28T07,452.133
2026-06-28T08,592.616
2026-06-28T09,826.63
2026-06-28T10,1003.343
2026-06-28T11,1602.613
2026-06-28T12,1719.805
2026-06-28T13,1866.942
2026-06-28T14,1873.227
2026-06-28T15,1886.166
2026-06-28T16,1868.791
2026-06-28T17,1878.403
2026-06-28T18,1760.471
2026-06-28T19,1733.484
2026-06-28T20,1642.17
2026-06-28T21,1102.79
2026-06-28T22,1015.173
2026-06-28T23,835.873
2026-06-29T00,789.3
2026-06-29T01,780.427
2026-06-29T02,741.979
2026-06-29T03,754.918
2026-06-29T04,744.567
2026-06-29T05,561.198
2026-06-29T06,505.744
2026-06-29T07,637.355
2026-06-29T08,814.809
2026-06-29T09,1071.008
2026-06-29T10,1568.988
2026-06-29T11,1608.915
2026-06-29T12,1862.896
2026-06-29T13,1881.381
2026-06-29T14,1839.236
2026-06-29T15,1817.424
2026-06-29T16,1825.557
2026-06-29T17,1772.321
2026-06-29T18,1608.546
2026-06-29T19,1586.364
2026-06-29T20,1468.431
2026-06-29T21,1363.437
2026-06-29T22,1053.263
2026-06-29T23,805.936
2026-06-30T00,762.496
2026-06-30T01,754.178
2026-06-30T02,721.829
2026-06-30T03,732.92
2026-06-30T04,724.14
2026-06-30T05,594.747
2026-06-30T06,487.997
2026-06-30T07,640.034
2026-06-30T08,818.412
2026-06-30T09,1012.04
2026-06-30T10,1460.757
2026-06-30T11,1604.014
2026-06-30T12,1818.437
2026-06-30T13,1845.702
2026-06-30T14,1799.952
2026-06-30T15,1789.786
2026-06-30T16,1783.778
2026-06-30T17,1761.134
2026-06-30T18,1606.787
2026-06-30T19,1510.666
2026-06-30T20,1442.272
2026-06-30T21,1284.69
2026-06-30T22,1149.289
2026-06-30T23,933.942
2026-07-01T00,928.627
2026-07-01T01,911.582
2026-07-01T02,869.678
2026-07-01T03,849.081
2026-07-01T04,799.365
2026-07-01T05,653.058
2026-07-01T06,695.316
2026-07-01T07,797.235
2026-07-01T08,775.928
2026-07-01T09,978.699
2026-07-01T10,1348.729
2026-07-01T11,1439.639
2026-07-01T12,1702.779
2026-07-01T13,1701.359
2026-07-01T14,1644.185
2026-07-01T15,1667.623
2026-07-01T16,1652.708
2026-07-01T17,1594.114
2026-07-01T18,1412.65
2026-07-01T19,1393.119
2026-07-01T20,1330.263
2026-07-01T21,1224.794
2026-07-01T22,972.307
2026-07-01T23,747.163
2026-07-02T00,676.883
2026-07-02T01,665.519
2026-07-02T02,636.753
2026-07-02T03,680.435
2026-07-02T04,747.555
2026-07-02T05,618.286
2026-07-02T06,488.308
2026-07-02T07,606.922
2026-07-02T08,759.629
2026-07-02T09,950.691
2026-07-02T10,1317.898
2026-07-02T11,1367.262
2026-07-02T12,1575.725
2026-07-02T13,1597.033
2026-07-02T14,1564.716
2026-07-02T15,1573.239
2026-07-02T16,1550.866
2026-07-02T17,1529.558
2026-07-02T18,1363.711
2026-07-02T19,1366.907
2026-07-02T20,1313.992
2026-07-02T21,1211.714
2026-07-02T22,1084.576
2026-07-02T23,914.822
2026-07-03T00,880.69
2026-07-03T01,871.368
2026-07-03T02,836.744
2026-07-03T03,807.447
2026-07-03T04,720.887
2026-07-03T05,612.133
2026-07-03T06,494.056
2026-07-03T07,605.03
2026-07-03T08,767.94
2026-07-03T09,976.571
2026-07-03T10,1325.918
2026-07-03T11,1407.151
2026-07-03T12,1599.358
2026-07-03T13,1615.338
2026-07-03T14,1534.105
2026-07-03T15,1518.569
2026-07-03T16,1509.247
2026-07-03T17,1498.593
2026-07-03T18,1402.712
2026-07-03T19,1403.6
2026-07-03T20,1371.639
2026-07-03T21,1292.182
2026-07-03T22,879.358
2026-07-03T23,515.363
2026-07-04T00,439.453
2026-07-04T01,411.932
2026-07-04T02,373.757
2026-07-04T03,388.849
2026-07-04T04,370.206
2026-07-04T05,394.176
2026-07-04T06,474.965
2026-07-04T07,571.289
2026-07-04T08,723.1
2026-07-04T09,957.031
2026-07-04T10,1441.762
2026-07-04T11,1554.066
2026-07-04T12,1607.333
2026-07-04T13,1622.426
2026-07-04T14,1590.465
2026-07-04T15,1612.66
2026-07-04T16,1610.884
2026-07-04T17,1670.366
2026-07-04T18,1680.576
2026-07-04T19,1668.59
2026-07-04T20,1646.84
2026-07-04T21,1558.505
2026-07-04T22,925.515
2026-07-04T23,512.252
2026-07-05T00,423.033
2026-07-05T01,417.262
2026-07-05T02,384.414
2026-07-05T03,394.624
2026-07-05T04,386.19
2026-07-05T05,392.404
2026-07-05T06,396.843
2026-07-05T07,428.804
2026-07-05T08,594.377
2026-07-05T09,776.374
2026-07-05T10,928.187
2026-07-05T11,1304.611
2026-07-05T12,1443.994
2026-07-05T13,1619.333
2026-07-05T14,1610.899
2026-07-05T15,1615.782
2026-07-05T16,1594.475
2026-07-05T17,1605.573
2026-07-05T18,1546.978
2026-07-05T19,1512.354
2026-07-05T20,1439.111
2026-07-05T21,953.045
2026-07-05T22,979.235
2026-07-05T23,822.096
2026-07-06T00,790.125
2026-07-06T01,774.145
2026-07-06T02,736.414
2026-07-06T03,739.521
2026-07-06T04,704.01
2026-07-06T05,474.963
2026-07-06T06,494.938
2026-07-06T07,597.92
2026-07-06T08,735.97
2026-07-06T09,965.462
2026-07-06T10,1360.968
2026-07-06T11,1382.719
2026-07-06T12,1595.342
2026-07-06T13,1603.332
2026-07-06T14,1594.011
2026-07-06T15,1601.557
2026-07-06T16,1630.41
2026-07-06T17,1543.407
2026-07-06T18,1399.143
2026-07-06T19,1384.938
2026-07-06T20,1342.769
2026-07-06T21,1253.103
2026-07-06T22,1025.387
2026-07-06T23,799.447
2026-07-07T00,739.007
2026-07-07T01,725.868
2026-07-07T02,669.403
2026-07-07T03,593.763
2026-07-07T04,563.932
2026-07-07T05,558.606
2026-07-07T06,476.218
2026-07-07T07,620.042
2026-07-07T08,757.829
2026-07-07T09,1046.542
2026-07-07T10,1453.156
2026-07-07T11,1537.32
2026-07-07T12,1672.266
2026-07-07T13,1634.978
2026-07-07T14,1659.481
2026-07-07T15,1664.808
2026-07-07T16,1641.725
2026-07-07T17,1663.388
2026-07-07T18,1408.766
2026-07-07T19,1398.822
2026-07-07T20,1354.432
2026-07-07T21,1249.671
2026-07-07T22,1058.616
2026-07-07T23,940.361
2026-07-08T00,928.627
2026-07-08T01,911.582
2026-07-08T02,869.678
2026-07-08T03,849.081
2026-07-08T04,799.365
2026-07-08T05,653.058
2026-07-08T06,695.316
2026-07-08T07,797.235
2026-07-08T08,775.928
2026-07-08T09,978.699
2026-07-08T10,1348.729
2026-07-08T11,1439.639
2026-07-08T12,1702.779
2026-07-08T13,1701.359
2026-07-08T14,1644.185
2026-07-08T15,1667.623
2026-07-08T16,1652.708
2026-07-08T17,1594.114
2026-07-08T18,1412.65
2026-07-08T19,1393.119
2026-07-08T20,1330.263
2026-07-08T21,1224.794
2026-07-08T22,972.307
2026-07-08T23,747.163
2026-07-09T00,676.883
2026-07-09T01,665.519
2026-07-09T02,636.753
2026-07-09T03,680.435
2026-07-09T04,747.555
2026-07-09T05,618.286
2026-07-09T06,488.308
2026-07-09T07,606.922
2026-07-09T08,759.629
2026-07-09T09,950.691
2026-07-09T10,1317.898
2026-07-09T11,1367.262
2026-07-09T12,1575.725
2026-07-09T13,1597.033
2026-07-09T14,1564.716
2026-07-09T15,1573.239
2026-07-09T16,1550.866
2026-07-09T17,1529.558
2026-07-09T18,1363.711
2026-07-09T19,1366.907
2026-07-09T20,1313.992
2026-07-09T21,1211.714
2026-07-09T22,1084.576
2026-07-09T23,914.822
2026-07-10T00,880.69
2026-07-10T01,871.368
2026-07-10T02,836.744
2026-07-10T03,807.447
2026-07-10T04,720.887
2026-07-10T05,612.133
2026-07-10T06,494.056
2026-07-10T07,605.03
2026-07-10T08,767.94
2026-07-10T09,976.571
2026-07-10T10,1325.918
2026-07-10T11,1407.151
2026-07-10T12,1599.358
2026-07-10T13,1615.338
2026-07-10T14,1534.105
2026-07-10T15,1518.569
2026-07-10T16,1509.247
2026-07-10T17,1498.593
2026-07-10T18,1402.712
2026-07-10T19,1403.6
2026-07-10T20,1371.639
2026-07-10T21,1292.182
2026-07-10T22,879.358
2026-07-10T23,515.363
2026-07-11T00,439.453
2026-07-11T01,411.932
2026-07-11T02,373.757
2026-07-11T03,388.849
2026-07-11T04,370.206
2026-07-11T05,394.176
2026-07-11T06,474.965
2026-07-11T07,571.289
2026-07-11T08,723.1
2026-07-11T09,957.031
2026-07-11T10,1441.762
2026-07-11T11,1554.066
2026-07-11T12,1607.333
2026-07-11T13,1622.426
2026-07-11T14,1590.465
2026-07-11T15,1612.66
2026-07-11T16,1610.884
2026-07-11T17,1670.366
2026-07-11T18,1680.576
2026-07-11T19,1668.59
2026-07-11T20,1646.84
2026-07-11T21,1558.505
2026-07-11T22,925.515
2026-07-11T23,512.252
2026-07-12T00,423.033
2026-07-12T01,417.262
2026-07-12T02,384.414
2026-07-12T03,394.624
2026-07-12T04,386.19
2026-07-12T05,392.404
2026-07-12T06,396.843
2026-07-12T07,428.804
2026-07-12T08,594.377
2026-07-12T09,776.374
2026-07-12T10,928.187
2026-07-12T11,1304.611
2026-07-12T12,1443.994
2026-07-12T13,1619.333
2026-07-12T14,1610.899
2026-07-12T15,1615.782
2026-07-12T16,1594.475
2026-07-12T17,1605.573
2026-07-12T18,1546.978
2026-07-12T19,1512.354
2026-07-12T20,1439.111
2026-07-12T21,953.045
2026-07-12T22,979.235
2026-07-12T23,822.096
2026-07-13T00,790.125
2026-07-13T01,774.145
2026-07-13T02,736.414
2026-07-13T03,739.521
2026-07-13T04,704.01
2026-07-13T05,474.963
2026-07-13T06,494.938
2026-07-13T07,597.92
2026-07-13T08,735.97
2026-07-13T09,965.462
2026-07-13T10,1360.968
2026-07-13T11,1382.719
2026-07-13T12,1595.342
2026-07-13T13,1603.332
2026-07-13T14,1594.011
2026-07-13T15,1601.557
2026-07-13T16,1630.41
2026-07-13T17,1543.407
2026-07-13T18,1399.143
2026-07-13T19,1384.938
2026-07-13T20,1342.769
2026-07-13T21,1253.103
2026-07-13T22,1025.387
2026-07-13T23,799.447
2026-07-14T00,739.007
2026-07-14T01,725.868
2026-07-14T02,669.403
2026-07-14T03,593.763
2026-07-14T04,563.932
2026-07-14T05,558.606
2026-07-14T06,476.218
2026-07-14T07,620.042
2026-07-14T08,757.829
2026-07-14T09,1046.542
2026-07-14T10,1453.156
2026-07-14T11,1537.32
2026-07-14T12,1672.266
2026-07-14T13,1634.978
2026-07-14T14,1659.481
2026-07-14T15,1664.808
2026-07-14T16,1641.725
2026-07-14T17,1663.388
2026-07-14T18,1408.766
2026-07-14T19,1398.822
2026-07-14T20,1354.432
2026-07-14T21,1249.671
2026-07-14T22,1058.616
2026-07-14T23,940.361
2026-07-15T00,928.627
2026-07-15T01,911.582
2026-07-15T02,869.678
2026-07-15T03,849.081
2026-07-15T04,799.365
2026-07-15T05,653.058
2026-07-15T06,695.316
2026-07-15T07,797.235
2026-07-15T08,775.928
2026-07-15T09,978.699
2026-07-15T10,1348.729
2026-07-15T11,1439.639
2026-07-15T12,1702.779
2026-07-15T13,1701.359
2026-07-15T14,1644.185
2026-07-15T15,1667.623
2026-07-15T16,1652.708
2026-07-15T17,1594.114
2026-07-15T18,1412.65
2026-07-15T19,1393.119
2026-07-15T20,1330.263
2026-07-15T21,1224.794
2026-07-15T22,972.307
2026-07-15T23,747.163
2026-07-16T00,676.883
2026-07-16T01,665.519
2026-07-16T02,636.753
2026-07-16T03,680.435
2026-07-16T04,747.555
2026-07-16T05,618.286
2026-07-16T06,488.308
2026-07-16T07,606.922
2026-07-16T08,759.629
2026-07-16T09,950.691
2026-07-16T10,1317.898
2026-07-16T11,1367.262
2026-07-16T12,1575.725
2026-07-16T13,1597.033
2026-07-16T14,1564.716
2026-07-16T15,1573.239
2026-07-16T16,1550.866
2026-07-16T17,1529.558
2026-07-16T18,1363.711
2026-07-16T19,1366.907
2026-07-16T20,1313.992
2026-07-16T21,1211.714
2026-07-16T22,1084.576
2026-07-16T23,914.822
2026-07-17T00,880.69
2026-07-17T01,871.368
2026-07-17T02,836.744
2026-07-17T03,807.447
2026-07-17T04,720.887
2026-07-17T05,612.133
2026-07-17T06,494.056
2026-07-17T07,605.03
2026-07-17T08,767.94
2026-07-17T09,976.571
2026-07-17T10,1325.918
2026-07-17T11,1407.151
2026-07-17T12,1599.358
2026-07-17T13,1615.338
2026-07-17T14,1534.105
2026-07-17T15,1518.569
2026-07-17T16,1509.247
2026-07-17T17,1498.593
2026-07-17T18,1402.712
2026-07-17T19,1403.6
2026-07-17T20,1371.639
2026-07-17T21,1292.182
2026-07-17T22,879.358
2026-07-17T23,515.363
2026-07-18T00,439.453
2026-07-18T01,411.932
2026-07-18T02,373.757
2026-07-18T03,388.849
2026-07-18T04,370.206
2026-07-18T05,394.176
2026-07-18T06,474.965
2026-07-18T07,571.289
2026-07-18T08,723.1
2026-07-18T09,957.031
2026-07-18T10,1441.762
2026-07-18T11,1554.066
2026-07-18T12,1607.333
2026-07-18T13,1622.426
2026-07-18T14,1590.465
2026-07-18T15,1612.66
2026-07-18T16,1610.884
2026-07-18T17,1670.366
2026-07-18T18,1680.576
2026-07-18T19,1668.59
2026-07-18T20,1646.84
2026-07-18T21,1558.505
2026-07-18T22,925.515
2026-07-18T23,512.252
2026-07-19T00,423.033
2026-07-19T01,417.262
2026-07-19T02,384.414
2026-07-19T03,394.624
2026-07-19T04,386.19
2026-07-19T05,392.404
2026-07-19T06,396.843
2026-07-19T07,428.804
2026-07-19T08,594.377
2026-07-19T09,776.374
2026-07-19T10,928.187
2026-07-19T11,1304.611
2026-07-19T12,1443.994
2026-07-19T13,1619.333
2026-07-19T14,1610.899
2026-07-19T15,1615.782
2026-07-19T16,1594.475
2026-07-19T17,1605.573
2026-07-19T18,1546.978
2026-07-19T19,1512.354
2026-07-19T20,1439.111
2026-07-19T21,953.045
2026-07-19T22,979.235
2026-07-19T23,822.096
2026-07-20T00,790.125
2026-07-20T01,774.145
2026-07-20T02,736.414
2026-07-20T03,739.521
2026-07-20T04,704.01
2026-07-20T05,474.963
2026-07-20T06,494.938
2026-07-20T07,597.92
2026-07-20T08,735.97
2026-07-20T09,965.462
2026-07-20T10,1360.968
2026-07-20T11,1382.719
2026-07-20T12,1595.342
2026-07-20T13,1603.332
2026-07-20T14,1594.011
2026-07-20T15,1601.557
2026-07-20T16,1630.41
2026-07-20T17,1543.407
2026-07-20T18,1399.143
2026-07-20T19,1384.938
2026-07-20T20,1342.769
2026-07-20T21,1253.103
2026-07-20T22,1025.387
2026-07-20T23,799.447
2026-07-21T00,739.007
2026-07-21T01,725.868
2026-07-21T02,669.403
2026-07-21T03,593.763
2026-07-21T04,563.932
2026-07-21T05,558.606
2026-07-21T06,476.218
2026-07-21T07,620.042
2026-07-21T08,757.829
2026-07-21T09,1046.542
2026-07-21T10,1453.156
2026-07-21T11,1537.32
2026-07-21T12,1672.266
2026-07-21T13,1634.978
2026-07-21T14,1659.481
2026-07-21T15,1664.808
2026-07-21T16,1641.725
2026-07-21T17,1663.388
2026-07-21T18,1408.766
2026-07-21T19,1398.822
2026-07-21T20,1354.432
2026-07-21T21,1249.671
2026-07-21T22,1058.616
2026-07-21T23,940.361
2026-07-22T00,928.627
2026-07-22T01,911.582
2026-07-22T02,869.678
2026-07-22T03,849.081
2026-07-22T04,799.365
2026-07-22T05,653.058
2026-07-22T06,695.316
2026-07-22T07,797.235
2026-07-22T08,775.928
2026-07-22T09,978.699
2026-07-22T10,1348.729
2026-07-22T11,1439.639
2026-07-22T12,1702.779
2026-07-22T13,1701.359
2026-07-22T14,1644.185
2026-07-22T15,1667.623
2026-07-22T16,1652.708
2026-07-22T17,1594.114
2026-07-22T18,1412.65
2026-07-22T19,1393.119
2026-07-22T20,1330.263
2026-07-22T21,1224.794
2026-07-22T22,972.307
2026-07-22T23,747.163
2026-07-23T00,676.883
2026-07-23T01,665.519
2026-07-23T02,636.753
2026-07-23T03,680.435
2026-07-23T04,747.555
2026-07-23T05,618.286
2026-07-23T06,488.308
2026-07-23T07,606.922
2026-07-23T08,759.629
2026-07-23T09,950.691
2026-07-23T10,1317.898
2026-07-23T11,1367.262
2026-07-23T12,1575.725
2026-07-23T13,1597.033
2026-07-23T14,1564.716
2026-07-23T15,1573.239
2026-07-23T16,1550.866
2026-07-23T17,1529.558
2026-07-23T18,1363.711
2026-07-23T19,1366.907
2026-07-23T20,1313.992
2026-07-23T21,1211.714
2026-07-23T22,1084.576
2026-07-23T23,914.822
2026-07-24T00,880.69
2026-07-24T01,871.368
2026-07-24T02,836.744
2026-07-24T03,807.447
2026-07-24T04,720.887
2026-07-24T05,612.133
2026-07-24T06,494.056
2026-07-24T07,605.03
2026-07-24T08,767.94
2026-07-24T09,976.571
2026-07-24T10,1325.918
2026-07-24T11,1407.151
2026-07-24T12,1599.358
2026-07-24T13,1615.338
2026-07-24T14,1534.105
2026-07-24T15,1518.569
2026-07-24T16,1509.247
2026-07-24T17,1498.593
2026-07-24T18,1402.712
2026-07-24T19,1403.6
2026-07-24T20,1371.639
2026-07-24T21,1292.182
2026-07-24T22,879.358
2026-07-24T23,515.363
2026-07-25T00,439.453
2026-07-25T01,411.932
2026-07-25T02,373.757
2026-07-25T03,388.849
2026-07-25T04,370.206
2026-07-25T05,394.176
2026-07-25T06,474.965
2026-07-25T07,571.289
2026-07-25T08,723.1
2026-07-25T09,957.031
2026-07-25T10,1441.762
2026-07-25T11,1554.066
2026-07-25T12,1607.333
2026-07-25T13,1622.426
2026-07-25T14,1590.465
2026-07-25T15,1612.66
2026-07-25T16,1610.884
2026-07-25T17,1670.366
2026-07-25T18,1680.576
2026-07-25T19,1668.59
2026-07-25T20,1646.84
2026-07-25T21,1558.505
2026-07-25T22,925.515
2026-07-25T23,512.252
2026-07-26T00,423.033
2026-07-26T01,417.262
2026-07-26T02,384.414
2026-07-26T03,394.624
2026-07-26T04,386.19
2026-07-26T05,392.404
2026-07-26T06,396.843
2026-07-26T07,428.804
2026-07-26T08,594.377
2026-07-26T09,776.374
2026-07-26T10,928.187
2026-07-26T11,1304.611
2026-07-26T12,1443.994
2026-07-26T13,1619.333
2026-07-26T14,1610.899
2026-07-26T15,1615.782
2026-07-26T16,1594.475
2026-07-26T17,1605.573
2026-07-26T18,1546.978
2026-07-26T19,1512.354
2026-07-26T20,1439.111
2026-07-26T21,953.045
2026-07-26T22,979.235
2026-07-26T23,822.096
2026-07-27T00,790.125
2026-07-27T01,774.145
2026-07-27T02,736.414
2026-07-27T03,739.521
2026-07-27T04,704.01
2026-07-27T05,474.963
2026-07-27T06,494.938
2026-07-27T07,597.92
2026-07-27T08,735.97
2026-07-27T09,965.462
2026-07-27T10,1360.968
2026-07-27T11,1382.719
2026-07-27T12,1595.342
2026-07-27T13,1603.332
2026-07-27T14,1594.011
2026-07-27T15,1601.557
2026-07-27T16,1630.41
2026-07-27T17,1543.407
2026-07-27T18,1399.143
2026-07-27T19,1384.938
2026-07-27T20,1342.769
2026-07-27T21,1253.103
2026-07-27T22,1025.387
2026-07-27T23,799.447
2026-07-28T00,739.007
2026-07-28T01,725.868
2026-07-28T02,669.403
2026-07-28T03,593.763
2026-07-28T04,563.932
2026-07-28T05,558.606
2026-07-28T06,476.218
2026-07-28T07,620.042
2026-07-28T08,757.829
2026-07-28T09,1046.542
2026-07-28T10,1453.156
2026-07-28T11,1537.32
2026-07-28T12,1672.266
2026-07-28T13,1634.978
2026-07-28T14,1659.481
2026-07-28T15,1664.808
2026-07-28T16,1641.725
2026-07-28T17,1663.388
2026-07-28T18,1408.766
2026-07-28T19,1398.822
2026-07-28T20,1354.432
2026-07-28T21,1249.671
2026-07-28T22,1058.616
2026-07-28T23,940.361
2026-07-29T00,928.627
2026-07-29T01,911.582
2026-07-29T02,869.678
2026-07-29T03,849.081
2026-07-29T04,799.365
2026-07-29T05,653.058
2026-07-29T06,695.316
2026-07-29T07,797.235
2026-07-29T08,775.928
2026-07-29T09,978.699
2026-07-29T10,1348.729
2026-07-29T11,1439.639
2026-07-29T12,1702.779
2026-07-29T13,1701.359
2026-07-29T14,1644.185
2026-07-29T15,1667.623
2026-07-29T16,1652.708
2026-07-29T17,1594.114
2026-07-29T18,1412.65
2026-07-29T19,1393.119
2026-07-29T20,1330.263
2026-07-29T21,1224.794
2026-07-29T22,972.307
2026-07-29T23,747.163
2026-07-30T00,676.883
2026-07-30T01,665.519
2026-07-30T02,636.753
2026-07-30T03,680.435
2026-07-30T04,747.555
2026-07-30T05,618.286
2026-07-30T06,488.308
2026-07-30T07,606.922
2026-07-30T08,759.629
2026-07-30T09,950.691
2026-07-30T10,1317.898
2026-07-30T11,1367.262
2026-07-30T12,1575.725
2026-07-30T13,1597.033
2026-07-30T14,1564.716
2026-07-30T15,1573.239
2026-07-30T16,1550.866
2026-07-30T17,1529.558
2026-07-30T18,1363.711
2026-07-30T19,1366.907
2026-07-30T20,1313.992
2026-07-30T21,1211.714
2026-07-30T22,1084.576
2026-07-30T23,914.822
2026-07-31T00,880.69
2026-07-31T01,871.368
2026-07-31T02,836.744
2026-07-31T03,807.447
2026-07-31T04,720.887
2026-07-31T05,612.133
2026-07-31T06,494.056
2026-07-31T07,605.03
2026-07-31T08,767.94
2026-07-31T09,976.571
2026-07-31T10,1325.918
2026-07-31T11,1407.151
2026-07-31T12,1599.358
2026-07-31T13,1615.338
2026-07-31T14,1534.105
2026-07-31T15,1518.569
2026-07-31T16,1509.247
2026-07-31T17,1498.593
2026-07-31T18,1402.712
2026-07-31T19,1403.6
2026-07-31T20,1371.639
2026-07-31T21,1292.182
2026-07-31T22,879.358
2026-07-31T23,515.363
2026-08-01T00,437.05
2026-08-01T01,427.938
2026-08-01T02,394.767
2026-08-01T03,412.264
2026-08-01T04,397.683
2026-08-01T05,401.328
2026-08-01T06,484.072
2026-08-01T07,599.623
2026-08-01T08,741.054
2026-08-01T09,1012.251
2026-08-01T10,1715.395
2026-08-01T11,1750.024
2026-08-01T12,1802.149
2026-08-01T13,1822.562
2026-08-01T14,1784.653
2026-08-01T15,1788.662
2026-08-01T16,1748.201
2026-08-01T17,1785.382
2026-08-01T18,1789.391
2026-08-01T19,1797.046
2026-08-01T20,1789.391
2026-08-01T21,1666.915
2026-08-01T22,917.478
2026-08-01T23,526.72
2026-08-02T00,427.935
2026-08-02T01,418.093
2026-08-02T02,382.007
2026-08-02T03,402.784
2026-08-02T04,389.661
2026-08-02T05,390.39
2026-08-02T06,416.635
2026-08-02T07,454.909
2026-08-02T08,604.358
2026-08-02T09,765.472
2026-08-02T10,937.885
2026-08-02T11,1462.051
2026-08-02T12,1544.43
2026-08-02T13,1711.74
2026-08-02T14,1700.805
2026-08-02T15,1729.237
2026-08-02T16,1695.702
2026-08-02T17,1697.16
2026-08-02T18,1650.867
2026-08-02T19,1618.425
2026-08-02T20,1549.533
2026-08-02T21,1056.715
2026-08-02T22,1037.396
2026-08-02T23,944.811
2026-08-03T00,872.091
2026-08-03T01,849.31
2026-08-03T02,800.556
2026-08-03T03,759.093
2026-08-03T04,617.845
2026-08-03T05,395.038
2026-08-03T06,498.013
2026-08-03T07,606.454
2026-08-03T08,734.489
2026-08-03T09,960.941
2026-08-03T10,1314.061
2026-08-03T11,1400.176
2026-08-03T12,1729.603
2026-08-03T13,1719.579
2026-08-03T14,1675.382
2026-08-03T15,1684.494
2026-08-03T16,1658.979
2026-08-03T17,1610.681
2026-08-03T18,1396.075
2026-08-03T19,1401.999
2026-08-03T20,1335.476
2026-08-03T21,1220.199
2026-08-03T22,1042.045
2026-08-03T23,858.422
2026-08-04T00,804.244
2026-08-04T01,794.675
2026-08-04T02,788.296
2026-08-04T03,789.207
2026-08-04T04,630.637
2026-08-04T05,474.344
2026-08-04T06,507.608
2026-08-04T07,637.927
2026-08-04T08,771.892
2026-08-04T09,976.94
2026-08-04T10,1336.457
2026-08-04T11,1393.871
2026-08-04T12,1650.864
2026-08-04T13,1660.433
2026-08-04T14,1622.158
2026-08-04T15,1646.308
2026-08-04T16,1624.436
2026-08-04T17,1572.49
2026-08-04T18,1376.1
2026-08-04T19,1361.519
2026-08-04T20,1329.622
2026-08-04T21,1225.731
2026-08-04T22,1099.513
2026-08-04T23,927.728
2026-08-05T00,885.769
2026-08-05T01,873.922
2026-08-05T02,835.648
2026-08-05T03,785.528
2026-08-05T04,619.674
2026-08-05T05,393.675
2026-08-05T06,506.219
2026-08-05T07,627.875
2026-08-05T08,775.959
2026-08-05T09,980.543
2026-08-05T10,1337.311
2026-08-05T11,1372.851
2026-08-05T12,1657.172
2026-08-05T13,1689.067
2026-08-05T14,1653.527
2026-08-05T15,1684.055
2026-08-05T16,1655.349
2026-08-05T17,1605.229
2026-08-05T18,1385.609
2026-08-05T19,1376.04
2026-08-05T20,1328.198
2026-08-05T21,1216.11
2026-08-05T22,1099.01
2026-08-05T23,953.66
2026-08-06T00,905.825
2026-08-06T01,883.498
2026-08-06T02,811.05
2026-08-06T03,770.498
2026-08-06T04,624.691
2026-08-06T05,395.957
2026-08-06T06,513.058
2026-08-06T07,634.26
2026-08-06T08,771.865
2026-08-06T09,994.22
2026-08-06T10,1365.116
2026-08-06T11,1443.943
2026-08-06T12,1752.416
2026-08-06T13,1738.746
2026-08-06T14,1693.182
2026-08-06T15,1718.698
2026-08-06T16,1701.839
2026-08-06T17,1648.984
2026-08-06T18,1407.492
2026-08-06T19,1401.568
2026-08-06T20,1354.181
2026-08-06T21,1232.068
2026-08-06T22,1139.116
2026-08-06T23,978.728
2026-08-07T00,924.041
2026-08-07T01,913.835
2026-08-07T02,876.29
2026-08-07T03,774.591
2026-08-07T04,661.227
2026-08-07T05,398.413
2026-08-07T06,497.925
2026-08-07T07,636.44
2026-08-07T08,788.807
2026-08-07T09,1003.87
2026-08-07T10,1362.551
2026-08-07T11,1419.415
2026-08-07T12,1707.745
2026-08-07T13,1744.561
2026-08-07T14,1705.558
2026-08-07T15,1716.493
2026-08-07T16,1698.267
2026-08-07T17,1644.319
2026-08-07T18,1410.666
2026-08-07T19,1441.286
2026-08-07T20,1423.06
2026-08-07T21,1321.361
2026-08-07T22,849.681
2026-08-07T23,513.599
2026-08-08T00,437.05
2026-08-08T01,427.938
2026-08-08T02,394.767
2026-08-08T03,412.264
2026-08-08T04,397.683
2026-08-08T05,401.328
2026-08-08T06,484.072
2026-08-08T07,599.623
2026-08-08T08,741.054
2026-08-08T09,1012.251
2026-08-08T10,1715.395
2026-08-08T11,1750.024
2026-08-08T12,1802.149
2026-08-08T13,1822.562
2026-08-08T14,1784.653
2026-08-08T15,1788.662
2026-08-08T16,1748.201
2026-08-08T17,1785.382
2026-08-08T18,1789.391
2026-08-08T19,1797.046
2026-08-08T20,1789.391
2026-08-08T21,1666.915
2026-08-08T22,917.478
2026-08-08T23,526.72
2026-08-09T00,427.935
2026-08-09T01,418.093
2026-08-09T02,382.007
2026-08-09T03,402.784
2026-08-09T04,389.661
2026-08-09T05,390.39
2026-08-09T06,416.635
2026-08-09T07,454.909
2026-08-09T08,604.358
2026-08-09T09,765.472
2026-08-09T10,937.885
2026-08-09T11,1462.051
2026-08-09T12,1544.43
2026-08-09T13,1711.74
2026-08-09T14,1700.805
2026-08-09T15,1729.237
2026-08-09T16,1695.702
2026-08-09T17,1697.16
2026-08-09T18,1650.867
2026-08-09T19,1618.425
2026-08-09T20,1549.533
2026-08-09T21,1056.715
2026-08-09T22,1037.396
2026-08-09T23,944.811
2026-08-10T00,872.091
2026-08-10T01,849.31
2026-08-10T02,800.556
2026-08-10T03,759.093
2026-08-10T04,617.845
2026-08-10T05,395.038
2026-08-10T06,498.013
2026-08-10T07,606.454
2026-08-10T08,734.489
2026-08-10T09,960.941
2026-08-10T10,1314.061
2026-08-10T11,1400.176
2026-08-10T12,1729.603
2026-08-10T13,1719.579
2026-08-10T14,1675.382
2026-08-10T15,1684.494
2026-08-10T16,1658.979
2026-08-10T17,1610.681
2026-08-10T18,1396.075
2026-08-10T19,1401.999
2026-08-10T20,1335.476
2026-08-10T21,1220.199
2026-08-10T22,1042.045
2026-08-10T23,858.422
2026-08-11T00,804.244
2026-08-11T01,794.675
2026-08-11T02,788.296
2026-08-11T03,789.207
2026-08-11T04,630.637
2026-08-11T05,474.344
2026-08-11T06,507.608
2026-08-11T07,637.927
2026-08-11T08,771.892
2026-08-11T09,976.94
2026-08-11T10,1336.457
2026-08-11T11,1393.871
2026-08-11T12,1650.864
2026-08-11T13,1660.433
2026-08-11T14,1622.158
2026-08-11T15,1646.308
2026-08-11T16,1624.436
2026-08-11T17,1572.49
2026-08-11T18,1376.1
2026-08-11T19,1361.519
2026-08-11T20,1329.622
2026-08-11T21,1225.731
2026-08-11T22,1099.513
2026-08-11T23,927.728
2026-08-12T00,885.769
2026-08-12T01,873.922
2026-08-12T02,835.648
2026-08-12T03,785.528
2026-08-12T04,619.674
2026-08-12T05,393.675
2026-08-12T06,506.219
2026-08-12T07,627.875
2026-08-12T08,775.959
2026-08-12T09,980.543
2026-08-12T10,1337.311
2026-08-12T11,1372.851
2026-08-12T12,1657.172
2026-08-12T13,1689.067
2026-08-12T14,1653.527
2026-08-12T15,1684.055
2026-08-12T16,1655.349
2026-08-12T17,1605.229
2026-08-12T18,1385.609
2026-08-12T19,1376.04
2026-08-12T20,1328.198
2026-08-12T21,1216.11
2026-08-12T22,1099.01
2026-08-12T23,953.66
2026-08-13T00,905.825
2026-08-13T01,883.498
2026-08-13T02,811.05
2026-08-13T03,770.498
2026-08-13T04,624.691
2026-08-13T05,395.957
2026-08-13T06,513.058
2026-08-13T07,634.26
2026-08-13T08,771.865
2026-08-13T09,994.22
2026-08-13T10,1365.116
2026-08-13T11,1443.943
2026-08-13T12,1752.416
2026-08-13T13,1738.746
2026-08-13T14,1693.182
2026-08-13T15,1718.698
2026-08-13T16,1701.839
2026-08-13T17,1648.984
2026-08-13T18,1407.492
2026-08-13T19,1401.568
2026-08-13T20,1354.181
2026-08-13T21,1232.068
2026-08-13T22,1139.116
2026-08-13T23,978.728
2026-08-14T00,924.041
2026-08-14T01,913.835
2026-08-14T02,876.29
2026-08-14T03,774.591
2026-08-14T04,661.227
2026-08-14T05,398.413
2026-08-14T06,497.925
2026-08-14T07,636.44
2026-08-14T08,788.807
2026-08-14T09,1003.87
2026-08-14T10,1362.551
2026-08-14T11,1419.415
2026-08-14T12,1707.745
2026-08-14T13,1744.561
2026-08-14T14,1705.558
2026-08-14T15,1716.493
2026-08-14T16,1698.267
2026-08-14T17,1644.319
2026-08-14T18,1410.666
2026-08-14T19,1441.286
2026-08-14T20,1423.06
2026-08-14T21,1321.361
2026-08-14T22,849.681
2026-08-14T23,513.599
2026-08-15T00,437.05
2026-08-15T01,427.938
2026-08-15T02,394.767
2026-08-15T03,412.264
2026-08-15T04,397.683
2026-08-15T05,401.328
2026-08-15T06,484.072
2026-08-15T07,599.623
2026-08-15T08,741.054
2026-08-15T09,1012.251
2026-08-15T10,1715.395
2026-08-15T11,1750.024
2026-08-15T12,1802.149
2026-08-15T13,1822.562
2026-08-15T14,1784.653
2026-08-15T15,1788.662
2026-08-15T16,1748.201
2026-08-15T17,1785.382
2026-08-15T18,1789.391
2026-08-15T19,1797.046
2026-08-15T20,1789.391
2026-08-15T21,1666.915
2026-08-15T22,917.478
2026-08-15T23,526.72
2026-08-16T00,427.935
2026-08-16T01,418.093
2026-08-16T02,382.007
2026-08-16T03,402.784
2026-08-16T04,389.661
2026-08-16T05,390.39
2026-08-16T06,416.635
2026-08-16T07,454.909
2026-08-16T08,604.358
2026-08-16T09,765.472
2026-08-16T10,937.885
2026-08-16T11,1462.051
2026-08-16T12,1544.43
2026-08-16T13,1711.74
2026-08-16T14,1700.805
2026-08-16T15,1729.237
2026-08-16T16,1695.702
2026-08-16T17,1697.16
2026-08-16T18,1650.867
2026-08-16T19,1618.425
2026-08-16T20,1549.533
2026-08-16T21,1056.715
2026-08-16T22,1037.396
2026-08-16T23,944.811
2026-08-17T00,872.091
2026-08-17T01,849.31
2026-08-17T02,800.556
2026-08-17T03,759.093
2026-08-17T04,617.845
2026-08-17T05,395.038
2026-08-17T06,498.013
2026-08-17T07,606.454
2026-08-17T08,734.489
2026-08-17T09,960.941
2026-08-17T10,1314.061
2026-08-17T11,1400.176
2026-08-17T12,1729.603
2026-08-17T13,1719.579
2026-08-17T14,1675.382
2026-08-17T15,1684.494
2026-08-17T16,1658.979
2026-08-17T17,1610.681
2026-08-17T18,1396.075
2026-08-17T19,1401.999
2026-08-17T20,1335.476
2026-08-17T21,1220.199
2026-08-17T22,1042.045
2026-08-17T23,858.422
2026-08-18T00,804.244
2026-08-18T01,794.675
2026-08-18T02,788.296
2026-08-18T03,789.207
2026-08-18T04,630.637
2026-08-18T05,474.344
2026-08-18T06,507.608
2026-08-18T07,637.927
2026-08-18T08,771.892
2026-08-18T09,976.94
2026-08-18T10,1336.457
2026-08-18T11,1393.871
2026-08-18T12,1650.864
2026-08-18T13,1660.433
2026-08-18T14,1622.158
2026-08-18T15,1646.308
2026-08-18T16,1624.436
2026-08-18T17,1572.49
2026-08-18T18,1376.1
2026-08-18T19,1361.519
2026-08-18T20,1329.622
2026-08-18T21,1225.731
2026-08-18T22,1099.513
2026-08-18T23,927.728
2026-08-19T00,885.769
2026-08-19T01,873.922
2026-08-19T02,835.648
2026-08-19T03,785.528
2026-08-19T04,619.674
2026-08-19T05,393.675
2026-08-19T06,506.219
2026-08-19T07,627.875
2026-08-19T08,775.959
2026-08-19T09,980.543
2026-08-19T10,1337.311
2026-08-19T11,1372.851
2026-08-19T12,1657.172
2026-08-19T13,1689.067
2026-08-19T14,1653.527
2026-08-19T15,1684.055
2026-08-19T16,1655.349
2026-08-19T17,1605.229
2026-08-19T18,1385.609
2026-08-19T19,1376.04
2026-08-19T20,1328.198
2026-08-19T21,1216.11
2026-08-19T22,1099.01
2026-08-19T23,953.66
2026-08-20T00,905.825
2026-08-20T01,883.498
2026-08-20T02,811.05
2026-08-20T03,770.498
2026-08-20T04,624.691
2026-08-20T05,395.957
2026-08-20T06,513.058
2026-08-20T07,634.26
2026-08-20T08,771.865
2026-08-20T09,994.22
2026-08-20T10,1365.116
2026-08-20T11,1443.943
2026-08-20T12,1752.416
2026-08-20T13,1738.746
2026-08-20T14,1693.182
2026-08-20T15,1718.698
2026-08-20T16,1701.839
2026-08-20T17,1648.984
2026-08-20T18,1407.492
2026-08-20T19,1401.568
2026-08-20T20,1354.181
2026-08-20T21,1232.068
2026-08-20T22,1139.116
2026-08-20T23,978.728
2026-08-21T00,924.041
2026-08-21T01,913.835
2026-08-21T02,876.29
2026-08-21T03,774.591
2026-08-21T04,661.227
2026-08-21T05,398.413
2026-08-21T06,497.925
2026-08-21T07,636.44
2026-08-21T08,788.807
2026-08-21T09,1003.87
2026-08-21T10,1362.551
2026-08-21T11,1419.415
2026-08-21T12,1707.745
2026-08-21T13,1744.561
2026-08-21T14,1705.558
2026-08-21T15,1716.493
2026-08-21T16,1698.267
2026-08-21T17,1644.319
2026-08-21T18,1410.666
2026-08-21T19,1441.286
2026-08-21T20,1423.06
2026-08-21T21,1321.361
2026-08-21T22,849.681
2026-08-21T23,513.599
2026-08-22T00,437.05
2026-08-22T01,427.938
2026-08-22T02,394.767
2026-08-22T03,412.264
2026-08-22T04,397.683
2026-08-22T05,401.328
2026-08-22T06,484.072
2026-08-22T07,599.623
2026-08-22T08,741.054
2026-08-22T09,1012.251
2026-08-22T10,1715.395
2026-08-22T11,1750.024
2026-08-22T12,1802.149
2026-08-22T13,1822.562
2026-08-22T14,1784.653
2026-08-22T15,1788.662
2026-08-22T16,1748.201
2026-08-22T17,1785.382
2026-08-22T18,1789.391
2026-08-22T19,1797.046
2026-08-22T20,1789.391
2026-08-22T21,1666.915
2026-08-22T22,917.478
2026-08-22T23,526.72
2026-08-23T00,427.935
2026-08-23T01,418.093
2026-08-23T02,382.007
2026-08-23T03,402.784
2026-08-23T04,389.661
2026-08-23T05,390.39
2026-08-23T06,416.635
2026-08-23T07,454.909
2026-08-23T08,604.358
2026-08-23T09,765.472
2026-08-23T10,937.885
2026-08-23T11,1462.051
2026-08-23T12,1544.43
2026-08-23T13,1711.74
2026-08-23T14,1700.805
2026-08-23T15,1729.237
2026-08-23T16,1695.702
2026-08-23T17,1697.16
2026-08-23T18,1650.867
2026-08-23T19,1618.425
2026-08-23T20,1549.533
2026-08-23T21,1056.715
2026-08-23T22,1037.396
2026-08-23T23,944.811
2026-08-24T00,872.091
2026-08-24T01,849.31
2026-08-24T02,800.556
2026-08-24T03,759.093
2026-08-24T04,617.845
2026-08-24T05,395.038
2026-08-24T06,498.013
2026-08-24T07,606.454
2026-08-24T08,734.489
2026-08-24T09,960.941
2026-08-24T10,1314.061
2026-08-24T11,1400.176
2026-08-24T12,1729.603
2026-08-24T13,1719.579
2026-08-24T14,1675.382
2026-08-24T15,1684.494
2026-08-24T16,1658.979
2026-08-24T17,1610.681
2026-08-24T18,1396.075
2026-08-24T19,1401.999
2026-08-24T20,1335.476
2026-08-24T21,1220.199
2026-08-24T22,1042.045
2026-08-24T23,858.422
2026-08-25T00,804.214
2026-08-25T01,794.646
2026-08-25T02,788.266
2026-08-25T03,789.178
2026-08-25T04,630.613
2026-08-25T05,474.327
2026-08-25T06,507.589
2026-08-25T07,637.904
2026-08-25T08,771.863
2026-08-25T09,976.904
2026-08-25T10,1336.408
2026-08-25T11,1393.819
2026-08-25T12,1650.803
2026-08-25T13,1660.372
2026-08-25T14,1622.098
2026-08-25T15,1646.247
2026-08-25T16,1624.376
2026-08-25T17,1572.432
2026-08-25T18,1376.049
2026-08-25T19,1361.468
2026-08-25T20,1329.573
2026-08-25T21,1225.686
2026-08-25T22,1099.472
2026-08-25T23,927.694
2026-08-26T00,885.769
2026-08-26T01,873.922
2026-08-26T02,835.648
2026-08-26T03,785.528
2026-08-26T04,619.674
2026-08-26T05,393.675
2026-08-26T06,506.219
2026-08-26T07,627.875
2026-08-26T08,775.959
2026-08-26T09,980.543
2026-08-26T10,1337.311
2026-08-26T11,1372.851
2026-08-26T12,1657.172
2026-08-26T13,1689.067
2026-08-26T14,1653.527
2026-08-26T15,1684.055
2026-08-26T16,1655.349
2026-08-26T17,1605.229
2026-08-26T18,1385.609
2026-08-26T19,1376.04
2026-08-26T20,1328.198
2026-08-26T21,1216.11
2026-08-26T22,1099.01
2026-08-26T23,953.66
2026-08-27T00,905.825
2026-08-27T01,883.498
2026-08-27T02,811.05
2026-08-27T03,770.498
2026-08-27T04,624.691
2026-08-27T05,395.957
2026-08-27T06,513.058
2026-08-27T07,634.26
2026-08-27T08,771.865
2026-08-27T09,994.22
2026-08-27T10,1365.116
2026-08-27T11,1443.943
2026-08-27T12,1752.416
2026-08-27T13,1738.746
2026-08-27T14,1693.182
2026-08-27T15,1718.698
2026-08-27T16,1701.839
2026-08-27T17,1648.984
2026-08-27T18,1407.492
2026-08-27T19,1401.568
2026-08-27T20,1354.181
2026-08-27T21,1232.068
2026-08-27T22,1139.116
2026-08-27T23,978.728
2026-08-28T00,924.041
2026-08-28T01,913.835
2026-08-28T02,876.29
2026-08-28T03,774.591
2026-08-28T04,661.227
2026-08-28T05,398.413
2026-08-28T06,497.925
2026-08-28T07,636.44
2026-08-28T08,788.807
2026-08-28T09,1003.87
2026-08-28T10,1362.551
2026-08-28T11,1419.415
2026-08-28T12,1707.745
2026-08-28T13,1744.561
2026-08-28T14,1705.558
2026-08-28T15,1716.493
2026-08-28T16,1698.267
2026-08-28T17,1644.319
2026-08-28T18,1410.666
2026-08-28T19,1441.286
2026-08-28T20,1423.06
2026-08-28T21,1321.361
2026-08-28T22,849.681
2026-08-28T23,513.599
2026-08-29T00,437.05
2026-08-29T01,427.938
2026-08-29T02,394.767
2026-08-29T03,412.264
2026-08-29T04,397.683
2026-08-29T05,401.328
2026-08-29T06,484.072
2026-08-29T07,599.623
2026-08-29T08,741.054
2026-08-29T09,1012.251
2026-08-29T10,1715.395
2026-08-29T11,1750.024
2026-08-29T12,1802.149
2026-08-29T13,1822.562
2026-08-29T14,1784.653
2026-08-29T15,1788.662
2026-08-29T16,1748.201
2026-08-29T17,1785.382
2026-08-29T18,1789.391
2026-08-29T19,1797.046
2026-08-29T20,1789.391
2026-08-29T21,1666.915
2026-08-29T22,917.478
2026-08-29T23,526.72
2026-08-30T00,427.935
2026-08-30T01,418.093
2026-08-30T02,382.007
2026-08-30T03,402.784
2026-08-30T04,389.661
2026-08-30T05,390.39
2026-08-30T06,416.635
2026-08-30T07,454.909
2026-08-30T08,604.358
2026-08-30T09,765.472
2026-08-30T10,937.885
2026-08-30T11,1462.051
2026-08-30T12,1544.43
2026-08-30T13,1711.74
2026-08-30T14,1700.805
2026-08-30T15,1729.237
2026-08-30T16,1695.702
2026-08-30T17,1697.16
2026-08-30T18,1650.867
2026-08-30T19,1618.425
2026-08-30T20,1549.533
2026-08-30T21,1056.715
2026-08-30T22,1037.396
2026-08-30T23,944.811
2026-08-31T00,872.091
2026-08-31T01,849.31
2026-08-31T02,800.556
2026-08-31T03,759.093
2026-08-31T04,617.845
2026-08-31T05,395.038
2026-08-31T06,498.013
2026-08-31T07,606.454
2026-08-31T08,734.489
2026-08-31T09,960.941
2026-08-31T10,1314.061
2026-08-31T11,1400.176
2026-08-31T12,1729.603
2026-08-31T13,1719.579
2026-08-31T14,1675.382
2026-08-31T15,1684.494
2026-08-31T16,1658.979
2026-08-31T17,1610.681
2026-08-31T18,1396.075
2026-08-31T19,1401.999
2026-08-31T20,1335.476
2026-08-31T21,1220.199
2026-08-31T22,1042.045
2026-08-31T23,858.422
2026-09-01T00,1005.4
2026-09-01T01,960.914
2026-09-01T02,810.029
2026-09-01T03,704.744
2026-09-01T04,648.765
2026-09-01T05,430.409
2026-09-01T06,521.236
2026-09-01T07,678.794
2026-09-01T08,815.22
2026-09-01T09,1025.419
2026-09-01T10,1413.566
2026-09-01T11,1525.525
2026-09-01T12,1776.133
2026-09-01T13,1814.318
2026-09-01T14,1764.27
2026-09-01T15,1777.987
2026-09-01T16,1726.827
2026-09-01T17,1664.546
2026-09-01T18,1462.872
2026-09-01T19,1454.717
2026-09-01T20,1387.245
2026-09-01T21,1270.838
2026-09-01T22,1197.806
2026-09-01T23,1025.419
2026-09-02T00,944.845
2026-09-02T01,986.087
2026-09-02T02,799.805
2026-09-02T03,692.763
2026-09-02T04,615.377
2026-09-02T05,438.827
2026-09-02T06,510.189
2026-09-02T07,673.764
2026-09-02T08,828.072
2026-09-02T09,1043.547
2026-09-02T10,1428.621
2026-09-02T11,1586.636
2026-09-02T12,1801.184
2026-09-02T13,1815.549
2026-09-02T14,1754.845
2026-09-02T15,1772.917
2026-09-02T16,1766.43
2026-09-02T17,1686.727
2026-09-02T18,1463.838
2026-09-02T19,1450.4
2026-09-02T20,1390.623
2026-09-02T21,1279.41
2026-09-02T22,1215.926
2026-09-02T23,1042.62
2026-09-03T00,1007.856
2026-09-03T01,968.932
2026-09-03T02,757.167
2026-09-03T03,712.218
2026-09-03T04,600.08
2026-09-03T05,412.41
2026-09-03T06,522.232
2026-09-03T07,667.734
2026-09-03T08,795.164
2026-09-03T09,996.272
2026-09-03T10,1374.855
2026-09-03T11,1556.501
2026-09-03T12,1747.878
2026-09-03T13,1755.292
2026-09-03T14,1712.661
2026-09-03T15,1725.635
2026-09-03T16,1723.782
2026-09-03T17,1688.565
2026-09-03T18,1458.264
2026-09-03T19,1440.655
2026-09-03T20,1380.416
2026-09-03T21,1272.448
2026-09-03T22,1054.195
2026-09-03T23,894.791
2026-09-04T00,956.418
2026-09-04T01,949.468
2026-09-04T02,774.773
2026-09-04T03,760.872
2026-09-04T04,651.05
2026-09-04T05,414.263
2026-09-04T06,510.646
2026-09-04T07,645.953
2026-09-04T08,795.162
2026-09-04T09,1006.0
2026-09-04T10,1387.826
2026-09-04T11,1620.443
2026-09-04T12,1812.283
2026-09-04T13,1784.017
2026-09-04T14,1746.02
2026-09-04T15,1769.189
2026-09-04T16,1747.41
2026-09-04T17,1688.56
2026-09-04T18,1464.747
2026-09-04T19,1480.966
2026-09-04T20,1445.285
2026-09-04T21,1358.633
2026-09-04T22,891.082
2026-09-04T23,544.936
2026-09-05T00,449.95
2026-09-05T01,423.073
2026-09-05T02,393.88
2026-09-05T03,410.098
2026-09-05T04,393.416
2026-09-05T05,405.001
2026-09-05T06,498.606
2026-09-05T07,618.623
2026-09-05T08,764.59
2026-09-05T09,1067.646
2026-09-05T10,1738.632
2026-09-05T11,1779.874
2026-09-05T12,1832.237
2026-09-05T13,1844.285
2026-09-05T14,1813.701
2026-09-05T15,1843.821
2026-09-05T16,1778.947
2026-09-05T17,1829.92
2026-09-05T18,1822.969
2026-09-05T19,1809.067
2026-09-05T20,1800.263
2026-09-05T21,1702.951
2026-09-05T22,963.384
2026-09-05T23,556.066
2026-09-06T00,450.416
2026-09-06T01,421.686
2026-09-06T02,383.225
2026-09-06T03,407.784
2026-09-06T04,400.37
2026-09-06T05,403.151
2026-09-06T06,430.027
2026-09-06T07,466.635
2026-09-06T08,625.115
2026-09-06T09,767.84
2026-09-06T10,910.101
2026-09-06T11,1335.494
2026-09-06T12,1531.045
2026-09-06T13,1783.13
2026-09-06T14,1755.79
2026-09-06T15,1762.741
2026-09-06T16,1734.474
2026-09-06T17,1753.936
2026-09-06T18,1702.5
2026-09-06T19,1655.234
2026-09-06T20,1585.262
2026-09-06T21,1068.581
2026-09-06T22,1051.898
2026-09-06T23,891.565
2026-09-07T00,957.538
2026-09-07T01,901.561
2026-09-07T02,784.417
2026-09-07T03,724.363
2026-09-07T04,628.72
2026-09-07T05,438.176
2026-09-07T06,519.732
2026-09-07T07,653.557
2026-09-07T08,790.349
2026-09-07T09,1020.558
2026-09-07T10,1410.542
2026-09-07T11,1565.127
2026-09-07T12,1823.511
2026-09-07T13,1827.218
2026-09-07T14,1780.508
2026-09-07T15,1797.561
2026-09-07T16,1769.758
2026-09-07T17,1721.937
2026-09-07T18,1460.959
2026-09-07T19,1465.407
2026-09-07T20,1412.396
2026-09-07T21,1300.813
2026-09-07T22,1140.667
2026-09-07T23,1014.627
2026-09-08T00,1005.4
2026-09-08T01,960.914
2026-09-08T02,810.029
2026-09-08T03,704.744
2026-09-08T04,648.765
2026-09-08T05,430.409
2026-09-08T06,521.236
2026-09-08T07,678.794
2026-09-08T08,815.22
2026-09-08T09,1025.419
2026-09-08T10,1413.566
2026-09-08T11,1525.525
2026-09-08T12,1776.133
2026-09-08T13,1814.318
2026-09-08T14,1764.27
2026-09-08T15,1777.987
2026-09-08T16,1726.827
2026-09-08T17,1664.546
2026-09-08T18,1462.872
2026-09-08T19,1454.717
2026-09-08T20,1387.245
2026-09-08T21,1270.838
2026-09-08T22,1197.806
2026-09-08T23,1025.419
2026-09-09T00,944.845
2026-09-09T01,986.087
2026-09-09T02,799.805
2026-09-09T03,692.763
2026-09-09T04,615.377
2026-09-09T05,438.827
2026-09-09T06,510.189
2026-09-09T07,673.764
2026-09-09T08,828.072
2026-09-09T09,1043.547
2026-09-09T10,1428.621
2026-09-09T11,1586.636
2026-09-09T12,1801.184
2026-09-09T13,1815.549
2026-09-09T14,1754.845
2026-09-09T15,1772.917
2026-09-09T16,1766.43
2026-09-09T17,1686.727
2026-09-09T18,1463.838
2026-09-09T19,1450.4
2026-09-09T20,1390.623
2026-09-09T21,1279.41
2026-09-09T22,1215.926
2026-09-09T23,1042.62
2026-09-10T00,1007.856
2026-09-10T01,968.932
2026-09-10T02,757.167
2026-09-10T03,712.218
2026-09-10T04,600.08
2026-09-10T05,412.41
2026-09-10T06,522.232
2026-09-10T07,667.734
2026-09-10T08,795.164
2026-09-10T09,996.272
2026-09-10T10,1374.855
2026-09-10T11,1556.501
2026-09-10T12,1747.878
2026-09-10T13,1755.292
2026-09-10T14,1712.661
2026-09-10T15,1725.635
2026-09-10T16,1723.782
2026-09-10T17,1688.565
2026-09-10T18,1458.264
2026-09-10T19,1440.655
2026-09-10T20,1380.416
2026-09-10T21,1272.448
2026-09-10T22,1054.195
2026-09-10T23,894.791
2026-09-11T00,956.418
2026-09-11T01,949.468
2026-09-11T02,774.773
2026-09-11T03,760.872
2026-09-11T04,651.05
2026-09-11T05,414.263
2026-09-11T06,510.646
2026-09-11T07,645.953
2026-09-11T08,795.162
2026-09-11T09,1006.0
2026-09-11T10,1387.826
2026-09-11T11,1620.443
2026-09-11T12,1812.283
2026-09-11T13,1784.017
2026-09-11T14,1746.02
2026-09-11T15,1769.189
2026-09-11T16,1747.41
2026-09-11T17,1688.56
2026-09-11T18,1464.747
2026-09-11T19,1480.966
2026-09-11T20,1445.285
2026-09-11T21,1358.633
2026-09-11T22,891.082
2026-09-11T23,544.936
2026-09-12T00,449.95
2026-09-12T01,423.073
2026-09-12T02,393.88
2026-09-12T03,410.098
2026-09-12T04,393.416
2026-09-12T05,405.001
2026-09-12T06,498.606
2026-09-12T07,618.623
2026-09-12T08,764.59
2026-09-12T09,1067.646
2026-09-12T10,1738.632
2026-09-12T11,1779.874
2026-09-12T12,1832.237
2026-09-12T13,1844.285
2026-09-12T14,1813.701
2026-09-12T15,1843.821
2026-09-12T16,1778.947
2026-09-12T17,1829.92
2026-09-12T18,1822.969
2026-09-12T19,1809.067
2026-09-12T20,1800.263
2026-09-12T21,1702.951
2026-09-12T22,963.384
2026-09-12T23,556.066
2026-09-13T00,450.416
2026-09-13T01,421.686
2026-09-13T02,383.225
2026-09-13T03,407.784
2026-09-13T04,400.37
2026-09-13T05,403.151
2026-09-13T06,430.027
2026-09-13T07,466.635
2026-09-13T08,625.115
2026-09-13T09,767.84
2026-09-13T10,910.101
2026-09-13T11,1335.494
2026-09-13T12,1531.045
2026-09-13T13,1783.13
2026-09-13T14,1755.79
2026-09-13T15,1762.741
2026-09-13T16,1734.474
2026-09-13T17,1753.936
2026-09-13T18,1702.5
2026-09-13T19,1655.234
2026-09-13T20,1585.262
2026-09-13T21,1068.581
2026-09-13T22,1051.898
2026-09-13T23,891.565
2026-09-14T00,957.538
2026-09-14T01,901.561
2026-09-14T02,784.417
2026-09-14T03,724.363
2026-09-14T04,628.72
2026-09-14T05,438.176
2026-09-14T06,519.732
2026-09-14T07,653.557
2026-09-14T08,790.349
2026-09-14T09,1020.558
2026-09-14T10,1410.542
2026-09-14T11,1565.127
2026-09-14T12,1823.511
2026-09-14T13,1827.218
2026-09-14T14,1780.508
2026-09-14T15,1797.561
2026-09-14T16,1769.758
2026-09-14T17,1721.937
2026-09-14T18,1460.959
2026-09-14T19,1465.407
2026-09-14T20,1412.396
2026-09-14T21,1300.813
2026-09-14T22,1140.667
2026-09-14T23,1014.627
2026-09-15T00,1005.366
2026-09-15T01,960.88
2026-09-15T02,810.001
2026-09-15T03,704.72
2026-09-15T04,648.743
2026-09-15T05,430.394
2026-09-15T06,521.218
2026-09-15T07,678.77
2026-09-15T08,815.191
2026-09-15T09,1025.384
2026-09-15T10,1413.517
2026-09-15T11,1525.472
2026-09-15T12,1776.072
2026-09-15T13,1814.255
2026-09-15T14,1764.209
2026-09-15T15,1777.925
2026-09-15T16,1726.767
2026-09-15T17,1664.488
2026-09-15T18,1462.822
2026-09-15T19,1454.666
2026-09-15T20,1387.197
2026-09-15T21,1270.794
2026-09-15T22,1197.764
2026-09-15T23,1025.384
2026-09-16T00,944.845
2026-09-16T01,986.087
2026-09-16T02,799.805
2026-09-16T03,692.763
2026-09-16T04,615.377
2026-09-16T05,438.827
2026-09-16T06,510.189
2026-09-16T07,673.764
2026-09-16T08,828.072
2026-09-16T09,1043.547
2026-09-16T10,1428.621
2026-09-16T11,1586.636
2026-09-16T12,1801.184
2026-09-16T13,1815.549
2026-09-16T14,1754.845
2026-09-16T15,1772.917
2026-09-16T16,1766.43
2026-09-16T17,1686.727
2026-09-16T18,1463.838
2026-09-16T19,1450.4
2026-09-16T20,1390.623
2026-09-16T21,1279.41
2026-09-16T22,1215.926
2026-09-16T23,1042.62
2026-09-17T00,1007.856
2026-09-17T01,968.932
2026-09-17T02,757.167
2026-09-17T03,712.218
2026-09-17T04,600.08
2026-09-17T05,412.41
2026-09-17T06,522.232
2026-09-17T07,667.734
2026-09-17T08,795.164
2026-09-17T09,996.272
2026-09-17T10,1374.855
2026-09-17T11,1556.501
2026-09-17T12,1747.878
2026-09-17T13,1755.292
2026-09-17T14,1712.661
2026-09-17T15,1725.635
2026-09-17T16,1723.782
2026-09-17T17,1688.565
2026-09-17T18,1458.264
2026-09-17T19,1440.655
2026-09-17T20,1380.416
2026-09-17T21,1272.448
2026-09-17T22,1054.195
2026-09-17T23,894.791
2026-09-18T00,956.418
2026-09-18T01,949.468
2026-09-18T02,774.773
2026-09-18T03,760.872
2026-09-18T04,651.05
2026-09-18T05,414.263
2026-09-18T06,510.646
2026-09-18T07,645.953
2026-09-18T08,795.162
2026-09-18T09,1006.0
2026-09-18T10,1387.826
2026-09-18T11,1620.443
2026-09-18T12,1812.283
2026-09-18T13,1784.017
2026-09-18T14,1746.02
2026-09-18T15,1769.189
2026-09-18T16,1747.41
2026-09-18T17,1688.56
2026-09-18T18,1464.747
2026-09-18T19,1480.966
2026-09-18T20,1445.285
2026-09-18T21,1358.633
2026-09-18T22,891.082
2026-09-18T23,544.936
2026-09-19T00,449.95
2026-09-19T01,423.073
2026-09-19T02,393.88
2026-09-19T03,410.098
2026-09-19T04,393.416
2026-09-19T05,405.001
2026-09-19T06,498.606
2026-09-19T07,618.623
2026-09-19T08,764.59
2026-09-19T09,1067.646
2026-09-19T10,1738.632
2026-09-19T11,1779.874
2026-09-19T12,1832.237
2026-09-19T13,1844.285
2026-09-19T14,1813.701
2026-09-19T15,1843.821
2026-09-19T16,1778.947
2026-09-19T17,1829.92
2026-09-19T18,1822.969
2026-09-19T19,1809.067
2026-09-19T20,1800.263
2026-09-19T21,1702.951
2026-09-19T22,963.384
2026-09-19T23,556.066
2026-09-20T00,450.416
2026-09-20T01,421.686
2026-09-20T02,383.225
2026-09-20T03,407.784
2026-09-20T04,400.37
2026-09-20T05,403.151
2026-09-20T06,430.027
2026-09-20T07,466.635
2026-09-20T08,625.115
2026-09-20T09,767.84
2026-09-20T10,910.101
2026-09-20T11,1335.494
2026-09-20T12,1531.045
2026-09-20T13,1783.13
2026-09-20T14,1755.79
2026-09-20T15,1762.741
2026-09-20T16,1734.474
2026-09-20T17,1753.936
2026-09-20T18,1702.5
2026-09-20T19,1655.234
2026-09-20T20,1585.262
2026-09-20T21,1068.581
2026-09-20T22,1051.898
2026-09-20T23,891.565
2026-09-21T00,957.538
2026-09-21T01,901.561
2026-09-21T02,784.417
2026-09-21T03,724.363
2026-09-21T04,628.72
2026-09-21T05,438.176
2026-09-21T06,519.732
2026-09-21T07,653.557
2026-09-21T08,790.349
2026-09-21T09,1020.558
2026-09-21T10,1410.542
2026-09-21T11,1565.127
2026-09-21T12,1823.511
2026-09-21T13,1827.218
2026-09-21T14,1780.508
2026-09-21T15,1797.561
2026-09-21T16,1769.758
2026-09-21T17,1721.937
2026-09-21T18,1460.959
2026-09-21T19,1465.407
2026-09-21T20,1412.396
2026-09-21T21,1300.813
2026-09-21T22,1140.667
2026-09-21T23,1014.627
2026-09-22T00,1005.366
2026-09-22T01,960.88
2026-09-22T02,810.001
2026-09-22T03,704.72
2026-09-22T04,648.743
2026-09-22T05,430.394
2026-09-22T06,521.218
2026-09-22T07,678.77
2026-09-22T08,815.191
2026-09-22T09,1025.384
2026-09-22T10,1413.517
2026-09-22T11,1525.472
2026-09-22T12,1776.072
2026-09-22T13,1814.255
2026-09-22T14,1764.209
2026-09-22T15,1777.925
2026-09-22T16,1726.767
2026-09-22T17,1664.488
2026-09-22T18,1462.822
2026-09-22T19,1454.666
2026-09-22T20,1387.197
2026-09-22T21,1270.794
2026-09-22T22,1197.764
2026-09-22T23,1025.384
2026-09-23T00,944.845
2026-09-23T01,986.087
2026-09-23T02,799.805
2026-09-23T03,692.763
2026-09-23T04,615.377
2026-09-23T05,438.827
2026-09-23T06,510.189
2026-09-23T07,673.764
2026-09-23T08,828.072
2026-09-23T09,1043.547
2026-09-23T10,1428.621
2026-09-23T11,1586.636
2026-09-23T12,1801.184
2026-09-23T13,1815.549
2026-09-23T14,1754.845
2026-09-23T15,1772.917
2026-09-23T16,1766.43
2026-09-23T17,1686.727
2026-09-23T18,1463.838
2026-09-23T19,1450.4
2026-09-23T20,1390.623
2026-09-23T21,1279.41
2026-09-23T22,1215.926
2026-09-23T23,1042.62
2026-09-24T00,1007.856
2026-09-24T01,968.932
2026-09-24T02,757.167
2026-09-24T03,712.218
2026-09-24T04,600.08
2026-09-24T05,412.41
2026-09-24T06,522.232
2026-09-24T07,667.734
2026-09-24T08,795.164
2026-09-24T09,996.272
2026-09-24T10,1374.855
2026-09-24T11,1556.501
2026-09-24T12,1747.878
2026-09-24T13,1755.292
2026-09-24T14,1712.661
2026-09-24T15,1725.635
2026-09-24T16,1723.782
2026-09-24T17,1688.565
2026-09-24T18,1458.264
2026-09-24T19,1440.655
2026-09-24T20,1380.416
2026-09-24T21,1272.448
2026-09-24T22,1054.195
2026-09-24T23,894.791
2026-09-25T00,956.418
2026-09-25T01,949.468
2026-09-25T02,774.773
2026-09-25T03,760.872
2026-09-25T04,651.05
2026-09-25T05,414.263
2026-09-25T06,510.646
2026-09-25T07,645.953
2026-09-25T08,795.162
2026-09-25T09,1006.0
2026-09-25T10,1387.826
2026-09-25T11,1620.443
2026-09-25T12,1812.283
2026-09-25T13,1784.017
2026-09-25T14,1746.02
2026-09-25T15,1769.189
2026-09-25T16,1747.41
2026-09-25T17,1688.56
2026-09-25T18,1464.747
2026-09-25T19,1480.966
2026-09-25T20,1445.285
2026-09-25T21,1358.633
2026-09-25T22,891.082
2026-09-25T23,544.936
2026-09-26T00,449.95
2026-09-26T01,423.073
2026-09-26T02,393.88
2026-09-26T03,410.098
2026-09-26T04,393.416
2026-09-26T05,405.001
2026-09-26T06,498.606
2026-09-26T07,618.623
2026-09-26T08,764.59
2026-09-26T09,1067.646
2026-09-26T10,1738.632
2026-09-26T11,1779.874
2026-09-26T12,1832.237
2026-09-26T13,1844.285
2026-09-26T14,1813.701
2026-09-26T15,1843.821
2026-09-26T16,1778.947
2026-09-26T17,1829.92
2026-09-26T18,1822.969
2026-09-26T19,1809.067
2026-09-26T20,1800.263
2026-09-26T21,1702.951
2026-09-26T22,963.384
2026-09-26T23,556.066
2026-09-27T00,450.416
2026-09-27T01,421.686
2026-09-27T02,383.225
2026-09-27T03,407.784
2026-09-27T04,400.37
2026-09-27T05,403.151
2026-09-27T06,430.027
2026-09-27T07,466.635
2026-09-27T08,625.115
2026-09-27T09,767.84
2026-09-27T10,910.101
2026-09-27T11,1335.494
2026-09-27T12,1531.045
2026-09-27T13,1783.13
2026-09-27T14,1755.79
2026-09-27T15,1762.741
2026-09-27T16,1734.474
2026-09-27T17,1753.936
2026-09-27T18,1702.5
2026-09-27T19,1655.234
2026-09-27T20,1585.262
2026-09-27T21,1068.581
2026-09-27T22,1051.898
2026-09-27T23,891.565
2026-09-28T00,957.538
2026-09-28T01,901.561
2026-09-28T02,784.417
2026-09-28T03,724.363
2026-09-28T04,628.72
2026-09-28T05,438.176
2026-09-28T06,519.732
2026-09-28T07,653.557
2026-09-28T08,790.349
2026-09-28T09,1020.558
2026-09-28T10,1410.542
2026-09-28T11,1565.127
2026-09-28T12,1823.511
2026-09-28T13,1827.218
2026-09-28T14,1780.508
2026-09-28T15,1797.561
2026-09-28T16,1769.758
2026-09-28T17,1721.937
2026-09-28T18,1460.959
2026-09-28T19,1465.407
2026-09-28T20,1412.396
2026-09-28T21,1300.813
2026-09-28T22,1140.667
2026-09-28T23,1014.627
2026-09-29T00,1005.366
2026-09-29T01,960.88
2026-09-29T02,810.001
2026-09-29T03,704.72
2026-09-29T04,648.743
2026-09-29T05,430.394
2026-09-29T06,521.218
2026-09-29T07,678.77
2026-09-29T08,815.191
2026-09-29T09,1025.384
2026-09-29T10,1413.517
2026-09-29T11,1525.472
2026-09-29T12,1776.072
2026-09-29T13,1814.255
2026-09-29T14,1764.209
2026-09-29T15,1777.925
2026-09-29T16,1726.767
2026-09-29T17,1664.488
2026-09-29T18,1462.822
2026-09-29T19,1454.666
2026-09-29T20,1387.197
2026-09-29T21,1270.794
2026-09-29T22,1197.764
2026-09-29T23,1025.384
2026-09-30T00,944.845
2026-09-30T01,986.087
2026-09-30T02,799.805
2026-09-30T03,692.763
2026-09-30T04,615.377
2026-09-30T05,438.827
2026-09-30T06,510.189
2026-09-30T07,673.764
2026-09-30T08,828.072
2026-09-30T09,1043.547
2026-09-30T10,1428.621
2026-09-30T11,1586.636
2026-09-30T12,1801.184
2026-09-30T13,1815.549
2026-09-30T14,1754.845
2026-09-30T15,1772.917
2026-09-30T16,1766.43
2026-09-30T17,1686.727
2026-09-30T18,1463.838
2026-09-30T19,1450.4
2026-09-30T20,1390.623
2026-09-30T21,1279.41
2026-09-30T22,1215.926
2026-09-30T23,1042.62
2026-10-01T00,927.567
2026-10-01T01,900.367
2026-10-01T02,709.276
2026-10-01T03,561.567
2026-10-01T04,516.807
2026-10-01T05,412.482
2026-10-01T06,468.948
2026-10-01T07,627.675
2026-10-01T08,796.386
2026-10-01T09,1015.71
2026-10-01T10,1365.528
2026-10-01T11,1451.261
2026-10-01T12,1726.708
2026-10-01T13,1717.067
2026-10-01T14,1692.621
2026-10-01T15,1692.277
2026-10-01T16,1668.864
2026-10-01T17,1584.508
2026-10-01T18,1416.83
2026-10-01T19,1413.387
2026-10-01T20,1365.872
2026-10-01T21,1257.415
2026-10-01T22,1155.5
2026-10-01T23,963.376
2026-10-02T00,928.935
2026-10-02T01,903.801
2026-10-02T02,779.507
2026-10-02T03,647.294
2026-10-02T04,526.443
2026-10-02T05,375.637
2026-10-02T06,464.812
2026-10-02T07,635.587
2026-10-02T08,826.677
2026-10-02T09,1024.997
2026-10-02T10,1363.104
2026-10-02T11,1573.819
2026-10-02T12,1766.974
2026-10-02T13,1764.22
2026-10-02T14,1719.804
2026-10-02T15,1746.316
2026-10-02T16,1743.217
2026-10-02T17,1668.503
2026-10-02T18,1437.13
2026-10-02T19,1441.606
2026-10-02T20,1430.932
2026-10-02T21,1354.497
2026-10-02T22,873.847
2026-10-02T23,502.341
2026-10-03T00,402.404
2026-10-03T01,382.176
2026-10-03T02,350.328
2026-10-03T03,366.252
2026-10-03T04,349.898
2026-10-03T05,355.923
2026-10-03T06,439.847
2026-10-03T07,598.227
2026-10-03T08,784.581
2026-10-03T09,1099.187
2026-10-03T10,1663.844
2026-10-03T11,1828.249
2026-10-03T12,1869.565
2026-10-03T13,1875.591
2026-10-03T14,1826.958
2026-10-03T15,1858.376
2026-10-03T16,1818.35
2026-10-03T17,1839.009
2026-10-03T18,1851.059
2026-10-03T19,1848.047
2026-10-03T20,1811.464
2026-10-03T21,1677.186
2026-10-03T22,904.226
2026-10-03T23,502.252
2026-10-04T00,398.103
2026-10-04T01,379.166
2026-10-04T02,347.318
2026-10-04T03,363.673
2026-10-04T04,360.229
2026-10-04T05,364.103
2026-10-04T06,385.192
2026-10-04T07,421.774
2026-10-04T08,570.256
2026-10-04T09,790.611
2026-10-04T10,1004.08
2026-10-04T11,1523.121
2026-10-04T12,1628.134
2026-10-04T13,1805.881
2026-10-04T14,1780.059
2026-10-04T15,1868.287
2026-10-04T16,1818.363
2026-10-04T17,1786.084
2026-10-04T18,1657.83
2026-10-04T19,1626.843
2026-10-04T20,1543.779
2026-10-04T21,1061.752
2026-10-04T22,1063.903
2026-10-04T23,958.46
2026-10-05T00,907.246
2026-10-05T01,890.031
2026-10-05T02,828.056
2026-10-05T03,694.637
2026-10-05T04,500.535
2026-10-05T05,364.964
2026-10-05T06,462.661
2026-10-05T07,621.903
2026-10-05T08,800.942
2026-10-05T09,1022.589
2026-10-05T10,1393.148
2026-10-05T11,1503.326
2026-10-05T12,1780.062
2026-10-05T13,1779.631
2026-10-05T14,1737.454
2026-10-05T15,1744.34
2026-10-05T16,1799.429
2026-10-05T17,1684.517
2026-10-05T18,1435.756
2026-10-05T19,1438.769
2026-10-05T20,1403.047
2026-10-05T21,1281.249
2026-10-05T22,1208.084
2026-10-05T23,963.626
2026-10-06T00,910.649
2026-10-06T01,890.852
2026-10-06T02,745.82
2026-10-06T03,630.482
2026-10-06T04,522.892
2026-10-06T05,369.682
2026-10-06T06,473.4
2026-10-06T07,648.127
2026-10-06T08,831.462
2026-10-06T09,1044.923
2026-10-06T10,1378.454
2026-10-06T11,1522.196
2026-10-06T12,1745.124
2026-10-06T13,1776.11
2026-10-06T14,1728.77
2026-10-06T15,1785.578
2026-10-06T16,1781.705
2026-10-06T17,1674.544
2026-10-06T18,1428.807
2026-10-06T19,1439.566
2026-10-06T20,1404.276
2026-10-06T21,1285.496
2026-10-06T22,1181.348
2026-10-06T23,931.737
2026-10-07T00,878.668
2026-10-07T01,847.68
2026-10-07T02,728.551
2026-10-07T03,618.717
2026-10-07T04,517.491
2026-10-07T05,373.227
2026-10-07T06,468.944
2026-10-07T07,646.606
2026-10-07T08,823.235
2026-10-07T09,1031.884
2026-10-07T10,1388.929
2026-10-07T11,1605.152
2026-10-07T12,1765.599
2026-10-07T13,1742.186
2026-10-07T14,1705.69
2026-10-07T15,1766.287
2026-10-07T16,1766.632
2026-10-07T17,1659.897
2026-10-07T18,1415.44
2026-10-07T19,1414.063
2026-10-07T20,1364.827
2026-10-07T21,1269.11
2026-10-07T22,1166.163
2026-10-07T23,963.023
2026-10-08T00,927.567
2026-10-08T01,900.367
2026-10-08T02,709.276
2026-10-08T03,561.567
2026-10-08T04,516.807
2026-10-08T05,412.482
2026-10-08T06,468.948
2026-10-08T07,627.675
2026-10-08T08,796.386
2026-10-08T09,1015.71
2026-10-08T10,1365.528
2026-10-08T11,1451.261
2026-10-08T12,1726.708
2026-10-08T13,1717.067
2026-10-08T14,1692.621
2026-10-08T15,1692.277
2026-10-08T16,1668.864
2026-10-08T17,1584.508
2026-10-08T18,1416.83
2026-10-08T19,1413.387
2026-10-08T20,1365.872
2026-10-08T21,1257.415
2026-10-08T22,1155.5
2026-10-08T23,963.376
2026-10-09T00,928.935
2026-10-09T01,903.801
2026-10-09T02,779.507
2026-10-09T03,647.294
2026-10-09T04,526.443
2026-10-09T05,375.637
2026-10-09T06,464.812
2026-10-09T07,635.587
2026-10-09T08,826.677
2026-10-09T09,1024.997
2026-10-09T10,1363.104
2026-10-09T11,1573.819
2026-10-09T12,1766.974
2026-10-09T13,1764.22
2026-10-09T14,1719.804
2026-10-09T15,1746.316
2026-10-09T16,1743.217
2026-10-09T17,1668.503
2026-10-09T18,1437.13
2026-10-09T19,1441.606
2026-10-09T20,1430.932
2026-10-09T21,1354.497
2026-10-09T22,873.847
2026-10-09T23,502.341
2026-10-10T00,402.404
2026-10-10T01,382.176
2026-10-10T02,350.328
2026-10-10T03,366.252
2026-10-10T04,349.898
2026-10-10T05,355.923
2026-10-10T06,439.847
2026-10-10T07,598.227
2026-10-10T08,784.581
2026-10-10T09,1099.187
2026-10-10T10,1663.844
2026-10-10T11,1828.249
2026-10-10T12,1869.565
2026-10-10T13,1875.591
2026-10-10T14,1826.958
2026-10-10T15,1858.376
2026-10-10T16,1818.35
2026-10-10T17,1839.009
2026-10-10T18,1851.059
2026-10-10T19,1848.047
2026-10-10T20,1811.464
2026-10-10T21,1677.186
2026-10-10T22,904.226
2026-10-10T23,502.252
2026-10-11T00,398.103
2026-10-11T01,379.166
2026-10-11T02,347.318
2026-10-11T03,363.673
2026-10-11T04,360.229
2026-10-11T05,364.103
2026-10-11T06,385.192
2026-10-11T07,421.774
2026-10-11T08,570.256
2026-10-11T09,790.611
2026-10-11T10,1004.08
2026-10-11T11,1523.121
2026-10-11T12,1628.134
2026-10-11T13,1805.881
2026-10-11T14,1780.059
2026-10-11T15,1868.287
2026-10-11T16,1818.363
2026-10-11T17,1786.084
2026-10-11T18,1657.83
2026-10-11T19,1626.843
2026-10-11T20,1543.779
2026-10-11T21,1061.752
2026-10-11T22,1063.903
2026-10-11T23,958.46
2026-10-12T00,907.246
2026-10-12T01,890.031
2026-10-12T02,828.056
2026-10-12T03,694.637
2026-10-12T04,500.535
2026-10-12T05,364.964
2026-10-12T06,462.661
2026-10-12T07,621.903
2026-10-12T08,800.942
2026-10-12T09,1022.589
2026-10-12T10,1393.148
2026-10-12T11,1503.326
2026-10-12T12,1780.062
2026-10-12T13,1779.631
2026-10-12T14,1737.454
2026-10-12T15,1744.34
2026-10-12T16,1799.429
2026-10-12T17,1684.517
2026-10-12T18,1435.756
2026-10-12T19,1438.769
2026-10-12T20,1403.047
2026-10-12T21,1281.249
2026-10-12T22,1208.084
2026-10-12T23,963.626
2026-10-13T00,910.649
2026-10-13T01,890.852
2026-10-13T02,745.82
2026-10-13T03,630.482
2026-10-13T04,522.892
2026-10-13T05,369.682
2026-10-13T06,473.4
2026-10-13T07,648.127
2026-10-13T08,831.462
2026-10-13T09,1044.923
2026-10-13T10,1378.454
2026-10-13T11,1522.196
2026-10-13T12,1745.124
2026-10-13T13,1776.11
2026-10-13T14,1728.77
2026-10-13T15,1785.578
2026-10-13T16,1781.705
2026-10-13T17,1674.544
2026-10-13T18,1428.807
2026-10-13T19,1439.566
2026-10-13T20,1404.276
2026-10-13T21,1285.496
2026-10-13T22,1181.348
2026-10-13T23,931.737
2026-10-14T00,878.668
2026-10-14T01,847.68
2026-10-14T02,728.551
2026-10-14T03,618.717
2026-10-14T04,517.491
2026-10-14T05,373.227
2026-10-14T06,468.944
2026-10-14T07,646.606
2026-10-14T08,823.235
2026-10-14T09,1031.884
2026-10-14T10,1388.929
2026-10-14T11,1605.152
2026-10-14T12,1765.599
2026-10-14T13,1742.186
2026-10-14T14,1705.69
2026-10-14T15,1766.287
2026-10-14T16,1766.632
2026-10-14T17,1659.897
2026-10-14T18,1415.44
2026-10-14T19,1414.063
2026-10-14T20,1364.827
2026-10-14T21,1269.11
2026-10-14T22,1166.163
2026-10-14T23,963.023
2026-10-15T00,927.567
2026-10-15T01,900.367
2026-10-15T02,709.276
2026-10-15T03,561.567
2026-10-15T04,516.807
2026-10-15T05,412.482
2026-10-15T06,468.948
2026-10-15T07,627.675
2026-10-15T08,796.386
2026-10-15T09,1015.71
2026-10-15T10,1365.528
2026-10-15T11,1451.261
2026-10-15T12,1726.708
2026-10-15T13,1717.067
2026-10-15T14,1692.621
2026-10-15T15,1692.277
2026-10-15T16,1668.864
2026-10-15T17,1584.508
2026-10-15T18,1416.83
2026-10-15T19,1413.387
2026-10-15T20,1365.872
2026-10-15T21,1257.415
2026-10-15T22,1155.5
2026-10-15T23,963.376
2026-10-16T00,928.935
2026-10-16T01,903.801
2026-10-16T02,779.507
2026-10-16T03,647.294
2026-10-16T04,526.443
2026-10-16T05,375.637
2026-10-16T06,464.812
2026-10-16T07,635.587
2026-10-16T08,826.677
2026-10-16T09,1024.997
2026-10-16T10,1363.104
2026-10-16T11,1573.819
2026-10-16T12,1766.974
2026-10-16T13,1764.22
2026-10-16T14,1719.804
2026-10-16T15,1746.316
2026-10-16T16,1743.217
2026-10-16T17,1668.503
2026-10-16T18,1437.13
2026-10-16T19,1441.606
2026-10-16T20,1430.932
2026-10-16T21,1354.497
2026-10-16T22,873.847
2026-10-16T23,502.341
2026-10-17T00,402.404
2026-10-17T01,382.176
2026-10-17T02,350.328
2026-10-17T03,366.252
2026-10-17T04,349.898
2026-10-17T05,355.923
2026-10-17T06,439.847
2026-10-17T07,598.227
2026-10-17T08,784.581
2026-10-17T09,1099.187
2026-10-17T10,1663.844
2026-10-17T11,1828.249
2026-10-17T12,1869.565
2026-10-17T13,1875.591
2026-10-17T14,1826.958
2026-10-17T15,1858.376
2026-10-17T16,1818.35
2026-10-17T17,1839.009
2026-10-17T18,1851.059
2026-10-17T19,1848.047
2026-10-17T20,1811.464
2026-10-17T21,1677.186
2026-10-17T22,904.226
2026-10-17T23,502.252
2026-10-18T00,398.103
2026-10-18T01,379.166
2026-10-18T02,347.318
2026-10-18T03,363.673
2026-10-18T04,360.229
2026-10-18T05,364.103
2026-10-18T06,385.192
2026-10-18T07,421.774
2026-10-18T08,570.256
2026-10-18T09,790.611
2026-10-18T10,1004.08
2026-10-18T11,1523.121
2026-10-18T12,1628.134
2026-10-18T13,1805.881
2026-10-18T14,1780.059
2026-10-18T15,1868.287
2026-10-18T16,1818.363
2026-10-18T17,1786.084
2026-10-18T18,1657.83
2026-10-18T19,1626.843
2026-10-18T20,1543.779
2026-10-18T21,1061.752
2026-10-18T22,1063.903
2026-10-18T23,958.46
2026-10-19T00,907.246
2026-10-19T01,890.031
2026-10-19T02,828.056
2026-10-19T03,694.637
2026-10-19T04,500.535
2026-10-19T05,364.964
2026-10-19T06,462.661
2026-10-19T07,621.903
2026-10-19T08,800.942
2026-10-19T09,1022.589
2026-10-19T10,1393.148
2026-10-19T11,1503.326
2026-10-19T12,1780.062
2026-10-19T13,1779.631
2026-10-19T14,1737.454
2026-10-19T15,1744.34
2026-10-19T16,1799.429
2026-10-19T17,1684.517
2026-10-19T18,1435.756
2026-10-19T19,1438.769
2026-10-19T20,1403.047
2026-10-19T21,1281.249
2026-10-19T22,1208.084
2026-10-19T23,963.626
2026-10-20T00,910.649
2026-10-20T01,890.852
2026-10-20T02,745.82
2026-10-20T03,630.482
2026-10-20T04,522.892
2026-10-20T05,369.682
2026-10-20T06,473.4
2026-10-20T07,648.127
2026-10-20T08,831.462
2026-10-20T09,1044.923
2026-10-20T10,1378.454
2026-10-20T11,1522.196
2026-10-20T12,1745.124
2026-10-20T13,1776.11
2026-10-20T14,1728.77
2026-10-20T15,1785.578
2026-10-20T16,1781.705
2026-10-20T17,1674.544
2026-10-20T18,1428.807
2026-10-20T19,1439.566
2026-10-20T20,1404.276
2026-10-20T21,1285.496
2026-10-20T22,1181.348
2026-10-20T23,931.737
2026-10-21T00,878.668
2026-10-21T01,847.68
2026-10-21T02,728.551
2026-10-21T03,618.717
2026-10-21T04,517.491
2026-10-21T05,373.227
2026-10-21T06,468.944
2026-10-21T07,646.606
2026-10-21T08,823.235
2026-10-21T09,1031.884
2026-10-21T10,1388.929
2026-10-21T11,1605.152
2026-10-21T12,1765.599
2026-10-21T13,1742.186
2026-10-21T14,1705.69
2026-10-21T15,1766.287
2026-10-21T16,1766.632
2026-10-21T17,1659.897
2026-10-21T18,1415.44
2026-10-21T19,1414.063
2026-10-21T20,1364.827
2026-10-21T21,1269.11
2026-10-21T22,1166.163
2026-10-21T23,963.023
2026-10-22T00,927.567
2026-10-22T01,900.367
2026-10-22T02,709.276
2026-10-22T03,561.567
2026-10-22T04,516.807
2026-10-22T05,412.482
2026-10-22T06,468.948
2026-10-22T07,627.675
2026-10-22T08,796.386
2026-10-22T09,1015.71
2026-10-22T10,1365.528
2026-10-22T11,1451.261
2026-10-22T12,1726.708
2026-10-22T13,1717.067
2026-10-22T14,1692.621
2026-10-22T15,1692.277
2026-10-22T16,1668.864
2026-10-22T17,1584.508
2026-10-22T18,1416.83
2026-10-22T19,1413.387
2026-10-22T20,1365.872
2026-10-22T21,1257.415
2026-10-22T22,1155.5
2026-10-22T23,963.376
2026-10-23T00,928.935
2026-10-23T01,903.801
2026-10-23T02,779.507
2026-10-23T03,647.294
2026-10-23T04,526.443
2026-10-23T05,375.637
2026-10-23T06,464.812
2026-10-23T07,635.587
2026-10-23T08,826.677
2026-10-23T09,1024.997
2026-10-23T10,1363.104
2026-10-23T11,1573.819
2026-10-23T12,1766.974
2026-10-23T13,1764.22
2026-10-23T14,1719.804
2026-10-23T15,1746.316
2026-10-23T16,1743.217
2026-10-23T17,1668.503
2026-10-23T18,1437.13
2026-10-23T19,1441.606
2026-10-23T20,1430.932
2026-10-23T21,1354.497
2026-10-23T22,873.847
2026-10-23T23,502.341
2026-10-24T00,402.404
2026-10-24T01,382.176
2026-10-24T02,350.328
2026-10-24T03,366.252
2026-10-24T04,349.898
2026-10-24T05,355.923
2026-10-24T06,439.847
2026-10-24T07,598.227
2026-10-24T08,784.581
2026-10-24T09,1099.187
2026-10-24T10,1663.844
2026-10-24T11,1828.249
2026-10-24T12,1869.565
2026-10-24T13,1875.591
2026-10-24T14,1826.958
2026-10-24T15,1858.376
2026-10-24T16,1818.35
2026-10-24T17,1839.009
2026-10-24T18,1851.059
2026-10-24T19,1848.047
2026-10-24T20,1811.464
2026-10-24T21,1677.186
2026-10-24T22,904.226
2026-10-24T23,502.252
2026-10-25T00,398.103
2026-10-25T01,379.166
2026-10-25T02,347.318
2026-10-25T03,363.673
2026-10-25T04,360.229
2026-10-25T05,364.103
2026-10-25T06,385.192
2026-10-25T07,421.774
2026-10-25T08,570.256
2026-10-25T09,790.611
2026-10-25T10,1004.08
2026-10-25T11,1523.121
2026-10-25T12,1628.134
2026-10-25T13,1805.881
2026-10-25T14,1780.059
2026-10-25T15,1868.287
2026-10-25T16,1818.363
2026-10-25T17,1786.084
2026-10-25T18,1657.83
2026-10-25T19,1626.843
2026-10-25T20,1543.779
2026-10-25T21,1061.752
2026-10-25T22,1063.903
2026-10-25T23,958.46
2026-10-26T00,907.246
2026-10-26T01,890.031
2026-10-26T02,828.056
2026-10-26T03,694.637
2026-10-26T04,500.535
2026-10-26T05,364.964
2026-10-26T06,462.661
2026-10-26T07,621.903
2026-10-26T08,800.942
2026-10-26T09,1022.589
2026-10-26T10,1393.148
2026-10-26T11,1503.326
2026-10-26T12,1780.062
2026-10-26T13,1779.631
2026-10-26T14,1737.454
2026-10-26T15,1744.34
2026-10-26T16,1799.429
2026-10-26T17,1684.517
2026-10-26T18,1435.756
2026-10-26T19,1438.769
2026-10-26T20,1403.047
2026-10-26T21,1281.249
2026-10-26T22,1208.084
2026-10-26T23,963.626
2026-10-27T00,910.681
2026-10-27T01,890.884
2026-10-27T02,745.846
2026-10-27T03,630.505
2026-10-27T04,522.91
2026-10-27T05,369.695
2026-10-27T06,473.417
2026-10-27T07,648.15
2026-10-27T08,831.492
2026-10-27T09,1044.96
2026-10-27T10,1378.503
2026-10-27T11,1522.25
2026-10-27T12,1745.186
2026-10-27T13,1776.173
2026-10-27T14,1728.832
2026-10-27T15,1785.642
2026-10-27T16,1781.768
2026-10-27T17,1674.604
2026-10-27T18,1428.858
2026-10-27T19,1439.617
2026-10-27T20,1404.326
2026-10-27T21,1285.541
2026-10-27T22,1181.39
2026-10-27T23,931.77
2026-10-28T00,878.668
2026-10-28T01,847.68
2026-10-28T02,728.551
2026-10-28T03,618.717
2026-10-28T04,517.491
2026-10-28T05,373.227
2026-10-28T06,468.944
2026-10-28T07,646.606
2026-10-28T08,823.235
2026-10-28T09,1031.884
2026-10-28T10,1388.929
2026-10-28T11,1605.152
2026-10-28T12,1765.599
2026-10-28T13,1742.186
2026-10-28T14,1705.69
2026-10-28T15,1766.287
2026-10-28T16,1766.632
2026-10-28T17,1659.897
2026-10-28T18,1415.44
2026-10-28T19,1414.063
2026-10-28T20,1364.827
2026-10-28T21,1269.11
2026-10-28T22,1166.163
2026-10-28T23,963.023
2026-10-29T00,927.567
2026-10-29T01,900.367
2026-10-29T02,709.276
2026-10-29T03,561.567
2026-10-29T04,516.807
2026-10-29T05,412.482
2026-10-29T06,468.948
2026-10-29T07,627.675
2026-10-29T08,796.386
2026-10-29T09,1015.71
2026-10-29T10,1365.528
2026-10-29T11,1451.261
2026-10-29T12,1726.708
2026-10-29T13,1717.067
2026-10-29T14,1692.621
2026-10-29T15,1692.277
2026-10-29T16,1668.864
2026-10-29T17,1584.508
2026-10-29T18,1416.83
2026-10-29T19,1413.387
2026-10-29T20,1365.872
2026-10-29T21,1257.415
2026-10-29T22,1155.5
2026-10-29T23,963.376
2026-10-30T00,928.935
2026-10-30T01,903.801
2026-10-30T02,779.507
2026-10-30T03,647.294
2026-10-30T04,526.443
2026-10-30T05,375.637
2026-10-30T06,464.812
2026-10-30T07,635.587
2026-10-30T08,826.677
2026-10-30T09,1024.997
2026-10-30T10,1363.104
2026-10-30T11,1573.819
2026-10-30T12,1766.974
2026-10-30T13,1764.22
2026-10-30T14,1719.804
2026-10-30T15,1746.316
2026-10-30T16,1743.217
2026-10-30T17,1668.503
2026-10-30T18,1437.13
2026-10-30T19,1441.606
2026-10-30T20,1430.932
2026-10-30T21,1354.497
2026-10-30T22,873.847
2026-10-30T23,502.341
2026-10-31T00,402.404
2026-10-31T01,382.176
2026-10-31T02,350.328
2026-10-31T03,366.252
2026-10-31T04,349.898
2026-10-31T05,355.923
2026-10-31T06,439.847
2026-10-31T07,598.227
2026-10-31T08,784.581
2026-10-31T09,1099.187
2026-10-31T10,1663.844
2026-10-31T11,1828.249
2026-10-31T12,1869.565
2026-10-31T13,1875.591
2026-10-31T14,1826.958
2026-10-31T15,1858.376
2026-10-31T16,1818.35
2026-10-31T17,1839.009
2026-10-31T18,1851.059
2026-10-31T19,1848.047
2026-10-31T20,1811.464
2026-10-31T21,1677.186
2026-10-31T22,904.226
2026-10-31T23,502.252
2026-11-01T00,456.638
2026-11-01T01,438.866
2026-11-01T02,401.145
2026-11-01T03,417.104
2026-11-01T04,404.047
2026-11-01T05,411.664
2026-11-01T06,425.446
2026-11-01T07,470.421
2026-11-01T08,621.667
2026-11-01T09,876.281
2026-11-01T10,1070.326
2026-11-01T11,1578.105
2026-11-01T12,1753.651
2026-11-01T13,1982.514
2026-11-01T14,2001.375
2026-11-01T15,2049.251
2026-11-01T16,2027.852
2026-11-01T17,1985.416
2026-11-01T18,1845.051
2026-11-01T19,1847.953
2026-11-01T20,1623.442
2026-11-01T21,1055.818
2026-11-01T22,1185.664
2026-11-01T23,1078.305
2026-11-02T00,1026.48
2026-11-02T01,1003.811
2026-11-02T02,920.84
2026-11-02T03,875.501
2026-11-02T04,772.58
2026-11-02T05,507.799
2026-11-02T06,475.609
2026-11-02T07,645.177
2026-11-02T08,846.03
2026-11-02T09,1081.341
2026-11-02T10,1468.084
2026-11-02T11,1595.488
2026-11-02T12,1875.231
2026-11-02T13,1867.07
2026-11-02T14,1823.997
2026-11-02T15,1838.506
2026-11-02T16,1814.023
2026-11-02T17,1698.408
2026-11-02T18,1502.542
2026-11-02T19,1498.462
2026-11-02T20,1451.762
2026-11-02T21,1352.016
2026-11-02T22,1262.244
2026-11-02T23,1036.001
2026-11-03T00,990.627
2026-11-03T01,975.666
2026-11-03T02,851.894
2026-11-03T03,885.897
2026-11-03T04,769.38
2026-11-03T05,526.823
2026-11-03T06,481.486
2026-11-03T07,654.222
2026-11-03T08,859.148
2026-11-03T09,1108.052
2026-11-03T10,1466.672
2026-11-03T11,1649.836
2026-11-03T12,1935.463
2026-11-03T13,1974.0
2026-11-03T14,1958.585
2026-11-03T15,1828.013
2026-11-03T16,1801.264
2026-11-03T17,1754.113
2026-11-03T18,1524.251
2026-11-03T19,1522.891
2026-11-03T20,1479.82
2026-11-03T21,1351.515
2026-11-03T22,1294.843
2026-11-03T23,1059.54
2026-11-04T00,1020.541
2026-11-04T01,1008.3
2026-11-04T02,971.123
2026-11-04T03,894.503
2026-11-04T04,750.331
2026-11-04T05,565.355
2026-11-04T06,489.642
2026-11-04T07,647.869
2026-11-04T08,879.995
2026-11-04T09,1113.482
2026-11-04T10,1529.224
2026-11-04T11,1755.91
2026-11-04T12,2044.708
2026-11-04T13,2015.693
2026-11-04T14,1962.648
2026-11-04T15,2007.985
2026-11-04T16,1957.661
2026-11-04T17,1826.636
2026-11-04T18,1510.183
2026-11-04T19,1497.035
2026-11-04T20,1456.685
2026-11-04T21,1347.875
2026-11-04T22,1296.191
2026-11-04T23,1065.425
2026-11-05T00,1016.468
2026-11-05T01,984.278
2026-11-05T02,973.851
2026-11-05T03,948.462
2026-11-05T04,709.079
2026-11-05T05,509.594
2026-11-05T06,498.26
2026-11-05T07,657.395
2026-11-05T08,853.706
2026-11-05T09,1054.552
2026-11-05T10,1412.265
2026-11-05T11,1598.602
2026-11-05T12,2042.457
2026-11-05T13,2068.753
2026-11-05T14,2015.708
2026-11-05T15,1912.791
2026-11-05T16,1897.83
2026-11-05T17,1820.303
2026-11-05T18,1639.406
2026-11-05T19,1638.953
2026-11-05T20,1540.117
2026-11-05T21,1293.027
2026-11-05T22,1105.783
2026-11-05T23,881.362
2026-11-06T00,845.539
2026-11-06T01,830.124
2026-11-06T02,799.295
2026-11-06T03,791.134
2026-11-06T04,671.897
2026-11-06T05,477.401
2026-11-06T06,484.655
2026-11-06T07,654.216
2026-11-06T08,881.809
2026-11-06T09,1117.562
2026-11-06T10,1485.247
2026-11-06T11,1638.487
2026-11-06T12,1927.738
2026-11-06T13,1970.355
2026-11-06T14,1899.176
2026-11-06T15,1959.928
2026-11-06T16,1947.233
2026-11-06T17,1755.91
2026-11-06T18,1546.452
2026-11-06T19,1527.411
2026-11-06T20,1541.012
2026-11-06T21,1466.205
2026-11-06T22,980.644
2026-11-06T23,587.57
2026-11-07T00,482.757
2026-11-07T01,459.182
2026-11-07T02,423.637
2026-11-07T03,439.233
2026-11-07T04,425.45
2026-11-07T05,428.352
2026-11-07T06,490.737
2026-11-07T07,660.844
2026-11-07T08,850.9
2026-11-07T09,1097.901
2026-11-07T10,1683.666
2026-11-07T11,1970.926
2026-11-07T12,2060.514
2026-11-07T13,2090.255
2026-11-07T14,2061.964
2026-11-07T15,2059.426
2026-11-07T16,2032.223
2026-11-07T17,2029.321
2026-11-07T18,2025.331
2026-11-07T19,2026.057
2026-11-07T20,1994.864
2026-11-07T21,1833.099
2026-11-07T22,969.141
2026-11-07T23,550.22
2026-11-08T00,456.638
2026-11-08T01,438.866
2026-11-08T02,401.145
2026-11-08T03,417.104
2026-11-08T04,404.047
2026-11-08T05,411.664
2026-11-08T06,425.446
2026-11-08T07,470.421
2026-11-08T08,621.667
2026-11-08T09,876.281
2026-11-08T10,1070.326
2026-11-08T11,1578.105
2026-11-08T12,1753.651
2026-11-08T13,1982.514
2026-11-08T14,2001.375
2026-11-08T15,2049.251
2026-11-08T16,2027.852
2026-11-08T17,1985.416
2026-11-08T18,1845.051
2026-11-08T19,1847.953
2026-11-08T20,1623.442
2026-11-08T21,1055.818
2026-11-08T22,1185.664
2026-11-08T23,1078.305
2026-11-09T00,1026.48
2026-11-09T01,1003.811
2026-11-09T02,920.84
2026-11-09T03,875.501
2026-11-09T04,772.58
2026-11-09T05,507.799
2026-11-09T06,475.609
2026-11-09T07,645.177
2026-11-09T08,846.03
2026-11-09T09,1081.341
2026-11-09T10,1468.084
2026-11-09T11,1595.488
2026-11-09T12,1875.231
2026-11-09T13,1867.07
2026-11-09T14,1823.997
2026-11-09T15,1838.506
2026-11-09T16,1814.023
2026-11-09T17,1698.408
2026-11-09T18,1502.542
2026-11-09T19,1498.462
2026-11-09T20,1451.762
2026-11-09T21,1352.016
2026-11-09T22,1262.244
2026-11-09T23,1036.001
2026-11-10T00,990.627
2026-11-10T01,975.666
2026-11-10T02,851.894
2026-11-10T03,885.897
2026-11-10T04,769.38
2026-11-10T05,526.823
2026-11-10T06,481.486
2026-11-10T07,654.222
2026-11-10T08,859.148
2026-11-10T09,1108.052
2026-11-10T10,1466.672
2026-11-10T11,1649.836
2026-11-10T12,1935.463
2026-11-10T13,1974.0
2026-11-10T14,1958.585
2026-11-10T15,1828.013
2026-11-10T16,1801.264
2026-11-10T17,1754.113
2026-11-10T18,1524.251
2026-11-10T19,1522.891
2026-11-10T20,1479.82
2026-11-10T21,1351.515
2026-11-10T22,1294.843
2026-11-10T23,1059.54
2026-11-11T00,1020.541
2026-11-11T01,1008.3
2026-11-11T02,971.123
2026-11-11T03,894.503
2026-11-11T04,750.331
2026-11-11T05,565.355
2026-11-11T06,489.642
2026-11-11T07,647.869
2026-11-11T08,879.995
2026-11-11T09,1113.482
2026-11-11T10,1529.224
2026-11-11T11,1755.91
2026-11-11T12,2044.708
2026-11-11T13,2015.693
2026-11-11T14,1962.648
2026-11-11T15,2007.985
2026-11-11T16,1957.661
2026-11-11T17,1826.636
2026-11-11T18,1510.183
2026-11-11T19,1497.035
2026-11-11T20,1456.685
2026-11-11T21,1347.875
2026-11-11T22,1296.191
2026-11-11T23,1065.425
2026-11-12T00,1016.468
2026-11-12T01,984.278
2026-11-12T02,973.851
2026-11-12T03,948.462
2026-11-12T04,709.079
2026-11-12T05,509.594
2026-11-12T06,498.26
2026-11-12T07,657.395
2026-11-12T08,853.706
2026-11-12T09,1054.552
2026-11-12T10,1412.265
2026-11-12T11,1598.602
2026-11-12T12,2042.457
2026-11-12T13,2068.753
2026-11-12T14,2015.708
2026-11-12T15,1912.791
2026-11-12T16,1897.83
2026-11-12T17,1820.303
2026-11-12T18,1639.406
2026-11-12T19,1638.953
2026-11-12T20,1540.117
2026-11-12T21,1293.027
2026-11-12T22,1105.783
2026-11-12T23,881.362
2026-11-13T00,845.539
2026-11-13T01,830.124
2026-11-13T02,799.295
2026-11-13T03,791.134
2026-11-13T04,671.897
2026-11-13T05,477.401
2026-11-13T06,484.655
2026-11-13T07,654.216
2026-11-13T08,881.809
2026-11-13T09,1117.562
2026-11-13T10,1485.247
2026-11-13T11,1638.487
2026-11-13T12,1927.738
2026-11-13T13,1970.355
2026-11-13T14,1899.176
2026-11-13T15,1959.928
2026-11-13T16,1947.233
2026-11-13T17,1755.91
2026-11-13T18,1546.452
2026-11-13T19,1527.411
2026-11-13T20,1541.012
2026-11-13T21,1466.205
2026-11-13T22,980.644
2026-11-13T23,587.57
2026-11-14T00,482.757
2026-11-14T01,459.182
2026-11-14T02,423.637
2026-11-14T03,439.233
2026-11-14T04,425.45
2026-11-14T05,428.352
2026-11-14T06,490.737
2026-11-14T07,660.844
2026-11-14T08,850.9
2026-11-14T09,1097.901
2026-11-14T10,1683.666
2026-11-14T11,1970.926
2026-11-14T12,2060.514
2026-11-14T13,2090.255
2026-11-14T14,2061.964
2026-11-14T15,2059.426
2026-11-14T16,2032.223
2026-11-14T17,2029.321
2026-11-14T18,2025.331
2026-11-14T19,2026.057
2026-11-14T20,1994.864
2026-11-14T21,1833.099
2026-11-14T22,969.141
2026-11-14T23,550.22
2026-11-15T00,456.638
2026-11-15T01,438.866
2026-11-15T02,401.145
2026-11-15T03,417.104
2026-11-15T04,404.047
2026-11-15T05,411.664
2026-11-15T06,425.446
2026-11-15T07,470.421
2026-11-15T08,621.667
2026-11-15T09,876.281
2026-11-15T10,1070.326
2026-11-15T11,1578.105
2026-11-15T12,1753.651
2026-11-15T13,1982.514
2026-11-15T14,2001.375
2026-11-15T15,2049.251
2026-11-15T16,2027.852
2026-11-15T17,1985.416
2026-11-15T18,1845.051
2026-11-15T19,1847.953
2026-11-15T20,1623.442
2026-11-15T21,1055.818
2026-11-15T22,1185.664
2026-11-15T23,1078.305
2026-11-16T00,1026.48
2026-11-16T01,1003.811
2026-11-16T02,920.84
2026-11-16T03,875.501
2026-11-16T04,772.58
2026-11-16T05,507.799
2026-11-16T06,475.609
2026-11-16T07,645.177
2026-11-16T08,846.03
2026-11-16T09,1081.341
2026-11-16T10,1468.084
2026-11-16T11,1595.488
2026-11-16T12,1875.231
2026-11-16T13,1867.07
2026-11-16T14,1823.997
2026-11-16T15,1838.506
2026-11-16T16,1814.023
2026-11-16T17,1698.408
2026-11-16T18,1502.542
2026-11-16T19,1498.462
2026-11-16T20,1451.762
2026-11-16T21,1352.016
2026-11-16T22,1262.244
2026-11-16T23,1036.001
2026-11-17T00,990.627
2026-11-17T01,975.666
2026-11-17T02,851.894
2026-11-17T03,885.897
2026-11-17T04,769.38
2026-11-17T05,526.823
2026-11-17T06,481.486
2026-11-17T07,654.222
2026-11-17T08,859.148
2026-11-17T09,1108.052
2026-11-17T10,1466.672
2026-11-17T11,1649.836
2026-11-17T12,1935.463
2026-11-17T13,1974.0
2026-11-17T14,1958.585
2026-11-17T15,1828.013
2026-11-17T16,1801.264
2026-11-17T17,1754.113
2026-11-17T18,1524.251
2026-11-17T19,1522.891
2026-11-17T20,1479.82
2026-11-17T21,1351.515
2026-11-17T22,1294.843
2026-11-17T23,1059.54
2026-11-18T00,1020.541
2026-11-18T01,1008.3
2026-11-18T02,971.123
2026-11-18T03,894.503
2026-11-18T04,750.331
2026-11-18T05,565.355
2026-11-18T06,489.642
2026-11-18T07,647.869
2026-11-18T08,879.995
2026-11-18T09,1113.482
2026-11-18T10,1529.224
2026-11-18T11,1755.91
2026-11-18T12,2044.708
2026-11-18T13,2015.693
2026-11-18T14,1962.648
2026-11-18T15,2007.985
2026-11-18T16,1957.661
2026-11-18T17,1826.636
2026-11-18T18,1510.183
2026-11-18T19,1497.035
2026-11-18T20,1456.685
2026-11-18T21,1347.875
2026-11-18T22,1296.191
2026-11-18T23,1065.425
2026-11-19T00,1016.468
2026-11-19T01,984.278
2026-11-19T02,973.851
2026-11-19T03,948.462
2026-11-19T04,709.079
2026-11-19T05,509.594
2026-11-19T06,498.26
2026-11-19T07,657.395
2026-11-19T08,853.706
2026-11-19T09,1054.552
2026-11-19T10,1412.265
2026-11-19T11,1598.602
2026-11-19T12,2042.457
2026-11-19T13,2068.753
2026-11-19T14,2015.708
2026-11-19T15,1912.791
2026-11-19T16,1897.83
2026-11-19T17,1820.303
2026-11-19T18,1639.406
2026-11-19T19,1638.953
2026-11-19T20,1540.117
2026-11-19T21,1293.027
2026-11-19T22,1105.783
2026-11-19T23,881.362
2026-11-20T00,845.539
2026-11-20T01,830.124
2026-11-20T02,799.295
2026-11-20T03,791.134
2026-11-20T04,671.897
2026-11-20T05,477.401
2026-11-20T06,484.655
2026-11-20T07,654.216
2026-11-20T08,881.809
2026-11-20T09,1117.562
2026-11-20T10,1485.247
2026-11-20T11,1638.487
2026-11-20T12,1927.738
2026-11-20T13,1970.355
2026-11-20T14,1899.176
2026-11-20T15,1959.928
2026-11-20T16,1947.233
2026-11-20T17,1755.91
2026-11-20T18,1546.452
2026-11-20T19,1527.411
2026-11-20T20,1541.012
2026-11-20T21,1466.205
2026-11-20T22,980.644
2026-11-20T23,587.57
2026-11-21T00,482.757
2026-11-21T01,459.182
2026-11-21T02,423.637
2026-11-21T03,439.233
2026-11-21T04,425.45
2026-11-21T05,428.352
2026-11-21T06,490.737
2026-11-21T07,660.844
2026-11-21T08,850.9
2026-11-21T09,1097.901
2026-11-21T10,1683.666
2026-11-21T11,1970.926
2026-11-21T12,2060.514
2026-11-21T13,2090.255
2026-11-21T14,2061.964
2026-11-21T15,2059.426
2026-11-21T16,2032.223
2026-11-21T17,2029.321
2026-11-21T18,2025.331
2026-11-21T19,2026.057
2026-11-21T20,1994.864
2026-11-21T21,1833.099
2026-11-21T22,969.141
2026-11-21T23,550.22
2026-11-22T00,456.638
2026-11-22T01,438.866
2026-11-22T02,401.145
2026-11-22T03,417.104
2026-11-22T04,404.047
2026-11-22T05,411.664
2026-11-22T06,425.446
2026-11-22T07,470.421
2026-11-22T08,621.667
2026-11-22T09,876.281
2026-11-22T10,1070.326
2026-11-22T11,1578.105
2026-11-22T12,1753.651
2026-11-22T13,1982.514
2026-11-22T14,2001.375
2026-11-22T15,2049.251
2026-11-22T16,2027.852
2026-11-22T17,1985.416
2026-11-22T18,1845.051
2026-11-22T19,1847.953
2026-11-22T20,1623.442
2026-11-22T21,1055.818
2026-11-22T22,1185.664
2026-11-22T23,1078.305
2026-11-23T00,1026.446
2026-11-23T01,1003.777
2026-11-23T02,920.809
2026-11-23T03,875.472
2026-11-23T04,772.555
2026-11-23T05,507.783
2026-11-23T06,475.593
2026-11-23T07,645.156
2026-11-23T08,846.002
2026-11-23T09,1081.305
2026-11-23T10,1468.036
2026-11-23T11,1595.435
2026-11-23T12,1875.169
2026-11-23T13,1867.008
2026-11-23T14,1823.937
2026-11-23T15,1838.445
2026-11-23T16,1813.963
2026-11-23T17,1698.351
2026-11-23T18,1502.492
2026-11-23T19,1498.412
2026-11-23T20,1451.714
2026-11-23T21,1351.971
2026-11-23T22,1262.202
2026-11-23T23,1035.967
2026-11-24T00,990.627
2026-11-24T01,975.666
2026-11-24T02,851.894
2026-11-24T03,885.897
2026-11-24T04,769.38
2026-11-24T05,526.823
2026-11-24T06,481.486
2026-11-24T07,654.222
2026-11-24T08,859.148
2026-11-24T09,1108.052
2026-11-24T10,1466.672
2026-11-24T11,1649.836
2026-11-24T12,1935.463
2026-11-24T13,1974.0
2026-11-24T14,1958.585
2026-11-24T15,1828.013
2026-11-24T16,1801.264
2026-11-24T17,1754.113
2026-11-24T18,1524.251
2026-11-24T19,1522.891
2026-11-24T20,1479.82
2026-11-24T21,1351.515
2026-11-24T22,1294.843
2026-11-24T23,1059.54
2026-11-25T00,1020.541
2026-11-25T01,1008.3
2026-11-25T02,971.123
2026-11-25T03,894.503
2026-11-25T04,750.331
2026-11-25T05,565.355
2026-11-25T06,489.642
2026-11-25T07,647.869
2026-11-25T08,879.995
2026-11-25T09,1113.482
2026-11-25T10,1529.224
2026-11-25T11,1755.91
2026-11-25T12,2044.708
2026-11-25T13,2015.693
2026-11-25T14,1962.648
2026-11-25T15,2007.985
2026-11-25T16,1957.661
2026-11-25T17,1826.636
2026-11-25T18,1510.183
2026-11-25T19,1497.035
2026-11-25T20,1456.685
2026-11-25T21,1347.875
2026-11-25T22,1296.191
2026-11-25T23,1065.425
2026-11-26T00,1016.468
2026-11-26T01,984.278
2026-11-26T02,973.851
2026-11-26T03,948.462
2026-11-26T04,709.079
2026-11-26T05,509.594
2026-11-26T06,498.26
2026-11-26T07,657.395
2026-11-26T08,853.706
2026-11-26T09,1054.552
2026-11-26T10,1412.265
2026-11-26T11,1598.602
2026-11-26T12,2042.457
2026-11-26T13,2068.753
2026-11-26T14,2015.708
2026-11-26T15,1912.791
2026-11-26T16,1897.83
2026-11-26T17,1820.303
2026-11-26T18,1639.406
2026-11-26T19,1638.953
2026-11-26T20,1540.117
2026-11-26T21,1293.027
2026-11-26T22,1105.783
2026-11-26T23,881.362
2026-11-27T00,845.539
2026-11-27T01,830.124
2026-11-27T02,799.295
2026-11-27T03,791.134
2026-11-27T04,671.897
2026-11-27T05,477.401
2026-11-27T06,484.655
2026-11-27T07,654.216
2026-11-27T08,881.809
2026-11-27T09,1117.562
2026-11-27T10,1485.247
2026-11-27T11,1638.487
2026-11-27T12,1927.738
2026-11-27T13,1970.355
2026-11-27T14,1899.176
2026-11-27T15,1959.928
2026-11-27T16,1947.233
2026-11-27T17,1755.91
2026-11-27T18,1546.452
2026-11-27T19,1527.411
2026-11-27T20,1541.012
2026-11-27T21,1466.205
2026-11-27T22,980.644
2026-11-27T23,587.57
2026-11-28T00,482.757
2026-11-28T01,459.182
2026-11-28T02,423.637
2026-11-28T03,439.233
2026-11-28T04,425.45
2026-11-28T05,428.352
2026-11-28T06,490.737
2026-11-28T07,660.844
2026-11-28T08,850.9
2026-11-28T09,1097.901
2026-11-28T10,1683.666
2026-11-28T11,1970.926
2026-11-28T12,2060.514
2026-11-28T13,2090.255
2026-11-28T14,2061.964
2026-11-28T15,2059.426
2026-11-28T16,2032.223
2026-11-28T17,2029.321
2026-11-28T18,2025.331
2026-11-28T19,2026.057
2026-11-28T20,1994.864
2026-11-28T21,1833.099
2026-11-28T22,969.141
2026-11-28T23,550.22
2026-11-29T00,456.638
2026-11-29T01,438.866
2026-11-29T02,401.145
2026-11-29T03,417.104
2026-11-29T04,404.047
2026-11-29T05,411.664
2026-11-29T06,425.446
2026-11-29T07,470.421
2026-11-29T08,621.667
2026-11-29T09,876.281
2026-11-29T10,1070.326
2026-11-29T11,1578.105
2026-11-29T12,1753.651
2026-11-29T13,1982.514
2026-11-29T14,2001.375
2026-11-29T15,2049.251
2026-11-29T16,2027.852
2026-11-29T17,1985.416
2026-11-29T18,1845.051
2026-11-29T19,1847.953
2026-11-29T20,1623.442
2026-11-29T21,1055.818
2026-11-29T22,1185.664
2026-11-29T23,1078.305
2026-11-30T00,1026.446
2026-11-30T01,1003.777
2026-11-30T02,920.809
2026-11-30T03,875.472
2026-11-30T04,772.555
2026-11-30T05,507.783
2026-11-30T06,475.593
2026-11-30T07,645.156
2026-11-30T08,846.002
2026-11-30T09,1081.305
2026-11-30T10,1468.036
2026-11-30T11,1595.435
2026-11-30T12,1875.169
2026-11-30T13,1867.008
2026-11-30T14,1823.937
2026-11-30T15,1838.445
2026-11-30T16,1813.963
2026-11-30T17,1698.351
2026-11-30T18,1502.492
2026-11-30T19,1498.412
2026-11-30T20,1451.714
2026-11-30T21,1351.971
2026-11-30T22,1262.202
2026-11-30T23,1035.967
2026-12-01T00,968.99
2026-12-01T01,951.639
2026-12-01T02,918.605
2026-12-01T03,934.621
2026-12-01T04,886.239
2026-12-01T05,666.347
2026-12-01T06,556.902
2026-12-01T07,668.683
2026-12-01T08,876.228
2026-12-01T09,1123.815
2026-12-01T10,1442.14
2026-12-01T11,1811.183
2026-12-01T12,2110.155
2026-12-01T13,2100.813
2026-12-01T14,2064.776
2026-12-01T15,2058.436
2026-12-01T16,2034.411
2026-12-01T17,1774.146
2026-12-01T18,1536.236
2026-12-01T19,1523.556
2026-12-01T20,1491.19
2026-12-01T21,1406.77
2026-12-01T22,1341.037
2026-12-01T23,1059.082
2026-12-02T00,985.717
2026-12-02T01,964.695
2026-12-02T02,925.987
2026-12-02T03,857.581
2026-12-02T04,727.442
2026-12-02T05,519.22
2026-12-02T06,507.541
2026-12-02T07,667.712
2026-12-02T08,850.907
2026-12-02T09,1102.175
2026-12-02T10,1460.223
2026-12-02T11,1661.104
2026-12-02T12,2088.226
2026-12-02T13,2071.208
2026-12-02T14,1764.881
2026-12-02T15,1918.045
2026-12-02T16,1926.72
2026-12-02T17,1756.205
2026-12-02T18,1416.51
2026-12-02T19,1259.342
2026-12-02T20,1131.539
2026-12-02T21,1045.448
2026-12-02T22,1114.188
2026-12-02T23,985.384
2026-12-03T00,954.773
2026-12-03T01,947.682
2026-12-03T02,918.484
2026-12-03T03,916.815
2026-12-03T04,705.756
2026-12-03T05,557.681
2026-12-03T06,467.167
2026-12-03T07,603.98
2026-12-03T08,780.419
2026-12-03T09,975.628
2026-12-03T10,1276.367
2026-12-03T11,1523.298
2026-12-03T12,1864.08
2026-12-03T13,1872.005
2026-12-03T14,1836.133
2026-12-03T15,1768.978
2026-12-03T16,1745.62
2026-12-03T17,1697.235
2026-12-03T18,1460.314
2026-12-03T19,1469.908
2026-12-03T20,1429.031
2026-12-03T21,1303.48
2026-12-03T22,1222.977
2026-12-03T23,955.19
2026-12-04T00,911.802
2026-12-04T01,876.765
2026-12-04T02,777.075
2026-12-04T03,740.37
2026-12-04T04,668.21
2026-12-04T05,598.135
2026-12-04T06,571.44
2026-12-04T07,663.621
2026-12-04T08,864.251
2026-12-04T09,1104.923
2026-12-04T10,1404.825
2026-12-04T11,1724.748
2026-12-04T12,1990.864
2026-12-04T13,2053.848
2026-12-04T14,2007.132
2026-12-04T15,2003.795
2026-12-04T16,1985.859
2026-12-04T17,1871.571
2026-12-04T18,1524.536
2026-12-04T19,1527.456
2026-12-04T20,1511.188
2026-12-04T21,1438.194
2026-12-04T22,1030.678
2026-12-04T23,592.713
2026-12-05T00,460.907
2026-12-05T01,442.554
2026-12-05T02,410.437
2026-12-05T03,424.618
2026-12-05T04,410.02
2026-12-05T05,422.116
2026-12-05T06,498.03
2026-12-05T07,642.35
2026-12-05T08,847.568
2026-12-05T09,1137.46
2026-12-05T10,1775.639
2026-12-05T11,1935.392
2026-12-05T12,2117.669
2026-12-05T13,2140.611
2026-12-05T14,2108.493
2026-12-05T15,2095.98
2026-12-05T16,2033.83
2026-12-05T17,2025.905
2026-12-05T18,1972.098
2026-12-05T19,2059.691
2026-12-05T20,2018.814
2026-12-05T21,1942.483
2026-12-05T22,1143.3
2026-12-05T23,581.035
2026-12-06T00,438.794
2026-12-06T01,417.105
2026-12-06T02,385.822
2026-12-06T03,400.421
2026-12-06T04,385.822
2026-12-06T05,382.068
2026-12-06T06,411.682
2026-12-06T07,469.66
2026-12-06T08,624.823
2026-12-06T09,913.042
2026-12-06T10,1221.283
2026-12-06T11,1795.636
2026-12-06T12,1874.051
2026-12-06T13,2016.701
2026-12-06T14,2032.551
2026-12-06T15,2055.075
2026-12-06T16,2025.043
2026-12-06T17,2000.851
2026-12-06T18,1916.596
2026-12-06T19,1856.95
2026-12-06T20,1686.771
2026-12-06T21,1221.7
2026-12-06T22,1153.712
2026-12-06T23,1039.842
2026-12-07T00,976.708
2026-12-07T01,944.341
2026-12-07T02,907.635
2026-12-07T03,919.648
2026-12-07T04,833.556
2026-12-07T05,535.571
2026-12-07T06,539.576
2026-12-07T07,654.698
2026-12-07T08,821.877
2026-12-07T09,1096.169
2026-12-07T10,1430.86
2026-12-07T11,1622.397
2026-12-07T12,1847.637
2026-12-07T13,2097.237
2026-12-07T14,2020.822
2026-12-07T15,1998.131
2026-12-07T16,1982.114
2026-12-07T17,1805.593
2026-12-07T18,1491.591
2026-12-07T19,1505.94
2026-12-07T20,1474.573
2026-12-07T21,1394.487
2026-12-07T22,1298.385
2026-12-07T23,1051.455
2026-12-08T00,968.99
2026-12-08T01,951.639
2026-12-08T02,918.605
2026-12-08T03,934.621
2026-12-08T04,886.239
2026-12-08T05,666.347
2026-12-08T06,556.902
2026-12-08T07,668.683
2026-12-08T08,876.228
2026-12-08T09,1123.815
2026-12-08T10,1442.14
2026-12-08T11,1811.183
2026-12-08T12,2110.155
2026-12-08T13,2100.813
2026-12-08T14,2064.776
2026-12-08T15,2058.436
2026-12-08T16,2034.411
2026-12-08T17,1774.146
2026-12-08T18,1536.236
2026-12-08T19,1523.556
2026-12-08T20,1491.19
2026-12-08T21,1406.77
2026-12-08T22,1341.037
2026-12-08T23,1059.082
2026-12-09T00,985.717
2026-12-09T01,964.695
2026-12-09T02,925.987
2026-12-09T03,857.581
2026-12-09T04,727.442
2026-12-09T05,519.22
2026-12-09T06,507.541
2026-12-09T07,667.712
2026-12-09T08,850.907
2026-12-09T09,1102.175
2026-12-09T10,1460.223
2026-12-09T11,1661.104
2026-12-09T12,2088.226
2026-12-09T13,2071.208
2026-12-09T14,1764.881
2026-12-09T15,1918.045
2026-12-09T16,1926.72
2026-12-09T17,1756.205
2026-12-09T18,1416.51
2026-12-09T19,1259.342
2026-12-09T20,1131.539
2026-12-09T21,1045.448
2026-12-09T22,1114.188
2026-12-09T23,985.384
2026-12-10T00,954.773
2026-12-10T01,947.682
2026-12-10T02,918.484
2026-12-10T03,916.815
2026-12-10T04,705.756
2026-12-10T05,557.681
2026-12-10T06,467.167
2026-12-10T07,603.98
2026-12-10T08,780.419
2026-12-10T09,975.628
2026-12-10T10,1276.367
2026-12-10T11,1523.298
2026-12-10T12,1864.08
2026-12-10T13,1872.005
2026-12-10T14,1836.133
2026-12-10T15,1768.978
2026-12-10T16,1745.62
2026-12-10T17,1697.235
2026-12-10T18,1460.314
2026-12-10T19,1469.908
2026-12-10T20,1429.031
2026-12-10T21,1303.48
2026-12-10T22,1222.977
2026-12-10T23,955.19
2026-12-11T00,911.802
2026-12-11T01,876.765
2026-12-11T02,777.075
2026-12-11T03,740.37
2026-12-11T04,668.21
2026-12-11T05,598.135
2026-12-11T06,571.44
2026-12-11T07,663.621
2026-12-11T08,864.251
2026-12-11T09,1104.923
2026-12-11T10,1404.825
2026-12-11T11,1724.748
2026-12-11T12,1990.864
2026-12-11T13,2053.848
2026-12-11T14,2007.132
2026-12-11T15,2003.795
2026-12-11T16,1985.859
2026-12-11T17,1871.571
2026-12-11T18,1524.536
2026-12-11T19,1527.456
2026-12-11T20,1511.188
2026-12-11T21,1438.194
2026-12-11T22,1030.678
2026-12-11T23,592.713
2026-12-12T00,460.907
2026-12-12T01,442.554
2026-12-12T02,410.437
2026-12-12T03,424.618
2026-12-12T04,410.02
2026-12-12T05,422.116
2026-12-12T06,498.03
2026-12-12T07,642.35
2026-12-12T08,847.568
2026-12-12T09,1137.46
2026-12-12T10,1775.639
2026-12-12T11,1935.392
2026-12-12T12,2117.669
2026-12-12T13,2140.611
2026-12-12T14,2108.493
2026-12-12T15,2095.98
2026-12-12T16,2033.83
2026-12-12T17,2025.905
2026-12-12T18,1972.098
2026-12-12T19,2059.691
2026-12-12T20,2018.814
2026-12-12T21,1942.483
2026-12-12T22,1143.3
2026-12-12T23,581.035
2026-12-13T00,438.794
2026-12-13T01,417.105
2026-12-13T02,385.822
2026-12-13T03,400.421
2026-12-13T04,385.822
2026-12-13T05,382.068
2026-12-13T06,411.682
2026-12-13T07,469.66
2026-12-13T08,624.823
2026-12-13T09,913.042
2026-12-13T10,1221.283
2026-12-13T11,1795.636
2026-12-13T12,1874.051
2026-12-13T13,2016.701
2026-12-13T14,2032.551
2026-12-13T15,2055.075
2026-12-13T16,2025.043
2026-12-13T17,2000.851
2026-12-13T18,1916.596
2026-12-13T19,1856.95
2026-12-13T20,1686.771
2026-12-13T21,1221.7
2026-12-13T22,1153.712
2026-12-13T23,1039.842
2026-12-14T00,976.708
2026-12-14T01,944.341
2026-12-14T02,907.635
2026-12-14T03,919.648
2026-12-14T04,833.556
2026-12-14T05,535.571
2026-12-14T06,539.576
2026-12-14T07,654.698
2026-12-14T08,821.877
2026-12-14T09,1096.169
2026-12-14T10,1430.86
2026-12-14T11,1622.397
2026-12-14T12,1847.637
2026-12-14T13,2097.237
2026-12-14T14,2020.822
2026-12-14T15,1998.131
2026-12-14T16,1982.114
2026-12-14T17,1805.593
2026-12-14T18,1491.591
2026-12-14T19,1505.94
2026-12-14T20,1474.573
2026-12-14T21,1394.487
2026-12-14T22,1298.385
2026-12-14T23,1051.455
2026-12-15T00,968.99
2026-12-15T01,951.639
2026-12-15T02,918.605
2026-12-15T03,934.621
2026-12-15T04,886.239
2026-12-15T05,666.347
2026-12-15T06,556.902
2026-12-15T07,668.683
2026-12-15T08,876.228
2026-12-15T09,1123.815
2026-12-15T10,1442.14
2026-12-15T11,1811.183
2026-12-15T12,2110.155
2026-12-15T13,2100.813
2026-12-15T14,2064.776
2026-12-15T15,2058.436
2026-12-15T16,2034.411
2026-12-15T17,1774.146
2026-12-15T18,1536.236
2026-12-15T19,1523.556
2026-12-15T20,1491.19
2026-12-15T21,1406.77
2026-12-15T22,1341.037
2026-12-15T23,1059.082
2026-12-16T00,985.717
2026-12-16T01,964.695
2026-12-16T02,925.987
2026-12-16T03,857.581
2026-12-16T04,727.442
2026-12-16T05,519.22
2026-12-16T06,507.541
2026-12-16T07,667.712
2026-12-16T08,850.907
2026-12-16T09,1102.175
2026-12-16T10,1460.223
2026-12-16T11,1661.104
2026-12-16T12,2088.226
2026-12-16T13,2071.208
2026-12-16T14,1764.881
2026-12-16T15,1918.045
2026-12-16T16,1926.72
2026-12-16T17,1756.205
2026-12-16T18,1416.51
2026-12-16T19,1259.342
2026-12-16T20,1131.539
2026-12-16T21,1045.448
2026-12-16T22,1114.188
2026-12-16T23,985.384
2026-12-17T00,954.773
2026-12-17T01,947.682
2026-12-17T02,918.484
2026-12-17T03,916.815
2026-12-17T04,705.756
2026-12-17T05,557.681
2026-12-17T06,467.167
2026-12-17T07,603.98
2026-12-17T08,780.419
2026-12-17T09,975.628
2026-12-17T10,1276.367
2026-12-17T11,1523.298
2026-12-17T12,1864.08
2026-12-17T13,1872.005
2026-12-17T14,1836.133
2026-12-17T15,1768.978
2026-12-17T16,1745.62
2026-12-17T17,1697.235
2026-12-17T18,1460.314
2026-12-17T19,1469.908
2026-12-17T20,1429.031
2026-12-17T21,1303.48
2026-12-17T22,1222.977
2026-12-17T23,955.19
2026-12-18T00,911.802
2026-12-18T01,876.765
2026-12-18T02,777.075
2026-12-18T03,740.37
2026-12-18T04,668.21
2026-12-18T05,598.135
2026-12-18T06,571.44
2026-12-18T07,663.621
2026-12-18T08,864.251
2026-12-18T09,1104.923
2026-12-18T10,1404.825
2026-12-18T11,1724.748
2026-12-18T12,1990.864
2026-12-18T13,2053.848
2026-12-18T14,2007.132
2026-12-18T15,2003.795
2026-12-18T16,1985.859
2026-12-18T17,1871.571
2026-12-18T18,1524.536
2026-12-18T19,1527.456
2026-12-18T20,1511.188
2026-12-18T21,1438.194
2026-12-18T22,1030.678
2026-12-18T23,592.713
2026-12-19T00,460.907
2026-12-19T01,442.554
2026-12-19T02,410.437
2026-12-19T03,424.618
2026-12-19T04,410.02
2026-12-19T05,422.116
2026-12-19T06,498.03
2026-12-19T07,642.35
2026-12-19T08,847.568
2026-12-19T09,1137.46
2026-12-19T10,1775.639
2026-12-19T11,1935.392
2026-12-19T12,2117.669
2026-12-19T13,2140.611
2026-12-19T14,2108.493
2026-12-19T15,2095.98
2026-12-19T16,2033.83
2026-12-19T17,2025.905
2026-12-19T18,1972.098
2026-12-19T19,2059.691
2026-12-19T20,2018.814
2026-12-19T21,1942.483
2026-12-19T22,1143.3
2026-12-19T23,581.035
2026-12-20T00,438.794
2026-12-20T01,417.105
2026-12-20T02,385.822
2026-12-20T03,400.421
2026-12-20T04,385.822
2026-12-20T05,382.068
2026-12-20T06,411.682
2026-12-20T07,469.66
2026-12-20T08,624.823
2026-12-20T09,913.042
2026-12-20T10,1221.283
2026-12-20T11,1795.636
2026-12-20T12,1874.051
2026-12-20T13,2016.701
2026-12-20T14,2032.551
2026-12-20T15,2055.075
2026-12-20T16,2025.043
2026-12-20T17,2000.851
2026-12-20T18,1916.596
2026-12-20T19,1856.95
2026-12-20T20,1686.771
2026-12-20T21,1221.7
2026-12-20T22,1153.712
2026-12-20T23,1039.842
2026-12-21T00,976.708
2026-12-21T01,944.341
2026-12-21T02,907.635
2026-12-21T03,919.648
2026-12-21T04,833.556
2026-12-21T05,535.571
2026-12-21T06,539.576
2026-12-21T07,654.698
2026-12-21T08,821.877
2026-12-21T09,1096.169
2026-12-21T10,1430.86
2026-12-21T11,1622.397
2026-12-21T12,1847.637
2026-12-21T13,2097.237
2026-12-21T14,2020.822
2026-12-21T15,1998.131
2026-12-21T16,1982.114
2026-12-21T17,1805.593
2026-12-21T18,1491.591
2026-12-21T19,1505.94
2026-12-21T20,1474.573
2026-12-21T21,1394.487
2026-12-21T22,1298.385
2026-12-21T23,1051.455
2026-12-22T00,969.02
2026-12-22T01,951.668
2026-12-22T02,918.633
2026-12-22T03,934.65
2026-12-22T04,886.266
2026-12-22T05,666.368
2026-12-22T06,556.919
2026-12-22T07,668.704
2026-12-22T08,876.256
2026-12-22T09,1123.849
2026-12-22T10,1442.184
2026-12-22T11,1811.239
2026-12-22T12,2110.221
2026-12-22T13,2100.878
2026-12-22T14,2064.84
2026-12-22T15,2058.5
2026-12-22T16,2034.474
2026-12-22T17,1774.201
2026-12-22T18,1536.283
2026-12-22T19,1523.603
2026-12-22T20,1491.236
2026-12-22T21,1406.814
2026-12-22T22,1341.078
2026-12-22T23,1059.115
2026-12-23T00,985.717
2026-12-23T01,964.695
2026-12-23T02,925.987
2026-12-23T03,857.581
2026-12-23T04,727.442
2026-12-23T05,519.22
2026-12-23T06,507.541
2026-12-23T07,667.712
2026-12-23T08,850.907
2026-12-23T09,1102.175
2026-12-23T10,1460.223
2026-12-23T11,1661.104
2026-12-23T12,2088.226
2026-12-23T13,2071.208
2026-12-23T14,1764.881
2026-12-23T15,1918.045
2026-12-23T16,1926.72
2026-12-23T17,1756.205
2026-12-23T18,1416.51
2026-12-23T19,1259.342
2026-12-23T20,1131.539
2026-12-23T21,1045.448
2026-12-23T22,1114.188
2026-12-23T23,985.384
2026-12-24T00,954.773
2026-12-24T01,947.682
2026-12-24T02,918.484
2026-12-24T03,916.815
2026-12-24T04,705.756
2026-12-24T05,557.681
2026-12-24T06,467.167
2026-12-24T07,603.98
2026-12-24T08,780.419
2026-12-24T09,975.628
2026-12-24T10,1276.367
2026-12-24T11,1523.298
2026-12-24T12,1864.08
2026-12-24T13,1872.005
2026-12-24T14,1836.133
2026-12-24T15,1768.978
2026-12-24T16,1745.62
2026-12-24T17,1697.235
2026-12-24T18,1460.314
2026-12-24T19,1469.908
2026-12-24T20,1429.031
2026-12-24T21,1303.48
2026-12-24T22,1222.977
2026-12-24T23,955.19
2026-12-25T00,911.802
2026-12-25T01,876.765
2026-12-25T02,777.075
2026-12-25T03,740.37
2026-12-25T04,668.21
2026-12-25T05,598.135
2026-12-25T06,571.44
2026-12-25T07,663.621
2026-12-25T08,864.251
2026-12-25T09,1104.923
2026-12-25T10,1404.825
2026-12-25T11,1724.748
2026-12-25T12,1990.864
2026-12-25T13,2053.848
2026-12-25T14,2007.132
2026-12-25T15,2003.795
2026-12-25T16,1985.859
2026-12-25T17,1871.571
2026-12-25T18,1524.536
2026-12-25T19,1527.456
2026-12-25T20,1511.188
2026-12-25T21,1438.194
2026-12-25T22,1030.678
2026-12-25T23,592.713
2026-12-26T00,460.907
2026-12-26T01,442.554
2026-12-26T02,410.437
2026-12-26T03,424.618
2026-12-26T04,410.02
2026-12-26T05,422.116
2026-12-26T06,498.03
2026-12-26T07,642.35
2026-12-26T08,847.568
2026-12-26T09,1137.46
2026-12-26T10,1775.639
2026-12-26T11,1935.392
2026-12-26T12,2117.669
2026-12-26T13,2140.611
2026-12-26T14,2108.493
2026-12-26T15,2095.98
2026-12-26T16,2033.83
2026-12-26T17,2025.905
2026-12-26T18,1972.098
2026-12-26T19,2059.691
2026-12-26T20,2018.814
2026-12-26T21,1942.483
2026-12-26T22,1143.3
2026-12-26T23,581.035
2026-12-27T00,438.794
2026-12-27T01,417.105
2026-12-27T02,385.822
2026-12-27T03,400.421
2026-12-27T04,385.822
2026-12-27T05,382.068
2026-12-27T06,411.682
2026-12-27T07,469.66
2026-12-27T08,624.823
2026-12-27T09,913.042
2026-12-27T10,1221.283
2026-12-27T11,1795.636
2026-12-27T12,1874.051
2026-12-27T13,2016.701
2026-12-27T14,2032.551
2026-12-27T15,2055.075
2026-12-27T16,2025.043
2026-12-27T17,2000.851
2026-12-27T18,1916.596
2026-12-27T19,1856.95
2026-12-27T20,1686.771
2026-12-27T21,1221.7
2026-12-27T22,1153.712
2026-12-27T23,1039.842
2026-12-28T00,976.708
2026-12-28T01,944.341
2026-12-28T02,907.635
2026-12-28T03,919.648
2026-12-28T04,833.556
2026-12-28T05,535.571
2026-12-28T06,539.576
2026-12-28T07,654.698
2026-12-28T08,821.877
2026-12-28T09,1096.169
2026-12-28T10,1430.86
2026-12-28T11,1622.397
2026-12-28T12,1847.637
2026-12-28T13,2097.237
2026-12-28T14,2020.822
2026-12-28T15,1998.131
2026-12-28T16,1982.114
2026-12-28T17,1805.593
2026-12-28T18,1491.591
2026-12-28T19,1505.94
2026-12-28T20,1474.573
2026-12-28T21,1394.487
2026-12-28T22,1298.385
2026-12-28T23,1051.455
2026-12-29T00,969.02
2026-12-29T01,951.668
2026-12-29T02,918.633
2026-12-29T03,934.65
2026-12-29T04,886.266
2026-12-29T05,666.368
2026-12-29T06,556.919
2026-12-29T07,668.704
2026-12-29T08,876.256
2026-12-29T09,1123.849
2026-12-29T10,1442.184
2026-12-29T11,1811.239
2026-12-29T12,2110.221
2026-12-29T13,2100.878
2026-12-29T14,2064.84
2026-12-29T15,2058.5
2026-12-29T16,2034.474
2026-12-29T17,1774.201
2026-12-29T18,1536.283
2026-12-29T19,1523.603
2026-12-29T20,1491.236
2026-12-29T21,1406.814
2026-12-29T22,1341.078
2026-12-29T23,1059.115
2026-12-30T00,985.717
2026-12-30T01,964.695
2026-12-30T02,925.987
2026-12-30T03,857.581
2026-12-30T04,727.442
2026-12-30T05,519.22
2026-12-30T06,507.541
2026-12-30T07,667.712
2026-12-30T08,850.907
2026-12-30T09,1102.175
2026-12-30T10,1460.223
2026-12-30T11,1661.104
2026-12-30T12,2088.226
2026-12-30T13,2071.208
2026-12-30T14,1764.881
2026-12-30T15,1918.045
2026-12-30T16,1926.72
2026-12-30T17,1756.205
2026-12-30T18,1416.51
2026-12-30T19,1259.342
2026-12-30T20,1131.539
2026-12-30T21,1045.448
2026-12-30T22,1114.188
2026-12-30T23,985.384
2026-12-31T00,954.773
2026-12-31T01,947.682
2026-12-31T02,918.484
2026-12-31T03,916.815
2026-12-31T04,705.756
2026-12-31T05,557.681
2026-12-31T06,467.167
2026-12-31T07,603.98
2026-12-31T08,780.419
2026-12-31T09,975.628
2026-12-31T10,1276.367
2026-12-31T11,1523.298
2026-12-31T12,1864.08
2026-12-31T13,1872.005
2026-12-31T14,1836.133
2026-12-31T15,1768.978
2026-12-31T16,1745.62
2026-12-31T17,1697.235
2026-12-31T18,1460.314
2026-12-31T19,1469.908
2026-12-31T20,1429.031
2026-12-31T21,1303.48
2026-12-31T22,1222.977
2026-12-31T23,955.19
