bucket,value
2026-01-01T00,377.017
2026-01-01T01,430.887
2026-01-01T02,444.156
2026-01-01T03,432.226
2026-01-01T04,366.854
2026-01-01T05,337.222
2026-01-01T06,334.209
2026-01-01T07,327.579
2026-01-01T08,329.318
2026-01-01T09,230.26
2026-01-01T10,465.525
2026-01-01T11,488.268
2026-01-01T12,501.991
2026-01-01T13,504.118
2026-01-01T14,500.77
2026-01-01T15,508.181
2026-01-01T16,538.954
2026-01-01T17,561.757
2026-01-01T18,513.505
2026-01-01T19,524.899
2026-01-01T20,550.053
2026-01-01T21,422.462
2026-01-01T22,480.079
2026-01-01T23,481.324
2026-01-02T00,472.854
2026-01-02T01,495.885
2026-01-02T02,435.01
2026-01-02T03,423.918
2026-01-02T04,438.613
2026-01-02T05,332.713
2026-01-02T06,290.719
2026-01-02T07,287.95
2026-01-02T08,266.358
2026-01-02T09,277.483
2026-01-02T10,543.006
2026-01-02T11,490.799
2026-01-02T12,485.088
2026-01-02T13,486.415
2026-01-02T14,495.559
2026-01-02T15,509.196
2026-01-02T16,515.332
2026-01-02T17,515.454
2026-01-02T18,516.652
2026-01-02T19,516.275
2026-01-02T20,502.519
2026-01-02T21,395.887
2026-01-02T22,395.601
2026-01-02T23,386.104
2026-01-03T00,378.38
2026-01-03T01,378.916
2026-01-03T02,378.684
2026-01-03T03,377.363
2026-01-03T04,377.151
2026-01-03T05,375.333
2026-01-03T06,370.632
2026-01-03T07,371.433
2026-01-03T08,371.103
2026-01-03T09,211.033
2026-01-03T10,385.078
2026-01-03T11,399.784
2026-01-03T12,397.09
2026-01-03T13,394.146
2026-01-03T14,392.246
2026-01-03T15,401.21
2026-01-03T16,410.002
2026-01-03T17,424.67
2026-01-03T18,473.44
2026-01-03T19,483.555
2026-01-03T20,483.019
2026-01-03T21,376.089
2026-01-03T22,396.972
2026-01-03T23,398.595
2026-01-04T00,398.083
2026-01-04T01,397.055
2026-01-04T02,395.407
2026-01-04T03,390.884
2026-01-04T04,385.169
2026-01-04T05,374.603
2026-01-04T06,364.102
2026-01-04T07,357.963
2026-01-04T08,357.613
2026-01-04T09,369.175
2026-01-04T10,377.71
2026-01-04T11,338.345
2026-01-04T12,334.699
2026-01-04T13,404.836
2026-01-04T14,413.368
2026-01-04T15,399.952
2026-01-04T16,393.898
2026-01-04T17,390.383
2026-01-04T18,393.674
2026-01-04T19,438.33
2026-01-04T20,458.321
2026-01-04T21,349.851
2026-01-04T22,367.189
2026-01-04T23,364.974
2026-01-05T00,361.964
2026-01-05T01,361.724
2026-01-05T02,357.97
2026-01-05T03,351.748
2026-01-05T04,342.091
2026-01-05T05,336.924
2026-01-05T06,332.725
2026-01-05T07,333.809
2026-01-05T08,262.423
2026-01-05T09,202.429
2026-01-05T10,423.683
2026-01-05T11,420.125
2026-01-05T12,424.788
2026-01-05T13,421.813
2026-01-05T14,419.967
2026-01-05T15,427.032
2026-01-05T16,444.105
2026-01-05T17,463.547
2026-01-05T18,471.076
2026-01-05T19,481.47
2026-01-05T20,474.731
2026-01-05T21,361.791
2026-01-05T22,386.051
2026-01-05T23,387.154
2026-01-06T00,386.465
2026-01-06T01,385.45
2026-01-06T02,385.477
2026-01-06T03,384.923
2026-01-06T04,381.8
2026-01-06T05,375.941
2026-01-06T06,368.43
2026-01-06T07,287.448
2026-01-06T08,344.491
2026-01-06T09,204.657
2026-01-06T10,388.958
2026-01-06T11,392.707
2026-01-06T12,392.902
2026-01-06T13,388.747
2026-01-06T14,388.022
2026-01-06T15,397.974
2026-01-06T16,416.426
2026-01-06T17,461.229
2026-01-06T18,499.171
2026-01-06T19,480.695
2026-01-06T20,488.129
2026-01-06T21,373.546
2026-01-06T22,381.787
2026-01-06T23,378.368
2026-01-07T00,377.561
2026-01-07T01,281.289
2026-01-07T02,279.083
2026-01-07T03,277.638
2026-01-07T04,274.825
2026-01-07T05,272.948
2026-01-07T06,270.65
2026-01-07T07,270.417
2026-01-07T08,263.32
2026-01-07T09,191.296
2026-01-07T10,339.312
2026-01-07T11,364.52
2026-01-07T12,469.987
2026-01-07T13,475.801
2026-01-07T14,453.434
2026-01-07T15,466.433
2026-01-07T16,509.899
2026-01-07T17,513.566
2026-01-07T18,518.908
2026-01-07T19,511.653
2026-01-07T20,493.664
2026-01-07T21,472.609
2026-01-07T22,516.952
2026-01-07T23,515.296
2026-01-08T00,377.017
2026-01-08T01,430.887
2026-01-08T02,444.156
2026-01-08T03,432.226
2026-01-08T04,366.854
2026-01-08T05,337.222
2026-01-08T06,334.209
2026-01-08T07,327.579
2026-01-08T08,329.318
2026-01-08T09,230.26
2026-01-08T10,465.525
2026-01-08T11,488.268
2026-01-08T12,501.991
2026-01-08T13,504.118
2026-01-08T14,500.77
2026-01-08T15,508.181
2026-01-08T16,538.954
2026-01-08T17,561.757
2026-01-08T18,513.505
2026-01-08T19,524.899
2026-01-08T20,550.053
2026-01-08T21,422.462
2026-01-08T22,480.079
2026-01-08T23,481.324
2026-01-09T00,472.854
2026-01-09T01,495.885
2026-01-09T02,435.01
2026-01-09T03,423.918
2026-01-09T04,438.613
2026-01-09T05,332.713
2026-01-09T06,290.719
2026-01-09T07,287.95
2026-01-09T08,266.358
2026-01-09T09,277.483
2026-01-09T10,543.006
2026-01-09T11,490.799
2026-01-09T12,485.088
2026-01-09T13,486.415
2026-01-09T14,495.559
2026-01-09T15,509.196
2026-01-09T16,515.332
2026-01-09T17,515.454
2026-01-09T18,516.652
2026-01-09T19,516.275
2026-01-09T20,502.519
2026-01-09T21,395.887
2026-01-09T22,395.601
2026-01-09T23,386.104
2026-01-10T00,378.38
2026-01-10T01,378.916
2026-01-10T02,378.684
2026-01-10T03,377.363
2026-01-10T04,377.151
2026-01-10T05,375.333
2026-01-10T06,370.632
2026-01-10T07,371.433
2026-01-10T08,371.103
2026-01-10T09,211.033
2026-01-10T10,385.078
2026-01-10T11,399.784
2026-01-10T12,397.09
2026-01-10T13,394.146
2026-01-10T14,392.246
2026-01-10T15,401.21
2026-01-10T16,410.002
2026-01-10T17,424.67
2026-01-10T18,473.44
2026-01-10T19,483.555
2026-01-10T20,483.019
2026-01-10T21,376.089
2026-01-10T22,396.972
2026-01-10T23,398.595
2026-01-11T00,398.083
2026-01-11T01,397.055
2026-01-11T02,395.407
2026-01-11T03,390.884
2026-01-11T04,385.169
2026-01-11T05,374.603
2026-01-11T06,364.102
2026-01-11T07,357.963
2026-01-11T08,357.613
2026-01-11T09,369.175
2026-01-11T10,377.71
2026-01-11T11,338.345
2026-01-11T12,334.699
2026-01-11T13,404.836
2026-01-11T14,413.368
2026-01-11T15,399.952
2026-01-11T16,393.898
2026-01-11T17,390.383
2026-01-11T18,393.674
2026-01-11T19,438.33
2026-01-11T20,458.321
2026-01-11T21,349.851
2026-01-11T22,367.189
2026-01-11T23,364.974
2026-01-12T00,361.964
2026-01-12T01,361.724
2026-01-12T02,357.97
2026-01-12T03,351.748
2026-01-12T04,342.091
2026-01-12T05,336.924
2026-01-12T06,332.725
2026-01-12T07,333.809
2026-01-12T08,262.423
2026-01-12T09,202.429
2026-01-12T10,423.683
2026-01-12T11,420.125
2026-01-12T12,424.788
2026-01-12T13,421.813
2026-01-12T14,419.967
2026-01-12T15,427.032
2026-01-12T16,444.105
2026-01-12T17,463.547
2026-01-12T18,471.076
2026-01-12T19,481.47
2026-01-12T20,474.731
2026-01-12T21,361.791
2026-01-12T22,386.051
2026-01-12T23,387.154
2026-01-13T00,386.465
2026-01-13T01,385.45
2026-01-13T02,385.477
2026-01-13T03,384.923
2026-01-13T04,381.8
2026-01-13T05,375.941
2026-01-13T06,368.43
2026-01-13T07,287.448
2026-01-13T08,344.491
2026-01-13T09,204.657
2026-01-13T10,388.958
2026-01-13T11,392.707
2026-01-13T12,392.902
2026-01-13T13,388.747
2026-01-13T14,388.022
2026-01-13T15,397.974
2026-01-13T16,416.426
2026-01-13T17,461.229
2026-01-13T18,499.171
2026-01-13T19,480.695
2026-01-13T20,488.129
2026-01-13T21,373.546
2026-01-13T22,381.787
2026-01-13T23,378.368
2026-01-14T00,377.561
2026-01-14T01,281.289
2026-01-14T02,279.083
2026-01-14T03,277.638
2026-01-14T04,274.825
2026-01-14T05,272.948
2026-01-14T06,270.65
2026-01-14T07,270.417
2026-01-14T08,263.32
2026-01-14T09,191.296
2026-01-14T10,339.312
2026-01-14T11,364.52
2026-01-14T12,469.987
2026-01-14T13,475.801
2026-01-14T14,453.434
2026-01-14T15,466.433
2026-01-14T16,509.899
2026-01-14T17,513.566
2026-01-14T18,518.908
2026-01-14T19,511.653
2026-01-14T20,493.664
2026-01-14T21,472.609
2026-01-14T22,516.952
2026-01-14T23,515.296
2026-01-15T00,377.017
2026-01-15T01,430.887
2026-01-15T02,444.156
2026-01-15T03,432.226
2026-01-15T04,366.854
2026-01-15T05,337.222
2026-01-15T06,334.209
2026-01-15T07,327.579
2026-01-15T08,329.318
2026-01-15T09,230.26
2026-01-15T10,465.525
2026-01-15T11,488.268
2026-01-15T12,501.991
2026-01-15T13,504.118
2026-01-15T14,500.77
2026-01-15T15,508.181
2026-01-15T16,538.954
2026-01-15T17,561.757
2026-01-15T18,513.505
2026-01-15T19,524.899
2026-01-15T20,550.053
2026-01-15T21,422.462
2026-01-15T22,480.079
2026-01-15T23,481.324
2026-01-16T00,472.854
2026-01-16T01,495.885
2026-01-16T02,435.01
2026-01-16T03,423.918
2026-01-16T04,438.613
2026-01-16T05,332.713
2026-01-16T06,290.719
2026-01-16T07,287.95
2026-01-16T08,266.358
2026-01-16T09,277.483
2026-01-16T10,543.006
2026-01-16T11,490.799
2026-01-16T12,485.088
2026-01-16T13,486.415
2026-01-16T14,495.559
2026-01-16T15,509.196
2026-01-16T16,515.332
2026-01-16T17,515.454
2026-01-16T18,516.652
2026-01-16T19,516.275
2026-01-16T20,502.519
2026-01-16T21,395.887
2026-01-16T22,395.601
2026-01-16T23,386.104
2026-01-17T00,378.38
2026-01-17T01,378.916
2026-01-17T02,378.684
2026-01-17T03,377.363
2026-01-17T04,377.151
2026-01-17T05,375.333
2026-01-17T06,370.632
2026-01-17T07,371.433
2026-01-17T08,371.103
2026-01-17T09,211.033
2026-01-17T10,385.078
2026-01-17T11,399.784
2026-01-17T12,397.09
2026-01-17T13,394.146
2026-01-17T14,392.246
2026-01-17T15,401.21
2026-01-17T16,410.002
2026-01-17T17,424.67
2026-01-17T18,473.44
2026-01-17T19,483.555
2026-01-17T20,483.019
2026-01-17T21,376.089
2026-01-17T22,396.972
2026-01-17T23,398.595
2026-01-18T00,398.083
2026-01-18T01,397.055
2026-01-18T02,395.407
2026-01-18T03,390.884
2026-01-18T04,385.169
2026-01-18T05,374.603
2026-01-18T06,364.102
2026-01-18T07,357.963
2026-01-18T08,357.613
2026-01-18T09,369.175
2026-01-18T10,377.71
2026-01-18T11,338.345
2026-01-18T12,334.699
2026-01-18T13,404.836
2026-01-18T14,413.368
2026-01-18T15,399.952
2026-01-18T16,393.898
2026-01-18T17,390.383
2026-01-18T18,393.674
2026-01-18T19,438.33
2026-01-18T20,458.321
2026-01-18T21,349.851
2026-01-18T22,367.189
2026-01-18T23,364.974
2026-01-19T00,361.964
2026-01-19T01,361.724
2026-01-19T02,357.97
2026-01-19T03,351.748
2026-01-19T04,342.091
2026-01-19T05,336.924
2026-01-19T06,332.725
2026-01-19T07,333.809
2026-01-19T08,262.423
2026-01-19T09,202.429
2026-01-19T10,423.683
2026-01-19T11,420.125
2026-01-19T12,424.788
2026-01-19T13,421.813
2026-01-19T14,419.967
2026-01-19T15,427.032
2026-01-19T16,444.105
2026-01-19T17,463.547
2026-01-19T18,471.076
2026-01-19T19,481.47
2026-01-19T20,474.731
2026-01-19T21,361.791
2026-01-19T22,386.051
2026-01-19T23,387.154
2026-01-20T00,386.465
2026-01-20T01,385.45
2026-01-20T02,385.477
2026-01-20T03,384.923
2026-01-20T04,381.8
2026-01-20T05,375.941
2026-01-20T06,368.43
2026-01-20T07,287.448
2026-01-20T08,344.491
2026-01-20T09,204.657
2026-01-20T10,388.958
2026-01-20T11,392.707
2026-01-20T12,392.902
2026-01-20T13,388.747
2026-01-20T14,388.022
2026-01-20T15,397.974
2026-01-20T16,416.426
2026-01-20T17,461.229
2026-01-20T18,499.171
2026-01-20T19,480.695
2026-01-20T20,488.129
2026-01-20T21,373.546
2026-01-20T22,381.787
2026-01-20T23,378.368
2026-01-21T00,377.561
2026-01-21T01,281.289
2026-01-21T02,279.083
2026-01-21T03,277.638
2026-01-21T04,274.825
2026-01-21T05,272.948
2026-01-21T06,270.65
2026-01-21T07,270.417
2026-01-21T08,263.32
2026-01-21T09,191.296
2026-01-21T10,339.312
2026-01-21T11,364.52
2026-01-21T12,469.987
2026-01-21T13,475.801
2026-01-21T14,453.434
2026-01-21T15,466.433
2026-01-21T16,509.899
2026-01-21T17,513.566
2026-01-21T18,518.908
2026-01-21T19,511.653
2026-01-21T20,493.664
2026-01-21T21,472.609
2026-01-21T22,516.952
2026-01-21T23,515.296
2026-01-22T00,377.017
2026-01-22T01,430.887
2026-01-22T02,444.156
2026-01-22T03,432.226
2026-01-22T04,366.854
2026-01-22T05,337.222
2026-01-22T06,334.209
2026-01-22T07,327.579
2026-01-22T08,329.318
2026-01-22T09,230.26
2026-01-22T10,465.525
2026-01-22T11,488.268
2026-01-22T12,501.991
2026-01-22T13,504.118
2026-01-22T14,500.77
2026-01-22T15,508.181
2026-01-22T16,538.954
2026-01-22T17,561.757
2026-01-22T18,513.505
2026-01-22T19,524.899
2026-01-22T20,550.053
2026-01-22T21,422.462
2026-01-22T22,480.079
2026-01-22T23,481.324
2026-01-23T00,472.854
2026-01-23T01,495.885
2026-01-23T02,435.01
2026-01-23T03,423.918
2026-01-23T04,438.613
2026-01-23T05,332.713
2026-01-23T06,290.719
2026-01-23T07,287.95
2026-01-23T08,266.358
2026-01-23T09,277.483
2026-01-23T10,543.006
2026-01-23T11,490.799
2026-01-23T12,485.088
2026-01-23T13,486.415
2026-01-23T14,495.559
2026-01-23T15,509.196
2026-01-23T16,515.332
2026-01-23T17,515.454
2026-01-23T18,516.652
2026-01-23T19,516.275
2026-01-23T20,502.519
2026-01-23T21,395.887
2026-01-23T22,395.601
2026-01-23T23,386.104
2026-01-24T00,378.38
2026-01-24T01,378.916
2026-01-24T02,378.684
2026-01-24T03,377.363
2026-01-24T04,377.151
2026-01-24T05,375.333
2026-01-24T06,370.632
2026-01-24T07,371.433
2026-01-24T08,371.103
2026-01-24T09,211.033
2026-01-24T10,385.078
2026-01-24T11,399.784
2026-01-24T12,397.09
2026-01-24T13,394.146
2026-01-24T14,392.246
2026-01-24T15,401.21
2026-01-24T16,410.002
2026-01-24T17,424.67
2026-01-24T18,473.44
2026-01-24T19,483.555
2026-01-24T20,483.019
2026-01-24T21,376.089
2026-01-24T22,396.972
2026-01-24T23,398.595
2026-01-25T00,398.083
2026-01-25T01,397.055
2026-01-25T02,395.407
2026-01-25T03,390.884
2026-01-25T04,385.169
2026-01-25T05,374.603
2026-01-25T06,364.102
2026-01-25T07,357.963
2026-01-25T08,357.613
2026-01-25T09,369.175
2026-01-25T10,377.71
2026-01-25T11,338.345
2026-01-25T12,334.699
2026-01-25T13,404.836
2026-01-25T14,413.368
2026-01-25T15,399.952
2026-01-25T16,393.898
2026-01-25T17,390.383
2026-01-25T18,393.674
2026-01-25T19,438.33
2026-01-25T20,458.321
2026-01-25T21,349.851
2026-01-25T22,367.189
2026-01-25T23,364.974
2026-01-26T00,361.964
2026-01-26T01,361.724
2026-01-26T02,357.97
2026-01-26T03,351.748
2026-01-26T04,342.091
2026-01-26T05,336.924
2026-01-26T06,332.725
2026-01-26T07,333.809
2026-01-26T08,262.423
2026-01-26T09,202.429
2026-01-26T10,423.683
2026-01-26T11,420.125
2026-01-26T12,424.788
2026-01-26T13,421.813
2026-01-26T14,419.967
2026-01-26T15,427.032
2026-01-26T16,444.105
2026-01-26T17,463.547
2026-01-26T18,471.076
2026-01-26T19,481.47
2026-01-26T20,474.731
2026-01-26T21,361.791
2026-01-26T22,386.051
2026-01-26T23,387.154
2026-01-27T00,386.465
2026-01-27T01,385.45
2026-01-27T02,385.477
2026-01-27T03,384.923
2026-01-27T04,381.8
2026-01-27T05,375.941
2026-01-27T06,368.43
2026-01-27T07,287.448
2026-01-27T08,344.491
2026-01-27T09,204.657
2026-01-27T10,388.958
2026-01-27T11,392.707
2026-01-27T12,392.902
2026-01-27T13,388.747
2026-01-27T14,388.022
2026-01-27T15,397.974
2026-01-27T16,416.426
2026-01-27T17,461.229
2026-01-27T18,499.171
2026-01-27T19,480.695
2026-01-27T20,488.129
2026-01-27T21,373.546
2026-01-27T22,381.787
2026-01-27T23,378.368
2026-01-28T00,377.561
2026-01-28T01,281.289
2026-01-28T02,279.083
2026-01-28T03,277.638
2026-01-28T04,274.825
2026-01-28T05,272.948
2026-01-28T06,270.65
2026-01-28T07,270.417
2026-01-28T08,263.32
2026-01-28T09,191.296
2026-01-28T10,339.312
2026-01-28T11,364.52
2026-01-28T12,469.987
2026-01-28T13,475.801
2026-01-28T14,453.434
2026-01-28T15,466.433
2026-01-28T16,509.899
2026-01-28T17,513.566
2026-01-28T18,518.908
2026-01-28T19,511.653
2026-01-28T20,493.664
2026-01-28T21,472.609
2026-01-28T22,516.952
2026-01-28T23,515.296
2026-01-29T00,377.017
2026-01-29T01,430.887
2026-01-29T02,444.156
2026-01-29T03,432.226
2026-01-29T04,366.854
2026-01-29T05,337.222
2026-01-29T06,334.209
2026-01-29T07,327.579
2026-01-29T08,329.318
2026-01-29T09,230.26
2026-01-29T10,465.525
2026-01-29T11,488.268
2026-01-29T12,501.991
2026-01-29T13,504.118
2026-01-29T14,500.77
2026-01-29T15,508.181
2026-01-29T16,538.954
2026-01-29T17,561.757
2026-01-29T18,513.505
2026-01-29T19,524.899
2026-01-29T20,550.053
2026-01-29T21,422.462
2026-01-29T22,480.079
2026-01-29T23,481.324
2026-01-30T00,472.854
2026-01-30T01,495.885
2026-01-30T02,435.01
2026-01-30T03,423.918
2026-01-30T04,438.613
2026-01-30T05,332.713
2026-01-30T06,290.719
2026-01-30T07,287.95
2026-01-30T08,266.358
2026-01-30T09,277.483
2026-01-30T10,543.006
2026-01-30T11,490.799
2026-01-30T12,485.088
2026-01-30T13,486.415
2026-01-30T14,495.559
2026-01-30T15,509.196
2026-01-30T16,515.332
2026-01-30T17,515.454
2026-01-30T18,516.652
2026-01-30T19,516.275
2026-01-30T20,502.519
2026-01-30T21,395.887
2026-01-30T22,395.601
2026-01-30T23,386.104
2026-01-31T00,378.38
2026-01-31T01,378.916
2026-01-31T02,378.684
2026-01-31T03,377.363
2026-01-31T04,377.151
2026-01-31T05,375.333
2026-01-31T06,370.632
2026-01-31T07,371.433
2026-01-31T08,371.103
2026-01-31T09,211.033
2026-01-31T10,385.078
2026-01-31T11,399.784
2026-01-31T12,397.09
2026-01-31T13,394.146
2026-01-31T14,392.246
2026-01-31T15,401.21
2026-01-31T16,410.002
2026-01-31T17,424.67
2026-01-31T18,473.44
2026-01-31T19,483.555
2026-01-31T20,483.019
2026-01-31T21,376.089
2026-01-31T22,396.972
2026-01-31T23,398.595
2026-02-01T00,229.252
2026-02-01T01,295.395
2026-02-01T02,182.239
2026-02-01T03,165.852
2026-02-01T04,164.244
2026-02-01T05,164.552
2026-02-01T06,164.233
2026-02-01T07,147.103
2026-02-01T08,14.543
2026-02-01T09,34.032
2026-02-01T10,101.079
2026-02-01T11,373.364
2026-02-01T12,433.803
2026-02-01T13,519.286
2026-02-01T14,542.451
2026-02-01T15,548.258
2026-02-01T16,496.464
2026-02-01T17,489.084
2026-02-01T18,537.578
2026-02-01T19,515.745
2026-02-01T20,492.468
2026-02-01T21,56.674
2026-02-01T22,14.555
2026-02-01T23,15.317
2026-02-02T00,29.048
2026-02-02T01,32.108
2026-02-02T02,13.574
2026-02-02T03,13.111
2026-02-02T04,13.578
2026-02-02T05,13.349
2026-02-02T06,13.34
2026-02-02T07,13.147
2026-02-02T08,13.349
2026-02-02T09,240.646
2026-02-02T10,741.948
2026-02-02T11,729.942
2026-02-02T12,711.38
2026-02-02T13,693.091
2026-02-02T14,682.272
2026-02-02T15,654.236
2026-02-02T16,642.235
2026-02-02T17,632.716
2026-02-02T18,621.934
2026-02-02T19,610.617
2026-02-02T20,603.749
2026-02-02T21,88.934
2026-02-02T22,32.104
2026-02-02T23,28.496
2026-02-03T00,12.819
2026-02-03T01,12.222
2026-02-03T02,12.758
2026-02-03T03,12.515
2026-02-03T04,12.706
2026-02-03T05,16.342
2026-02-03T06,12.465
2026-02-03T07,12.274
2026-02-03T08,12.223
2026-02-03T09,293.765
2026-02-03T10,835.504
2026-02-03T11,779.644
2026-02-03T12,768.129
2026-02-03T13,758.664
2026-02-03T14,751.521
2026-02-03T15,711.101
2026-02-03T16,716.898
2026-02-03T17,709.387
2026-02-03T18,684.718
2026-02-03T19,579.897
2026-02-03T20,538.328
2026-02-03T21,57.28
2026-02-03T22,12.8
2026-02-03T23,13.243
2026-02-04T00,12.151
2026-02-04T01,12.703
2026-02-04T02,12.697
2026-02-04T03,12.151
2026-02-04T04,12.67
2026-02-04T05,12.178
2026-02-04T06,17.127
2026-02-04T07,14.442
2026-02-04T08,12.151
2026-02-04T09,302.706
2026-02-04T10,821.525
2026-02-04T11,694.481
2026-02-04T12,710.807
2026-02-04T13,805.517
2026-02-04T14,784.446
2026-02-04T15,773.204
2026-02-04T16,748.886
2026-02-04T17,729.41
2026-02-04T18,713.247
2026-02-04T19,699.623
2026-02-04T20,667.444
2026-02-04T21,73.727
2026-02-04T22,12.44
2026-02-04T23,12.954
2026-02-05T00,12.443
2026-02-05T01,12.452
2026-02-05T02,11.893
2026-02-05T03,12.744
2026-02-05T04,12.66
2026-02-05T05,14.52
2026-02-05T06,12.41
2026-02-05T07,12.185
2026-02-05T08,12.711
2026-02-05T09,356.263
2026-02-05T10,840.78
2026-02-05T11,650.074
2026-02-05T12,744.418
2026-02-05T13,771.275
2026-02-05T14,762.632
2026-02-05T15,738.393
2026-02-05T16,738.509
2026-02-05T17,700.867
2026-02-05T18,669.414
2026-02-05T19,639.618
2026-02-05T20,649.137
2026-02-05T21,83.071
2026-02-05T22,13.736
2026-02-05T23,12.951
2026-02-06T00,12.126
2026-02-06T01,15.252
2026-02-06T02,15.765
2026-02-06T03,14.214
2026-02-06T04,14.297
2026-02-06T05,12.137
2026-02-06T06,12.662
2026-02-06T07,11.866
2026-02-06T08,12.662
2026-02-06T09,263.188
2026-02-06T10,842.468
2026-02-06T11,802.14
2026-02-06T12,786.702
2026-02-06T13,768.97
2026-02-06T14,749.766
2026-02-06T15,745.968
2026-02-06T16,744.508
2026-02-06T17,741.028
2026-02-06T18,722.343
2026-02-06T19,710.268
2026-02-06T20,695.402
2026-02-06T21,87.016
2026-02-06T22,11.344
2026-02-06T23,12.134
2026-02-07T00,19.949
2026-02-07T01,12.408
2026-02-07T02,12.663
2026-02-07T03,12.14
2026-02-07T04,12.931
2026-02-07T05,12.41
2026-02-07T06,12.649
2026-02-07T07,12.14
2026-02-07T08,12.663
2026-02-07T09,235.273
2026-02-07T10,791.981
2026-02-07T11,774.897
2026-02-07T12,752.96
2026-02-07T13,751.306
2026-02-07T14,751.784
2026-02-07T15,738.193
2026-02-07T16,727.471
2026-02-07T17,731.007
2026-02-07T18,729.058
2026-02-07T19,723.484
2026-02-07T20,711.834
2026-02-07T21,190.917
2026-02-07T22,158.375
2026-02-07T23,157.542
2026-02-08T00,229.252
2026-02-08T01,295.395
2026-02-08T02,182.239
2026-02-08T03,165.852
2026-02-08T04,164.244
2026-02-08T05,164.552
2026-02-08T06,164.233
2026-02-08T07,147.103
2026-02-08T08,14.543
2026-02-08T09,34.032
2026-02-08T10,101.079
2026-02-08T11,373.364
2026-02-08T12,433.803
2026-02-08T13,519.286
2026-02-08T14,542.451
2026-02-08T15,548.258
2026-02-08T16,496.464
2026-02-08T17,489.084
2026-02-08T18,537.578
2026-02-08T19,515.745
2026-02-08T20,492.468
2026-02-08T21,56.674
2026-02-08T22,14.555
2026-02-08T23,15.317
2026-02-09T00,29.048
2026-02-09T01,32.108
2026-02-09T02,13.574
2026-02-09T03,13.111
2026-02-09T04,13.578
2026-02-09T05,13.349
2026-02-09T06,13.34
2026-02-09T07,13.147
2026-02-09T08,13.349
2026-02-09T09,240.646
2026-02-09T10,741.948
2026-02-09T11,729.942
2026-02-09T12,711.38
2026-02-09T13,693.091
2026-02-09T14,682.272
2026-02-09T15,654.236
2026-02-09T16,642.235
2026-02-09T17,632.716
2026-02-09T18,621.934
2026-02-09T19,610.617
2026-02-09T20,603.749
2026-02-09T21,88.934
2026-02-09T22,32.104
2026-02-09T23,28.496
2026-02-10T00,12.819
2026-02-10T01,12.222
2026-02-10T02,12.758
2026-02-10T03,12.515
2026-02-10T04,12.706
2026-02-10T05,16.342
2026-02-10T06,12.465
2026-02-10T07,12.274
2026-02-10T08,12.223
2026-02-10T09,293.765
2026-02-10T10,835.504
2026-02-10T11,779.644
2026-02-10T12,768.129
2026-02-10T13,758.664
2026-02-10T14,751.521
2026-02-10T15,711.101
2026-02-10T16,716.898
2026-02-10T17,709.387
2026-02-10T18,684.718
2026-02-10T19,579.897
2026-02-10T20,538.328
2026-02-10T21,57.28
2026-02-10T22,12.8
2026-02-10T23,13.243
2026-02-11T00,12.151
2026-02-11T01,12.703
2026-02-11T02,12.697
2026-02-11T03,12.151
2026-02-11T04,12.67
2026-02-11T05,12.178
2026-02-11T06,17.127
2026-02-11T07,14.442
2026-02-11T08,12.151
2026-02-11T09,302.706
2026-02-11T10,821.525
2026-02-11T11,694.481
2026-02-11T12,710.807
2026-02-11T13,805.517
2026-02-11T14,784.446
2026-02-11T15,773.204
2026-02-11T16,748.886
2026-02-11T17,729.41
2026-02-11T18,713.247
2026-02-11T19,699.623
2026-02-11T20,667.444
2026-02-11T21,73.727
2026-02-11T22,12.44
2026-02-11T23,12.954
2026-02-12T00,12.443
2026-02-12T01,12.452
2026-02-12T02,11.893
2026-02-12T03,12.744
2026-02-12T04,12.66
2026-02-12T05,14.52
2026-02-12T06,12.41
2026-02-12T07,12.185
2026-02-12T08,12.711
2026-02-12T09,356.263
2026-02-12T10,840.78
2026-02-12T11,650.074
2026-02-12T12,744.418
2026-02-12T13,771.275
2026-02-12T14,762.632
2026-02-12T15,738.393
2026-02-12T16,738.509
2026-02-12T17,700.867
2026-02-12T18,669.414
2026-02-12T19,639.618
2026-02-12T20,649.137
2026-02-12T21,83.071
2026-02-12T22,13.736
2026-02-12T23,12.951
2026-02-13T00,12.126
2026-02-13T01,15.252
2026-02-13T02,15.765
2026-02-13T03,14.214
2026-02-13T04,14.297
2026-02-13T05,12.137
2026-02-13T06,12.662
2026-02-13T07,11.866
2026-02-13T08,12.662
2026-02-13T09,263.188
2026-02-13T10,842.468
2026-02-13T11,802.14
2026-02-13T12,786.702
2026-02-13T13,768.97
2026-02-13T14,749.766
2026-02-13T15,745.968
2026-02-13T16,744.508
2026-02-13T17,741.028
2026-02-13T18,722.343
2026-02-13T19,710.268
2026-02-13T20,695.402
2026-02-13T21,87.016
2026-02-13T22,11.344
2026-02-13T23,12.134
2026-02-14T00,19.949
2026-02-14T01,12.408
2026-02-14T02,12.663
2026-02-14T03,12.14
2026-02-14T04,12.931
2026-02-14T05,12.41
2026-02-14T06,12.649
2026-02-14T07,12.14
2026-02-14T08,12.663
2026-02-14T09,235.273
2026-02-14T10,791.981
2026-02-14T11,774.897
2026-02-14T12,752.96
2026-02-14T13,751.306
2026-02-14T14,751.784
2026-02-14T15,738.193
2026-02-14T16,727.471
2026-02-14T17,731.007
2026-02-14T18,729.058
2026-02-14T19,723.484
2026-02-14T20,711.834
2026-02-14T21,190.917
2026-02-14T22,158.375
2026-02-14T23,157.542
2026-02-15T00,229.252
2026-02-15T01,295.395
2026-02-15T02,182.239
2026-02-15T03,165.852
2026-02-15T04,164.244
2026-02-15T05,164.552
2026-02-15T06,164.233
2026-02-15T07,147.103
2026-02-15T08,14.543
2026-02-15T09,34.032
2026-02-15T10,101.079
2026-02-15T11,373.364
2026-02-15T12,433.803
2026-02-15T13,519.286
2026-02-15T14,542.451
2026-02-15T15,548.258
2026-02-15T16,496.464
2026-02-15T17,489.084
2026-02-15T18,537.578
2026-02-15T19,515.745
2026-02-15T20,492.468
2026-02-15T21,56.674
2026-02-15T22,14.555
2026-02-15T23,15.317
2026-02-16T00,29.048
2026-02-16T01,32.108
2026-02-16T02,13.574
2026-02-16T03,13.111
2026-02-16T04,13.578
2026-02-16T05,13.349
2026-02-16T06,13.34
2026-02-16T07,13.147
2026-02-16T08,13.349
2026-02-16T09,240.646
2026-02-16T10,741.948
2026-02-16T11,729.942
2026-02-16T12,711.38
2026-02-16T13,693.091
2026-02-16T14,682.272
2026-02-16T15,654.236
2026-02-16T16,642.235
2026-02-16T17,632.716
2026-02-16T18,621.934
2026-02-16T19,610.617
2026-02-16T20,603.749
2026-02-16T21,88.934
2026-02-16T22,32.104
2026-02-16T23,28.496
2026-02-17T00,12.819
2026-02-17T01,12.222
2026-02-17T02,12.758
2026-02-17T03,12.515
2026-02-17T04,12.706
2026-02-17T05,16.342
2026-02-17T06,12.465
2026-02-17T07,12.274
2026-02-17T08,12.223
2026-02-17T09,293.765
2026-02-17T10,835.504
2026-02-17T11,779.644
2026-02-17T12,768.129
2026-02-17T13,758.664
2026-02-17T14,751.521
2026-02-17T15,711.101
2026-02-17T16,716.898
2026-02-17T17,709.387
2026-02-17T18,684.718
2026-02-17T19,579.897
2026-02-17T20,538.328
2026-02-17T21,57.28
2026-02-17T22,12.8
2026-02-17T23,13.243
2026-02-18T00,12.151
2026-02-18T01,12.703
2026-02-18T02,12.697
2026-02-18T03,12.151
2026-02-18T04,12.67
2026-02-18T05,12.178
2026-02-18T06,17.127
2026-02-18T07,14.442
2026-02-18T08,12.151
2026-02-18T09,302.706
2026-02-18T10,821.525
2026-02-18T11,694.481
2026-02-18T12,710.807
2026-02-18T13,805.517
2026-02-18T14,784.446
2026-02-18T15,773.204
2026-02-18T16,748.886
2026-02-18T17,729.41
2026-02-18T18,713.247
2026-02-18T19,699.623
2026-02-18T20,667.444
2026-02-18T21,73.727
2026-02-18T22,12.44
2026-02-18T23,12.954
2026-02-19T00,12.443
2026-02-19T01,12.452
2026-02-19T02,11.893
2026-02-19T03,12.744
2026-02-19T04,12.66
2026-02-19T05,14.52
2026-02-19T06,12.41
2026-02-19T07,12.185
2026-02-19T08,12.711
2026-02-19T09,356.263
2026-02-19T10,840.78
2026-02-19T11,650.074
2026-02-19T12,744.418
2026-02-19T13,771.275
2026-02-19T14,762.632
2026-02-19T15,738.393
2026-02-19T16,738.509
2026-02-19T17,700.867
2026-02-19T18,669.414
2026-02-19T19,639.618
2026-02-19T20,649.137
2026-02-19T21,83.071
2026-02-19T22,13.736
2026-02-19T23,12.951
2026-02-20T00,12.126
2026-02-20T01,15.252
2026-02-20T02,15.765
2026-02-20T03,14.214
2026-02-20T04,14.297
2026-02-20T05,12.137
2026-02-20T06,12.662
2026-02-20T07,11.866
2026-02-20T08,12.662
2026-02-20T09,263.188
2026-02-20T10,842.468
2026-02-20T11,802.14
2026-02-20T12,786.702
2026-02-20T13,768.97
2026-02-20T14,749.766
2026-02-20T15,745.968
2026-02-20T16,744.508
2026-02-20T17,741.028
2026-02-20T18,722.343
2026-02-20T19,710.268
2026-02-20T20,695.402
2026-02-20T21,87.016
2026-02-20T22,11.344
2026-02-20T23,12.134
2026-02-21T00,19.949
2026-02-21T01,12.408
2026-02-21T02,12.663
2026-02-21T03,12.14
2026-02-21T04,12.931
2026-02-21T05,12.41
2026-02-21T06,12.649
2026-02-21T07,12.14
2026-02-21T08,12.663
2026-02-21T09,235.273
2026-02-21T10,791.981
2026-02-21T11,774.897
2026-02-21T12,752.96
2026-02-21T13,751.306
2026-02-21T14,751.784
2026-02-21T15,738.193
2026-02-21T16,727.471
2026-02-21T17,731.007
2026-02-21T18,729.058
2026-02-21T19,723.484
2026-02-21T20,711.834
2026-02-21T21,190.917
2026-02-21T22,158.375
2026-02-21T23,157.542
2026-02-22T00,229.252
2026-02-22T01,295.395
2026-02-22T02,182.239
2026-02-22T03,165.852
2026-02-22T04,164.244
2026-02-22T05,164.552
2026-02-22T06,164.233
2026-02-22T07,147.103
2026-02-22T08,14.543
2026-02-22T09,34.032
2026-02-22T10,101.079
2026-02-22T11,373.364
2026-02-22T12,433.803
2026-02-22T13,519.286
2026-02-22T14,542.451
2026-02-22T15,548.258
2026-02-22T16,496.464
2026-02-22T17,489.084
2026-02-22T18,537.578
2026-02-22T19,515.745
2026-02-22T20,492.468
2026-02-22T21,56.674
2026-02-22T22,14.555
2026-02-22T23,15.317
2026-02-23T00,29.048
2026-02-23T01,32.108
2026-02-23T02,13.574
2026-02-23T03,13.111
2026-02-23T04,13.578
2026-02-23T05,13.349
2026-02-23T06,13.34
2026-02-23T07,13.147
2026-02-23T08,13.349
2026-02-23T09,240.646
2026-02-23T10,741.948
2026-02-23T11,729.942
2026-02-23T12,711.38
2026-02-23T13,693.091
2026-02-23T14,682.272
2026-02-23T15,654.236
2026-02-23T16,642.235
2026-02-23T17,632.716
2026-02-23T18,621.934
2026-02-23T19,610.617
2026-02-23T20,603.749
2026-02-23T21,88.934
2026-02-23T22,32.104
2026-02-23T23,28.496
2026-02-24T00,12.819
2026-02-24T01,12.222
2026-02-24T02,12.758
2026-02-24T03,12.515
2026-02-24T04,12.706
2026-02-24T05,16.342
2026-02-24T06,12.465
2026-02-24T07,12.274
2026-02-24T08,12.223
2026-02-24T09,293.765
2026-02-24T10,835.504
2026-02-24T11,779.644
2026-02-24T12,768.129
2026-02-24T13,758.664
2026-02-24T14,751.521
2026-02-24T15,711.101
2026-02-24T16,716.898
2026-02-24T17,709.387
2026-02-24T18,684.718
2026-02-24T19,579.897
2026-02-24T20,538.328
2026-02-24T21,57.28
2026-02-24T22,12.8
2026-02-24T23,13.243
2026-02-25T00,12.151
2026-02-25T01,12.703
2026-02-25T02,12.697
2026-02-25T03,12.151
2026-02-25T04,12.67
2026-02-25T05,12.178
2026-02-25T06,17.127
2026-02-25T07,14.442
2026-02-25T08,12.151
2026-02-25T09,302.706
2026-02-25T10,821.525
2026-02-25T11,694.481
2026-02-25T12,710.807
2026-02-25T13,805.517
2026-02-25T14,784.446
2026-02-25T15,773.204
2026-02-25T16,748.886
2026-02-25T17,729.41
2026-02-25T18,713.247
2026-02-25T19,699.623
2026-02-25T20,667.444
2026-02-25T21,73.727
2026-02-25T22,12.44
2026-02-25T23,12.954
2026-02-26T00,12.443
2026-02-26T01,12.452
2026-02-26T02,11.893
2026-02-26T03,12.744
2026-02-26T04,12.66
2026-02-26T05,14.52
2026-02-26T06,12.41
2026-02-26T07,12.185
2026-02-26T08,12.711
2026-02-26T09,356.263
2026-02-26T10,840.78
2026-02-26T11,650.074
2026-02-26T12,744.418
2026-02-26T13,771.275
2026-02-26T14,762.632
2026-02-26T15,738.393
2026-02-26T16,738.509
2026-02-26T17,700.867
2026-02-26T18,669.414
2026-02-26T19,639.618
2026-02-26T20,649.137
2026-02-26T21,83.071
2026-02-26T22,13.736
2026-02-26T23,12.951
2026-02-27T00,12.126
2026-02-27T01,15.252
2026-02-27T02,15.765
2026-02-27T03,14.214
2026-02-27T04,14.297
2026-02-27T05,12.137
2026-02-27T06,12.662
2026-02-27T07,11.866
2026-02-27T08,12.662
2026-02-27T09,263.188
2026-02-27T10,842.468
2026-02-27T11,802.14
2026-02-27T12,786.702
2026-02-27T13,768.97
2026-02-27T14,749.766
2026-02-27T15,745.968
2026-02-27T16,744.508
2026-02-27T17,741.028
2026-02-27T18,722.343
2026-02-27T19,710.268
2026-02-27T20,695.402
2026-02-27T21,87.016
2026-02-27T22,11.344
2026-02-27T23,12.134
2026-02-28T00,19.949
2026-02-28T01,12.408
2026-02-28T02,12.663
2026-02-28T03,12.14
2026-02-28T04,12.931
2026-02-28T05,12.41
2026-02-28T06,12.649
2026-02-28T07,12.14
2026-02-28T08,12.663
2026-02-28T09,235.273
2026-02-28T10,791.981
2026-02-28T11,774.897
2026-02-28T12,752.96
2026-02-28T13,751.306
2026-02-28T14,751.784
2026-02-28T15,738.193
2026-02-28T16,727.471
2026-02-28T17,731.007
2026-02-28T18,729.058
2026-02-28T19,723.484
2026-02-28T20,711.834
2026-02-28T21,190.917
2026-02-28T22,158.375
2026-02-28T23,157.542
2026-03-01T00,235.338
2026-03-01T01,237.556
2026-03-01T02,237.367
2026-03-01T03,236.278
2026-03-01T04,235.505
2026-03-01T05,236.676
2026-03-01T06,237.69
2026-03-01T07,238.746
2026-03-01T08,239.016
2026-03-01T09,263.968
2026-03-01T10,216.577
2026-03-01T11,621.507
2026-03-01T12,725.314
2026-03-01T13,827.543
2026-03-01T14,892.519
2026-03-01T15,884.338
2026-03-01T16,866.478
2026-03-01T17,851.161
2026-03-01T18,828.504
2026-03-01T19,803.757
2026-03-01T20,786.447
2026-03-01T21,73.766
2026-03-01T22,13.743
2026-03-01T23,14.486
2026-03-02T00,13.501
2026-03-02T01,12.939
2026-03-02T02,13.693
2026-03-02T03,12.53
2026-03-02T04,13.519
2026-03-02T05,13.121
2026-03-02T06,13.319
2026-03-02T07,13.308
2026-03-02T08,13.899
2026-03-02T09,252.315
2026-03-02T10,567.653
2026-03-02T11,685.696
2026-03-02T12,743.821
2026-03-02T13,735.782
2026-03-02T14,734.655
2026-03-02T15,722.67
2026-03-02T16,692.926
2026-03-02T17,689.495
2026-03-02T18,669.729
2026-03-02T19,648.563
2026-03-02T20,644.948
2026-03-02T21,117.917
2026-03-02T22,207.362
2026-03-02T23,255.109
2026-03-03T00,144.391
2026-03-03T01,143.967
2026-03-03T02,144.085
2026-03-03T03,138.657
2026-03-03T04,81.88
2026-03-03T05,69.435
2026-03-03T06,28.472
2026-03-03T07,13.298
2026-03-03T08,13.941
2026-03-03T09,143.455
2026-03-03T10,391.793
2026-03-03T11,565.322
2026-03-03T12,594.971
2026-03-03T13,606.69
2026-03-03T14,617.51
2026-03-03T15,623.904
2026-03-03T16,618.039
2026-03-03T17,609.839
2026-03-03T18,598.878
2026-03-03T19,572.762
2026-03-03T20,560.592
2026-03-03T21,199.548
2026-03-03T22,148.391
2026-03-03T23,201.208
2026-03-04T00,145.771
2026-03-04T01,169.183
2026-03-04T02,171.873
2026-03-04T03,174.37
2026-03-04T04,175.294
2026-03-04T05,175.996
2026-03-04T06,99.221
2026-03-04T07,12.442
2026-03-04T08,12.457
2026-03-04T09,226.567
2026-03-04T10,514.706
2026-03-04T11,634.84
2026-03-04T12,709.457
2026-03-04T13,738.957
2026-03-04T14,766.85
2026-03-04T15,754.269
2026-03-04T16,741.168
2026-03-04T17,734.839
2026-03-04T18,740.535
2026-03-04T19,721.087
2026-03-04T20,705.37
2026-03-04T21,59.063
2026-03-04T22,12.748
2026-03-04T23,13.236
2026-03-05T00,12.271
2026-03-05T01,12.279
2026-03-05T02,12.242
2026-03-05T03,11.746
2026-03-05T04,11.754
2026-03-05T05,11.202
2026-03-05T06,12.279
2026-03-05T07,12.538
2026-03-05T08,12.012
2026-03-05T09,355.55
2026-03-05T10,789.758
2026-03-05T11,765.855
2026-03-05T12,758.466
2026-03-05T13,746.008
2026-03-05T14,745.926
2026-03-05T15,730.385
2026-03-05T16,724.83
2026-03-05T17,720.177
2026-03-05T18,716.719
2026-03-05T19,698.649
2026-03-05T20,686.374
2026-03-05T21,60.58
2026-03-05T22,12.271
2026-03-05T23,12.804
2026-03-06T00,12.266
2026-03-06T01,12.252
2026-03-06T02,11.199
2026-03-06T03,11.215
2026-03-06T04,14.021
2026-03-06T05,11.486
2026-03-06T06,12.26
2026-03-06T07,12.009
2026-03-06T08,12.553
2026-03-06T09,333.726
2026-03-06T10,806.629
2026-03-06T11,779.395
2026-03-06T12,765.122
2026-03-06T13,751.717
2026-03-06T14,762.718
2026-03-06T15,742.942
2026-03-06T16,734.939
2026-03-06T17,734.254
2026-03-06T18,722.778
2026-03-06T19,707.275
2026-03-06T20,697.389
2026-03-06T21,55.812
2026-03-06T22,12.517
2026-03-06T23,13.313
2026-03-07T00,11.34
2026-03-07T01,11.341
2026-03-07T02,11.383
2026-03-07T03,11.112
2026-03-07T04,11.569
2026-03-07T05,10.951
2026-03-07T06,11.96
2026-03-07T07,11.749
2026-03-07T08,12.624
2026-03-07T09,357.888
2026-03-07T10,806.455
2026-03-07T11,794.338
2026-03-07T12,785.455
2026-03-07T13,777.521
2026-03-07T14,786.624
2026-03-07T15,782.962
2026-03-07T16,787.193
2026-03-07T17,782.561
2026-03-07T18,773.306
2026-03-07T19,751.219
2026-03-07T20,726.4
2026-03-07T21,183.987
2026-03-07T22,144.224
2026-03-07T23,279.011
2026-03-08T00,235.338
2026-03-08T01,237.556
2026-03-08T02,237.367
2026-03-08T03,236.278
2026-03-08T04,235.505
2026-03-08T05,236.676
2026-03-08T06,237.69
2026-03-08T07,238.746
2026-03-08T08,239.016
2026-03-08T09,263.968
2026-03-08T10,216.577
2026-03-08T11,621.507
2026-03-08T12,725.314
2026-03-08T13,827.543
2026-03-08T14,892.519
2026-03-08T15,884.338
2026-03-08T16,866.478
2026-03-08T17,851.161
2026-03-08T18,828.504
2026-03-08T19,803.757
2026-03-08T20,786.447
2026-03-08T21,73.766
2026-03-08T22,13.743
2026-03-08T23,14.486
2026-03-09T00,13.501
2026-03-09T01,12.939
2026-03-09T02,13.693
2026-03-09T03,12.53
2026-03-09T04,13.519
2026-03-09T05,13.121
2026-03-09T06,13.319
2026-03-09T07,13.308
2026-03-09T08,13.899
2026-03-09T09,252.315
2026-03-09T10,567.653
2026-03-09T11,685.696
2026-03-09T12,743.821
2026-03-09T13,735.782
2026-03-09T14,734.655
2026-03-09T15,722.67
2026-03-09T16,692.926
2026-03-09T17,689.495
2026-03-09T18,669.729
2026-03-09T19,648.563
2026-03-09T20,644.948
2026-03-09T21,117.917
2026-03-09T22,207.362
2026-03-09T23,255.109
2026-03-10T00,144.391
2026-03-10T01,143.967
2026-03-10T02,144.085
2026-03-10T03,138.657
2026-03-10T04,81.88
2026-03-10T05,69.435
2026-03-10T06,28.472
2026-03-10T07,13.298
2026-03-10T08,13.941
2026-03-10T09,143.455
2026-03-10T10,391.793
2026-03-10T11,565.322
2026-03-10T12,594.971
2026-03-10T13,606.69
2026-03-10T14,617.51
2026-03-10T15,623.904
2026-03-10T16,618.039
2026-03-10T17,609.839
2026-03-10T18,598.878
2026-03-10T19,572.762
2026-03-10T20,560.592
2026-03-10T21,199.548
2026-03-10T22,148.391
2026-03-10T23,201.208
2026-03-11T00,145.771
2026-03-11T01,169.183
2026-03-11T02,171.873
2026-03-11T03,174.37
2026-03-11T04,175.294
2026-03-11T05,175.996
2026-03-11T06,99.221
2026-03-11T07,12.442
2026-03-11T08,12.457
2026-03-11T09,226.567
2026-03-11T10,514.706
2026-03-11T11,634.84
2026-03-11T12,709.457
2026-03-11T13,738.957
2026-03-11T14,766.85
2026-03-11T15,754.269
2026-03-11T16,741.168
2026-03-11T17,734.839
2026-03-11T18,740.535
2026-03-11T19,721.087
2026-03-11T20,705.37
2026-03-11T21,59.063
2026-03-11T22,12.748
2026-03-11T23,13.236
2026-03-12T00,12.271
2026-03-12T01,12.279
2026-03-12T02,12.242
2026-03-12T03,11.746
2026-03-12T04,11.754
2026-03-12T05,11.202
2026-03-12T06,12.279
2026-03-12T07,12.538
2026-03-12T08,12.012
2026-03-12T09,355.55
2026-03-12T10,789.758
2026-03-12T11,765.855
2026-03-12T12,758.466
2026-03-12T13,746.008
2026-03-12T14,745.926
2026-03-12T15,730.385
2026-03-12T16,724.83
2026-03-12T17,720.177
2026-03-12T18,716.719
2026-03-12T19,698.649
2026-03-12T20,686.374
2026-03-12T21,60.58
2026-03-12T22,12.271
2026-03-12T23,12.804
2026-03-13T00,12.266
2026-03-13T01,12.252
2026-03-13T02,11.199
2026-03-13T03,11.215
2026-03-13T04,14.021
2026-03-13T05,11.486
2026-03-13T06,12.26
2026-03-13T07,12.009
2026-03-13T08,12.553
2026-03-13T09,333.726
2026-03-13T10,806.629
2026-03-13T11,779.395
2026-03-13T12,765.122
2026-03-13T13,751.717
2026-03-13T14,762.718
2026-03-13T15,742.942
2026-03-13T16,734.939
2026-03-13T17,734.254
2026-03-13T18,722.778
2026-03-13T19,707.275
2026-03-13T20,697.389
2026-03-13T21,55.812
2026-03-13T22,12.517
2026-03-13T23,13.313
2026-03-14T00,11.34
2026-03-14T01,11.341
2026-03-14T02,11.383
2026-03-14T03,11.112
2026-03-14T04,11.569
2026-03-14T05,10.951
2026-03-14T06,11.96
2026-03-14T07,11.749
2026-03-14T08,12.624
2026-03-14T09,357.888
2026-03-14T10,806.455
2026-03-14T11,794.338
2026-03-14T12,785.455
2026-03-14T13,777.521
2026-03-14T14,786.624
2026-03-14T15,782.962
2026-03-14T16,787.193
2026-03-14T17,782.561
2026-03-14T18,773.306
2026-03-14T19,751.219
2026-03-14T20,726.4
2026-03-14T21,183.987
2026-03-14T22,144.224
2026-03-14T23,279.011
2026-03-15T00,235.338
2026-03-15T01,237.556
2026-03-15T02,237.367
2026-03-15T03,236.278
2026-03-15T04,235.505
2026-03-15T05,236.676
2026-03-15T06,237.69
2026-03-15T07,238.746
2026-03-15T08,239.016
2026-03-15T09,263.968
2026-03-15T10,216.577
2026-03-15T11,621.507
2026-03-15T12,725.314
2026-03-15T13,827.543
2026-03-15T14,892.519
2026-03-15T15,884.338
2026-03-15T16,866.478
2026-03-15T17,851.161
2026-03-15T18,828.504
2026-03-15T19,803.757
2026-03-15T20,786.447
2026-03-15T21,73.766
2026-03-15T22,13.743
2026-03-15T23,14.486
2026-03-16T00,13.501
2026-03-16T01,12.939
2026-03-16T02,13.693
2026-03-16T03,12.53
2026-03-16T04,13.519
2026-03-16T05,13.121
2026-03-16T06,13.319
2026-03-16T07,13.308
2026-03-16T08,13.899
2026-03-16T09,252.315
2026-03-16T10,567.653
2026-03-16T11,685.696
2026-03-16T12,743.821
2026-03-16T13,735.782
2026-03-16T14,734.655
2026-03-16T15,722.67
2026-03-16T16,692.926
2026-03-16T17,689.495
2026-03-16T18,669.729
2026-03-16T19,648.563
2026-03-16T20,644.948
2026-03-16T21,117.917
2026-03-16T22,207.362
2026-03-16T23,255.109
2026-03-17T00,144.391
2026-03-17T01,143.967
2026-03-17T02,144.085
2026-03-17T03,138.657
2026-03-17T04,81.88
2026-03-17T05,69.435
2026-03-17T06,28.472
2026-03-17T07,13.298
2026-03-17T08,13.941
2026-03-17T09,143.455
2026-03-17T10,391.793
2026-03-17T11,565.322
2026-03-17T12,594.971
2026-03-17T13,606.69
2026-03-17T14,617.51
2026-03-17T15,623.904
2026-03-17T16,618.039
2026-03-17T17,609.839
2026-03-17T18,598.878
2026-03-17T19,572.762
2026-03-17T20,560.592
2026-03-17T21,199.548
2026-03-17T22,148.391
2026-03-17T23,201.208
2026-03-18T00,145.771
2026-03-18T01,169.183
2026-03-18T02,171.873
2026-03-18T03,174.37
2026-03-18T04,175.294
2026-03-18T05,175.996
2026-03-18T06,99.221
2026-03-18T07,12.442
2026-03-18T08,12.457
2026-03-18T09,226.567
2026-03-18T10,514.706
2026-03-18T11,634.84
2026-03-18T12,709.457
2026-03-18T13,738.957
2026-03-18T14,766.85
2026-03-18T15,754.269
2026-03-18T16,741.168
2026-03-18T17,734.839
2026-03-18T18,740.535
2026-03-18T19,721.087
2026-03-18T20,705.37
2026-03-18T21,59.063
2026-03-18T22,12.748
2026-03-18T23,13.236
2026-03-19T00,12.271
2026-03-19T01,12.279
2026-03-19T02,12.242
2026-03-19T03,11.746
2026-03-19T04,11.754
2026-03-19T05,11.202
2026-03-19T06,12.279
2026-03-19T07,12.538
2026-03-19T08,12.012
2026-03-19T09,355.55
2026-03-19T10,789.758
2026-03-19T11,765.855
2026-03-19T12,758.466
2026-03-19T13,746.008
2026-03-19T14,745.926
2026-03-19T15,730.385
2026-03-19T16,724.83
2026-03-19T17,720.177
2026-03-19T18,716.719
2026-03-19T19,698.649
2026-03-19T20,686.374
2026-03-19T21,60.58
2026-03-19T22,12.271
2026-03-19T23,12.804
2026-03-20T00,12.266
2026-03-20T01,12.252
2026-03-20T02,11.199
2026-03-20T03,11.215
2026-03-20T04,14.021
2026-03-20T05,11.486
2026-03-20T06,12.26
2026-03-20T07,12.009
2026-03-20T08,12.553
2026-03-20T09,333.726
2026-03-20T10,806.629
2026-03-20T11,779.395
2026-03-20T12,765.122
2026-03-20T13,751.717
2026-03-20T14,762.718
2026-03-20T15,742.942
2026-03-20T16,734.939
2026-03-20T17,734.254
2026-03-20T18,722.778
2026-03-20T19,707.275
2026-03-20T20,697.389
2026-03-20T21,55.812
2026-03-20T22,12.517
2026-03-20T23,13.313
2026-03-21T00,11.34
2026-03-21T01,11.341
2026-03-21T02,11.383
2026-03-21T03,11.112
2026-03-21T04,11.569
2026-03-21T05,10.951
2026-03-21T06,11.96
2026-03-21T07,11.749
2026-03-21T08,12.624
2026-03-21T09,357.888
2026-03-21T10,806.455
2026-03-21T11,794.338
2026-03-21T12,785.455
2026-03-21T13,777.521
2026-03-21T14,786.624
2026-03-21T15,782.962
2026-03-21T16,787.193
2026-03-21T17,782.561
2026-03-21T18,773.306
2026-03-21T19,751.219
2026-03-21T20,726.4
2026-03-21T21,183.987
2026-03-21T22,144.224
2026-03-21T23,279.011
2026-03-22T00,235.338
2026-03-22T01,237.556
2026-03-22T02,237.367
2026-03-22T03,236.278
2026-03-22T04,235.505
2026-03-22T05,236.676
2026-03-22T06,237.69
2026-03-22T07,238.746
2026-03-22T08,239.016
2026-03-22T09,263.968
2026-03-22T10,216.577
2026-03-22T11,621.507
2026-03-22T12,725.314
2026-03-22T13,827.543
2026-03-22T14,892.519
2026-03-22T15,884.338
2026-03-22T16,866.478
2026-03-22T17,851.161
2026-03-22T18,828.504
2026-03-22T19,803.757
2026-03-22T20,786.447
2026-03-22T21,73.766
2026-03-22T22,13.743
2026-03-22T23,14.486
2026-03-23T00,13.501
2026-03-23T01,12.939
2026-03-23T02,13.693
2026-03-23T03,12.53
2026-03-23T04,13.519
2026-03-23T05,13.121
2026-03-23T06,13.319
2026-03-23T07,13.308
2026-03-23T08,13.899
2026-03-23T09,252.315
2026-03-23T10,567.653
2026-03-23T11,685.696
2026-03-23T12,743.821
2026-03-23T13,735.782
2026-03-23T14,734.655
2026-03-23T15,722.67
2026-03-23T16,692.926
2026-03-23T17,689.495
2026-03-23T18,669.729
2026-03-23T19,648.563
2026-03-23T20,644.948
2026-03-23T21,117.917
2026-03-23T22,207.362
2026-03-23T23,255.109
2026-03-24T00,144.391
2026-03-24T01,143.967
2026-03-24T02,144.085
2026-03-24T03,138.657
2026-03-24T04,81.88
2026-03-24T05,69.435
2026-03-24T06,28.472
2026-03-24T07,13.298
2026-03-24T08,13.941
2026-03-24T09,143.455
2026-03-24T10,391.793
2026-03-24T11,565.322
2026-03-24T12,594.971
2026-03-24T13,606.69
2026-03-24T14,617.51
2026-03-24T15,623.904
2026-03-24T16,618.039
2026-03-24T17,609.839
2026-03-24T18,598.878
2026-03-24T19,572.762
2026-03-24T20,560.592
2026-03-24T21,199.548
2026-03-24T22,148.391
2026-03-24T23,201.208
2026-03-25T00,145.771
2026-03-25T01,169.183
2026-03-25T02,171.873
2026-03-25T03,174.37
2026-03-25T04,175.294
2026-03-25T05,175.996
2026-03-25T06,99.221
2026-03-25T07,12.442
2026-03-25T08,12.457
2026-03-25T09,226.567
2026-03-25T10,514.706
2026-03-25T11,634.84
2026-03-25T12,709.457
2026-03-25T13,738.957
2026-03-25T14,766.85
2026-03-25T15,754.269
2026-03-25T16,741.168
2026-03-25T17,734.839
2026-03-25T18,740.535
2026-03-25T19,721.087
2026-03-25T20,705.37
2026-03-25T21,59.063
2026-03-25T22,12.748
2026-03-25T23,13.236
2026-03-26T00,12.271
2026-03-26T01,12.279
2026-03-26T02,12.242
2026-03-26T03,11.746
2026-03-26T04,11.754
2026-03-26T05,11.202
2026-03-26T06,12.279
2026-03-26T07,12.538
2026-03-26T08,12.012
2026-03-26T09,355.55
2026-03-26T10,789.758
2026-03-26T11,765.855
2026-03-26T12,758.466
2026-03-26T13,746.008
2026-03-26T14,745.926
2026-03-26T15,730.385
2026-03-26T16,724.83
2026-03-26T17,720.177
2026-03-26T18,716.719
2026-03-26T19,698.649
2026-03-26T20,686.374
2026-03-26T21,60.58
2026-03-26T22,12.271
2026-03-26T23,12.804
2026-03-27T00,12.266
2026-03-27T01,12.252
2026-03-27T02,11.199
2026-03-27T03,11.215
2026-03-27T04,14.021
2026-03-27T05,11.486
2026-03-27T06,12.26
2026-03-27T07,12.009
2026-03-27T08,12.553
2026-03-27T09,333.726
2026-03-27T10,806.629
2026-03-27T11,779.395
2026-03-27T12,765.122
2026-03-27T13,751.717
2026-03-27T14,762.718
2026-03-27T15,742.942
2026-03-27T16,734.939
2026-03-27T17,734.254
2026-03-27T18,722.778
2026-03-27T19,707.275
2026-03-27T20,697.389
2026-03-27T21,55.812
2026-03-27T22,12.517
2026-03-27T23,13.313
2026-03-28T00,11.34
2026-03-28T01,11.341
2026-03-28T02,11.383
2026-03-28T03,11.112
2026-03-28T04,11.569
2026-03-28T05,10.951
2026-03-28T06,11.96
2026-03-28T07,11.749
2026-03-28T08,12.624
2026-03-28T09,357.888
2026-03-28T10,806.455
2026-03-28T11,794.338
2026-03-28T12,785.455
2026-03-28T13,777.521
2026-03-28T14,786.624
2026-03-28T15,782.962
2026-03-28T16,787.193
2026-03-28T17,782.561
2026-03-28T18,773.306
2026-03-28T19,751.219
2026-03-28T20,726.4
2026-03-28T21,183.987
2026-03-28T22,144.224
2026-03-28T23,279.011
2026-03-29T00,235.338
2026-03-29T01,237.556
2026-03-29T02,237.367
2026-03-29T03,236.278
2026-03-29T04,235.505
2026-03-29T05,236.676
2026-03-29T06,237.69
2026-03-29T07,238.746
2026-03-29T08,239.016
2026-03-29T09,263.968
2026-03-29T10,216.577
2026-03-29T11,621.507
2026-03-29T12,725.314
2026-03-29T13,827.543
2026-03-29T14,892.519
2026-03-29T15,884.338
2026-03-29T16,866.478
2026-03-29T17,851.161
2026-03-29T18,828.504
2026-03-29T19,803.757
2026-03-29T20,786.447
2026-03-29T21,73.766
2026-03-29T22,13.743
2026-03-29T23,14.486
2026-03-30T00,13.501
2026-03-30T01,12.939
2026-03-30T02,13.693
2026-03-30T03,12.53
2026-03-30T04,13.519
2026-03-30T05,13.121
2026-03-30T06,13.319
2026-03-30T07,13.308
2026-03-30T08,13.899
2026-03-30T09,252.315
2026-03-30T10,567.653
2026-03-30T11,685.696
2026-03-30T12,743.821
2026-03-30T13,735.782
2026-03-30T14,734.655
2026-03-30T15,722.67
2026-03-30T16,692.926
2026-03-30T17,689.495
2026-03-30T18,669.729
2026-03-30T19,648.563
2026-03-30T20,644.948
2026-03-30T21,117.917
2026-03-30T22,207.362
2026-03-30T23,255.109
2026-03-31T00,144.391
2026-03-31T01,143.967
2026-03-31T02,144.085
2026-03-31T03,138.657
2026-03-31T04,81.88
2026-03-31T05,69.435
2026-03-31T06,28.472
2026-03-31T07,13.298
2026-03-31T08,13.941
2026-03-31T09,143.455
2026-03-31T10,391.793
2026-03-31T11,565.322
2026-03-31T12,594.971
2026-03-31T13,606.69
2026-03-31T14,617.51
2026-03-31T15,623.904
2026-03-31T16,618.039
2026-03-31T17,609.839
2026-03-31T18,598.878
2026-03-31T19,572.762
2026-03-31T20,560.592
2026-03-31T21,199.548
2026-03-31T22,148.391
2026-03-31T23,201.208
2026-04-01T00,306.369
2026-04-01T01,258.589
2026-04-01T02,178.65
2026-04-01T03,177.555
2026-04-01T04,177.178
2026-04-01T05,176.6
2026-04-01T06,172.346
2026-04-01T07,155.852
2026-04-01T08,92.124
2026-04-01T09,343.569
2026-04-01T10,724.633
2026-04-01T11,712.556
2026-04-01T12,695.735
2026-04-01T13,695.918
2026-04-01T14,658.585
2026-04-01T15,641.38
2026-04-01T16,696.076
2026-04-01T17,689.358
2026-04-01T18,681.171
2026-04-01T19,675.654
2026-04-01T20,666.975
2026-04-01T21,260.783
2026-04-01T22,245.611
2026-04-01T23,244.842
2026-04-02T00,135.662
2026-04-02T01,135.504
2026-04-02T02,135.177
2026-04-02T03,134.721
2026-04-02T04,135.762
2026-04-02T05,134.142
2026-04-02T06,135.954
2026-04-02T07,135.989
2026-04-02T08,135.516
2026-04-02T09,303.979
2026-04-02T10,734.096
2026-04-02T11,753.578
2026-04-02T12,742.804
2026-04-02T13,734.619
2026-04-02T14,728.399
2026-04-02T15,732.181
2026-04-02T16,724.762
2026-04-02T17,715.828
2026-04-02T18,701.645
2026-04-02T19,684.226
2026-04-02T20,681.064
2026-04-02T21,388.389
2026-04-02T22,486.556
2026-04-02T23,488.27
2026-04-03T00,542.039
2026-04-03T01,259.825
2026-04-03T02,236.396
2026-04-03T03,229.043
2026-04-03T04,221.356
2026-04-03T05,150.729
2026-04-03T06,29.904
2026-04-03T07,14.201
2026-04-03T08,14.394
2026-04-03T09,201.709
2026-04-03T10,454.655
2026-04-03T11,511.976
2026-04-03T12,607.203
2026-04-03T13,594.224
2026-04-03T14,582.932
2026-04-03T15,589.763
2026-04-03T16,586.714
2026-04-03T17,582.081
2026-04-03T18,577.928
2026-04-03T19,578.924
2026-04-03T20,575.74
2026-04-03T21,450.503
2026-04-03T22,394.252
2026-04-03T23,372.85
2026-04-04T00,287.642
2026-04-04T01,206.377
2026-04-04T02,152.417
2026-04-04T03,90.197
2026-04-04T04,88.309
2026-04-04T05,86.848
2026-04-04T06,88.196
2026-04-04T07,87.981
2026-04-04T08,41.212
2026-04-04T09,295.085
2026-04-04T10,604.465
2026-04-04T11,653.14
2026-04-04T12,642.135
2026-04-04T13,634.671
2026-04-04T14,633.13
2026-04-04T15,507.326
2026-04-04T16,535.471
2026-04-04T17,555.326
2026-04-04T18,574.169
2026-04-04T19,577.766
2026-04-04T20,558.442
2026-04-04T21,333.705
2026-04-04T22,415.254
2026-04-04T23,372.235
2026-04-05T00,394.749
2026-04-05T01,201.73
2026-04-05T02,82.826
2026-04-05T03,81.471
2026-04-05T04,79.81
2026-04-05T05,78.367
2026-04-05T06,78.508
2026-04-05T07,101.689
2026-04-05T08,125.315
2026-04-05T09,168.245
2026-04-05T10,229.767
2026-04-05T11,495.946
2026-04-05T12,562.048
2026-04-05T13,760.457
2026-04-05T14,750.976
2026-04-05T15,721.83
2026-04-05T16,712.594
2026-04-05T17,694.069
2026-04-05T18,680.976
2026-04-05T19,698.461
2026-04-05T20,688.667
2026-04-05T21,256.218
2026-04-05T22,231.201
2026-04-05T23,151.06
2026-04-06T00,117.587
2026-04-06T01,19.383
2026-04-06T02,14.669
2026-04-06T03,14.81
2026-04-06T04,12.218
2026-04-06T05,11.534
2026-04-06T06,12.577
2026-04-06T07,11.489
2026-04-06T08,12.577
2026-04-06T09,320.269
2026-04-06T10,725.021
2026-04-06T11,713.325
2026-04-06T12,704.625
2026-04-06T13,702.112
2026-04-06T14,697.557
2026-04-06T15,694.97
2026-04-06T16,689.714
2026-04-06T17,683.097
2026-04-06T18,674.222
2026-04-06T19,666.356
2026-04-06T20,661.95
2026-04-06T21,191.4
2026-04-06T22,143.16
2026-04-06T23,139.458
2026-04-07T00,159.153
2026-04-07T01,144.67
2026-04-07T02,111.451
2026-04-07T03,110.416
2026-04-07T04,101.128
2026-04-07T05,70.12
2026-04-07T06,29.495
2026-04-07T07,12.023
2026-04-07T08,14.139
2026-04-07T09,294.829
2026-04-07T10,651.019
2026-04-07T11,726.628
2026-04-07T12,712.369
2026-04-07T13,701.681
2026-04-07T14,694.967
2026-04-07T15,682.353
2026-04-07T16,686.733
2026-04-07T17,680.992
2026-04-07T18,666.791
2026-04-07T19,657.332
2026-04-07T20,650.991
2026-04-07T21,406.712
2026-04-07T22,431.391
2026-04-07T23,431.042
2026-04-08T00,306.369
2026-04-08T01,258.589
2026-04-08T02,178.65
2026-04-08T03,177.555
2026-04-08T04,177.178
2026-04-08T05,176.6
2026-04-08T06,172.346
2026-04-08T07,155.852
2026-04-08T08,92.124
2026-04-08T09,343.569
2026-04-08T10,724.633
2026-04-08T11,712.556
2026-04-08T12,695.735
2026-04-08T13,695.918
2026-04-08T14,658.585
2026-04-08T15,641.38
2026-04-08T16,696.076
2026-04-08T17,689.358
2026-04-08T18,681.171
2026-04-08T19,675.654
2026-04-08T20,666.975
2026-04-08T21,260.783
2026-04-08T22,245.611
2026-04-08T23,244.842
2026-04-09T00,135.662
2026-04-09T01,135.504
2026-04-09T02,135.177
2026-04-09T03,134.721
2026-04-09T04,135.762
2026-04-09T05,134.142
2026-04-09T06,135.954
2026-04-09T07,135.989
2026-04-09T08,135.516
2026-04-09T09,303.979
2026-04-09T10,734.096
2026-04-09T11,753.578
2026-04-09T12,742.804
2026-04-09T13,734.619
2026-04-09T14,728.399
2026-04-09T15,732.181
2026-04-09T16,724.762
2026-04-09T17,715.828
2026-04-09T18,701.645
2026-04-09T19,684.226
2026-04-09T20,681.064
2026-04-09T21,388.389
2026-04-09T22,486.556
2026-04-09T23,488.27
2026-04-10T00,542.039
2026-04-10T01,259.825
2026-04-10T02,236.396
2026-04-10T03,229.043
2026-04-10T04,221.356
2026-04-10T05,150.729
2026-04-10T06,29.904
2026-04-10T07,14.201
2026-04-10T08,14.394
2026-04-10T09,201.709
2026-04-10T10,454.655
2026-04-10T11,511.976
2026-04-10T12,607.203
2026-04-10T13,594.224
2026-04-10T14,582.932
2026-04-10T15,589.763
2026-04-10T16,586.714
2026-04-10T17,582.081
2026-04-10T18,577.928
2026-04-10T19,578.924
2026-04-10T20,575.74
2026-04-10T21,450.503
2026-04-10T22,394.252
2026-04-10T23,372.85
2026-04-11T00,287.642
2026-04-11T01,206.377
2026-04-11T02,152.417
2026-04-11T03,90.197
2026-04-11T04,88.309
2026-04-11T05,86.848
2026-04-11T06,88.196
2026-04-11T07,87.981
2026-04-11T08,41.212
2026-04-11T09,295.085
2026-04-11T10,604.465
2026-04-11T11,653.14
2026-04-11T12,642.135
2026-04-11T13,634.671
2026-04-11T14,633.13
2026-04-11T15,507.326
2026-04-11T16,535.471
2026-04-11T17,555.326
2026-04-11T18,574.169
2026-04-11T19,577.766
2026-04-11T20,558.442
2026-04-11T21,333.705
2026-04-11T22,415.254
2026-04-11T23,372.235
2026-04-12T00,394.749
2026-04-12T01,201.73
2026-04-12T02,82.826
2026-04-12T03,81.471
2026-04-12T04,79.81
2026-04-12T05,78.367
2026-04-12T06,78.508
2026-04-12T07,101.689
2026-04-12T08,125.315
2026-04-12T09,168.245
2026-04-12T10,229.767
2026-04-12T11,495.946
2026-04-12T12,562.048
2026-04-12T13,760.457
2026-04-12T14,750.976
2026-04-12T15,721.83
2026-04-12T16,712.594
2026-04-12T17,694.069
2026-04-12T18,680.976
2026-04-12T19,698.461
2026-04-12T20,688.667
2026-04-12T21,256.218
2026-04-12T22,231.201
2026-04-12T23,151.06
2026-04-13T00,117.587
2026-04-13T01,19.383
2026-04-13T02,14.669
2026-04-13T03,14.81
2026-04-13T04,12.218
2026-04-13T05,11.534
2026-04-13T06,12.577
2026-04-13T07,11.489
2026-04-13T08,12.577
2026-04-13T09,320.269
2026-04-13T10,725.021
2026-04-13T11,713.325
2026-04-13T12,704.625
2026-04-13T13,702.112
2026-04-13T14,697.557
2026-04-13T15,694.97
2026-04-13T16,689.714
2026-04-13T17,683.097
2026-04-13T18,674.222
2026-04-13T19,666.356
2026-04-13T20,661.95
2026-04-13T21,191.4
2026-04-13T22,143.16
2026-04-13T23,139.458
2026-04-14T00,159.153
2026-04-14T01,144.67
2026-04-14T02,111.451
2026-04-14T03,110.416
2026-04-14T04,101.128
2026-04-14T05,70.12
2026-04-14T06,29.495
2026-04-14T07,12.023
2026-04-14T08,14.139
2026-04-14T09,294.829
2026-04-14T10,651.019
2026-04-14T11,726.628
2026-04-14T12,712.369
2026-04-14T13,701.681
2026-04-14T14,694.967
2026-04-14T15,682.353
2026-04-14T16,686.733
2026-04-14T17,680.992
2026-04-14T18,666.791
2026-04-14T19,657.332
2026-04-14T20,650.991
2026-04-14T21,406.712
2026-04-14T22,431.391
2026-04-14T23,431.042
2026-04-15T00,306.369
2026-04-15T01,258.589
2026-04-15T02,178.65
2026-04-15T03,177.555
2026-04-15T04,177.178
2026-04-15T05,176.6
2026-04-15T06,172.346
2026-04-15T07,155.852
2026-04-15T08,92.124
2026-04-15T09,343.569
2026-04-15T10,724.633
2026-04-15T11,712.556
2026-04-15T12,695.735
2026-04-15T13,695.918
2026-04-15T14,658.585
2026-04-15T15,641.38
2026-04-15T16,696.076
2026-04-15T17,689.358
2026-04-15T18,681.171
2026-04-15T19,675.654
2026-04-15T20,666.975
2026-04-15T21,260.783
2026-04-15T22,245.611
2026-04-15T23,244.842
2026-04-16T00,135.662
2026-04-16T01,135.504
2026-04-16T02,135.177
2026-04-16T03,134.721
2026-04-16T04,135.762
2026-04-16T05,134.142
2026-04-16T06,135.954
2026-04-16T07,135.989
2026-04-16T08,135.516
2026-04-16T09,303.979
2026-04-16T10,734.096
2026-04-16T11,753.578
2026-04-16T12,742.804
2026-04-16T13,734.619
2026-04-16T14,728.399
2026-04-16T15,732.181
2026-04-16T16,724.762
2026-04-16T17,715.828
2026-04-16T18,701.645
2026-04-16T19,684.226
2026-04-16T20,681.064
2026-04-16T21,388.389
2026-04-16T22,486.556
2026-04-16T23,488.27
2026-04-17T00,542.039
2026-04-17T01,259.825
2026-04-17T02,236.396
2026-04-17T03,229.043
2026-04-17T04,221.356
2026-04-17T05,150.729
2026-04-17T06,29.904
2026-04-17T07,14.201
2026-04-17T08,14.394
2026-04-17T09,201.709
2026-04-17T10,454.655
2026-04-17T11,511.976
2026-04-17T12,607.203
2026-04-17T13,594.224
2026-04-17T14,582.932
2026-04-17T15,589.763
2026-04-17T16,586.714
2026-04-17T17,582.081
2026-04-17T18,577.928
2026-04-17T19,578.924
2026-04-17T20,575.74
2026-04-17T21,450.503
2026-04-17T22,394.252
2026-04-17T23,372.85
2026-04-18T00,287.642
2026-04-18T01,206.377
2026-04-18T02,152.417
2026-04-18T03,90.197
2026-04-18T04,88.309
2026-04-18T05,86.848
2026-04-18T06,88.196
2026-04-18T07,87.981
2026-04-18T08,41.212
2026-04-18T09,295.085
2026-04-18T10,604.465
2026-04-18T11,653.14
2026-04-18T12,642.135
2026-04-18T13,634.671
2026-04-18T14,633.13
2026-04-18T15,507.326
2026-04-18T16,535.471
2026-04-18T17,555.326
2026-04-18T18,574.169
2026-04-18T19,577.766
2026-04-18T20,558.442
2026-04-18T21,333.705
2026-04-18T22,415.254
2026-04-18T23,372.235
2026-04-19T00,394.749
2026-04-19T01,201.73
2026-04-19T02,82.826
2026-04-19T03,81.471
2026-04-19T04,79.81
2026-04-19T05,78.367
2026-04-19T06,78.508
2026-04-19T07,101.689
2026-04-19T08,125.315
2026-04-19T09,168.245
2026-04-19T10,229.767
2026-04-19T11,495.946
2026-04-19T12,562.048
2026-04-19T13,760.457
2026-04-19T14,750.976
2026-04-19T15,721.83
2026-04-19T16,712.594
2026-04-19T17,694.069
2026-04-19T18,680.976
2026-04-19T19,698.461
2026-04-19T20,688.667
2026-04-19T21,256.218
2026-04-19T22,231.201
2026-04-19T23,151.06
2026-04-20T00,117.587
2026-04-20T01,19.383
2026-04-20T02,14.669
2026-04-20T03,14.81
2026-04-20T04,12.218
2026-04-20T05,11.534
2026-04-20T06,12.577
2026-04-20T07,11.489
2026-04-20T08,12.577
2026-04-20T09,320.269
2026-04-20T10,725.021
2026-04-20T11,713.325
2026-04-20T12,704.625
2026-04-20T13,702.112
2026-04-20T14,697.557
2026-04-20T15,694.97
2026-04-20T16,689.714
2026-04-20T17,683.097
2026-04-20T18,674.222
2026-04-20T19,666.356
2026-04-20T20,661.95
2026-04-20T21,191.4
2026-04-20T22,143.16
2026-04-20T23,139.458
2026-04-21T00,159.153
2026-04-21T01,144.67
2026-04-21T02,111.451
2026-04-21T03,110.416
2026-04-21T04,101.128
2026-04-21T05,70.12
2026-04-21T06,29.495
2026-04-21T07,12.023
2026-04-21T08,14.139
2026-04-21T09,294.829
2026-04-21T10,651.019
2026-04-21T11,726.628
2026-04-21T12,712.369
2026-04-21T13,701.681
2026-04-21T14,694.967
2026-04-21T15,682.353
2026-04-21T16,686.733
2026-04-21T17,680.992
2026-04-21T18,666.791
2026-04-21T19,657.332
2026-04-21T20,650.991
2026-04-21T21,406.712
2026-04-21T22,431.391
2026-04-21T23,431.042
2026-04-22T00,306.369
2026-04-22T01,258.589
2026-04-22T02,178.65
2026-04-22T03,177.555
2026-04-22T04,177.178
2026-04-22T05,176.6
2026-04-22T06,172.346
2026-04-22T07,155.852
2026-04-22T08,92.124
2026-04-22T09,343.569
2026-04-22T10,724.633
2026-04-22T11,712.556
2026-04-22T12,695.735
2026-04-22T13,695.918
2026-04-22T14,658.585
2026-04-22T15,641.38
2026-04-22T16,696.076
2026-04-22T17,689.358
2026-04-22T18,681.171
2026-04-22T19,675.654
2026-04-22T20,666.975
2026-04-22T21,260.783
2026-04-22T22,245.611
2026-04-22T23,244.842
2026-04-23T00,135.662
2026-04-23T01,135.504
2026-04-23T02,135.177
2026-04-23T03,134.721
2026-04-23T04,135.762
2026-04-23T05,134.142
2026-04-23T06,135.954
2026-04-23T07,135.989
2026-04-23T08,135.516
2026-04-23T09,303.979
2026-04-23T10,734.096
2026-04-23T11,753.578
2026-04-23T12,742.804
2026-04-23T13,734.619
2026-04-23T14,728.399
2026-04-23T15,732.181
2026-04-23T16,724.762
2026-04-23T17,715.828
2026-04-23T18,701.645
2026-04-23T19,684.226
2026-04-23T20,681.064
2026-04-23T21,388.389
2026-04-23T22,486.556
2026-04-23T23,488.27
2026-04-24T00,542.039
2026-04-24T01,259.825
2026-04-24T02,236.396
2026-04-24T03,229.043
2026-04-24T04,221.356
2026-04-24T05,150.729
2026-04-24T06,29.904
2026-04-24T07,14.201
2026-04-24T08,14.394
2026-04-24T09,201.709
2026-04-24T10,454.655
2026-04-24T11,511.976
2026-04-24T12,607.203
2026-04-24T13,594.224
2026-04-24T14,582.932
2026-04-24T15,589.763
2026-04-24T16,586.714
2026-04-24T17,582.081
2026-04-24T18,577.928
2026-04-24T19,578.924
2026-04-24T20,575.74
2026-04-24T21,450.503
2026-04-24T22,394.252
2026-04-24T23,372.85
2026-04-25T00,287.642
2026-04-25T01,206.377
2026-04-25T02,152.417
2026-04-25T03,90.197
2026-04-25T04,88.309
2026-04-25T05,86.848
2026-04-25T06,88.196
2026-04-25T07,87.981
2026-04-25T08,41.212
2026-04-25T09,295.085
2026-04-25T10,604.465
2026-04-25T11,653.14
2026-04-25T12,642.135
2026-04-25T13,634.671
2026-04-25T14,633.13
2026-04-25T15,507.326
2026-04-25T16,535.471
2026-04-25T17,555.326
2026-04-25T18,574.169
2026-04-25T19,577.766
2026-04-25T20,558.442
2026-04-25T21,333.705
2026-04-25T22,415.254
2026-04-25T23,372.235
2026-04-26T00,394.749
2026-04-26T01,201.73
2026-04-26T02,82.826
2026-04-26T03,81.471
2026-04-26T04,79.81
2026-04-26T05,78.367
2026-04-26T06,78.508
2026-04-26T07,101.689
2026-04-26T08,125.315
2026-04-26T09,168.245
2026-04-26T10,229.767
2026-04-26T11,495.946
2026-04-26T12,562.048
2026-04-26T13,760.457
2026-04-26T14,750.976
2026-04-26T15,721.83
2026-04-26T16,712.594
2026-04-26T17,694.069
2026-04-26T18,680.976
2026-04-26T19,698.461
2026-04-26T20,688.667
2026-04-26T21,256.218
2026-04-26T22,231.201
2026-04-26T23,151.06
2026-04-27T00,117.587
2026-04-27T01,19.383
2026-04-27T02,14.669
2026-04-27T03,14.81
2026-04-27T04,12.218
2026-04-27T05,11.534
2026-04-27T06,12.577
2026-04-27T07,11.489
2026-04-27T08,12.577
2026-04-27T09,320.269
2026-04-27T10,725.021
2026-04-27T11,713.325
2026-04-27T12,704.625
2026-04-27T13,702.112
2026-04-27T14,697.557
2026-04-27T15,694.97
2026-04-27T16,689.714
2026-04-27T17,683.097
2026-04-27T18,674.222
2026-04-27T19,666.356
2026-04-27T20,661.95
2026-04-27T21,191.4
2026-04-27T22,143.16
2026-04-27T23,139.458
2026-04-28T00,159.153
2026-04-28T01,144.67
2026-04-28T02,111.451
2026-04-28T03,110.416
2026-04-28T04,101.128
2026-04-28T05,70.12
2026-04-28T06,29.495
2026-04-28T07,12.023
2026-04-28T08,14.139
2026-04-28T09,294.829
2026-04-28T10,651.019
2026-04-28T11,726.628
2026-04-28T12,712.369
2026-04-28T13,701.681
2026-04-28T14,694.967
2026-04-28T15,682.353
2026-04-28T16,686.733
2026-04-28T17,680.992
2026-04-28T18,666.791
2026-04-28T19,657.332
2026-04-28T20,650.991
2026-04-28T21,406.712
2026-04-28T22,431.391
2026-04-28T23,431.042
2026-04-29T00,306.369
2026-04-29T01,258.589
2026-04-29T02,178.65
2026-04-29T03,177.555
2026-04-29T04,177.178
2026-04-29T05,176.6
2026-04-29T06,172.346
2026-04-29T07,155.852
2026-04-29T08,92.124
2026-04-29T09,343.569
2026-04-29T10,724.633
2026-04-29T11,712.556
2026-04-29T12,695.735
2026-04-29T13,695.918
2026-04-29T14,658.585
2026-04-29T15,641.38
2026-04-29T16,696.076
2026-04-29T17,689.358
2026-04-29T18,681.171
2026-04-29T19,675.654
2026-04-29T20,666.975
2026-04-29T21,260.783
2026-04-29T22,245.611
2026-04-29T23,244.842
2026-04-30T00,135.662
2026-04-30T01,135.504
2026-04-30T02,135.177
2026-04-30T03,134.721
2026-04-30T04,135.762
2026-04-30T05,134.142
2026-04-30T06,135.954
2026-04-30T07,135.989
2026-04-30T08,135.516
2026-04-30T09,303.979
2026-04-30T10,734.096
2026-04-30T11,753.578
2026-04-30T12,742.804
2026-04-30T13,734.619
2026-04-30T14,728.399
2026-04-30T15,732.181
2026-04-30T16,724.762
2026-04-30T17,715.828
2026-04-30T18,701.645
2026-04-30T19,684.226
2026-04-30T20,681.064
2026-04-30T21,388.389
2026-04-30T22,486.556
2026-04-30T23,488.27
2026-05-01T00,571.436
2026-05-01T01,462.796
2026-05-01T02,245.161
2026-05-01T03,163.774
2026-05-01T04,159.165
2026-05-01T05,130.794
2026-05-01T06,52.61
2026-05-01T07,12.582
2026-05-01T08,26.153
2026-05-01T09,296.664
2026-05-01T10,746.863
2026-05-01T11,705.405
2026-05-01T12,693.07
2026-05-01T13,662.076
2026-05-01T14,668.945
2026-05-01T15,649.165
2026-05-01T16,654.134
2026-05-01T17,647.291
2026-05-01T18,642.96
2026-05-01T19,634.312
2026-05-01T20,627.163
2026-05-01T21,439.694
2026-05-01T22,467.982
2026-05-01T23,468.54
2026-05-02T00,465.12
2026-05-02T01,302.162
2026-05-02T02,160.853
2026-05-02T03,19.987
2026-05-02T04,12.455
2026-05-02T05,12.066
2026-05-02T06,12.673
2026-05-02T07,12.857
2026-05-02T08,12.652
2026-05-02T09,328.475
2026-05-02T10,715.956
2026-05-02T11,693.887
2026-05-02T12,689.369
2026-05-02T13,693.415
2026-05-02T14,684.545
2026-05-02T15,676.486
2026-05-02T16,669.576
2026-05-02T17,657.041
2026-05-02T18,648.547
2026-05-02T19,645.405
2026-05-02T20,636.888
2026-05-02T21,566.436
2026-05-02T22,610.809
2026-05-02T23,625.474
2026-05-03T00,606.338
2026-05-03T01,517.55
2026-05-03T02,208.629
2026-05-03T03,23.562
2026-05-03T04,18.147
2026-05-03T05,15.88
2026-05-03T06,14.01
2026-05-03T07,14.263
2026-05-03T08,14.242
2026-05-03T09,54.823
2026-05-03T10,142.881
2026-05-03T11,509.646
2026-05-03T12,525.92
2026-05-03T13,642.789
2026-05-03T14,653.804
2026-05-03T15,650.634
2026-05-03T16,628.247
2026-05-03T17,623.38
2026-05-03T18,623.36
2026-05-03T19,616.316
2026-05-03T20,600.061
2026-05-03T21,533.862
2026-05-03T22,501.484
2026-05-03T23,492.715
2026-05-04T00,458.506
2026-05-04T01,167.547
2026-05-04T02,58.674
2026-05-04T03,17.301
2026-05-04T04,16.314
2026-05-04T05,16.558
2026-05-04T06,17.049
2026-05-04T07,14.011
2026-05-04T08,14.007
2026-05-04T09,292.852
2026-05-04T10,686.558
2026-05-04T11,691.469
2026-05-04T12,674.913
2026-05-04T13,613.455
2026-05-04T14,656.802
2026-05-04T15,645.293
2026-05-04T16,651.676
2026-05-04T17,652.749
2026-05-04T18,643.743
2026-05-04T19,630.48
2026-05-04T20,615.475
2026-05-04T21,494.357
2026-05-04T22,376.434
2026-05-04T23,362.65
2026-05-05T00,354.716
2026-05-05T01,235.207
2026-05-05T02,51.212
2026-05-05T03,15.594
2026-05-05T04,12.956
2026-05-05T05,12.44
2026-05-05T06,12.494
2026-05-05T07,12.633
2026-05-05T08,12.732
2026-05-05T09,282.797
2026-05-05T10,553.821
2026-05-05T11,607.671
2026-05-05T12,649.599
2026-05-05T13,700.23
2026-05-05T14,670.704
2026-05-05T15,655.826
2026-05-05T16,654.47
2026-05-05T17,649.384
2026-05-05T18,637.977
2026-05-05T19,632.58
2026-05-05T20,628.118
2026-05-05T21,523.286
2026-05-05T22,440.268
2026-05-05T23,440.422
2026-05-06T00,426.017
2026-05-06T01,397.008
2026-05-06T02,258.824
2026-05-06T03,132.705
2026-05-06T04,64.986
2026-05-06T05,14.079
2026-05-06T06,12.407
2026-05-06T07,11.46
2026-05-06T08,11.352
2026-05-06T09,305.04
2026-05-06T10,722.807
2026-05-06T11,700.382
2026-05-06T12,681.407
2026-05-06T13,666.923
2026-05-06T14,649.814
2026-05-06T15,645.531
2026-05-06T16,652.884
2026-05-06T17,647.697
2026-05-06T18,630.414
2026-05-06T19,623.192
2026-05-06T20,619.45
2026-05-06T21,391.038
2026-05-06T22,409.306
2026-05-06T23,409.453
2026-05-07T00,479.721
2026-05-07T01,323.222
2026-05-07T02,81.788
2026-05-07T03,17.223
2026-05-07T04,14.277
2026-05-07T05,13.056
2026-05-07T06,13.61
2026-05-07T07,14.271
2026-05-07T08,13.612
2026-05-07T09,213.118
2026-05-07T10,511.905
2026-05-07T11,508.436
2026-05-07T12,558.205
2026-05-07T13,573.779
2026-05-07T14,575.971
2026-05-07T15,572.182
2026-05-07T16,564.115
2026-05-07T17,559.04
2026-05-07T18,552.168
2026-05-07T19,545.258
2026-05-07T20,543.329
2026-05-07T21,550.227
2026-05-07T22,605.772
2026-05-07T23,606.769
2026-05-08T00,571.436
2026-05-08T01,462.796
2026-05-08T02,245.161
2026-05-08T03,163.774
2026-05-08T04,159.165
2026-05-08T05,130.794
2026-05-08T06,52.61
2026-05-08T07,12.582
2026-05-08T08,26.153
2026-05-08T09,296.664
2026-05-08T10,746.863
2026-05-08T11,705.405
2026-05-08T12,693.07
2026-05-08T13,662.076
2026-05-08T14,668.945
2026-05-08T15,649.165
2026-05-08T16,654.134
2026-05-08T17,647.291
2026-05-08T18,642.96
2026-05-08T19,634.312
2026-05-08T20,627.163
2026-05-08T21,439.694
2026-05-08T22,467.982
2026-05-08T23,468.54
2026-05-09T00,465.12
2026-05-09T01,302.162
2026-05-09T02,160.853
2026-05-09T03,19.987
2026-05-09T04,12.455
2026-05-09T05,12.066
2026-05-09T06,12.673
2026-05-09T07,12.857
2026-05-09T08,12.652
2026-05-09T09,328.475
2026-05-09T10,715.956
2026-05-09T11,693.887
2026-05-09T12,689.369
2026-05-09T13,693.415
2026-05-09T14,684.545
2026-05-09T15,676.486
2026-05-09T16,669.576
2026-05-09T17,657.041
2026-05-09T18,648.547
2026-05-09T19,645.405
2026-05-09T20,636.888
2026-05-09T21,566.436
2026-05-09T22,610.809
2026-05-09T23,625.474
2026-05-10T00,606.338
2026-05-10T01,517.55
2026-05-10T02,208.629
2026-05-10T03,23.562
2026-05-10T04,18.147
2026-05-10T05,15.88
2026-05-10T06,14.01
2026-05-10T07,14.263
2026-05-10T08,14.242
2026-05-10T09,54.823
2026-05-10T10,142.881
2026-05-10T11,509.646
2026-05-10T12,525.92
2026-05-10T13,642.789
2026-05-10T14,653.804
2026-05-10T15,650.634
2026-05-10T16,628.247
2026-05-10T17,623.38
2026-05-10T18,623.36
2026-05-10T19,616.316
2026-05-10T20,600.061
2026-05-10T21,533.862
2026-05-10T22,501.484
2026-05-10T23,492.715
2026-05-11T00,458.506
2026-05-11T01,167.547
2026-05-11T02,58.674
2026-05-11T03,17.301
2026-05-11T04,16.314
2026-05-11T05,16.558
2026-05-11T06,17.049
2026-05-11T07,14.011
2026-05-11T08,14.007
2026-05-11T09,292.852
2026-05-11T10,686.558
2026-05-11T11,691.469
2026-05-11T12,674.913
2026-05-11T13,613.455
2026-05-11T14,656.802
2026-05-11T15,645.293
2026-05-11T16,651.676
2026-05-11T17,652.749
2026-05-11T18,643.743
2026-05-11T19,630.48
2026-05-11T20,615.475
2026-05-11T21,494.357
2026-05-11T22,376.434
2026-05-11T23,362.65
2026-05-12T00,354.716
2026-05-12T01,235.207
2026-05-12T02,51.212
2026-05-12T03,15.594
2026-05-12T04,12.956
2026-05-12T05,12.44
2026-05-12T06,12.494
2026-05-12T07,12.633
2026-05-12T08,12.732
2026-05-12T09,282.797
2026-05-12T10,553.821
2026-05-12T11,607.671
2026-05-12T12,649.599
2026-05-12T13,700.23
2026-05-12T14,670.704
2026-05-12T15,655.826
2026-05-12T16,654.47
2026-05-12T17,649.384
2026-05-12T18,637.977
2026-05-12T19,632.58
2026-05-12T20,628.118
2026-05-12T21,523.286
2026-05-12T22,440.268
2026-05-12T23,440.422
2026-05-13T00,426.017
2026-05-13T01,397.008
2026-05-13T02,258.824
2026-05-13T03,132.705
2026-05-13T04,64.986
2026-05-13T05,14.079
2026-05-13T06,12.407
2026-05-13T07,11.46
2026-05-13T08,11.352
2026-05-13T09,305.04
2026-05-13T10,722.807
2026-05-13T11,700.382
2026-05-13T12,681.407
2026-05-13T13,666.923
2026-05-13T14,649.814
2026-05-13T15,645.531
2026-05-13T16,652.884
2026-05-13T17,647.697
2026-05-13T18,630.414
2026-05-13T19,623.192
2026-05-13T20,619.45
2026-05-13T21,391.038
2026-05-13T22,409.306
2026-05-13T23,409.453
2026-05-14T00,479.721
2026-05-14T01,323.222
2026-05-14T02,81.788
2026-05-14T03,17.223
2026-05-14T04,14.277
2026-05-14T05,13.056
2026-05-14T06,13.61
2026-05-14T07,14.271
2026-05-14T08,13.612
2026-05-14T09,213.118
2026-05-14T10,511.905
2026-05-14T11,508.436
2026-05-14T12,558.205
2026-05-14T13,573.779
2026-05-14T14,575.971
2026-05-14T15,572.182
2026-05-14T16,564.115
2026-05-14T17,559.04
2026-05-14T18,552.168
2026-05-14T19,545.258
2026-05-14T20,543.329
2026-05-14T21,550.227
2026-05-14T22,605.772
2026-05-14T23,606.769
2026-05-15T00,571.436
2026-05-15T01,462.796
2026-05-15T02,245.161
2026-05-15T03,163.774
2026-05-15T04,159.165
2026-05-15T05,130.794
2026-05-15T06,52.61
2026-05-15T07,12.582
2026-05-15T08,26.153
2026-05-15T09,296.664
2026-05-15T10,746.863
2026-05-15T11,705.405
2026-05-15T12,693.07
2026-05-15T13,662.076
2026-05-15T14,668.945
2026-05-15T15,649.165
2026-05-15T16,654.134
2026-05-15T17,647.291
2026-05-15T18,642.96
2026-05-15T19,634.312
2026-05-15T20,627.163
2026-05-15T21,439.694
2026-05-15T22,467.982
2026-05-15T23,468.54
2026-05-16T00,465.12
2026-05-16T01,302.162
2026-05-16T02,160.853
2026-05-16T03,19.987
2026-05-16T04,12.455
2026-05-16T05,12.066
2026-05-16T06,12.673
2026-05-16T07,12.857
2026-05-16T08,12.652
2026-05-16T09,328.475
2026-05-16T10,715.956
2026-05-16T11,693.887
2026-05-16T12,689.369
2026-05-16T13,693.415
2026-05-16T14,684.545
2026-05-16T15,676.486
2026-05-16T16,669.576
2026-05-16T17,657.041
2026-05-16T18,648.547
2026-05-16T19,645.405
2026-05-16T20,636.888
2026-05-16T21,566.436
2026-05-16T22,610.809
2026-05-16T23,625.474
2026-05-17T00,606.338
2026-05-17T01,517.55
2026-05-17T02,208.629
2026-05-17T03,23.562
2026-05-17T04,18.147
2026-05-17T05,15.88
2026-05-17T06,14.01
2026-05-17T07,14.263
2026-05-17T08,14.242
2026-05-17T09,54.823
2026-05-17T10,142.881
2026-05-17T11,509.646
2026-05-17T12,525.92
2026-05-17T13,642.789
2026-05-17T14,653.804
2026-05-17T15,650.634
2026-05-17T16,628.247
2026-05-17T17,623.38
2026-05-17T18,623.36
2026-05-17T19,616.316
2026-05-17T20,600.061
2026-05-17T21,533.862
2026-05-17T22,501.484
2026-05-17T23,492.715
2026-05-18T00,458.506
2026-05-18T01,167.547
2026-05-18T02,58.674
2026-05-18T03,17.301
2026-05-18T04,16.314
2026-05-18T05,16.558
2026-05-18T06,17.049
2026-05-18T07,14.011
2026-05-18T08,14.007
2026-05-18T09,292.852
2026-05-18T10,686.558
2026-05-18T11,691.469
2026-05-18T12,674.913
2026-05-18T13,613.455
2026-05-18T14,656.802
2026-05-18T15,645.293
2026-05-18T16,651.676
2026-05-18T17,652.749
2026-05-18T18,643.743
2026-05-18T19,630.48
2026-05-18T20,615.475
2026-05-18T21,494.357
2026-05-18T22,376.434
2026-05-18T23,362.65
2026-05-19T00,354.716
2026-05-19T01,235.207
2026-05-19T02,51.212
2026-05-19T03,15.594
2026-05-19T04,12.956
2026-05-19T05,12.44
2026-05-19T06,12.494
2026-05-19T07,12.633
2026-05-19T08,12.732
2026-05-19T09,282.797
2026-05-19T10,553.821
2026-05-19T11,607.671
2026-05-19T12,649.599
2026-05-19T13,700.23
2026-05-19T14,670.704
2026-05-19T15,655.826
2026-05-19T16,654.47
2026-05-19T17,649.384
2026-05-19T18,637.977
2026-05-19T19,632.58
2026-05-19T20,628.118
2026-05-19T21,523.286
2026-05-19T22,440.268
2026-05-19T23,440.422
2026-05-20T00,426.017
2026-05-20T01,397.008
2026-05-20T02,258.824
2026-05-20T03,132.705
2026-05-20T04,64.986
2026-05-20T05,14.079
2026-05-20T06,12.407
2026-05-20T07,11.46
2026-05-20T08,11.352
2026-05-20T09,305.04
2026-05-20T10,722.807
2026-05-20T11,700.382
2026-05-20T12,681.407
2026-05-20T13,666.923
2026-05-20T14,649.814
2026-05-20T15,645.531
2026-05-20T16,652.884
2026-05-20T17,647.697
2026-05-20T18,630.414
2026-05-20T19,623.192
2026-05-20T20,619.45
2026-05-20T21,391.038
2026-05-20T22,409.306
2026-05-20T23,409.453
2026-05-21T00,479.721
2026-05-21T01,323.222
2026-05-21T02,81.788
2026-05-21T03,17.223
2026-05-21T04,14.277
2026-05-21T05,13.056
2026-05-21T06,13.61
2026-05-21T07,14.271
2026-05-21T08,13.612
2026-05-21T09,213.118
2026-05-21T10,511.905
2026-05-21T11,508.436
2026-05-21T12,558.205
2026-05-21T13,573.779
2026-05-21T14,575.971
2026-05-21T15,572.182
2026-05-21T16,564.115
2026-05-21T17,559.04
2026-05-21T18,552.168
2026-05-21T19,545.258
2026-05-21T20,543.329
2026-05-21T21,550.227
2026-05-21T22,605.772
2026-05-21T23,606.769
2026-05-22T00,571.436
2026-05-22T01,462.796
2026-05-22T02,245.161
2026-05-22T03,163.774
2026-05-22T04,159.165
2026-05-22T05,130.794
2026-05-22T06,52.61
2026-05-22T07,12.582
2026-05-22T08,26.153
2026-05-22T09,296.664
2026-05-22T10,746.863
2026-05-22T11,705.405
2026-05-22T12,693.07
2026-05-22T13,662.076
2026-05-22T14,668.945
2026-05-22T15,649.165
2026-05-22T16,654.134
2026-05-22T17,647.291
2026-05-22T18,642.96
2026-05-22T19,634.312
2026-05-22T20,627.163
2026-05-22T21,439.694
2026-05-22T22,467.982
2026-05-22T23,468.54
2026-05-23T00,465.12
2026-05-23T01,302.162
2026-05-23T02,160.853
2026-05-23T03,19.987
2026-05-23T04,12.455
2026-05-23T05,12.066
2026-05-23T06,12.673
2026-05-23T07,12.857
2026-05-23T08,12.652
2026-05-23T09,328.475
2026-05-23T10,715.956
2026-05-23T11,693.887
2026-05-23T12,689.369
2026-05-23T13,693.415
2026-05-23T14,684.545
2026-05-23T15,676.486
2026-05-23T16,669.576
2026-05-23T17,657.041
2026-05-23T18,648.547
2026-05-23T19,645.405
2026-05-23T20,636.888
2026-05-23T21,566.436
2026-05-23T22,610.809
2026-05-23T23,625.474
2026-05-24T00,606.338
2026-05-24T01,517.55
2026-05-24T02,208.629
2026-05-24T03,23.562
2026-05-24T04,18.147
2026-05-24T05,15.88
2026-05-24T06,14.01
2026-05-24T07,14.263
2026-05-24T08,14.242
2026-05-24T09,54.823
2026-05-24T10,142.881
2026-05-24T11,509.646
2026-05-24T12,525.92
2026-05-24T13,642.789
2026-05-24T14,653.804
2026-05-24T15,650.634
2026-05-24T16,628.247
2026-05-24T17,623.38
2026-05-24T18,623.36
2026-05-24T19,616.316
2026-05-24T20,600.061
2026-05-24T21,533.862
2026-05-24T22,501.484
2026-05-24T23,492.715
2026-05-25T00,458.506
2026-05-25T01,167.547
2026-05-25T02,58.674
2026-05-25T03,17.301
2026-05-25T04,16.314
2026-05-25T05,16.558
2026-05-25T06,17.049
2026-05-25T07,14.011
2026-05-25T08,14.007
2026-05-25T09,292.852
2026-05-25T10,686.558
2026-05-25T11,691.469
2026-05-25T12,674.913
2026-05-25T13,613.455
2026-05-25T14,656.802
2026-05-25T15,645.293
2026-05-25T16,651.676
2026-05-25T17,652.749
2026-05-25T18,643.743
2026-05-25T19,630.48
2026-05-25T20,615.475
2026-05-25T21,494.357
2026-05-25T22,376.434
2026-05-25T23,362.65
2026-05-26T00,354.716
2026-05-26T01,235.207
2026-05-26T02,51.212
2026-05-26T03,15.594
2026-05-26T04,12.956
2026-05-26T05,12.44
2026-05-26T06,12.494
2026-05-26T07,12.633
2026-05-26T08,12.732
2026-05-26T09,282.797
2026-05-26T10,553.821
2026-05-26T11,607.671
2026-05-26T12,649.599
2026-05-26T13,700.23
2026-05-26T14,670.704
2026-05-26T15,655.826
2026-05-26T16,654.47
2026-05-26T17,649.384
2026-05-26T18,637.977
2026-05-26T19,632.58
2026-05-26T20,628.118
2026-05-26T21,523.286
2026-05-26T22,440.268
2026-05-26T23,440.422
2026-05-27T00,426.017
2026-05-27T01,397.008
2026-05-27T02,258.824
2026-05-27T03,132.705
2026-05-27T04,64.986
2026-05-27T05,14.079
2026-05-27T06,12.407
2026-05-27T07,11.46
2026-05-27T08,11.352
2026-05-27T09,305.04
2026-05-27T10,722.807
2026-05-27T11,700.382
2026-05-27T12,681.407
2026-05-27T13,666.923
2026-05-27T14,649.814
2026-05-27T15,645.531
2026-05-27T16,652.884
2026-05-27T17,647.697
2026-05-27T18,630.414
2026-05-27T19,623.192
2026-05-27T20,619.45
2026-05-27T21,391.038
2026-05-27T22,409.306
2026-05-27T23,409.453
2026-05-28T00,479.721
2026-05-28T01,323.222
2026-05-28T02,81.788
2026-05-28T03,17.223
2026-05-28T04,14.277
2026-05-28T05,13.056
2026-05-28T06,13.61
2026-05-28T07,14.271
2026-05-28T08,13.612
2026-05-28T09,213.118
2026-05-28T10,511.905
2026-05-28T11,508.436
2026-05-28T12,558.205
2026-05-28T13,573.779
2026-05-28T14,575.971
2026-05-28T15,572.182
2026-05-28T16,564.115
2026-05-28T17,559.04
2026-05-28T18,552.168
2026-05-28T19,545.258
2026-05-28T20,543.329
2026-05-28T21,550.227
2026-05-28T22,605.772
2026-05-28T23,606.769
2026-05-29T00,571.436
2026-05-29T01,462.796
2026-05-29T02,245.161
2026-05-29T03,163.774
2026-05-29T04,159.165
2026-05-29T05,130.794
2026-05-29T06,52.61
2026-05-29T07,12.582
2026-05-29T08,26.153
2026-05-29T09,296.664
2026-05-29T10,746.863
2026-05-29T11,705.405
2026-05-29T12,693.07
2026-05-29T13,662.076
2026-05-29T14,668.945
2026-05-29T15,649.165
2026-05-29T16,654.134
2026-05-29T17,647.291
2026-05-29T18,642.96
2026-05-29T19,634.312
2026-05-29T20,627.163
2026-05-29T21,439.694
2026-05-29T22,467.982
2026-05-29T23,468.54
2026-05-30T00,465.12
2026-05-30T01,302.162
2026-05-30T02,160.853
2026-05-30T03,19.987
2026-05-30T04,12.455
2026-05-30T05,12.066
2026-05-30T06,12.673
2026-05-30T07,12.857
2026-05-30T08,12.652
2026-05-30T09,328.475
2026-05-30T10,715.956
2026-05-30T11,693.887
2026-05-30T12,689.369
2026-05-30T13,693.415
2026-05-30T14,684.545
2026-05-30T15,676.486
2026-05-30T16,669.576
2026-05-30T17,657.041
2026-05-30T18,648.547
2026-05-30T19,645.405
2026-05-30T20,636.888
2026-05-30T21,566.436
2026-05-30T22,610.809
2026-05-30T23,625.474
2026-05-31T00,606.338
2026-05-31T01,517.55
2026-05-31T02,208.629
2026-05-31T03,23.562
2026-05-31T04,18.147
2026-05-31T05,15.88
2026-05-31T06,14.01
2026-05-31T07,14.263
2026-05-31T08,14.242
2026-05-31T09,54.823
2026-05-31T10,142.881
2026-05-31T11,509.646
2026-05-31T12,525.92
2026-05-31T13,642.789
2026-05-31T14,653.804
2026-05-31T15,650.634
2026-05-31T16,628.247
2026-05-31T17,623.38
2026-05-31T18,623.36
2026-05-31T19,616.316
2026-05-31T20,600.061
2026-05-31T21,533.862
2026-05-31T22,501.484
2026-05-31T23,492.715
2026-06-01T00,204.524
2026-06-01T01,125.251
2026-06-01T02,72.139
2026-06-01T03,15.389
2026-06-01T04,14.061
2026-06-01T05,14.618
2026-06-01T06,14.668
2026-06-01T07,14.429
2026-06-01T08,14.185
2026-06-01T09,341.35
2026-06-01T10,712.747
2026-06-01T11,690.05
2026-06-01T12,668.813
2026-06-01T13,657.287
2026-06-01T14,649.754
2026-06-01T15,656.155
2026-06-01T16,658.482
2026-06-01T17,654.622
2026-06-01T18,637.318
2026-06-01T19,625.255
2026-06-01T20,617.903
2026-06-01T21,453.126
2026-06-01T22,256.913
2026-06-01T23,248.965
2026-06-02T00,280.492
2026-06-02T01,282.478
2026-06-02T02,278.783
2026-06-02T03,274.176
2026-06-02T04,266.427
2026-06-02T05,230.444
2026-06-02T06,74.924
2026-06-02T07,17.712
2026-06-02T08,15.383
2026-06-02T09,286.4
2026-06-02T10,644.889
2026-06-02T11,632.693
2026-06-02T12,619.617
2026-06-02T13,615.414
2026-06-02T14,612.793
2026-06-02T15,607.685
2026-06-02T16,609.442
2026-06-02T17,699.08
2026-06-02T18,681.143
2026-06-02T19,670.034
2026-06-02T20,658.71
2026-06-02T21,545.151
2026-06-02T22,561.713
2026-06-02T23,537.611
2026-06-03T00,454.73
2026-06-03T01,452.271
2026-06-03T02,417.061
2026-06-03T03,287.771
2026-06-03T04,217.446
2026-06-03T05,149.475
2026-06-03T06,140.767
2026-06-03T07,105.347
2026-06-03T08,49.91
2026-06-03T09,300.831
2026-06-03T10,696.571
2026-06-03T11,729.034
2026-06-03T12,710.312
2026-06-03T13,705.577
2026-06-03T14,705.339
2026-06-03T15,654.681
2026-06-03T16,705.89
2026-06-03T17,685.279
2026-06-03T18,673.531
2026-06-03T19,657.892
2026-06-03T20,645.372
2026-06-03T21,458.265
2026-06-03T22,382.239
2026-06-03T23,388.258
2026-06-04T00,430.409
2026-06-04T01,401.917
2026-06-04T02,202.012
2026-06-04T03,153.443
2026-06-04T04,77.108
2026-06-04T05,22.097
2026-06-04T06,17.818
2026-06-04T07,15.106
2026-06-04T08,14.604
2026-06-04T09,331.762
2026-06-04T10,698.956
2026-06-04T11,682.357
2026-06-04T12,664.096
2026-06-04T13,656.028
2026-06-04T14,656.522
2026-06-04T15,658.149
2026-06-04T16,661.26
2026-06-04T17,653.388
2026-06-04T18,642.941
2026-06-04T19,635.254
2026-06-04T20,626.748
2026-06-04T21,396.027
2026-06-04T22,148.914
2026-06-04T23,148.947
2026-06-05T00,155.626
2026-06-05T01,153.06
2026-06-05T02,73.379
2026-06-05T03,17.789
2026-06-05T04,14.426
2026-06-05T05,14.426
2026-06-05T06,14.169
2026-06-05T07,14.924
2026-06-05T08,14.168
2026-06-05T09,339.158
2026-06-05T10,713.497
2026-06-05T11,683.135
2026-06-05T12,664.889
2026-06-05T13,655.765
2026-06-05T14,653.529
2026-06-05T15,654.43
2026-06-05T16,655.912
2026-06-05T17,643.946
2026-06-05T18,633.253
2026-06-05T19,623.34
2026-06-05T20,614.327
2026-06-05T21,384.511
2026-06-05T22,392.972
2026-06-05T23,476.895
2026-06-06T00,453.088
2026-06-06T01,453.958
2026-06-06T02,453.132
2026-06-06T03,420.199
2026-06-06T04,317.71
2026-06-06T05,286.278
2026-06-06T06,228.017
2026-06-06T07,170.898
2026-06-06T08,98.539
2026-06-06T09,354.51
2026-06-06T10,711.982
2026-06-06T11,689.768
2026-06-06T12,677.582
2026-06-06T13,666.769
2026-06-06T14,661.923
2026-06-06T15,662.719
2026-06-06T16,661.763
2026-06-06T17,660.532
2026-06-06T18,652.065
2026-06-06T19,646.238
2026-06-06T20,646.496
2026-06-06T21,530.882
2026-06-06T22,500.283
2026-06-06T23,359.44
2026-06-07T00,349.245
2026-06-07T01,275.442
2026-06-07T02,200.376
2026-06-07T03,122.978
2026-06-07T04,113.34
2026-06-07T05,110.807
2026-06-07T06,84.891
2026-06-07T07,17.095
2026-06-07T08,15.141
2026-06-07T09,45.577
2026-06-07T10,165.74
2026-06-07T11,468.681
2026-06-07T12,564.041
2026-06-07T13,679.186
2026-06-07T14,693.88
2026-06-07T15,668.267
2026-06-07T16,665.223
2026-06-07T17,653.786
2026-06-07T18,648.519
2026-06-07T19,646.733
2026-06-07T20,628.652
2026-06-07T21,416.759
2026-06-07T22,262.263
2026-06-07T23,260.867
2026-06-08T00,204.524
2026-06-08T01,125.251
2026-06-08T02,72.139
2026-06-08T03,15.389
2026-06-08T04,14.061
2026-06-08T05,14.618
2026-06-08T06,14.668
2026-06-08T07,14.429
2026-06-08T08,14.185
2026-06-08T09,341.35
2026-06-08T10,712.747
2026-06-08T11,690.05
2026-06-08T12,668.813
2026-06-08T13,657.287
2026-06-08T14,649.754
2026-06-08T15,656.155
2026-06-08T16,658.482
2026-06-08T17,654.622
2026-06-08T18,637.318
2026-06-08T19,625.255
2026-06-08T20,617.903
2026-06-08T21,453.126
2026-06-08T22,256.913
2026-06-08T23,248.965
2026-06-09T00,280.492
2026-06-09T01,282.478
2026-06-09T02,278.783
2026-06-09T03,274.176
2026-06-09T04,266.427
2026-06-09T05,230.444
2026-06-09T06,74.924
2026-06-09T07,17.712
2026-06-09T08,15.383
2026-06-09T09,286.4
2026-06-09T10,644.889
2026-06-09T11,632.693
2026-06-09T12,619.617
2026-06-09T13,615.414
2026-06-09T14,612.793
2026-06-09T15,607.685
2026-06-09T16,609.442
2026-06-09T17,699.08
2026-06-09T18,681.143
2026-06-09T19,670.034
2026-06-09T20,658.71
2026-06-09T21,545.151
2026-06-09T22,561.713
2026-06-09T23,537.611
2026-06-10T00,454.73
2026-06-10T01,452.271
2026-06-10T02,417.061
2026-06-10T03,287.771
2026-06-10T04,217.446
2026-06-10T05,149.475
2026-06-10T06,140.767
2026-06-10T07,105.347
2026-06-10T08,49.91
2026-06-10T09,300.831
2026-06-10T10,696.571
2026-06-10T11,729.034
2026-06-10T12,710.312
2026-06-10T13,705.577
2026-06-10T14,705.339
2026-06-10T15,654.681
2026-06-10T16,705.89
2026-06-10T17,685.279
2026-06-10T18,673.531
2026-06-10T19,657.892
2026-06-10T20,645.372
2026-06-10T21,458.265
2026-06-10T22,382.239
2026-06-10T23,388.258
2026-06-11T00,430.409
2026-06-11T01,401.917
2026-06-11T02,202.012
2026-06-11T03,153.443
2026-06-11T04,77.108
2026-06-11T05,22.097
2026-06-11T06,17.818
2026-06-11T07,15.106
2026-06-11T08,14.604
2026-06-11T09,331.762
2026-06-11T10,698.956
2026-06-11T11,682.357
2026-06-11T12,664.096
2026-06-11T13,656.028
2026-06-11T14,656.522
2026-06-11T15,658.149
2026-06-11T16,661.26
2026-06-11T17,653.388
2026-06-11T18,642.941
2026-06-11T19,635.254
2026-06-11T20,626.748
2026-06-11T21,396.027
2026-06-11T22,148.914
2026-06-11T23,148.947
2026-06-12T00,155.626
2026-06-12T01,153.06
2026-06-12T02,73.379
2026-06-12T03,17.789
2026-06-12T04,14.426
2026-06-12T05,14.426
2026-06-12T06,14.169
2026-06-12T07,14.924
2026-06-12T08,14.168
2026-06-12T09,339.158
2026-06-12T10,713.497
2026-06-12T11,683.135
2026-06-12T12,664.889
2026-06-12T13,655.765
2026-06-12T14,653.529
2026-06-12T15,654.43
2026-06-12T16,655.912
2026-06-12T17,643.946
2026-06-12T18,633.253
2026-06-12T19,623.34
2026-06-12T20,614.327
2026-06-12T21,384.511
2026-06-12T22,392.972
2026-06-12T23,476.895
2026-06-13T00,453.088
2026-06-13T01,453.958
2026-06-13T02,453.132
2026-06-13T03,420.199
2026-06-13T04,317.71
2026-06-13T05,286.278
2026-06-13T06,228.017
2026-06-13T07,170.898
2026-06-13T08,98.539
2026-06-13T09,354.51
2026-06-13T10,711.982
2026-06-13T11,689.768
2026-06-13T12,677.582
2026-06-13T13,666.769
2026-06-13T14,661.923
2026-06-13T15,662.719
2026-06-13T16,661.763
2026-06-13T17,660.532
2026-06-13T18,652.065
2026-06-13T19,646.238
2026-06-13T20,646.496
2026-06-13T21,530.882
2026-06-13T22,500.283
2026-06-13T23,359.44
2026-06-14T00,349.245
2026-06-14T01,275.442
2026-06-14T02,200.376
2026-06-14T03,122.978
2026-06-14T04,113.34
2026-06-14T05,110.807
2026-06-14T06,84.891
2026-06-14T07,17.095
2026-06-14T08,15.141
2026-06-14T09,45.577
2026-06-14T10,165.74
2026-06-14T11,468.681
2026-06-14T12,564.041
2026-06-14T13,679.186
2026-06-14T14,693.88
2026-06-14T15,668.267
2026-06-14T16,665.223
2026-06-14T17,653.786
2026-06-14T18,648.519
2026-06-14T19,646.733
2026-06-14T20,628.652
2026-06-14T21,416.759
2026-06-14T22,262.263
2026-06-14T23,260.867
2026-06-15T00,204.524
2026-06-15T01,125.251
2026-06-15T02,72.139
2026-06-15T03,15.389
2026-06-15T04,14.061
2026-06-15T05,14.618
2026-06-15T06,14.668
2026-06-15T07,14.429
2026-06-15T08,14.185
2026-06-15T09,341.35
2026-06-15T10,712.747
2026-06-15T11,690.05
2026-06-15T12,668.813
2026-06-15T13,657.287
2026-06-15T14,649.754
2026-06-15T15,656.155
2026-06-15T16,658.482
2026-06-15T17,654.622
2026-06-15T18,637.318
2026-06-15T19,625.255
2026-06-15T20,617.903
2026-06-15T21,453.126
2026-06-15T22,256.913
2026-06-15T23,248.965
2026-06-16T00,280.492
2026-06-16T01,282.478
2026-06-16T02,278.783
2026-06-16T03,274.176
2026-06-16T04,266.427
2026-06-16T05,230.444
2026-06-16T06,74.924
2026-06-16T07,17.712
2026-06-16T08,15.383
2026-06-16T09,286.4
2026-06-16T10,644.889
2026-06-16T11,632.693
2026-06-16T12,619.617
2026-06-16T13,615.414
2026-06-16T14,612.793
2026-06-16T15,607.685
2026-06-16T16,609.442
2026-06-16T17,699.08
2026-06-16T18,681.143
2026-06-16T19,670.034
2026-06-16T20,658.71
2026-06-16T21,545.151
2026-06-16T22,561.713
2026-06-16T23,537.611
2026-06-17T00,454.73
2026-06-17T01,452.271
2026-06-17T02,417.061
2026-06-17T03,287.771
2026-06-17T04,217.446
2026-06-17T05,149.475
2026-06-17T06,140.767
2026-06-17T07,105.347
2026-06-17T08,49.91
2026-06-17T09,300.831
2026-06-17T10,696.571
2026-06-17T11,729.034
2026-06-17T12,710.312
2026-06-17T13,705.577
2026-06-17T14,705.339
2026-06-17T15,654.681
2026-06-17T16,705.89
2026-06-17T17,685.279
2026-06-17T18,673.531
2026-06-17T19,657.892
2026-06-17T20,645.372
2026-06-17T21,458.265
2026-06-17T22,382.239
2026-06-17T23,388.258
2026-06-18T00,430.409
2026-06-18T01,401.917
2026-06-18T02,202.012
2026-06-18T03,153.443
2026-06-18T04,77.108
2026-06-18T05,22.097
2026-06-18T06,17.818
2026-06-18T07,15.106
2026-06-18T08,14.604
2026-06-18T09,331.762
2026-06-18T10,698.956
2026-06-18T11,682.357
2026-06-18T12,664.096
2026-06-18T13,656.028
2026-06-18T14,656.522
2026-06-18T15,658.149
2026-06-18T16,661.26
2026-06-18T17,653.388
2026-06-18T18,642.941
2026-06-18T19,635.254
2026-06-18T20,626.748
2026-06-18T21,396.027
2026-06-18T22,148.914
2026-06-18T23,148.947
2026-06-19T00,155.626
2026-06-19T01,153.06
2026-06-19T02,73.379
2026-06-19T03,17.789
2026-06-19T04,14.426
2026-06-19T05,14.426
2026-06-19T06,14.169
2026-06-19T07,14.924
2026-06-19T08,14.168
2026-06-19T09,339.158
2026-06-19T10,713.497
2026-06-19T11,683.135
2026-06-19T12,664.889
2026-06-19T13,655.765
2026-06-19T14,653.529
2026-06-19T15,654.43
2026-06-19T16,655.912
2026-06-19T17,643.946
2026-06-19T18,633.253
2026-06-19T19,623.34
2026-06-19T20,614.327
2026-06-19T21,384.511
2026-06-19T22,392.972
2026-06-19T23,476.895
2026-06-20T00,453.088
2026-06-20T01,453.958
2026-06-20T02,453.132
2026-06-20T03,420.199
2026-06-20T04,317.71
2026-06-20T05,286.278
2026-06-20T06,228.017
2026-06-20T07,170.898
2026-06-20T08,98.539
2026-06-20T09,354.51
2026-06-20T10,711.982
2026-06-20T11,689.768
2026-06-20T12,677.582
2026-06-20T13,666.769
2026-06-20T14,661.923
2026-06-20T15,662.719
2026-06-20T16,661.763
2026-06-20T17,660.532
2026-06-20T18,652.065
2026-06-20T19,646.238
2026-06-20T20,646.496
2026-06-20T21,530.882
2026-06-20T22,500.283
2026-06-20T23,359.44
2026-06-21T00,349.245
2026-06-21T01,275.442
2026-06-21T02,200.376
2026-06-21T03,122.978
2026-06-21T04,113.34
2026-06-21T05,110.807
2026-06-21T06,84.891
2026-06-21T07,17.095
2026-06-21T08,15.141
2026-06-21T09,45.577
2026-06-21T10,165.74
2026-06-21T11,468.681
2026-06-21T12,564.041
2026-06-21T13,679.186
2026-06-21T14,693.88
2026-06-21T15,668.267
2026-06-21T16,665.223
2026-06-21T17,653.786
2026-06-21T18,648.519
2026-06-21T19,646.733
2026-06-21T20,628.652
2026-06-21T21,416.759
2026-06-21T22,262.263
2026-06-21T23,260.867
2026-06-22T00,204.524
2026-06-22T01,125.251
2026-06-22T02,72.139
2026-06-22T03,15.389
2026-06-22T04,14.061
2026-06-22T05,14.618
2026-06-22T06,14.668
2026-06-22T07,14.429
2026-06-22T08,14.185
2026-06-22T09,341.35
2026-06-22T10,712.747
2026-06-22T11,690.05
2026-06-22T12,668.813
2026-06-22T13,657.287
2026-06-22T14,649.754
2026-06-22T15,656.155
2026-06-22T16,658.482
2026-06-22T17,654.622
2026-06-22T18,637.318
2026-06-22T19,625.255
2026-06-22T20,617.903
2026-06-22T21,453.126
2026-06-22T22,256.913
2026-06-22T23,248.965
2026-06-23T00,280.492
2026-06-23T01,282.478
2026-06-23T02,278.783
2026-06-23T03,274.176
2026-06-23T04,266.427
2026-06-23T05,230.444
2026-06-23T06,74.924
2026-06-23T07,17.712
2026-06-23T08,15.383
2026-06-23T09,286.4
2026-06-23T10,644.889
2026-06-23T11,632.693
2026-06-23T12,619.617
2026-06-23T13,615.414
2026-06-23T14,612.793
2026-06-23T15,607.685
2026-06-23T16,609.442
2026-06-23T17,699.08
2026-06-23T18,681.143
2026-06-23T19,670.034
2026-06-23T20,658.71
2026-06-23T21,545.151
2026-06-23T22,561.713
2026-06-23T23,537.611
2026-06-24T00,454.73
2026-06-24T01,452.271
2026-06-24T02,417.061
2026-06-24T03,287.771
2026-06-24T04,217.446
2026-06-24T05,149.475
2026-06-24T06,140.767
2026-06-24T07,105.347
2026-06-24T08,49.91
2026-06-24T09,300.831
2026-06-24T10,696.571
2026-06-24T11,729.034
2026-06-24T12,710.312
2026-06-24T13,705.577
2026-06-24T14,705.339
2026-06-24T15,654.681
2026-06-24T16,705.89
2026-06-24T17,685.279
2026-06-24T18,673.531
2026-06-24T19,657.892
2026-06-24T20,645.372
2026-06-24T21,458.265
2026-06-24T22,382.239
2026-06-24T23,388.258
2026-06-25T00,430.409
2026-06-25T01,401.917
2026-06-25T02,202.012
2026-06-25T03,153.443
2026-06-25T04,77.108
2026-06-25T05,22.097
2026-06-25T06,17.818
2026-06-25T07,15.106
2026-06-25T08,14.604
2026-06-25T09,331.762
2026-06-25T10,698.956
2026-06-25T11,682.357
2026-06-25T12,664.096
2026-06-25T13,656.028
2026-06-25T14,656.522
2026-06-25T15,658.149
2026-06-25T16,661.26
2026-06-25T17,653.388
2026-06-25T18,642.941
2026-06-25T19,635.254
2026-06-25T20,626.748
2026-06-25T21,396.027
2026-06-25T22,148.914
2026-06-25T23,148.947
2026-06-26T00,155.626
2026-06-26T01,153.06
2026-06-26T02,73.379
2026-06-26T03,17.789
2026-06-26T04,14.426
2026-06-26T05,14.426
2026-06-26T06,14.169
2026-06-26T07,14.924
2026-06-26T08,14.168
2026-06-26T09,339.158
2026-06-26T10,713.497
2026-06-26T11,683.135
2026-06-26T12,664.889
2026-06-26T13,655.765
2026-06-26T14,653.529
2026-06-26T15,654.43
2026-06-26T16,655.912
2026-06-26T17,643.946
2026-06-26T18,633.253
2026-06-26T19,623.34
2026-06-26T20,614.327
2026-06-26T21,384.511
2026-06-26T22,392.972
2026-06-26T23,476.895
2026-06-27T00,453.088
2026-06-27T01,453.958
2026-06-27T02,453.132
2026-06-27T03,420.199
2026-06-27T04,317.71
2026-06-27T05,286.278
2026-06-27T06,228.017
2026-06-27T07,170.898
2026-06-27T08,98.539
2026-06-27T09,354.51
2026-06-27T10,711.982
2026-06-27T11,689.768
2026-06-27T12,677.582
2026-06-27T13,666.769
2026-06-27T14,661.923
2026-06-27T15,662.719
2026-06-27T16,661.763
2026-06-27T17,660.532
2026-06-27T18,652.065
2026-06-27T19,646.238
2026-06-27T20,646.496
2026-06-27T21,530.882
2026-06-27T22,500.283
2026-06-27T23,359.44
2026-06-28T00,349.245
2026-06-28T01,275.442
2026-06-28T02,200.376
2026-06-28T03,122.978
2026-06-28T04,113.34
2026-06-28T05,110.807
2026-06-28T06,84.891
2026-06-28T07,17.095
2026-06-28T08,15.141
2026-06-28T09,45.577
2026-06-28T10,165.74
2026-06-28T11,468.681
2026-06-28T12,564.041
2026-06-28T13,679.186
2026-06-28T14,693.88
2026-06-28T15,668.267
2026-06-28T16,665.223
2026-06-28T17,653.786
2026-06-28T18,648.519
2026-06-28T19,646.733
2026-06-28T20,628.652
2026-06-28T21,416.759
2026-06-28T22,262.263
2026-06-28T23,260.867
2026-06-29T00,204.524
2026-06-29T01,125.251
2026-06-29T02,72.139
2026-06-29T03,15.389
2026-06-29T04,14.061
2026-06-29T05,14.618
2026-06-29T06,14.668
2026-06-29T07,14.429
2026-06-29T08,14.185
2026-06-29T09,341.35
2026-06-29T10,712.747
2026-06-29T11,690.05
2026-06-29T12,668.813
2026-06-29T13,657.287
2026-06-29T14,649.754
2026-06-29T15,656.155
2026-06-29T16,658.482
2026-06-29T17,654.622
2026-06-29T18,637.318
2026-06-29T19,625.255
2026-06-29T20,617.903
2026-06-29T21,453.126
2026-06-29T22,256.913
2026-06-29T23,248.965
2026-06-30T00,280.492
2026-06-30T01,282.478
2026-06-30T02,278.783
2026-06-30T03,274.176
2026-06-30T04,266.427
2026-06-30T05,230.444
2026-06-30T06,74.924
2026-06-30T07,17.712
2026-06-30T08,15.383
2026-06-30T09,286.4
2026-06-30T10,644.889
2026-06-30T11,632.693
2026-06-30T12,619.617
2026-06-30T13,615.414
2026-06-30T14,612.793
2026-06-30T15,607.685
2026-06-30T16,609.442
2026-06-30T17,699.08
2026-06-30T18,681.143
2026-06-30T19,670.034
2026-06-30T20,658.71
2026-06-30T21,545.151
2026-06-30T22,561.713
2026-06-30T23,537.611
2026-07-01T00,360.972
2026-07-01T01,361.156
2026-07-01T02,359.737
2026-07-01T03,364.559
2026-07-01T04,357.834
2026-07-01T05,354.362
2026-07-01T06,335.987
2026-07-01T07,339.654
2026-07-01T08,321.431
2026-07-01T09,318.801
2026-07-01T10,793.418
2026-07-01T11,713.152
2026-07-01T12,649.111
2026-07-01T13,703.478
2026-07-01T14,746.51
2026-07-01T15,737.483
2026-07-01T16,737.499
2026-07-01T17,733.475
2026-07-01T18,713.5
2026-07-01T19,701.365
2026-07-01T20,690.495
2026-07-01T21,455.457
2026-07-01T22,201.716
2026-07-01T23,200.975
2026-07-02T00,245.855
2026-07-02T01,194.299
2026-07-02T02,128.991
2026-07-02T03,47.855
2026-07-02T04,19.899
2026-07-02T05,19.492
2026-07-02T06,18.637
2026-07-02T07,15.197
2026-07-02T08,14.804
2026-07-02T09,327.433
2026-07-02T10,578.065
2026-07-02T11,540.005
2026-07-02T12,585.976
2026-07-02T13,554.909
2026-07-02T14,562.213
2026-07-02T15,575.17
2026-07-02T16,607.762
2026-07-02T17,562.831
2026-07-02T18,560.326
2026-07-02T19,567.924
2026-07-02T20,588.349
2026-07-02T21,395.541
2026-07-02T22,184.627
2026-07-02T23,183.825
2026-07-03T00,87.304
2026-07-03T01,87.03
2026-07-03T02,86.103
2026-07-03T03,85.109
2026-07-03T04,85.779
2026-07-03T05,86.329
2026-07-03T06,86.317
2026-07-03T07,86.817
2026-07-03T08,88.005
2026-07-03T09,340.462
2026-07-03T10,663.609
2026-07-03T11,649.322
2026-07-03T12,640.138
2026-07-03T13,679.481
2026-07-03T14,687.211
2026-07-03T15,684.94
2026-07-03T16,718.468
2026-07-03T17,712.909
2026-07-03T18,704.7
2026-07-03T19,658.237
2026-07-03T20,669.406
2026-07-03T21,426.217
2026-07-03T22,202.777
2026-07-03T23,188.586
2026-07-04T00,148.691
2026-07-04T01,156.292
2026-07-04T02,148.616
2026-07-04T03,148.484
2026-07-04T04,148.457
2026-07-04T05,148.13
2026-07-04T06,148.73
2026-07-04T07,148.445
2026-07-04T08,148.56
2026-07-04T09,267.915
2026-07-04T10,787.937
2026-07-04T11,732.595
2026-07-04T12,716.827
2026-07-04T13,708.102
2026-07-04T14,700.826
2026-07-04T15,704.216
2026-07-04T16,720.323
2026-07-04T17,720.977
2026-07-04T18,705.237
2026-07-04T19,699.281
2026-07-04T20,696.943
2026-07-04T21,413.58
2026-07-04T22,48.76
2026-07-04T23,14.85
2026-07-05T00,15.161
2026-07-05T01,14.39
2026-07-05T02,14.39
2026-07-05T03,14.151
2026-07-05T04,14.39
2026-07-05T05,13.895
2026-07-05T06,14.645
2026-07-05T07,14.445
2026-07-05T08,14.866
2026-07-05T09,68.498
2026-07-05T10,208.889
2026-07-05T11,488.696
2026-07-05T12,539.382
2026-07-05T13,671.7
2026-07-05T14,659.571
2026-07-05T15,714.116
2026-07-05T16,703.839
2026-07-05T17,691.358
2026-07-05T18,677.201
2026-07-05T19,670.157
2026-07-05T20,673.227
2026-07-05T21,391.79
2026-07-05T22,99.336
2026-07-05T23,112.67
2026-07-06T00,134.552
2026-07-06T01,129.49
2026-07-06T02,140.682
2026-07-06T03,143.703
2026-07-06T04,144.771
2026-07-06T05,147.516
2026-07-06T06,148.498
2026-07-06T07,149.618
2026-07-06T08,147.926
2026-07-06T09,309.686
2026-07-06T10,686.741
2026-07-06T11,654.57
2026-07-06T12,672.914
2026-07-06T13,665.171
2026-07-06T14,650.531
2026-07-06T15,649.087
2026-07-06T16,585.834
2026-07-06T17,648.06
2026-07-06T18,685.52
2026-07-06T19,686.145
2026-07-06T20,670.456
2026-07-06T21,380.302
2026-07-06T22,22.258
2026-07-06T23,21.525
2026-07-07T00,22.095
2026-07-07T01,21.31
2026-07-07T02,21.31
2026-07-07T03,21.505
2026-07-07T04,21.31
2026-07-07T05,21.51
2026-07-07T06,21.49
2026-07-07T07,14.317
2026-07-07T08,14.495
2026-07-07T09,323.546
2026-07-07T10,716.304
2026-07-07T11,681.013
2026-07-07T12,658.38
2026-07-07T13,648.322
2026-07-07T14,672.567
2026-07-07T15,701.583
2026-07-07T16,695.471
2026-07-07T17,684.83
2026-07-07T18,677.09
2026-07-07T19,670.4
2026-07-07T20,667.22
2026-07-07T21,505.302
2026-07-07T22,403.382
2026-07-07T23,403.95
2026-07-08T00,360.972
2026-07-08T01,361.156
2026-07-08T02,359.737
2026-07-08T03,364.559
2026-07-08T04,357.834
2026-07-08T05,354.362
2026-07-08T06,335.987
2026-07-08T07,339.654
2026-07-08T08,321.431
2026-07-08T09,318.801
2026-07-08T10,793.418
2026-07-08T11,713.152
2026-07-08T12,649.111
2026-07-08T13,703.478
2026-07-08T14,746.51
2026-07-08T15,737.483
2026-07-08T16,737.499
2026-07-08T17,733.475
2026-07-08T18,713.5
2026-07-08T19,701.365
2026-07-08T20,690.495
2026-07-08T21,455.457
2026-07-08T22,201.716
2026-07-08T23,200.975
2026-07-09T00,245.855
2026-07-09T01,194.299
2026-07-09T02,128.991
2026-07-09T03,47.855
2026-07-09T04,19.899
2026-07-09T05,19.492
2026-07-09T06,18.637
2026-07-09T07,15.197
2026-07-09T08,14.804
2026-07-09T09,327.433
2026-07-09T10,578.065
2026-07-09T11,540.005
2026-07-09T12,585.976
2026-07-09T13,554.909
2026-07-09T14,562.213
2026-07-09T15,575.17
2026-07-09T16,607.762
2026-07-09T17,562.831
2026-07-09T18,560.326
2026-07-09T19,567.924
2026-07-09T20,588.349
2026-07-09T21,395.541
2026-07-09T22,184.627
2026-07-09T23,183.825
2026-07-10T00,87.304
2026-07-10T01,87.03
2026-07-10T02,86.103
2026-07-10T03,85.109
2026-07-10T04,85.779
2026-07-10T05,86.329
2026-07-10T06,86.317
2026-07-10T07,86.817
2026-07-10T08,88.005
2026-07-10T09,340.462
2026-07-10T10,663.609
2026-07-10T11,649.322
2026-07-10T12,640.138
2026-07-10T13,679.481
2026-07-10T14,687.211
2026-07-10T15,684.94
2026-07-10T16,718.468
2026-07-10T17,712.909
2026-07-10T18,704.7
2026-07-10T19,658.237
2026-07-10T20,669.406
2026-07-10T21,426.217
2026-07-10T22,202.777
2026-07-10T23,188.586
2026-07-11T00,148.691
2026-07-11T01,156.292
2026-07-11T02,148.616
2026-07-11T03,148.484
2026-07-11T04,148.457
2026-07-11T05,148.13
2026-07-11T06,148.73
2026-07-11T07,148.445
2026-07-11T08,148.56
2026-07-11T09,267.915
2026-07-11T10,787.937
2026-07-11T11,732.595
2026-07-11T12,716.827
2026-07-11T13,708.102
2026-07-11T14,700.826
2026-07-11T15,704.216
2026-07-11T16,720.323
2026-07-11T17,720.977
2026-07-11T18,705.237
2026-07-11T19,699.281
2026-07-11T20,696.943
2026-07-11T21,413.58
2026-07-11T22,48.76
2026-07-11T23,14.85
2026-07-12T00,15.161
2026-07-12T01,14.39
2026-07-12T02,14.39
2026-07-12T03,14.151
2026-07-12T04,14.39
2026-07-12T05,13.895
2026-07-12T06,14.645
2026-07-12T07,14.445
2026-07-12T08,14.866
2026-07-12T09,68.498
2026-07-12T10,208.889
2026-07-12T11,488.696
2026-07-12T12,539.382
2026-07-12T13,671.7
2026-07-12T14,659.571
2026-07-12T15,714.116
2026-07-12T16,703.839
2026-07-12T17,691.358
2026-07-12T18,677.201
2026-07-12T19,670.157
2026-07-12T20,673.227
2026-07-12T21,391.79
2026-07-12T22,99.336
2026-07-12T23,112.67
2026-07-13T00,134.552
2026-07-13T01,129.49
2026-07-13T02,140.682
2026-07-13T03,143.703
2026-07-13T04,144.771
2026-07-13T05,147.516
2026-07-13T06,148.498
2026-07-13T07,149.618
2026-07-13T08,147.926
2026-07-13T09,309.686
2026-07-13T10,686.741
2026-07-13T11,654.57
2026-07-13T12,672.914
2026-07-13T13,665.171
2026-07-13T14,650.531
2026-07-13T15,649.087
2026-07-13T16,585.834
2026-07-13T17,648.06
2026-07-13T18,685.52
2026-07-13T19,686.145
2026-07-13T20,670.456
2026-07-13T21,380.302
2026-07-13T22,22.258
2026-07-13T23,21.525
2026-07-14T00,22.095
2026-07-14T01,21.31
2026-07-14T02,21.31
2026-07-14T03,21.505
2026-07-14T04,21.31
2026-07-14T05,21.51
2026-07-14T06,21.49
2026-07-14T07,14.317
2026-07-14T08,14.495
2026-07-14T09,323.546
2026-07-14T10,716.304
2026-07-14T11,681.013
2026-07-14T12,658.38
2026-07-14T13,648.322
2026-07-14T14,672.567
2026-07-14T15,701.583
2026-07-14T16,695.471
2026-07-14T17,684.83
2026-07-14T18,677.09
2026-07-14T19,670.4
2026-07-14T20,667.22
2026-07-14T21,505.302
2026-07-14T22,403.382
2026-07-14T23,403.95
2026-07-15T00,360.972
2026-07-15T01,361.156
2026-07-15T02,359.737
2026-07-15T03,364.559
2026-07-15T04,357.834
2026-07-15T05,354.362
2026-07-15T06,335.987
2026-07-15T07,339.654
2026-07-15T08,321.431
2026-07-15T09,318.801
2026-07-15T10,793.418
2026-07-15T11,713.152
2026-07-15T12,649.111
2026-07-15T13,703.478
2026-07-15T14,746.51
2026-07-15T15,737.483
2026-07-15T16,737.499
2026-07-15T17,733.475
2026-07-15T18,713.5
2026-07-15T19,701.365
2026-07-15T20,690.495
2026-07-15T21,455.457
2026-07-15T22,201.716
2026-07-15T23,200.975
2026-07-16T00,245.855
2026-07-16T01,194.299
2026-07-16T02,128.991
2026-07-16T03,47.855
2026-07-16T04,19.899
2026-07-16T05,19.492
2026-07-16T06,18.637
2026-07-16T07,15.197
2026-07-16T08,14.804
2026-07-16T09,327.433
2026-07-16T10,578.065
2026-07-16T11,540.005
2026-07-16T12,585.976
2026-07-16T13,554.909
2026-07-16T14,562.213
2026-07-16T15,575.17
2026-07-16T16,607.762
2026-07-16T17,562.831
2026-07-16T18,560.326
2026-07-16T19,567.924
2026-07-16T20,588.349
2026-07-16T21,395.541
2026-07-16T22,184.627
2026-07-16T23,183.825
2026-07-17T00,87.304
2026-07-17T01,87.03
2026-07-17T02,86.103
2026-07-17T03,85.109
2026-07-17T04,85.779
2026-07-17T05,86.329
2026-07-17T06,86.317
2026-07-17T07,86.817
2026-07-17T08,88.005
2026-07-17T09,340.462
2026-07-17T10,663.609
2026-07-17T11,649.322
2026-07-17T12,640.138
2026-07-17T13,679.481
2026-07-17T14,687.211
2026-07-17T15,684.94
2026-07-17T16,718.468
2026-07-17T17,712.909
2026-07-17T18,704.7
2026-07-17T19,658.237
2026-07-17T20,669.406
2026-07-17T21,426.217
2026-07-17T22,202.777
2026-07-17T23,188.586
2026-07-18T00,148.691
2026-07-18T01,156.292
2026-07-18T02,148.616
2026-07-18T03,148.484
2026-07-18T04,148.457
2026-07-18T05,148.13
2026-07-18T06,148.73
2026-07-18T07,148.445
2026-07-18T08,148.56
2026-07-18T09,267.915
2026-07-18T10,787.937
2026-07-18T11,732.595
2026-07-18T12,716.827
2026-07-18T13,708.102
2026-07-18T14,700.826
2026-07-18T15,704.216
2026-07-18T16,720.323
2026-07-18T17,720.977
2026-07-18T18,705.237
2026-07-18T19,699.281
2026-07-18T20,696.943
2026-07-18T21,413.58
2026-07-18T22,48.76
2026-07-18T23,14.85
2026-07-19T00,15.161
2026-07-19T01,14.39
2026-07-19T02,14.39
2026-07-19T03,14.151
2026-07-19T04,14.39
2026-07-19T05,13.895
2026-07-19T06,14.645
2026-07-19T07,14.445
2026-07-19T08,14.866
2026-07-19T09,68.498
2026-07-19T10,208.889
2026-07-19T11,488.696
2026-07-19T12,539.382
2026-07-19T13,671.7
2026-07-19T14,659.571
2026-07-19T15,714.116
2026-07-19T16,703.839
2026-07-19T17,691.358
2026-07-19T18,677.201
2026-07-19T19,670.157
2026-07-19T20,673.227
2026-07-19T21,391.79
2026-07-19T22,99.336
2026-07-19T23,112.67
2026-07-20T00,134.552
2026-07-20T01,129.49
2026-07-20T02,140.682
2026-07-20T03,143.703
2026-07-20T04,144.771
2026-07-20T05,147.516
2026-07-20T06,148.498
2026-07-20T07,149.618
2026-07-20T08,147.926
2026-07-20T09,309.686
2026-07-20T10,686.741
2026-07-20T11,654.57
2026-07-20T12,672.914
2026-07-20T13,665.171
2026-07-20T14,650.531
2026-07-20T15,649.087
2026-07-20T16,585.834
2026-07-20T17,648.06
2026-07-20T18,685.52
2026-07-20T19,686.145
2026-07-20T20,670.456
2026-07-20T21,380.302
2026-07-20T22,22.258
2026-07-20T23,21.525
2026-07-21T00,22.095
2026-07-21T01,21.31
2026-07-21T02,21.31
2026-07-21T03,21.505
2026-07-21T04,21.31
2026-07-21T05,21.51
2026-07-21T06,21.49
2026-07-21T07,14.317
2026-07-21T08,14.495
2026-07-21T09,323.546
2026-07-21T10,716.304
2026-07-21T11,681.013
2026-07-21T12,658.38
2026-07-21T13,648.322
2026-07-21T14,672.567
2026-07-21T15,701.583
2026-07-21T16,695.471
2026-07-21T17,684.83
2026-07-21T18,677.09
2026-07-21T19,670.4
2026-07-21T20,667.22
2026-07-21T21,505.302
2026-07-21T22,403.382
2026-07-21T23,403.95
2026-07-22T00,360.972
2026-07-22T01,361.156
2026-07-22T02,359.737
2026-07-22T03,364.559
2026-07-22T04,357.834
2026-07-22T05,354.362
2026-07-22T06,335.987
2026-07-22T07,339.654
2026-07-22T08,321.431
2026-07-22T09,318.801
2026-07-22T10,793.418
2026-07-22T11,713.152
2026-07-22T12,649.111
2026-07-22T13,703.478
2026-07-22T14,746.51
2026-07-22T15,737.483
2026-07-22T16,737.499
2026-07-22T17,733.475
2026-07-22T18,713.5
2026-07-22T19,701.365
2026-07-22T20,690.495
2026-07-22T21,455.457
2026-07-22T22,201.716
2026-07-22T23,200.975
2026-07-23T00,245.855
2026-07-23T01,194.299
2026-07-23T02,128.991
2026-07-23T03,47.855
2026-07-23T04,19.899
2026-07-23T05,19.492
2026-07-23T06,18.637
2026-07-23T07,15.197
2026-07-23T08,14.804
2026-07-23T09,327.433
2026-07-23T10,578.065
2026-07-23T11,540.005
2026-07-23T12,585.976
2026-07-23T13,554.909
2026-07-23T14,562.213
2026-07-23T15,575.17
2026-07-23T16,607.762
2026-07-23T17,562.831
2026-07-23T18,560.326
2026-07-23T19,567.924
2026-07-23T20,588.349
2026-07-23T21,395.541
2026-07-23T22,184.627
2026-07-23T23,183.825
2026-07-24T00,87.304
2026-07-24T01,87.03
2026-07-24T02,86.103
2026-07-24T03,85.109
2026-07-24T04,85.779
2026-07-24T05,86.329
2026-07-24T06,86.317
2026-07-24T07,86.817
2026-07-24T08,88.005
2026-07-24T09,340.462
2026-07-24T10,663.609
2026-07-24T11,649.322
2026-07-24T12,640.138
2026-07-24T13,679.481
2026-07-24T14,687.211
2026-07-24T15,684.94
2026-07-24T16,718.468
2026-07-24T17,712.909
2026-07-24T18,704.7
2026-07-24T19,658.237
2026-07-24T20,669.406
2026-07-24T21,426.217
2026-07-24T22,202.777
2026-07-24T23,188.586
2026-07-25T00,148.691
2026-07-25T01,156.292
2026-07-25T02,148.616
2026-07-25T03,148.484
2026-07-25T04,148.457
2026-07-25T05,148.13
2026-07-25T06,148.73
2026-07-25T07,148.445
2026-07-25T08,148.56
2026-07-25T09,267.915
2026-07-25T10,787.937
2026-07-25T11,732.595
2026-07-25T12,716.827
2026-07-25T13,708.102
2026-07-25T14,700.826
2026-07-25T15,704.216
2026-07-25T16,720.323
2026-07-25T17,720.977
2026-07-25T18,705.237
2026-07-25T19,699.281
2026-07-25T20,696.943
2026-07-25T21,413.58
2026-07-25T22,48.76
2026-07-25T23,14.85
2026-07-26T00,15.161
2026-07-26T01,14.39
2026-07-26T02,14.39
2026-07-26T03,14.151
2026-07-26T04,14.39
2026-07-26T05,13.895
2026-07-26T06,14.645
2026-07-26T07,14.445
2026-07-26T08,14.866
2026-07-26T09,68.498
2026-07-26T10,208.889
2026-07-26T11,488.696
2026-07-26T12,539.382
2026-07-26T13,671.7
2026-07-26T14,659.571
2026-07-26T15,714.116
2026-07-26T16,703.839
2026-07-26T17,691.358
2026-07-26T18,677.201
2026-07-26T19,670.157
2026-07-26T20,673.227
2026-07-26T21,391.79
2026-07-26T22,99.336
2026-07-26T23,112.67
2026-07-27T00,134.552
2026-07-27T01,129.49
2026-07-27T02,140.682
2026-07-27T03,143.703
2026-07-27T04,144.771
2026-07-27T05,147.516
2026-07-27T06,148.498
2026-07-27T07,149.618
2026-07-27T08,147.926
2026-07-27T09,309.686
2026-07-27T10,686.741
2026-07-27T11,654.57
2026-07-27T12,672.914
2026-07-27T13,665.171
2026-07-27T14,650.531
2026-07-27T15,649.087
2026-07-27T16,585.834
2026-07-27T17,648.06
2026-07-27T18,685.52
2026-07-27T19,686.145
2026-07-27T20,670.456
2026-07-27T21,380.302
2026-07-27T22,22.258
2026-07-27T23,21.525
2026-07-28T00,22.095
2026-07-28T01,21.31
2026-07-28T02,21.31
2026-07-28T03,21.505
2026-07-28T04,21.31
2026-07-28T05,21.51
2026-07-28T06,21.49
2026-07-28T07,14.317
2026-07-28T08,14.495
2026-07-28T09,323.546
2026-07-28T10,716.304
2026-07-28T11,681.013
2026-07-28T12,658.38
2026-07-28T13,648.322
2026-07-28T14,672.567
2026-07-28T15,701.583
2026-07-28T16,695.471
2026-07-28T17,684.83
2026-07-28T18,677.09
2026-07-28T19,670.4
2026-07-28T20,667.22
2026-07-28T21,505.302
2026-07-28T22,403.382
2026-07-28T23,403.95
2026-07-29T00,360.972
2026-07-29T01,361.156
2026-07-29T02,359.737
2026-07-29T03,364.559
2026-07-29T04,357.834
2026-07-29T05,354.362
2026-07-29T06,335.987
2026-07-29T07,339.654
2026-07-29T08,321.431
2026-07-29T09,318.801
2026-07-29T10,793.418
2026-07-29T11,713.152
2026-07-29T12,649.111
2026-07-29T13,703.478
2026-07-29T14,746.51
2026-07-29T15,737.483
2026-07-29T16,737.499
2026-07-29T17,733.475
2026-07-29T18,713.5
2026-07-29T19,701.365
2026-07-29T20,690.495
2026-07-29T21,455.457
2026-07-29T22,201.716
2026-07-29T23,200.975
2026-07-30T00,245.855
2026-07-30T01,194.299
2026-07-30T02,128.991
2026-07-30T03,47.855
2026-07-30T04,19.899
2026-07-30T05,19.492
2026-07-30T06,18.637
2026-07-30T07,15.197
2026-07-30T08,14.804
2026-07-30T09,327.433
2026-07-30T10,578.065
2026-07-30T11,540.005
2026-07-30T12,585.976
2026-07-30T13,554.909
2026-07-30T14,562.213
2026-07-30T15,575.17
2026-07-30T16,607.762
2026-07-30T17,562.831
2026-07-30T18,560.326
2026-07-30T19,567.924
2026-07-30T20,588.349
2026-07-30T21,395.541
2026-07-30T22,184.627
2026-07-30T23,183.825
2026-07-31T00,87.304
2026-07-31T01,87.03
2026-07-31T02,86.103
2026-07-31T03,85.109
2026-07-31T04,85.779
2026-07-31T05,86.329
2026-07-31T06,86.317
2026-07-31T07,86.817
2026-07-31T08,88.005
2026-07-31T09,340.462
2026-07-31T10,663.609
2026-07-31T11,649.322
2026-07-31T12,640.138
2026-07-31T13,679.481
2026-07-31T14,687.211
2026-07-31T15,684.94
2026-07-31T16,718.468
2026-07-31T17,712.909
2026-07-31T18,704.7
2026-07-31T19,658.237
2026-07-31T20,669.406
2026-07-31T21,426.217
2026-07-31T22,202.777
2026-07-31T23,188.586
2026-08-01T00,354.44
2026-08-01T01,358.287
2026-08-01T02,351.52
2026-08-01T03,321.201
2026-08-01T04,181.441
2026-08-01T05,122.782
2026-08-01T06,91.527
2026-08-01T07,82.91
2026-08-01T08,66.197
2026-08-01T09,283.27
2026-08-01T10,516.65
2026-08-01T11,506.311
2026-08-01T12,538.532
2026-08-01T13,528.839
2026-08-01T14,540.746
2026-08-01T15,619.804
2026-08-01T16,627.359
2026-08-01T17,627.954
2026-08-01T18,618.914
2026-08-01T19,615.409
2026-08-01T20,566.785
2026-08-01T21,546.209
2026-08-01T22,481.021
2026-08-01T23,553.33
2026-08-02T00,502.301
2026-08-02T01,499.099
2026-08-02T02,485.295
2026-08-02T03,414.611
2026-08-02T04,364.347
2026-08-02T05,244.159
2026-08-02T06,110.187
2026-08-02T07,78.607
2026-08-02T08,79.238
2026-08-02T09,123.64
2026-08-02T10,195.508
2026-08-02T11,394.692
2026-08-02T12,487.276
2026-08-02T13,559.886
2026-08-02T14,538.656
2026-08-02T15,578.52
2026-08-02T16,562.316
2026-08-02T17,582.787
2026-08-02T18,562.102
2026-08-02T19,561.686
2026-08-02T20,556.311
2026-08-02T21,373.355
2026-08-02T22,281.022
2026-08-02T23,282.659
2026-08-03T00,257.147
2026-08-03T01,251.839
2026-08-03T02,248.709
2026-08-03T03,213.467
2026-08-03T04,126.549
2026-08-03T05,127.537
2026-08-03T06,113.124
2026-08-03T07,19.49
2026-08-03T08,14.566
2026-08-03T09,306.173
2026-08-03T10,638.778
2026-08-03T11,622.758
2026-08-03T12,607.246
2026-08-03T13,596.892
2026-08-03T14,590.806
2026-08-03T15,592.735
2026-08-03T16,597.264
2026-08-03T17,596.592
2026-08-03T18,585.704
2026-08-03T19,579.59
2026-08-03T20,568.864
2026-08-03T21,523.808
2026-08-03T22,562.582
2026-08-03T23,563.952
2026-08-04T00,558.381
2026-08-04T01,558.868
2026-08-04T02,540.88
2026-08-04T03,484.764
2026-08-04T04,475.326
2026-08-04T05,442.574
2026-08-04T06,401.766
2026-08-04T07,272.799
2026-08-04T08,130.659
2026-08-04T09,255.337
2026-08-04T10,512.525
2026-08-04T11,589.18
2026-08-04T12,591.661
2026-08-04T13,580.093
2026-08-04T14,575.672
2026-08-04T15,582.484
2026-08-04T16,580.228
2026-08-04T17,576.577
2026-08-04T18,566.275
2026-08-04T19,558.032
2026-08-04T20,552.052
2026-08-04T21,440.996
2026-08-04T22,382.924
2026-08-04T23,382.504
2026-08-05T00,379.353
2026-08-05T01,379.6
2026-08-05T02,355.057
2026-08-05T03,214.936
2026-08-05T04,118.915
2026-08-05T05,99.354
2026-08-05T06,72.84
2026-08-05T07,55.485
2026-08-05T08,28.736
2026-08-05T09,260.534
2026-08-05T10,586.44
2026-08-05T11,602.418
2026-08-05T12,592.976
2026-08-05T13,588.281
2026-08-05T14,599.342
2026-08-05T15,601.884
2026-08-05T16,599.976
2026-08-05T17,594.482
2026-08-05T18,585.072
2026-08-05T19,578.412
2026-08-05T20,573.455
2026-08-05T21,442.268
2026-08-05T22,274.081
2026-08-05T23,260.691
2026-08-06T00,263.414
2026-08-06T01,221.775
2026-08-06T02,97.85
2026-08-06T03,14.355
2026-08-06T04,14.461
2026-08-06T05,15.136
2026-08-06T06,14.119
2026-08-06T07,14.603
2026-08-06T08,14.164
2026-08-06T09,307.704
2026-08-06T10,618.116
2026-08-06T11,619.571
2026-08-06T12,609.867
2026-08-06T13,605.952
2026-08-06T14,616.287
2026-08-06T15,618.898
2026-08-06T16,611.213
2026-08-06T17,604.426
2026-08-06T18,593.615
2026-08-06T19,590.252
2026-08-06T20,578.336
2026-08-06T21,494.789
2026-08-06T22,398.928
2026-08-06T23,277.687
2026-08-07T00,318.106
2026-08-07T01,321.043
2026-08-07T02,320.007
2026-08-07T03,334.296
2026-08-07T04,425.809
2026-08-07T05,350.996
2026-08-07T06,242.375
2026-08-07T07,215.561
2026-08-07T08,155.1
2026-08-07T09,226.674
2026-08-07T10,585.495
2026-08-07T11,606.604
2026-08-07T12,615.122
2026-08-07T13,602.447
2026-08-07T14,606.369
2026-08-07T15,580.132
2026-08-07T16,614.286
2026-08-07T17,607.433
2026-08-07T18,596.561
2026-08-07T19,591.629
2026-08-07T20,589.779
2026-08-07T21,497.875
2026-08-07T22,433.258
2026-08-07T23,366.713
2026-08-08T00,354.44
2026-08-08T01,358.287
2026-08-08T02,351.52
2026-08-08T03,321.201
2026-08-08T04,181.441
2026-08-08T05,122.782
2026-08-08T06,91.527
2026-08-08T07,82.91
2026-08-08T08,66.197
2026-08-08T09,283.27
2026-08-08T10,516.65
2026-08-08T11,506.311
2026-08-08T12,538.532
2026-08-08T13,528.839
2026-08-08T14,540.746
2026-08-08T15,619.804
2026-08-08T16,627.359
2026-08-08T17,627.954
2026-08-08T18,618.914
2026-08-08T19,615.409
2026-08-08T20,566.785
2026-08-08T21,546.209
2026-08-08T22,481.021
2026-08-08T23,553.33
2026-08-09T00,502.301
2026-08-09T01,499.099
2026-08-09T02,485.295
2026-08-09T03,414.611
2026-08-09T04,364.347
2026-08-09T05,244.159
2026-08-09T06,110.187
2026-08-09T07,78.607
2026-08-09T08,79.238
2026-08-09T09,123.64
2026-08-09T10,195.508
2026-08-09T11,394.692
2026-08-09T12,487.276
2026-08-09T13,559.886
2026-08-09T14,538.656
2026-08-09T15,578.52
2026-08-09T16,562.316
2026-08-09T17,582.787
2026-08-09T18,562.102
2026-08-09T19,561.686
2026-08-09T20,556.311
2026-08-09T21,373.355
2026-08-09T22,281.022
2026-08-09T23,282.659
2026-08-10T00,257.147
2026-08-10T01,251.839
2026-08-10T02,248.709
2026-08-10T03,213.467
2026-08-10T04,126.549
2026-08-10T05,127.537
2026-08-10T06,113.124
2026-08-10T07,19.49
2026-08-10T08,14.566
2026-08-10T09,306.173
2026-08-10T10,638.778
2026-08-10T11,622.758
2026-08-10T12,607.246
2026-08-10T13,596.892
2026-08-10T14,590.806
2026-08-10T15,592.735
2026-08-10T16,597.264
2026-08-10T17,596.592
2026-08-10T18,585.704
2026-08-10T19,579.59
2026-08-10T20,568.864
2026-08-10T21,523.808
2026-08-10T22,562.582
2026-08-10T23,563.952
2026-08-11T00,558.381
2026-08-11T01,558.868
2026-08-11T02,540.88
2026-08-11T03,484.764
2026-08-11T04,475.326
2026-08-11T05,442.574
2026-08-11T06,401.766
2026-08-11T07,272.799
2026-08-11T08,130.659
2026-08-11T09,255.337
2026-08-11T10,512.525
2026-08-11T11,589.18
2026-08-11T12,591.661
2026-08-11T13,580.093
2026-08-11T14,575.672
2026-08-11T15,582.484
2026-08-11T16,580.228
2026-08-11T17,576.577
2026-08-11T18,566.275
2026-08-11T19,558.032
2026-08-11T20,552.052
2026-08-11T21,440.996
2026-08-11T22,382.924
2026-08-11T23,382.504
2026-08-12T00,379.353
2026-08-12T01,379.6
2026-08-12T02,355.057
2026-08-12T03,214.936
2026-08-12T04,118.915
2026-08-12T05,99.354
2026-08-12T06,72.84
2026-08-12T07,55.485
2026-08-12T08,28.736
2026-08-12T09,260.534
2026-08-12T10,586.44
2026-08-12T11,602.418
2026-08-12T12,592.976
2026-08-12T13,588.281
2026-08-12T14,599.342
2026-08-12T15,601.884
2026-08-12T16,599.976
2026-08-12T17,594.482
2026-08-12T18,585.072
2026-08-12T19,578.412
2026-08-12T20,573.455
2026-08-12T21,442.268
2026-08-12T22,274.081
2026-08-12T23,260.691
2026-08-13T00,263.414
2026-08-13T01,221.775
2026-08-13T02,97.85
2026-08-13T03,14.355
2026-08-13T04,14.461
2026-08-13T05,15.136
2026-08-13T06,14.119
2026-08-13T07,14.603
2026-08-13T08,14.164
2026-08-13T09,307.704
2026-08-13T10,618.116
2026-08-13T11,619.571
2026-08-13T12,609.867
2026-08-13T13,605.952
2026-08-13T14,616.287
2026-08-13T15,618.898
2026-08-13T16,611.213
2026-08-13T17,604.426
2026-08-13T18,593.615
2026-08-13T19,590.252
2026-08-13T20,578.336
2026-08-13T21,494.789
2026-08-13T22,398.928
2026-08-13T23,277.687
2026-08-14T00,318.106
2026-08-14T01,321.043
2026-08-14T02,320.007
2026-08-14T03,334.296
2026-08-14T04,425.809
2026-08-14T05,350.996
2026-08-14T06,242.375
2026-08-14T07,215.561
2026-08-14T08,155.1
2026-08-14T09,226.674
2026-08-14T10,585.495
2026-08-14T11,606.604
2026-08-14T12,615.122
2026-08-14T13,602.447
2026-08-14T14,606.369
2026-08-14T15,580.132
2026-08-14T16,614.286
2026-08-14T17,607.433
2026-08-14T18,596.561
2026-08-14T19,591.629
2026-08-14T20,589.779
2026-08-14T21,497.875
2026-08-14T22,433.258
2026-08-14T23,366.713
2026-08-15T00,354.44
2026-08-15T01,358.287
2026-08-15T02,351.52
2026-08-15T03,321.201
2026-08-15T04,181.441
2026-08-15T05,122.782
2026-08-15T06,91.527
2026-08-15T07,82.91
2026-08-15T08,66.197
2026-08-15T09,283.27
2026-08-15T10,516.65
2026-08-15T11,506.311
2026-08-15T12,538.532
2026-08-15T13,528.839
2026-08-15T14,540.746
2026-08-15T15,619.804
2026-08-15T16,627.359
2026-08-15T17,627.954
2026-08-15T18,618.914
2026-08-15T19,615.409
2026-08-15T20,566.785
2026-08-15T21,546.209
2026-08-15T22,481.021
2026-08-15T23,553.33
2026-08-16T00,502.301
2026-08-16T01,499.099
2026-08-16T02,485.295
2026-08-16T03,414.611
2026-08-16T04,364.347
2026-08-16T05,244.159
2026-08-16T06,110.187
2026-08-16T07,78.607
2026-08-16T08,79.238
2026-08-16T09,123.64
2026-08-16T10,195.508
2026-08-16T11,394.692
2026-08-16T12,487.276
2026-08-16T13,559.886
2026-08-16T14,538.656
2026-08-16T15,578.52
2026-08-16T16,562.316
2026-08-16T17,582.787
2026-08-16T18,562.102
2026-08-16T19,561.686
2026-08-16T20,556.311
2026-08-16T21,373.355
2026-08-16T22,281.022
2026-08-16T23,282.659
2026-08-17T00,257.147
2026-08-17T01,251.839
2026-08-17T02,248.709
2026-08-17T03,213.467
2026-08-17T04,126.549
2026-08-17T05,127.537
2026-08-17T06,113.124
2026-08-17T07,19.49
2026-08-17T08,14.566
2026-08-17T09,306.173
2026-08-17T10,638.778
2026-08-17T11,622.758
2026-08-17T12,607.246
2026-08-17T13,596.892
2026-08-17T14,590.806
2026-08-17T15,592.735
2026-08-17T16,597.264
2026-08-17T17,596.592
2026-08-17T18,585.704
2026-08-17T19,579.59
2026-08-17T20,568.864
2026-08-17T21,523.808
2026-08-17T22,562.582
2026-08-17T23,563.952
2026-08-18T00,558.381
2026-08-18T01,558.868
2026-08-18T02,540.88
2026-08-18T03,484.764
2026-08-18T04,475.326
2026-08-18T05,442.574
2026-08-18T06,401.766
2026-08-18T07,272.799
2026-08-18T08,130.659
2026-08-18T09,255.337
2026-08-18T10,512.525
2026-08-18T11,589.18
2026-08-18T12,591.661
2026-08-18T13,580.093
2026-08-18T14,575.672
2026-08-18T15,582.484
2026-08-18T16,580.228
2026-08-18T17,576.577
2026-08-18T18,566.275
2026-08-18T19,558.032
2026-08-18T20,552.052
2026-08-18T21,440.996
2026-08-18T22,382.924
2026-08-18T23,382.504
2026-08-19T00,379.353
2026-08-19T01,379.6
2026-08-19T02,355.057
2026-08-19T03,214.936
2026-08-19T04,118.915
2026-08-19T05,99.354
2026-08-19T06,72.84
2026-08-19T07,55.485
2026-08-19T08,28.736
2026-08-19T09,260.534
2026-08-19T10,586.44
2026-08-19T11,602.418
2026-08-19T12,592.976
2026-08-19T13,588.281
2026-08-19T14,599.342
2026-08-19T15,601.884
2026-08-19T16,599.976
2026-08-19T17,594.482
2026-08-19T18,585.072
2026-08-19T19,578.412
2026-08-19T20,573.455
2026-08-19T21,442.268
2026-08-19T22,274.081
2026-08-19T23,260.691
2026-08-20T00,263.414
2026-08-20T01,221.775
2026-08-20T02,97.85
2026-08-20T03,14.355
2026-08-20T04,14.461
2026-08-20T05,15.136
2026-08-20T06,14.119
2026-08-20T07,14.603
2026-08-20T08,14.164
2026-08-20T09,307.704
2026-08-20T10,618.116
2026-08-20T11,619.571
2026-08-20T12,609.867
2026-08-20T13,605.952
2026-08-20T14,616.287
2026-08-20T15,618.898
2026-08-20T16,611.213
2026-08-20T17,604.426
2026-08-20T18,593.615
2026-08-20T19,590.252
2026-08-20T20,578.336
2026-08-20T21,494.789
2026-08-20T22,398.928
2026-08-20T23,277.687
2026-08-21T00,318.106
2026-08-21T01,321.043
2026-08-21T02,320.007
2026-08-21T03,334.296
2026-08-21T04,425.809
2026-08-21T05,350.996
2026-08-21T06,242.375
2026-08-21T07,215.561
2026-08-21T08,155.1
2026-08-21T09,226.674
2026-08-21T10,585.495
2026-08-21T11,606.604
2026-08-21T12,615.122
2026-08-21T13,602.447
2026-08-21T14,606.369
2026-08-21T15,580.132
2026-08-21T16,614.286
2026-08-21T17,607.433
2026-08-21T18,596.561
2026-08-21T19,591.629
2026-08-21T20,589.779
2026-08-21T21,497.875
2026-08-21T22,433.258
2026-08-21T23,366.713
2026-08-22T00,354.44
2026-08-22T01,358.287
2026-08-22T02,351.52
2026-08-22T03,321.201
2026-08-22T04,181.441
2026-08-22T05,122.782
2026-08-22T06,91.527
2026-08-22T07,82.91
2026-08-22T08,66.197
2026-08-22T09,283.27
2026-08-22T10,516.65
2026-08-22T11,506.311
2026-08-22T12,538.532
2026-08-22T13,528.839
2026-08-22T14,540.746
2026-08-22T15,619.804
2026-08-22T16,627.359
2026-08-22T17,627.954
2026-08-22T18,618.914
2026-08-22T19,615.409
2026-08-22T20,566.785
2026-08-22T21,546.209
2026-08-22T22,481.021
2026-08-22T23,553.33
2026-08-23T00,502.301
2026-08-23T01,499.099
2026-08-23T02,485.295
2026-08-23T03,414.611
2026-08-23T04,364.347
2026-08-23T05,244.159
2026-08-23T06,110.187
2026-08-23T07,78.607
2026-08-23T08,79.238
2026-08-23T09,123.64
2026-08-23T10,195.508
2026-08-23T11,394.692
2026-08-23T12,487.276
2026-08-23T13,559.886
2026-08-23T14,538.656
2026-08-23T15,578.52
2026-08-23T16,562.316
2026-08-23T17,582.787
2026-08-23T18,562.102
2026-08-23T19,561.686
2026-08-23T20,556.311
2026-08-23T21,373.355
2026-08-23T22,281.022
2026-08-23T23,282.659
2026-08-24T00,257.147
2026-08-24T01,251.839
2026-08-24T02,248.709
2026-08-24T03,213.467
2026-08-24T04,126.549
2026-08-24T05,127.537
2026-08-24T06,113.124
2026-08-24T07,19.49
2026-08-24T08,14.566
2026-08-24T09,306.173
2026-08-24T10,638.778
2026-08-24T11,622.758
2026-08-24T12,607.246
2026-08-24T13,596.892
2026-08-24T14,590.806
2026-08-24T15,592.735
2026-08-24T16,597.264
2026-08-24T17,596.592
2026-08-24T18,585.704
2026-08-24T19,579.59
2026-08-24T20,568.864
2026-08-24T21,523.808
2026-08-24T22,562.582
2026-08-24T23,563.952
2026-08-25T00,558.381
2026-08-25T01,558.868
2026-08-25T02,540.88
2026-08-25T03,484.764
2026-08-25T04,475.326
2026-08-25T05,442.574
2026-08-25T06,401.766
2026-08-25T07,272.799
2026-08-25T08,130.659
2026-08-25T09,255.337
2026-08-25T10,512.525
2026-08-25T11,589.18
2026-08-25T12,591.661
2026-08-25T13,580.093
2026-08-25T14,575.672
2026-08-25T15,582.484
2026-08-25T16,580.228
2026-08-25T17,576.577
2026-08-25T18,566.275
2026-08-25T19,558.032
2026-08-25T20,552.052
2026-08-25T21,440.996
2026-08-25T22,382.924
2026-08-25T23,382.504
2026-08-26T00,379.353
2026-08-26T01,379.6
2026-08-26T02,355.057
2026-08-26T03,214.936
2026-08-26T04,118.915
2026-08-26T05,99.354
2026-08-26T06,72.84
2026-08-26T07,55.485
2026-08-26T08,28.736
2026-08-26T09,260.534
2026-08-26T10,586.44
2026-08-26T11,602.418
2026-08-26T12,592.976
2026-08-26T13,588.281
2026-08-26T14,599.342
2026-08-26T15,601.884
2026-08-26T16,599.976
2026-08-26T17,594.482
2026-08-26T18,585.072
2026-08-26T19,578.412
2026-08-26T20,573.455
2026-08-26T21,442.268
2026-08-26T22,274.081
2026-08-26T23,260.691
2026-08-27T00,263.414
2026-08-27T01,221.775
2026-08-27T02,97.85
2026-08-27T03,14.355
2026-08-27T04,14.461
2026-08-27T05,15.136
2026-08-27T06,14.119
2026-08-27T07,14.603
2026-08-27T08,14.164
2026-08-27T09,307.704
2026-08-27T10,618.116
2026-08-27T11,619.571
2026-08-27T12,609.867
2026-08-27T13,605.952
2026-08-27T14,616.287
2026-08-27T15,618.898
2026-08-27T16,611.213
2026-08-27T17,604.426
2026-08-27T18,593.615
2026-08-27T19,590.252
2026-08-27T20,578.336
2026-08-27T21,494.789
2026-08-27T22,398.928
2026-08-27T23,277.687
2026-08-28T00,318.106
2026-08-28T01,321.043
2026-08-28T02,320.007
2026-08-28T03,334.296
2026-08-28T04,425.809
2026-08-28T05,350.996
2026-08-28T06,242.375
2026-08-28T07,215.561
2026-08-28T08,155.1
2026-08-28T09,226.674
2026-08-28T10,585.495
2026-08-28T11,606.604
2026-08-28T12,615.122
2026-08-28T13,602.447
2026-08-28T14,606.369
2026-08-28T15,580.132
2026-08-28T16,614.286
2026-08-28T17,607.433
2026-08-28T18,596.561
2026-08-28T19,591.629
2026-08-28T20,589.779
2026-08-28T21,497.875
2026-08-28T22,433.258
2026-08-28T23,366.713
2026-08-29T00,354.44
2026-08-29T01,358.287
2026-08-29T02,351.52
2026-08-29T03,321.201
2026-08-29T04,181.441
2026-08-29T05,122.782
2026-08-29T06,91.527
2026-08-29T07,82.91
2026-08-29T08,66.197
2026-08-29T09,283.27
2026-08-29T10,516.65
2026-08-29T11,506.311
2026-08-29T12,538.532
2026-08-29T13,528.839
2026-08-29T14,540.746
2026-08-29T15,619.804
2026-08-29T16,627.359
2026-08-29T17,627.954
2026-08-29T18,618.914
2026-08-29T19,615.409
2026-08-29T20,566.785
2026-08-29T21,546.209
2026-08-29T22,481.021
2026-08-29T23,553.33
2026-08-30T00,502.301
2026-08-30T01,499.099
2026-08-30T02,485.295
2026-08-30T03,414.611
2026-08-30T04,364.347
2026-08-30T05,244.159
2026-08-30T06,110.187
2026-08-30T07,78.607
2026-08-30T08,79.238
2026-08-30T09,123.64
2026-08-30T10,195.508
2026-08-30T11,394.692
2026-08-30T12,487.276
2026-08-30T13,559.886
2026-08-30T14,538.656
2026-08-30T15,578.52
2026-08-30T16,562.316
2026-08-30T17,582.787
2026-08-30T18,562.102
2026-08-30T19,561.686
2026-08-30T20,556.311
2026-08-30T21,373.355
2026-08-30T22,281.022
2026-08-30T23,282.659
2026-08-31T00,257.147
2026-08-31T01,251.839
2026-08-31T02,248.709
2026-08-31T03,213.467
2026-08-31T04,126.549
2026-08-31T05,127.537
2026-08-31T06,113.124
2026-08-31T07,19.49
2026-08-31T08,14.566
2026-08-31T09,306.173
2026-08-31T10,638.778
2026-08-31T11,622.758
2026-08-31T12,607.246
2026-08-31T13,596.892
2026-08-31T14,590.806
2026-08-31T15,592.735
2026-08-31T16,597.264
2026-08-31T17,596.592
2026-08-31T18,585.704
2026-08-31T19,579.59
2026-08-31T20,568.864
2026-08-31T21,523.808
2026-08-31T22,562.582
2026-08-31T23,563.952
2026-09-01T00,182.735
2026-09-01T01,182.552
2026-09-01T02,181.338
2026-09-01T03,182.25
2026-09-01T04,182.746
2026-09-01T05,182.272
2026-09-01T06,182.322
2026-09-01T07,181.774
2026-09-01T08,182.833
2026-09-01T09,267.981
2026-09-01T10,708.962
2026-09-01T11,697.555
2026-09-01T12,720.469
2026-09-01T13,729.56
2026-09-01T14,725.671
2026-09-01T15,732.239
2026-09-01T16,684.004
2026-09-01T17,647.013
2026-09-01T18,630.778
2026-09-01T19,622.902
2026-09-01T20,614.816
2026-09-01T21,416.909
2026-09-01T22,141.697
2026-09-01T23,138.442
2026-09-02T00,125.208
2026-09-02T01,124.83
2026-09-02T02,124.598
2026-09-02T03,100.8
2026-09-02T04,16.991
2026-09-02T05,26.537
2026-09-02T06,14.847
2026-09-02T07,13.66
2026-09-02T08,14.282
2026-09-02T09,183.269
2026-09-02T10,439.648
2026-09-02T11,471.096
2026-09-02T12,562.822
2026-09-02T13,678.818
2026-09-02T14,684.134
2026-09-02T15,688.946
2026-09-02T16,694.086
2026-09-02T17,692.516
2026-09-02T18,688.305
2026-09-02T19,679.113
2026-09-02T20,668.08
2026-09-02T21,435.893
2026-09-02T22,112.185
2026-09-02T23,235.167
2026-09-03T00,134.501
2026-09-03T01,130.36
2026-09-03T02,130.583
2026-09-03T03,116.783
2026-09-03T04,49.418
2026-09-03T05,16.584
2026-09-03T06,15.677
2026-09-03T07,14.397
2026-09-03T08,15.186
2026-09-03T09,358.016
2026-09-03T10,631.539
2026-09-03T11,636.339
2026-09-03T12,655.038
2026-09-03T13,714.015
2026-09-03T14,709.447
2026-09-03T15,713.193
2026-09-03T16,712.719
2026-09-03T17,711.041
2026-09-03T18,700.842
2026-09-03T19,685.389
2026-09-03T20,678.451
2026-09-03T21,434.004
2026-09-03T22,170.292
2026-09-03T23,167.422
2026-09-04T00,147.522
2026-09-04T01,146.439
2026-09-04T02,144.414
2026-09-04T03,135.773
2026-09-04T04,137.857
2026-09-04T05,138.967
2026-09-04T06,141.754
2026-09-04T07,144.033
2026-09-04T08,145.65
2026-09-04T09,293.479
2026-09-04T10,736.849
2026-09-04T11,703.622
2026-09-04T12,705.739
2026-09-04T13,696.141
2026-09-04T14,701.925
2026-09-04T15,711.585
2026-09-04T16,739.114
2026-09-04T17,659.321
2026-09-04T18,627.131
2026-09-04T19,633.696
2026-09-04T20,626.954
2026-09-04T21,444.726
2026-09-04T22,246.714
2026-09-04T23,187.53
2026-09-05T00,115.607
2026-09-05T01,29.992
2026-09-05T02,20.954
2026-09-05T03,20.915
2026-09-05T04,21.425
2026-09-05T05,16.121
2026-09-05T06,15.058
2026-09-05T07,14.836
2026-09-05T08,15.329
2026-09-05T09,305.687
2026-09-05T10,723.693
2026-09-05T11,667.927
2026-09-05T12,628.553
2026-09-05T13,616.384
2026-09-05T14,616.252
2026-09-05T15,618.568
2026-09-05T16,658.233
2026-09-05T17,700.532
2026-09-05T18,704.388
2026-09-05T19,699.137
2026-09-05T20,680.869
2026-09-05T21,469.656
2026-09-05T22,235.669
2026-09-05T23,155.517
2026-09-06T00,110.657
2026-09-06T01,110.529
2026-09-06T02,113.005
2026-09-06T03,112.947
2026-09-06T04,112.963
2026-09-06T05,112.775
2026-09-06T06,113.29
2026-09-06T07,113.593
2026-09-06T08,113.249
2026-09-06T09,143.141
2026-09-06T10,229.717
2026-09-06T11,454.282
2026-09-06T12,502.408
2026-09-06T13,629.242
2026-09-06T14,649.396
2026-09-06T15,741.467
2026-09-06T16,724.449
2026-09-06T17,699.094
2026-09-06T18,687.373
2026-09-06T19,684.946
2026-09-06T20,657.284
2026-09-06T21,419.277
2026-09-06T22,182.413
2026-09-06T23,174.242
2026-09-07T00,146.621
2026-09-07T01,68.055
2026-09-07T02,67.523
2026-09-07T03,68.133
2026-09-07T04,66.981
2026-09-07T05,67.441
2026-09-07T06,67.876
2026-09-07T07,67.292
2026-09-07T08,95.651
2026-09-07T09,335.5
2026-09-07T10,700.307
2026-09-07T11,686.68
2026-09-07T12,673.435
2026-09-07T13,674.113
2026-09-07T14,678.433
2026-09-07T15,675.786
2026-09-07T16,676.212
2026-09-07T17,674.595
2026-09-07T18,668.029
2026-09-07T19,658.08
2026-09-07T20,650.809
2026-09-07T21,489.403
2026-09-07T22,272.291
2026-09-07T23,222.62
2026-09-08T00,182.735
2026-09-08T01,182.552
2026-09-08T02,181.338
2026-09-08T03,182.25
2026-09-08T04,182.746
2026-09-08T05,182.272
2026-09-08T06,182.322
2026-09-08T07,181.774
2026-09-08T08,182.833
2026-09-08T09,267.981
2026-09-08T10,708.962
2026-09-08T11,697.555
2026-09-08T12,720.469
2026-09-08T13,729.56
2026-09-08T14,725.671
2026-09-08T15,732.239
2026-09-08T16,684.004
2026-09-08T17,647.013
2026-09-08T18,630.778
2026-09-08T19,622.902
2026-09-08T20,614.816
2026-09-08T21,416.909
2026-09-08T22,141.697
2026-09-08T23,138.442
2026-09-09T00,125.208
2026-09-09T01,124.83
2026-09-09T02,124.598
2026-09-09T03,100.8
2026-09-09T04,16.991
2026-09-09T05,26.537
2026-09-09T06,14.847
2026-09-09T07,13.66
2026-09-09T08,14.282
2026-09-09T09,183.269
2026-09-09T10,439.648
2026-09-09T11,471.096
2026-09-09T12,562.822
2026-09-09T13,678.818
2026-09-09T14,684.134
2026-09-09T15,688.946
2026-09-09T16,694.086
2026-09-09T17,692.516
2026-09-09T18,688.305
2026-09-09T19,679.113
2026-09-09T20,668.08
2026-09-09T21,435.893
2026-09-09T22,112.185
2026-09-09T23,235.167
2026-09-10T00,134.501
2026-09-10T01,130.36
2026-09-10T02,130.583
2026-09-10T03,116.783
2026-09-10T04,49.418
2026-09-10T05,16.584
2026-09-10T06,15.677
2026-09-10T07,14.397
2026-09-10T08,15.186
2026-09-10T09,358.016
2026-09-10T10,631.539
2026-09-10T11,636.339
2026-09-10T12,655.038
2026-09-10T13,714.015
2026-09-10T14,709.447
2026-09-10T15,713.193
2026-09-10T16,712.719
2026-09-10T17,711.041
2026-09-10T18,700.842
2026-09-10T19,685.389
2026-09-10T20,678.451
2026-09-10T21,434.004
2026-09-10T22,170.292
2026-09-10T23,167.422
2026-09-11T00,147.522
2026-09-11T01,146.439
2026-09-11T02,144.414
2026-09-11T03,135.773
2026-09-11T04,137.857
2026-09-11T05,138.967
2026-09-11T06,141.754
2026-09-11T07,144.033
2026-09-11T08,145.65
2026-09-11T09,293.479
2026-09-11T10,736.849
2026-09-11T11,703.622
2026-09-11T12,705.739
2026-09-11T13,696.141
2026-09-11T14,701.925
2026-09-11T15,711.585
2026-09-11T16,739.114
2026-09-11T17,659.321
2026-09-11T18,627.131
2026-09-11T19,633.696
2026-09-11T20,626.954
2026-09-11T21,444.726
2026-09-11T22,246.714
2026-09-11T23,187.53
2026-09-12T00,115.607
2026-09-12T01,29.992
2026-09-12T02,20.954
2026-09-12T03,20.915
2026-09-12T04,21.425
2026-09-12T05,16.121
2026-09-12T06,15.058
2026-09-12T07,14.836
2026-09-12T08,15.329
2026-09-12T09,305.687
2026-09-12T10,723.693
2026-09-12T11,667.927
2026-09-12T12,628.553
2026-09-12T13,616.384
2026-09-12T14,616.252
2026-09-12T15,618.568
2026-09-12T16,658.233
2026-09-12T17,700.532
2026-09-12T18,704.388
2026-09-12T19,699.137
2026-09-12T20,680.869
2026-09-12T21,469.656
2026-09-12T22,235.669
2026-09-12T23,155.517
2026-09-13T00,110.657
2026-09-13T01,110.529
2026-09-13T02,113.005
2026-09-13T03,112.947
2026-09-13T04,112.963
2026-09-13T05,112.775
2026-09-13T06,113.29
2026-09-13T07,113.593
2026-09-13T08,113.249
2026-09-13T09,143.141
2026-09-13T10,229.717
2026-09-13T11,454.282
2026-09-13T12,502.408
2026-09-13T13,629.242
2026-09-13T14,649.396
2026-09-13T15,741.467
2026-09-13T16,724.449
2026-09-13T17,699.094
2026-09-13T18,687.373
2026-09-13T19,684.946
2026-09-13T20,657.284
2026-09-13T21,419.277
2026-09-13T22,182.413
2026-09-13T23,174.242
2026-09-14T00,146.621
2026-09-14T01,68.055
2026-09-14T02,67.523
2026-09-14T03,68.133
2026-09-14T04,66.981
2026-09-14T05,67.441
2026-09-14T06,67.876
2026-09-14T07,67.292
2026-09-14T08,95.651
2026-09-14T09,335.5
2026-09-14T10,700.307
2026-09-14T11,686.68
2026-09-14T12,673.435
2026-09-14T13,674.113
2026-09-14T14,678.433
2026-09-14T15,675.786
2026-09-14T16,676.212
2026-09-14T17,674.595
2026-09-14T18,668.029
2026-09-14T19,658.08
2026-09-14T20,650.809
2026-09-14T21,489.403
2026-09-14T22,272.291
2026-09-14T23,222.62
2026-09-15T00,182.735
2026-09-15T01,182.552
2026-09-15T02,181.338
2026-09-15T03,182.25
2026-09-15T04,182.746
2026-09-15T05,182.272
2026-09-15T06,182.322
2026-09-15T07,181.774
2026-09-15T08,182.833
2026-09-15T09,267.981
2026-09-15T10,708.962
2026-09-15T11,697.555
2026-09-15T12,720.469
2026-09-15T13,729.56
2026-09-15T14,725.671
2026-09-15T15,732.239
2026-09-15T16,684.004
2026-09-15T17,647.013
2026-09-15T18,630.778
2026-09-15T19,622.902
2026-09-15T20,614.816
2026-09-15T21,416.909
2026-09-15T22,141.697
2026-09-15T23,138.442
2026-09-16T00,125.208
2026-09-16T01,124.83
2026-09-16T02,124.598
2026-09-16T03,100.8
2026-09-16T04,16.991
2026-09-16T05,26.537
2026-09-16T06,14.847
2026-09-16T07,13.66
2026-09-16T08,14.282
2026-09-16T09,183.269
2026-09-16T10,439.648
2026-09-16T11,471.096
2026-09-16T12,562.822
2026-09-16T13,678.818
2026-09-16T14,684.134
2026-09-16T15,688.946
2026-09-16T16,694.086
2026-09-16T17,692.516
2026-09-16T18,688.305
2026-09-16T19,679.113
2026-09-16T20,668.08
2026-09-16T21,435.893
2026-09-16T22,112.185
2026-09-16T23,235.167
2026-09-17T00,134.501
2026-09-17T01,130.36
2026-09-17T02,130.583
2026-09-17T03,116.783
2026-09-17T04,49.418
2026-09-17T05,16.584
2026-09-17T06,15.677
2026-09-17T07,14.397
2026-09-17T08,15.186
2026-09-17T09,358.016
2026-09-17T10,631.539
2026-09-17T11,636.339
2026-09-17T12,655.038
2026-09-17T13,714.015
2026-09-17T14,709.447
2026-09-17T15,713.193
2026-09-17T16,712.719
2026-09-17T17,711.041
2026-09-17T18,700.842
2026-09-17T19,685.389
2026-09-17T20,678.451
2026-09-17T21,434.004
2026-09-17T22,170.292
2026-09-17T23,167.422
2026-09-18T00,147.522
2026-09-18T01,146.439
2026-09-18T02,144.414
2026-09-18T03,135.773
2026-09-18T04,137.857
2026-09-18T05,138.967
2026-09-18T06,141.754
2026-09-18T07,144.033
2026-09-18T08,145.65
2026-09-18T09,293.479
2026-09-18T10,736.849
2026-09-18T11,703.622
2026-09-18T12,705.739
2026-09-18T13,696.141
2026-09-18T14,701.925
2026-09-18T15,711.585
2026-09-18T16,739.114
2026-09-18T17,659.321
2026-09-18T18,627.131
2026-09-18T19,633.696
2026-09-18T20,626.954
2026-09-18T21,444.726
2026-09-18T22,246.714
2026-09-18T23,187.53
2026-09-19T00,115.607
2026-09-19T01,29.992
2026-09-19T02,20.954
2026-09-19T03,20.915
2026-09-19T04,21.425
2026-09-19T05,16.121
2026-09-19T06,15.058
2026-09-19T07,14.836
2026-09-19T08,15.329
2026-09-19T09,305.687
2026-09-19T10,723.693
2026-09-19T11,667.927
2026-09-19T12,628.553
2026-09-19T13,616.384
2026-09-19T14,616.252
2026-09-19T15,618.568
2026-09-19T16,658.233
2026-09-19T17,700.532
2026-09-19T18,704.388
2026-09-19T19,699.137
2026-09-19T20,680.869
2026-09-19T21,469.656
2026-09-19T22,235.669
2026-09-19T23,155.517
2026-09-20T00,110.657
2026-09-20T01,110.529
2026-09-20T02,113.005
2026-09-20T03,112.947
2026-09-20T04,112.963
2026-09-20T05,112.775
2026-09-20T06,113.29
2026-09-20T07,113.593
2026-09-20T08,113.249
2026-09-20T09,143.141
2026-09-20T10,229.717
2026-09-20T11,454.282
2026-09-20T12,502.408
2026-09-20T13,629.242
2026-09-20T14,649.396
2026-09-20T15,741.467
2026-09-20T16,724.449
2026-09-20T17,699.094
2026-09-20T18,687.373
2026-09-20T19,684.946
2026-09-20T20,657.284
2026-09-20T21,419.277
2026-09-20T22,182.413
2026-09-20T23,174.242
2026-09-21T00,146.621
2026-09-21T01,68.055
2026-09-21T02,67.523
2026-09-21T03,68.133
2026-09-21T04,66.981
2026-09-21T05,67.441
2026-09-21T06,67.876
2026-09-21T07,67.292
2026-09-21T08,95.651
2026-09-21T09,335.5
2026-09-21T10,700.307
2026-09-21T11,686.68
2026-09-21T12,673.435
2026-09-21T13,674.113
2026-09-21T14,678.433
2026-09-21T15,675.786
2026-09-21T16,676.212
2026-09-21T17,674.595
2026-09-21T18,668.029
2026-09-21T19,658.08
2026-09-21T20,650.809
2026-09-21T21,489.403
2026-09-21T22,272.291
2026-09-21T23,222.62
2026-09-22T00,182.735
2026-09-22T01,182.552
2026-09-22T02,181.338
2026-09-22T03,182.25
2026-09-22T04,182.746
2026-09-22T05,182.272
2026-09-22T06,182.322
2026-09-22T07,181.774
2026-09-22T08,182.833
2026-09-22T09,267.981
2026-09-22T10,708.962
2026-09-22T11,697.555
2026-09-22T12,720.469
2026-09-22T13,729.56
2026-09-22T14,725.671
2026-09-22T15,732.239
2026-09-22T16,684.004
2026-09-22T17,647.013
2026-09-22T18,630.778
2026-09-22T19,622.902
2026-09-22T20,614.816
2026-09-22T21,416.909
2026-09-22T22,141.697
2026-09-22T23,138.442
2026-09-23T00,125.208
2026-09-23T01,124.83
2026-09-23T02,124.598
2026-09-23T03,100.8
2026-09-23T04,16.991
2026-09-23T05,26.537
2026-09-23T06,14.847
2026-09-23T07,13.66
2026-09-23T08,14.282
2026-09-23T09,183.269
2026-09-23T10,439.648
2026-09-23T11,471.096
2026-09-23T12,562.822
2026-09-23T13,678.818
2026-09-23T14,684.134
2026-09-23T15,688.946
2026-09-23T16,694.086
2026-09-23T17,692.516
2026-09-23T18,688.305
2026-09-23T19,679.113
2026-09-23T20,668.08
2026-09-23T21,435.893
2026-09-23T22,112.185
2026-09-23T23,235.167
2026-09-24T00,134.501
2026-09-24T01,130.36
2026-09-24T02,130.583
2026-09-24T03,116.783
2026-09-24T04,49.418
2026-09-24T05,16.584
2026-09-24T06,15.677
2026-09-24T07,14.397
2026-09-24T08,15.186
2026-09-24T09,358.016
2026-09-24T10,631.539
2026-09-24T11,636.339
2026-09-24T12,655.038
2026-09-24T13,714.015
2026-09-24T14,709.447
2026-09-24T15,713.193
2026-09-24T16,712.719
2026-09-24T17,711.041
2026-09-24T18,700.842
2026-09-24T19,685.389
2026-09-24T20,678.451
2026-09-24T21,434.004
2026-09-24T22,170.292
2026-09-24T23,167.422
2026-09-25T00,147.522
2026-09-25T01,146.439
2026-09-25T02,144.414
2026-09-25T03,135.773
2026-09-25T04,137.857
2026-09-25T05,138.967
2026-09-25T06,141.754
2026-09-25T07,144.033
2026-09-25T08,145.65
2026-09-25T09,293.479
2026-09-25T10,736.849
2026-09-25T11,703.622
2026-09-25T12,705.739
2026-09-25T13,696.141
2026-09-25T14,701.925
2026-09-25T15,711.585
2026-09-25T16,739.114
2026-09-25T17,659.321
2026-09-25T18,627.131
2026-09-25T19,633.696
2026-09-25T20,626.954
2026-09-25T21,444.726
2026-09-25T22,246.714
2026-09-25T23,187.53
2026-09-26T00,115.607
2026-09-26T01,29.992
2026-09-26T02,20.954
2026-09-26T03,20.915
2026-09-26T04,21.425
2026-09-26T05,16.121
2026-09-26T06,15.058
2026-09-26T07,14.836
2026-09-26T08,15.329
2026-09-26T09,305.687
2026-09-26T10,723.693
2026-09-26T11,667.927
2026-09-26T12,628.553
2026-09-26T13,616.384
2026-09-26T14,616.252
2026-09-26T15,618.568
2026-09-26T16,658.233
2026-09-26T17,700.532
2026-09-26T18,704.388
2026-09-26T19,699.137
2026-09-26T20,680.869
2026-09-26T21,469.656
2026-09-26T22,235.669
2026-09-26T23,155.517
2026-09-27T00,110.657
2026-09-27T01,110.529
2026-09-27T02,113.005
2026-09-27T03,112.947
2026-09-27T04,112.963
2026-09-27T05,112.775
2026-09-27T06,113.29
2026-09-27T07,113.593
2026-09-27T08,113.249
2026-09-27T09,143.141
2026-09-27T10,229.717
2026-09-27T11,454.282
2026-09-27T12,502.408
2026-09-27T13,629.242
2026-09-27T14,649.396
2026-09-27T15,741.467
2026-09-27T16,724.449
2026-09-27T17,699.094
2026-09-27T18,687.373
2026-09-27T19,684.946
2026-09-27T20,657.284
2026-09-27T21,419.277
2026-09-27T22,182.413
2026-09-27T23,174.242
2026-09-28T00,146.621
2026-09-28T01,68.055
2026-09-28T02,67.523
2026-09-28T03,68.133
2026-09-28T04,66.981
2026-09-28T05,67.441
2026-09-28T06,67.876
2026-09-28T07,67.292
2026-09-28T08,95.651
2026-09-28T09,335.5
2026-09-28T10,700.307
2026-09-28T11,686.68
2026-09-28T12,673.435
2026-09-28T13,674.113
2026-09-28T14,678.433
2026-09-28T15,675.786
2026-09-28T16,676.212
2026-09-28T17,674.595
2026-09-28T18,668.029
2026-09-28T19,658.08
2026-09-28T20,650.809
2026-09-28T21,489.403
2026-09-28T22,272.291
2026-09-28T23,222.62
2026-09-29T00,182.735
2026-09-29T01,182.552
2026-09-29T02,181.338
2026-09-29T03,182.25
2026-09-29T04,182.746
2026-09-29T05,182.272
2026-09-29T06,182.322
2026-09-29T07,181.774
2026-09-29T08,182.833
2026-09-29T09,267.981
2026-09-29T10,708.962
2026-09-29T11,697.555
2026-09-29T12,720.469
2026-09-29T13,729.56
2026-09-29T14,725.671
2026-09-29T15,732.239
2026-09-29T16,684.004
2026-09-29T17,647.013
2026-09-29T18,630.778
2026-09-29T19,622.902
2026-09-29T20,614.816
2026-09-29T21,416.909
2026-09-29T22,141.697
2026-09-29T23,138.442
2026-09-30T00,125.208
2026-09-30T01,124.83
2026-09-30T02,124.598
2026-09-30T03,100.8
2026-09-30T04,16.991
2026-09-30T05,26.537
2026-09-30T06,14.847
2026-09-30T07,13.66
2026-09-30T08,14.282
2026-09-30T09,183.269
2026-09-30T10,439.648
2026-09-30T11,471.096
2026-09-30T12,562.822
2026-09-30T13,678.818
2026-09-30T14,684.134
2026-09-30T15,688.946
2026-09-30T16,694.086
2026-09-30T17,692.516
2026-09-30T18,688.305
2026-09-30T19,679.113
2026-09-30T20,668.08
2026-09-30T21,435.893
2026-09-30T22,112.185
2026-09-30T23,235.167
2026-10-01T00,201.344
2026-10-01T01,202.161
2026-10-01T02,194.052
2026-10-01T03,264.161
2026-10-01T04,256.686
2026-10-01T05,218.43
2026-10-01T06,211.337
2026-10-01T07,213.599
2026-10-01T08,214.177
2026-10-01T09,290.313
2026-10-01T10,682.488
2026-10-01T11,657.838
2026-10-01T12,652.787
2026-10-01T13,654.755
2026-10-01T14,662.156
2026-10-01T15,664.319
2026-10-01T16,674.797
2026-10-01T17,666.313
2026-10-01T18,653.467
2026-10-01T19,643.538
2026-10-01T20,632.502
2026-10-01T21,446.092
2026-10-01T22,142.374
2026-10-01T23,198.064
2026-10-02T00,217.779
2026-10-02T01,226.027
2026-10-02T02,300.422
2026-10-02T03,279.285
2026-10-02T04,259.797
2026-10-02T05,216.616
2026-10-02T06,208.122
2026-10-02T07,192.022
2026-10-02T08,159.461
2026-10-02T09,196.996
2026-10-02T10,636.464
2026-10-02T11,654.309
2026-10-02T12,648.977
2026-10-02T13,666.263
2026-10-02T14,676.564
2026-10-02T15,699.316
2026-10-02T16,692.011
2026-10-02T17,683.846
2026-10-02T18,680.469
2026-10-02T19,673.917
2026-10-02T20,661.161
2026-10-02T21,454.911
2026-10-02T22,210.859
2026-10-02T23,209.655
2026-10-03T00,244.937
2026-10-03T01,239.761
2026-10-03T02,235.872
2026-10-03T03,214.839
2026-10-03T04,196.235
2026-10-03T05,154.749
2026-10-03T06,128.965
2026-10-03T07,122.172
2026-10-03T08,72.142
2026-10-03T09,178.554
2026-10-03T10,422.819
2026-10-03T11,609.388
2026-10-03T12,695.24
2026-10-03T13,677.118
2026-10-03T14,632.897
2026-10-03T15,609.286
2026-10-03T16,616.858
2026-10-03T17,601.538
2026-10-03T18,659.371
2026-10-03T19,679.142
2026-10-03T20,674.263
2026-10-03T21,455.841
2026-10-03T22,229.593
2026-10-03T23,234.345
2026-10-04T00,228.942
2026-10-04T01,228.517
2026-10-04T02,220.921
2026-10-04T03,198.977
2026-10-04T04,172.574
2026-10-04T05,115.021
2026-10-04T06,97.729
2026-10-04T07,44.302
2026-10-04T08,28.304
2026-10-04T09,20.51
2026-10-04T10,45.271
2026-10-04T11,384.551
2026-10-04T12,528.133
2026-10-04T13,700.675
2026-10-04T14,703.448
2026-10-04T15,700.242
2026-10-04T16,694.516
2026-10-04T17,687.129
2026-10-04T18,680.195
2026-10-04T19,683.358
2026-10-04T20,571.141
2026-10-04T21,306.435
2026-10-04T22,223.447
2026-10-04T23,220.925
2026-10-05T00,228.931
2026-10-05T01,217.424
2026-10-05T02,141.787
2026-10-05T03,30.497
2026-10-05T04,20.075
2026-10-05T05,20.072
2026-10-05T06,16.903
2026-10-05T07,14.895
2026-10-05T08,16.108
2026-10-05T09,140.172
2026-10-05T10,397.137
2026-10-05T11,552.491
2026-10-05T12,606.316
2026-10-05T13,605.469
2026-10-05T14,619.289
2026-10-05T15,619.726
2026-10-05T16,617.616
2026-10-05T17,608.717
2026-10-05T18,603.239
2026-10-05T19,588.995
2026-10-05T20,577.076
2026-10-05T21,428.167
2026-10-05T22,246.366
2026-10-05T23,238.518
2026-10-06T00,256.955
2026-10-06T01,257.078
2026-10-06T02,253.519
2026-10-06T03,214.479
2026-10-06T04,152.793
2026-10-06T05,70.426
2026-10-06T06,20.737
2026-10-06T07,14.625
2026-10-06T08,14.659
2026-10-06T09,333.702
2026-10-06T10,681.406
2026-10-06T11,662.081
2026-10-06T12,661.435
2026-10-06T13,649.798
2026-10-06T14,651.648
2026-10-06T15,648.222
2026-10-06T16,656.906
2026-10-06T17,653.846
2026-10-06T18,642.773
2026-10-06T19,629.192
2026-10-06T20,619.878
2026-10-06T21,461.21
2026-10-06T22,330.976
2026-10-06T23,332.171
2026-10-07T00,363.777
2026-10-07T01,353.087
2026-10-07T02,347.911
2026-10-07T03,301.395
2026-10-07T04,203.173
2026-10-07T05,177.005
2026-10-07T06,168.47
2026-10-07T07,171.855
2026-10-07T08,126.394
2026-10-07T09,244.365
2026-10-07T10,452.863
2026-10-07T11,483.313
2026-10-07T12,482.193
2026-10-07T13,553.584
2026-10-07T14,583.587
2026-10-07T15,592.091
2026-10-07T16,590.108
2026-10-07T17,570.694
2026-10-07T18,542.642
2026-10-07T19,548.405
2026-10-07T20,538.795
2026-10-07T21,371.324
2026-10-07T22,196.65
2026-10-07T23,197.905
2026-10-08T00,201.344
2026-10-08T01,202.161
2026-10-08T02,194.052
2026-10-08T03,264.161
2026-10-08T04,256.686
2026-10-08T05,218.43
2026-10-08T06,211.337
2026-10-08T07,213.599
2026-10-08T08,214.177
2026-10-08T09,290.313
2026-10-08T10,682.488
2026-10-08T11,657.838
2026-10-08T12,652.787
2026-10-08T13,654.755
2026-10-08T14,662.156
2026-10-08T15,664.319
2026-10-08T16,674.797
2026-10-08T17,666.313
2026-10-08T18,653.467
2026-10-08T19,643.538
2026-10-08T20,632.502
2026-10-08T21,446.092
2026-10-08T22,142.374
2026-10-08T23,198.064
2026-10-09T00,217.779
2026-10-09T01,226.027
2026-10-09T02,300.422
2026-10-09T03,279.285
2026-10-09T04,259.797
2026-10-09T05,216.616
2026-10-09T06,208.122
2026-10-09T07,192.022
2026-10-09T08,159.461
2026-10-09T09,196.996
2026-10-09T10,636.464
2026-10-09T11,654.309
2026-10-09T12,648.977
2026-10-09T13,666.263
2026-10-09T14,676.564
2026-10-09T15,699.316
2026-10-09T16,692.011
2026-10-09T17,683.846
2026-10-09T18,680.469
2026-10-09T19,673.917
2026-10-09T20,661.161
2026-10-09T21,454.911
2026-10-09T22,210.859
2026-10-09T23,209.655
2026-10-10T00,244.937
2026-10-10T01,239.761
2026-10-10T02,235.872
2026-10-10T03,214.839
2026-10-10T04,196.235
2026-10-10T05,154.749
2026-10-10T06,128.965
2026-10-10T07,122.172
2026-10-10T08,72.142
2026-10-10T09,178.554
2026-10-10T10,422.819
2026-10-10T11,609.388
2026-10-10T12,695.24
2026-10-10T13,677.118
2026-10-10T14,632.897
2026-10-10T15,609.286
2026-10-10T16,616.858
2026-10-10T17,601.538
2026-10-10T18,659.371
2026-10-10T19,679.142
2026-10-10T20,674.263
2026-10-10T21,455.841
2026-10-10T22,229.593
2026-10-10T23,234.345
2026-10-11T00,228.942
2026-10-11T01,228.517
2026-10-11T02,220.921
2026-10-11T03,198.977
2026-10-11T04,172.574
2026-10-11T05,115.021
2026-10-11T06,97.729
2026-10-11T07,44.302
2026-10-11T08,28.304
2026-10-11T09,20.51
2026-10-11T10,45.271
2026-10-11T11,384.551
2026-10-11T12,528.133
2026-10-11T13,700.675
2026-10-11T14,703.448
2026-10-11T15,700.242
2026-10-11T16,694.516
2026-10-11T17,687.129
2026-10-11T18,680.195
2026-10-11T19,683.358
2026-10-11T20,571.141
2026-10-11T21,306.435
2026-10-11T22,223.447
2026-10-11T23,220.925
2026-10-12T00,228.931
2026-10-12T01,217.424
2026-10-12T02,141.787
2026-10-12T03,30.497
2026-10-12T04,20.075
2026-10-12T05,20.072
2026-10-12T06,16.903
2026-10-12T07,14.895
2026-10-12T08,16.108
2026-10-12T09,140.172
2026-10-12T10,397.137
2026-10-12T11,552.491
2026-10-12T12,606.316
2026-10-12T13,605.469
2026-10-12T14,619.289
2026-10-12T15,619.726
2026-10-12T16,617.616
2026-10-12T17,608.717
2026-10-12T18,603.239
2026-10-12T19,588.995
2026-10-12T20,577.076
2026-10-12T21,428.167
2026-10-12T22,246.366
2026-10-12T23,238.518
2026-10-13T00,256.955
2026-10-13T01,257.078
2026-10-13T02,253.519
2026-10-13T03,214.479
2026-10-13T04,152.793
2026-10-13T05,70.426
2026-10-13T06,20.737
2026-10-13T07,14.625
2026-10-13T08,14.659
2026-10-13T09,333.702
2026-10-13T10,681.406
2026-10-13T11,662.081
2026-10-13T12,661.435
2026-10-13T13,649.798
2026-10-13T14,651.648
2026-10-13T15,648.222
2026-10-13T16,656.906
2026-10-13T17,653.846
2026-10-13T18,642.773
2026-10-13T19,629.192
2026-10-13T20,619.878
2026-10-13T21,461.21
2026-10-13T22,330.976
2026-10-13T23,332.171
2026-10-14T00,363.777
2026-10-14T01,353.087
2026-10-14T02,347.911
2026-10-14T03,301.395
2026-10-14T04,203.173
2026-10-14T05,177.005
2026-10-14T06,168.47
2026-10-14T07,171.855
2026-10-14T08,126.394
2026-10-14T09,244.365
2026-10-14T10,452.863
2026-10-14T11,483.313
2026-10-14T12,482.193
2026-10-14T13,553.584
2026-10-14T14,583.587
2026-10-14T15,592.091
2026-10-14T16,590.108
2026-10-14T17,570.694
2026-10-14T18,542.642
2026-10-14T19,548.405
2026-10-14T20,538.795
2026-10-14T21,371.324
2026-10-14T22,196.65
2026-10-14T23,197.905
2026-10-15T00,201.344
2026-10-15T01,202.161
2026-10-15T02,194.052
2026-10-15T03,264.161
2026-10-15T04,256.686
2026-10-15T05,218.43
2026-10-15T06,211.337
2026-10-15T07,213.599
2026-10-15T08,214.177
2026-10-15T09,290.313
2026-10-15T10,682.488
2026-10-15T11,657.838
2026-10-15T12,652.787
2026-10-15T13,654.755
2026-10-15T14,662.156
2026-10-15T15,664.319
2026-10-15T16,674.797
2026-10-15T17,666.313
2026-10-15T18,653.467
2026-10-15T19,643.538
2026-10-15T20,632.502
2026-10-15T21,446.092
2026-10-15T22,142.374
2026-10-15T23,198.064
2026-10-16T00,217.779
2026-10-16T01,226.027
2026-10-16T02,300.422
2026-10-16T03,279.285
2026-10-16T04,259.797
2026-10-16T05,216.616
2026-10-16T06,208.122
2026-10-16T07,192.022
2026-10-16T08,159.461
2026-10-16T09,196.996
2026-10-16T10,636.464
2026-10-16T11,654.309
2026-10-16T12,648.977
2026-10-16T13,666.263
2026-10-16T14,676.564
2026-10-16T15,699.316
2026-10-16T16,692.011
2026-10-16T17,683.846
2026-10-16T18,680.469
2026-10-16T19,673.917
2026-10-16T20,661.161
2026-10-16T21,454.911
2026-10-16T22,210.859
2026-10-16T23,209.655
2026-10-17T00,244.937
2026-10-17T01,239.761
2026-10-17T02,235.872
2026-10-17T03,214.839
2026-10-17T04,196.235
2026-10-17T05,154.749
2026-10-17T06,128.965
2026-10-17T07,122.172
2026-10-17T08,72.142
2026-10-17T09,178.554
2026-10-17T10,422.819
2026-10-17T11,609.388
2026-10-17T12,695.24
2026-10-17T13,677.118
2026-10-17T14,632.897
2026-10-17T15,609.286
2026-10-17T16,616.858
2026-10-17T17,601.538
2026-10-17T18,659.371
2026-10-17T19,679.142
2026-10-17T20,674.263
2026-10-17T21,455.841
2026-10-17T22,229.593
2026-10-17T23,234.345
2026-10-18T00,228.942
2026-10-18T01,228.517
2026-10-18T02,220.921
2026-10-18T03,198.977
2026-10-18T04,172.574
2026-10-18T05,115.021
2026-10-18T06,97.729
2026-10-18T07,44.302
2026-10-18T08,28.304
2026-10-18T09,20.51
2026-10-18T10,45.271
2026-10-18T11,384.551
2026-10-18T12,528.133
2026-10-18T13,700.675
2026-10-18T14,703.448
2026-10-18T15,700.242
2026-10-18T16,694.516
2026-10-18T17,687.129
2026-10-18T18,680.195
2026-10-18T19,683.358
2026-10-18T20,571.141
2026-10-18T21,306.435
2026-10-18T22,223.447
2026-10-18T23,220.925
2026-10-19T00,228.931
2026-10-19T01,217.424
2026-10-19T02,141.787
2026-10-19T03,30.497
2026-10-19T04,20.075
2026-10-19T05,20.072
2026-10-19T06,16.903
2026-10-19T07,14.895
2026-10-19T08,16.108
2026-10-19T09,140.172
2026-10-19T10,397.137
2026-10-19T11,552.491
2026-10-19T12,606.316
2026-10-19T13,605.469
2026-10-19T14,619.289
2026-10-19T15,619.726
2026-10-19T16,617.616
2026-10-19T17,608.717
2026-10-19T18,603.239
2026-10-19T19,588.995
2026-10-19T20,577.076
2026-10-19T21,428.167
2026-10-19T22,246.366
2026-10-19T23,238.518
2026-10-20T00,256.955
2026-10-20T01,257.078
2026-10-20T02,253.519
2026-10-20T03,214.479
2026-10-20T04,152.793
2026-10-20T05,70.426
2026-10-20T06,20.737
2026-10-20T07,14.625
2026-10-20T08,14.659
2026-10-20T09,333.702
2026-10-20T10,681.406
2026-10-20T11,662.081
2026-10-20T12,661.435
2026-10-20T13,649.798
2026-10-20T14,651.648
2026-10-20T15,648.222
2026-10-20T16,656.906
2026-10-20T17,653.846
2026-10-20T18,642.773
2026-10-20T19,629.192
2026-10-20T20,619.878
2026-10-20T21,461.21
2026-10-20T22,330.976
2026-10-20T23,332.171
2026-10-21T00,363.777
2026-10-21T01,353.087
2026-10-21T02,347.911
2026-10-21T03,301.395
2026-10-21T04,203.173
2026-10-21T05,177.005
2026-10-21T06,168.47
2026-10-21T07,171.855
2026-10-21T08,126.394
2026-10-21T09,244.365
2026-10-21T10,452.863
2026-10-21T11,483.313
2026-10-21T12,482.193
2026-10-21T13,553.584
2026-10-21T14,583.587
2026-10-21T15,592.091
2026-10-21T16,590.108
2026-10-21T17,570.694
2026-10-21T18,542.642
2026-10-21T19,548.405
2026-10-21T20,538.795
2026-10-21T21,371.324
2026-10-21T22,196.65
2026-10-21T23,197.905
2026-10-22T00,201.344
2026-10-22T01,202.161
2026-10-22T02,194.052
2026-10-22T03,264.161
2026-10-22T04,256.686
2026-10-22T05,218.43
2026-10-22T06,211.337
2026-10-22T07,213.599
2026-10-22T08,214.177
2026-10-22T09,290.313
2026-10-22T10,682.488
2026-10-22T11,657.838
2026-10-22T12,652.787
2026-10-22T13,654.755
2026-10-22T14,662.156
2026-10-22T15,664.319
2026-10-22T16,674.797
2026-10-22T17,666.313
2026-10-22T18,653.467
2026-10-22T19,643.538
2026-10-22T20,632.502
2026-10-22T21,446.092
2026-10-22T22,142.374
2026-10-22T23,198.064
2026-10-23T00,217.779
2026-10-23T01,226.027
2026-10-23T02,300.422
2026-10-23T03,279.285
2026-10-23T04,259.797
2026-10-23T05,216.616
2026-10-23T06,208.122
2026-10-23T07,192.022
2026-10-23T08,159.461
2026-10-23T09,196.996
2026-10-23T10,636.464
2026-10-23T11,654.309
2026-10-23T12,648.977
2026-10-23T13,666.263
2026-10-23T14,676.564
2026-10-23T15,699.316
2026-10-23T16,692.011
2026-10-23T17,683.846
2026-10-23T18,680.469
2026-10-23T19,673.917
2026-10-23T20,661.161
2026-10-23T21,454.911
2026-10-23T22,210.859
2026-10-23T23,209.655
2026-10-24T00,244.937
2026-10-24T01,239.761
2026-10-24T02,235.872
2026-10-24T03,214.839
2026-10-24T04,196.235
2026-10-24T05,154.749
2026-10-24T06,128.965
2026-10-24T07,122.172
2026-10-24T08,72.142
2026-10-24T09,178.554
2026-10-24T10,422.819
2026-10-24T11,609.388
2026-10-24T12,695.24
2026-10-24T13,677.118
2026-10-24T14,632.897
2026-10-24T15,609.286
2026-10-24T16,616.858
2026-10-24T17,601.538
2026-10-24T18,659.371
2026-10-24T19,679.142
2026-10-24T20,674.263
2026-10-24T21,455.841
2026-10-24T22,229.593
2026-10-24T23,234.345
2026-10-25T00,228.942
2026-10-25T01,228.517
2026-10-25T02,220.921
2026-10-25T03,198.977
2026-10-25T04,172.574
2026-10-25T05,115.021
2026-10-25T06,97.729
2026-10-25T07,44.302
2026-10-25T08,28.304
2026-10-25T09,20.51
2026-10-25T10,45.271
2026-10-25T11,384.551
2026-10-25T12,528.133
2026-10-25T13,700.675
2026-10-25T14,703.448
2026-10-25T15,700.242
2026-10-25T16,694.516
2026-10-25T17,687.129
2026-10-25T18,680.195
2026-10-25T19,683.358
2026-10-25T20,571.141
2026-10-25T21,306.435
2026-10-25T22,223.447
2026-10-25T23,220.925
2026-10-26T00,228.931
2026-10-26T01,217.424
2026-10-26T02,141.787
2026-10-26T03,30.497
2026-10-26T04,20.075
2026-10-26T05,20.072
2026-10-26T06,16.903
2026-10-26T07,14.895
2026-10-26T08,16.108
2026-10-26T09,140.172
2026-10-26T10,397.137
2026-10-26T11,552.491
2026-10-26T12,606.316
2026-10-26T13,605.469
2026-10-26T14,619.289
2026-10-26T15,619.726
2026-10-26T16,617.616
2026-10-26T17,608.717
2026-10-26T18,603.239
2026-10-26T19,588.995
2026-10-26T20,577.076
2026-10-26T21,428.167
2026-10-26T22,246.366
2026-10-26T23,238.518
2026-10-27T00,256.955
2026-10-27T01,257.078
2026-10-27T02,253.519
2026-10-27T03,214.479
2026-10-27T04,152.793
2026-10-27T05,70.426
2026-10-27T06,20.737
2026-10-27T07,14.625
2026-10-27T08,14.659
2026-10-27T09,333.702
2026-10-27T10,681.406
2026-10-27T11,662.081
2026-10-27T12,661.435
2026-10-27T13,649.798
2026-10-27T14,651.648
2026-10-27T15,648.222
2026-10-27T16,656.906
2026-10-27T17,653.846
2026-10-27T18,642.773
2026-10-27T19,629.192
2026-10-27T20,619.878
2026-10-27T21,461.21
2026-10-27T22,330.976
2026-10-27T23,332.171
2026-10-28T00,363.777
2026-10-28T01,353.087
2026-10-28T02,347.911
2026-10-28T03,301.395
2026-10-28T04,203.173
2026-10-28T05,177.005
2026-10-28T06,168.47
2026-10-28T07,171.855
2026-10-28T08,126.394
2026-10-28T09,244.365
2026-10-28T10,452.863
2026-10-28T11,483.313
2026-10-28T12,482.193
2026-10-28T13,553.584
2026-10-28T14,583.587
2026-10-28T15,592.091
2026-10-28T16,590.108
2026-10-28T17,570.694
2026-10-28T18,542.642
2026-10-28T19,548.405
2026-10-28T20,538.795
2026-10-28T21,371.324
2026-10-28T22,196.65
2026-10-28T23,197.905
2026-10-29T00,201.344
2026-10-29T01,202.161
2026-10-29T02,194.052
2026-10-29T03,264.161
2026-10-29T04,256.686
2026-10-29T05,218.43
2026-10-29T06,211.337
2026-10-29T07,213.599
2026-10-29T08,214.177
2026-10-29T09,290.313
2026-10-29T10,682.488
2026-10-29T11,657.838
2026-10-29T12,652.787
2026-10-29T13,654.755
2026-10-29T14,662.156
2026-10-29T15,664.319
2026-10-29T16,674.797
2026-10-29T17,666.313
2026-10-29T18,653.467
2026-10-29T19,643.538
2026-10-29T20,632.502
2026-10-29T21,446.092
2026-10-29T22,142.374
2026-10-29T23,198.064
2026-10-30T00,217.779
2026-10-30T01,226.027
2026-10-30T02,300.422
2026-10-30T03,279.285
2026-10-30T04,259.797
2026-10-30T05,216.616
2026-10-30T06,208.122
2026-10-30T07,192.022
2026-10-30T08,159.461
2026-10-30T09,196.996
2026-10-30T10,636.464
2026-10-30T11,654.309
2026-10-30T12,648.977
2026-10-30T13,666.263
2026-10-30T14,676.564
2026-10-30T15,699.316
2026-10-30T16,692.011
2026-10-30T17,683.846
2026-10-30T18,680.469
2026-10-30T19,673.917
2026-10-30T20,661.161
2026-10-30T21,454.911
2026-10-30T22,210.859
2026-10-30T23,209.655
2026-10-31T00,244.937
2026-10-31T01,239.761
2026-10-31T02,235.872
2026-10-31T03,214.839
2026-10-31T04,196.235
2026-10-31T05,154.749
2026-10-31T06,128.965
2026-10-31T07,122.172
2026-10-31T08,72.142
2026-10-31T09,178.554
2026-10-31T10,422.819
2026-10-31T11,609.388
2026-10-31T12,695.24
2026-10-31T13,677.118
2026-10-31T14,632.897
2026-10-31T15,609.286
2026-10-31T16,616.858
2026-10-31T17,601.538
2026-10-31T18,659.371
2026-10-31T19,679.142
2026-10-31T20,674.263
2026-10-31T21,455.841
2026-10-31T22,229.593
2026-10-31T23,234.345
2026-11-01T00,321.14
2026-11-01T01,319.922
2026-11-01T02,308.068
2026-11-01T03,134.927
2026-11-01T04,41.768
2026-11-01T05,15.24
2026-11-01T06,15.808
2026-11-01T07,15.923
2026-11-01T08,16.097
2026-11-01T09,18.731
2026-11-01T10,25.102
2026-11-01T11,516.794
2026-11-01T12,566.761
2026-11-01T13,640.04
2026-11-01T14,626.942
2026-11-01T15,651.939
2026-11-01T16,649.925
2026-11-01T17,725.102
2026-11-01T18,718.684
2026-11-01T19,708.378
2026-11-01T20,698.872
2026-11-01T21,506.405
2026-11-01T22,325.434
2026-11-01T23,322.185
2026-11-02T00,289.478
2026-11-02T01,282.074
2026-11-02T02,222.752
2026-11-02T03,69.074
2026-11-02T04,16.966
2026-11-02T05,16.691
2026-11-02T06,16.918
2026-11-02T07,16.98
2026-11-02T08,15.548
2026-11-02T09,325.55
2026-11-02T10,732.642
2026-11-02T11,707.92
2026-11-02T12,699.75
2026-11-02T13,694.028
2026-11-02T14,712.089
2026-11-02T15,710.067
2026-11-02T16,703.789
2026-11-02T17,698.562
2026-11-02T18,688.207
2026-11-02T19,682.055
2026-11-02T20,678.185
2026-11-02T21,483.171
2026-11-02T22,453.526
2026-11-02T23,462.8
2026-11-03T00,447.932
2026-11-03T01,446.25
2026-11-03T02,444.227
2026-11-03T03,414.402
2026-11-03T04,341.692
2026-11-03T05,163.108
2026-11-03T06,130.995
2026-11-03T07,169.799
2026-11-03T08,187.515
2026-11-03T09,352.452
2026-11-03T10,726.331
2026-11-03T11,652.442
2026-11-03T12,720.457
2026-11-03T13,743.035
2026-11-03T14,735.183
2026-11-03T15,713.131
2026-11-03T16,729.281
2026-11-03T17,710.125
2026-11-03T18,611.453
2026-11-03T19,485.858
2026-11-03T20,665.515
2026-11-03T21,526.863
2026-11-03T22,308.013
2026-11-03T23,290.261
2026-11-04T00,285.604
2026-11-04T01,283.573
2026-11-04T02,277.452
2026-11-04T03,243.733
2026-11-04T04,193.835
2026-11-04T05,151.172
2026-11-04T06,124.715
2026-11-04T07,84.064
2026-11-04T08,81.454
2026-11-04T09,286.221
2026-11-04T10,725.098
2026-11-04T11,727.783
2026-11-04T12,726.361
2026-11-04T13,681.1
2026-11-04T14,734.849
2026-11-04T15,730.342
2026-11-04T16,714.259
2026-11-04T17,704.42
2026-11-04T18,693.93
2026-11-04T19,682.887
2026-11-04T20,675.941
2026-11-04T21,507.709
2026-11-04T22,433.156
2026-11-04T23,438.117
2026-11-05T00,424.084
2026-11-05T01,422.505
2026-11-05T02,419.59
2026-11-05T03,344.155
2026-11-05T04,250.989
2026-11-05T05,172.39
2026-11-05T06,134.911
2026-11-05T07,134.652
2026-11-05T08,133.41
2026-11-05T09,323.939
2026-11-05T10,692.023
2026-11-05T11,684.01
2026-11-05T12,681.088
2026-11-05T13,682.284
2026-11-05T14,688.314
2026-11-05T15,689.904
2026-11-05T16,680.134
2026-11-05T17,669.979
2026-11-05T18,662.315
2026-11-05T19,609.69
2026-11-05T20,639.692
2026-11-05T21,504.996
2026-11-05T22,403.145
2026-11-05T23,404.971
2026-11-06T00,410.943
2026-11-06T01,412.965
2026-11-06T02,406.265
2026-11-06T03,309.392
2026-11-06T04,177.283
2026-11-06T05,126.464
2026-11-06T06,127.062
2026-11-06T07,126.971
2026-11-06T08,87.363
2026-11-06T09,321.281
2026-11-06T10,701.333
2026-11-06T11,701.823
2026-11-06T12,688.032
2026-11-06T13,685.701
2026-11-06T14,690.172
2026-11-06T15,694.42
2026-11-06T16,701.128
2026-11-06T17,704.097
2026-11-06T18,693.208
2026-11-06T19,680.563
2026-11-06T20,671.766
2026-11-06T21,536.496
2026-11-06T22,392.633
2026-11-06T23,358.284
2026-11-07T00,340.025
2026-11-07T01,333.169
2026-11-07T02,307.287
2026-11-07T03,204.198
2026-11-07T04,61.083
2026-11-07T05,15.11
2026-11-07T06,15.473
2026-11-07T07,15.52
2026-11-07T08,27.997
2026-11-07T09,361.802
2026-11-07T10,708.353
2026-11-07T11,705.391
2026-11-07T12,701.406
2026-11-07T13,703.166
2026-11-07T14,713.665
2026-11-07T15,713.964
2026-11-07T16,715.222
2026-11-07T17,700.487
2026-11-07T18,689.633
2026-11-07T19,684.408
2026-11-07T20,676.55
2026-11-07T21,499.927
2026-11-07T22,330.581
2026-11-07T23,326.3
2026-11-08T00,321.14
2026-11-08T01,319.922
2026-11-08T02,308.068
2026-11-08T03,134.927
2026-11-08T04,41.768
2026-11-08T05,15.24
2026-11-08T06,15.808
2026-11-08T07,15.923
2026-11-08T08,16.097
2026-11-08T09,18.731
2026-11-08T10,25.102
2026-11-08T11,516.794
2026-11-08T12,566.761
2026-11-08T13,640.04
2026-11-08T14,626.942
2026-11-08T15,651.939
2026-11-08T16,649.925
2026-11-08T17,725.102
2026-11-08T18,718.684
2026-11-08T19,708.378
2026-11-08T20,698.872
2026-11-08T21,506.405
2026-11-08T22,325.434
2026-11-08T23,322.185
2026-11-09T00,289.478
2026-11-09T01,282.074
2026-11-09T02,222.752
2026-11-09T03,69.074
2026-11-09T04,16.966
2026-11-09T05,16.691
2026-11-09T06,16.918
2026-11-09T07,16.98
2026-11-09T08,15.548
2026-11-09T09,325.55
2026-11-09T10,732.642
2026-11-09T11,707.92
2026-11-09T12,699.75
2026-11-09T13,694.028
2026-11-09T14,712.089
2026-11-09T15,710.067
2026-11-09T16,703.789
2026-11-09T17,698.562
2026-11-09T18,688.207
2026-11-09T19,682.055
2026-11-09T20,678.185
2026-11-09T21,483.171
2026-11-09T22,453.526
2026-11-09T23,462.8
2026-11-10T00,447.932
2026-11-10T01,446.25
2026-11-10T02,444.227
2026-11-10T03,414.402
2026-11-10T04,341.692
2026-11-10T05,163.108
2026-11-10T06,130.995
2026-11-10T07,169.799
2026-11-10T08,187.515
2026-11-10T09,352.452
2026-11-10T10,726.331
2026-11-10T11,652.442
2026-11-10T12,720.457
2026-11-10T13,743.035
2026-11-10T14,735.183
2026-11-10T15,713.131
2026-11-10T16,729.281
2026-11-10T17,710.125
2026-11-10T18,611.453
2026-11-10T19,485.858
2026-11-10T20,665.515
2026-11-10T21,526.863
2026-11-10T22,308.013
2026-11-10T23,290.261
2026-11-11T00,285.604
2026-11-11T01,283.573
2026-11-11T02,277.452
2026-11-11T03,243.733
2026-11-11T04,193.835
2026-11-11T05,151.172
2026-11-11T06,124.715
2026-11-11T07,84.064
2026-11-11T08,81.454
2026-11-11T09,286.221
2026-11-11T10,725.098
2026-11-11T11,727.783
2026-11-11T12,726.361
2026-11-11T13,681.1
2026-11-11T14,734.849
2026-11-11T15,730.342
2026-11-11T16,714.259
2026-11-11T17,704.42
2026-11-11T18,693.93
2026-11-11T19,682.887
2026-11-11T20,675.941
2026-11-11T21,507.709
2026-11-11T22,433.156
2026-11-11T23,438.117
2026-11-12T00,424.084
2026-11-12T01,422.505
2026-11-12T02,419.59
2026-11-12T03,344.155
2026-11-12T04,250.989
2026-11-12T05,172.39
2026-11-12T06,134.911
2026-11-12T07,134.652
2026-11-12T08,133.41
2026-11-12T09,323.939
2026-11-12T10,692.023
2026-11-12T11,684.01
2026-11-12T12,681.088
2026-11-12T13,682.284
2026-11-12T14,688.314
2026-11-12T15,689.904
2026-11-12T16,680.134
2026-11-12T17,669.979
2026-11-12T18,662.315
2026-11-12T19,609.69
2026-11-12T20,639.692
2026-11-12T21,504.996
2026-11-12T22,403.145
2026-11-12T23,404.971
2026-11-13T00,410.943
2026-11-13T01,412.965
2026-11-13T02,406.265
2026-11-13T03,309.392
2026-11-13T04,177.283
2026-11-13T05,126.464
2026-11-13T06,127.062
2026-11-13T07,126.971
2026-11-13T08,87.363
2026-11-13T09,321.281
2026-11-13T10,701.333
2026-11-13T11,701.823
2026-11-13T12,688.032
2026-11-13T13,685.701
2026-11-13T14,690.172
2026-11-13T15,694.42
2026-11-13T16,701.128
2026-11-13T17,704.097
2026-11-13T18,693.208
2026-11-13T19,680.563
2026-11-13T20,671.766
2026-11-13T21,536.496
2026-11-13T22,392.633
2026-11-13T23,358.284
2026-11-14T00,340.025
2026-11-14T01,333.169
2026-11-14T02,307.287
2026-11-14T03,204.198
2026-11-14T04,61.083
2026-11-14T05,15.11
2026-11-14T06,15.473
2026-11-14T07,15.52
2026-11-14T08,27.997
2026-11-14T09,361.802
2026-11-14T10,708.353
2026-11-14T11,705.391
2026-11-14T12,701.406
2026-11-14T13,703.166
2026-11-14T14,713.665
2026-11-14T15,713.964
2026-11-14T16,715.222
2026-11-14T17,700.487
2026-11-14T18,689.633
2026-11-14T19,684.408
2026-11-14T20,676.55
2026-11-14T21,499.927
2026-11-14T22,330.581
2026-11-14T23,326.3
2026-11-15T00,321.14
2026-11-15T01,319.922
2026-11-15T02,308.068
2026-11-15T03,134.927
2026-11-15T04,41.768
2026-11-15T05,15.24
2026-11-15T06,15.808
2026-11-15T07,15.923
2026-11-15T08,16.097
2026-11-15T09,18.731
2026-11-15T10,25.102
2026-11-15T11,516.794
2026-11-15T12,566.761
2026-11-15T13,640.04
2026-11-15T14,626.942
2026-11-15T15,651.939
2026-11-15T16,649.925
2026-11-15T17,725.102
2026-11-15T18,718.684
2026-11-15T19,708.378
2026-11-15T20,698.872
2026-11-15T21,506.405
2026-11-15T22,325.434
2026-11-15T23,322.185
2026-11-16T00,289.478
2026-11-16T01,282.074
2026-11-16T02,222.752
2026-11-16T03,69.074
2026-11-16T04,16.966
2026-11-16T05,16.691
2026-11-16T06,16.918
2026-11-16T07,16.98
2026-11-16T08,15.548
2026-11-16T09,325.55
2026-11-16T10,732.642
2026-11-16T11,707.92
2026-11-16T12,699.75
2026-11-16T13,694.028
2026-11-16T14,712.089
2026-11-16T15,710.067
2026-11-16T16,703.789
2026-11-16T17,698.562
2026-11-16T18,688.207
2026-11-16T19,682.055
2026-11-16T20,678.185
2026-11-16T21,483.171
2026-11-16T22,453.526
2026-11-16T23,462.8
2026-11-17T00,447.932
2026-11-17T01,446.25
2026-11-17T02,444.227
2026-11-17T03,414.402
2026-11-17T04,341.692
2026-11-17T05,163.108
2026-11-17T06,130.995
2026-11-17T07,169.799
2026-11-17T08,187.515
2026-11-17T09,352.452
2026-11-17T10,726.331
2026-11-17T11,652.442
2026-11-17T12,720.457
2026-11-17T13,743.035
2026-11-17T14,735.183
2026-11-17T15,713.131
2026-11-17T16,729.281
2026-11-17T17,710.125
2026-11-17T18,611.453
2026-11-17T19,485.858
2026-11-17T20,665.515
2026-11-17T21,526.863
2026-11-17T22,308.013
2026-11-17T23,290.261
2026-11-18T00,285.604
2026-11-18T01,283.573
2026-11-18T02,277.452
2026-11-18T03,243.733
2026-11-18T04,193.835
2026-11-18T05,151.172
2026-11-18T06,124.715
2026-11-18T07,84.064
2026-11-18T08,81.454
2026-11-18T09,286.221
2026-11-18T10,725.098
2026-11-18T11,727.783
2026-11-18T12,726.361
2026-11-18T13,681.1
2026-11-18T14,734.849
2026-11-18T15,730.342
2026-11-18T16,714.259
2026-11-18T17,704.42
2026-11-18T18,693.93
2026-11-18T19,682.887
2026-11-18T20,675.941
2026-11-18T21,507.709
2026-11-18T22,433.156
2026-11-18T23,438.117
2026-11-19T00,424.084
2026-11-19T01,422.505
2026-11-19T02,419.59
2026-11-19T03,344.155
2026-11-19T04,250.989
2026-11-19T05,172.39
2026-11-19T06,134.911
2026-11-19T07,134.652
2026-11-19T08,133.41
2026-11-19T09,323.939
2026-11-19T10,692.023
2026-11-19T11,684.01
2026-11-19T12,681.088
2026-11-19T13,682.284
2026-11-19T14,688.314
2026-11-19T15,689.904
2026-11-19T16,680.134
2026-11-19T17,669.979
2026-11-19T18,662.315
2026-11-19T19,609.69
2026-11-19T20,639.692
2026-11-19T21,504.996
2026-11-19T22,403.145
2026-11-19T23,404.971
2026-11-20T00,410.943
2026-11-20T01,412.965
2026-11-20T02,406.265
2026-11-20T03,309.392
2026-11-20T04,177.283
2026-11-20T05,126.464
2026-11-20T06,127.062
2026-11-20T07,126.971
2026-11-20T08,87.363
2026-11-20T09,321.281
2026-11-20T10,701.333
2026-11-20T11,701.823
2026-11-20T12,688.032
2026-11-20T13,685.701
2026-11-20T14,690.172
2026-11-20T15,694.42
2026-11-20T16,701.128
2026-11-20T17,704.097
2026-11-20T18,693.208
2026-11-20T19,680.563
2026-11-20T20,671.766
2026-11-20T21,536.496
2026-11-20T22,392.633
2026-11-20T23,358.284
2026-11-21T00,340.025
2026-11-21T01,333.169
2026-11-21T02,307.287
2026-11-21T03,204.198
2026-11-21T04,61.083
2026-11-21T05,15.11
2026-11-21T06,15.473
2026-11-21T07,15.52
2026-11-21T08,27.997
2026-11-21T09,361.802
2026-11-21T10,708.353
2026-11-21T11,705.391
2026-11-21T12,701.406
2026-11-21T13,703.166
2026-11-21T14,713.665
2026-11-21T15,713.964
2026-11-21T16,715.222
2026-11-21T17,700.487
2026-11-21T18,689.633
2026-11-21T19,684.408
2026-11-21T20,676.55
2026-11-21T21,499.927
2026-11-21T22,330.581
2026-11-21T23,326.3
2026-11-22T00,321.14
2026-11-22T01,319.922
2026-11-22T02,308.068
2026-11-22T03,134.927
2026-11-22T04,41.768
2026-11-22T05,15.24
2026-11-22T06,15.808
2026-11-22T07,15.923
2026-11-22T08,16.097
2026-11-22T09,18.731
2026-11-22T10,25.102
2026-11-22T11,516.794
2026-11-22T12,566.761
2026-11-22T13,640.04
2026-11-22T14,626.942
2026-11-22T15,651.939
2026-11-22T16,649.925
2026-11-22T17,725.102
2026-11-22T18,718.684
2026-11-22T19,708.378
2026-11-22T20,698.872
2026-11-22T21,506.405
2026-11-22T22,325.434
2026-11-22T23,322.185
2026-11-23T00,289.478
2026-11-23T01,282.074
2026-11-23T02,222.752
2026-11-23T03,69.074
2026-11-23T04,16.966
2026-11-23T05,16.691
2026-11-23T06,16.918
2026-11-23T07,16.98
2026-11-23T08,15.548
2026-11-23T09,325.55
2026-11-23T10,732.642
2026-11-23T11,707.92
2026-11-23T12,699.75
2026-11-23T13,694.028
2026-11-23T14,712.089
2026-11-23T15,710.067
2026-11-23T16,703.789
2026-11-23T17,698.562
2026-11-23T18,688.207
2026-11-23T19,682.055
2026-11-23T20,678.185
2026-11-23T21,483.171
2026-11-23T22,453.526
2026-11-23T23,462.8
2026-11-24T00,447.932
2026-11-24T01,446.25
2026-11-24T02,444.227
2026-11-24T03,414.402
2026-11-24T04,341.692
2026-11-24T05,163.108
2026-11-24T06,130.995
2026-11-24T07,169.799
2026-11-24T08,187.515
2026-11-24T09,352.452
2026-11-24T10,726.331
2026-11-24T11,652.442
2026-11-24T12,720.457
2026-11-24T13,743.035
2026-11-24T14,735.183
2026-11-24T15,713.131
2026-11-24T16,729.281
2026-11-24T17,710.125
2026-11-24T18,611.453
2026-11-24T19,485.858
2026-11-24T20,665.515
2026-11-24T21,526.863
2026-11-24T22,308.013
2026-11-24T23,290.261
2026-11-25T00,285.604
2026-11-25T01,283.573
2026-11-25T02,277.452
2026-11-25T03,243.733
2026-11-25T04,193.835
2026-11-25T05,151.172
2026-11-25T06,124.715
2026-11-25T07,84.064
2026-11-25T08,81.454
2026-11-25T09,286.221
2026-11-25T10,725.098
2026-11-25T11,727.783
2026-11-25T12,726.361
2026-11-25T13,681.1
2026-11-25T14,734.849
2026-11-25T15,730.342
2026-11-25T16,714.259
2026-11-25T17,704.42
2026-11-25T18,693.93
2026-11-25T19,682.887
2026-11-25T20,675.941
2026-11-25T21,507.709
2026-11-25T22,433.156
2026-11-25T23,438.117
2026-11-26T00,424.084
2026-11-26T01,422.505
2026-11-26T02,419.59
2026-11-26T03,344.155
2026-11-26T04,250.989
2026-11-26T05,172.39
2026-11-26T06,134.911
2026-11-26T07,134.652
2026-11-26T08,133.41
2026-11-26T09,323.939
2026-11-26T10,692.023
2026-11-26T11,684.01
2026-11-26T12,681.088
2026-11-26T13,682.284
2026-11-26T14,688.314
2026-11-26T15,689.904
2026-11-26T16,680.134
2026-11-26T17,669.979
2026-11-26T18,662.315
2026-11-26T19,609.69
2026-11-26T20,639.692
2026-11-26T21,504.996
2026-11-26T22,403.145
2026-11-26T23,404.971
2026-11-27T00,410.943
2026-11-27T01,412.965
2026-11-27T02,406.265
2026-11-27T03,309.392
2026-11-27T04,177.283
2026-11-27T05,126.464
2026-11-27T06,127.062
2026-11-27T07,126.971
2026-11-27T08,87.363
2026-11-27T09,321.281
2026-11-27T10,701.333
2026-11-27T11,701.823
2026-11-27T12,688.032
2026-11-27T13,685.701
2026-11-27T14,690.172
2026-11-27T15,694.42
2026-11-27T16,701.128
2026-11-27T17,704.097
2026-11-27T18,693.208
2026-11-27T19,680.563
2026-11-27T20,671.766
2026-11-27T21,536.496
2026-11-27T22,392.633
2026-11-27T23,358.284
2026-11-28T00,340.025
2026-11-28T01,333.169
2026-11-28T02,307.287
2026-11-28T03,204.198
2026-11-28T04,61.083
2026-11-28T05,15.11
2026-11-28T06,15.473
2026-11-28T07,15.52
2026-11-28T08,27.997
2026-11-28T09,361.802
2026-11-28T10,708.353
2026-11-28T11,705.391
2026-11-28T12,701.406
2026-11-28T13,703.166
2026-11-28T14,713.665
2026-11-28T15,713.964
2026-11-28T16,715.222
2026-11-28T17,700.487
2026-11-28T18,689.633
2026-11-28T19,684.408
2026-11-28T20,676.55
2026-11-28T21,499.927
2026-11-28T22,330.581
2026-11-28T23,326.3
2026-11-29T00,321.14
2026-11-29T01,319.922
2026-11-29T02,308.068
2026-11-29T03,134.927
2026-11-29T04,41.768
2026-11-29T05,15.24
2026-11-29T06,15.808
2026-11-29T07,15.923
2026-11-29T08,16.097
2026-11-29T09,18.731
2026-11-29T10,25.102
2026-11-29T11,516.794
2026-11-29T12,566.761
2026-11-29T13,640.04
2026-11-29T14,626.942
2026-11-29T15,651.939
2026-11-29T16,649.925
2026-11-29T17,725.102
2026-11-29T18,718.684
2026-11-29T19,708.378
2026-11-29T20,698.872
2026-11-29T21,506.405
2026-11-29T22,325.434
2026-11-29T23,322.185
2026-11-30T00,289.478
2026-11-30T01,282.074
2026-11-30T02,222.752
2026-11-30T03,69.074
2026-11-30T04,16.966
2026-11-30T05,16.691
2026-11-30T06,16.918
2026-11-30T07,16.98
2026-11-30T08,15.548
2026-11-30T09,325.55
2026-11-30T10,732.642
2026-11-30T11,707.92
2026-11-30T12,699.75
2026-11-30T13,694.028
2026-11-30T14,712.089
2026-11-30T15,710.067
2026-11-30T16,703.789
2026-11-30T17,698.562
2026-11-30T18,688.207
2026-11-30T19,682.055
2026-11-30T20,678.185
2026-11-30T21,483.171
2026-11-30T22,453.526
2026-11-30T23,462.8
2026-12-01T00,346.195
2026-12-01T01,337.582
2026-12-01T02,308.968
2026-12-01T03,215.153
2026-12-01T04,117.78
2026-12-01T05,77.601
2026-12-01T06,77.572
2026-12-01T07,77.514
2026-12-01T08,132.421
2026-12-01T09,371.014
2026-12-01T10,659.363
2026-12-01T11,678.92
2026-12-01T12,670.73
2026-12-01T13,616.373
2026-12-01T14,672.982
2026-12-01T15,687.56
2026-12-01T16,681.52
2026-12-01T17,673.602
2026-12-01T18,664.746
2026-12-01T19,632.558
2026-12-01T20,658.075
2026-12-01T21,557.124
2026-12-01T22,556.759
2026-12-01T23,377.579
2026-12-02T00,312.711
2026-12-02T01,312.618
2026-12-02T02,296.188
2026-12-02T03,245.107
2026-12-02T04,151.286
2026-12-02T05,73.515
2026-12-02T06,64.884
2026-12-02T07,27.577
2026-12-02T08,176.343
2026-12-02T09,450.905
2026-12-02T10,737.973
2026-12-02T11,719.503
2026-12-02T12,710.759
2026-12-02T13,665.314
2026-12-02T14,724.455
2026-12-02T15,715.871
2026-12-02T16,714.698
2026-12-02T17,715.123
2026-12-02T18,662.308
2026-12-02T19,480.658
2026-12-02T20,353.062
2026-12-02T21,299.928
2026-12-02T22,315.14
2026-12-02T23,316.298
2026-12-03T00,393.435
2026-12-03T01,395.014
2026-12-03T02,345.765
2026-12-03T03,195.978
2026-12-03T04,73.935
2026-12-03T05,30.479
2026-12-03T06,16.983
2026-12-03T07,17.193
2026-12-03T08,18.532
2026-12-03T09,151.854
2026-12-03T10,424.492
2026-12-03T11,674.365
2026-12-03T12,674.63
2026-12-03T13,682.241
2026-12-03T14,594.638
2026-12-03T15,575.677
2026-12-03T16,686.897
2026-12-03T17,665.226
2026-12-03T18,644.611
2026-12-03T19,608.905
2026-12-03T20,503.998
2026-12-03T21,369.301
2026-12-03T22,389.678
2026-12-03T23,403.29
2026-12-04T00,438.224
2026-12-04T01,428.036
2026-12-04T02,326.528
2026-12-04T03,169.718
2026-12-04T04,85.297
2026-12-04T05,47.503
2026-12-04T06,23.196
2026-12-04T07,16.347
2026-12-04T08,15.556
2026-12-04T09,321.713
2026-12-04T10,700.484
2026-12-04T11,665.029
2026-12-04T12,670.212
2026-12-04T13,666.545
2026-12-04T14,665.324
2026-12-04T15,667.393
2026-12-04T16,679.332
2026-12-04T17,671.442
2026-12-04T18,595.39
2026-12-04T19,662.609
2026-12-04T20,643.63
2026-12-04T21,570.805
2026-12-04T22,440.968
2026-12-04T23,304.678
2026-12-05T00,278.526
2026-12-05T01,278.353
2026-12-05T02,264.949
2026-12-05T03,162.606
2026-12-05T04,92.354
2026-12-05T05,84.13
2026-12-05T06,51.343
2026-12-05T07,14.55
2026-12-05T08,14.55
2026-12-05T09,308.897
2026-12-05T10,685.986
2026-12-05T11,680.95
2026-12-05T12,686.16
2026-12-05T13,677.047
2026-12-05T14,684.448
2026-12-05T15,681.958
2026-12-05T16,668.027
2026-12-05T17,689.751
2026-12-05T18,682.045
2026-12-05T19,680.525
2026-12-05T20,673.949
2026-12-05T21,558.147
2026-12-05T22,465.414
2026-12-05T23,312.907
2026-12-06T00,297.516
2026-12-06T01,279.465
2026-12-06T02,255.803
2026-12-06T03,193.592
2026-12-06T04,113.093
2026-12-06T05,54.892
2026-12-06T06,15.876
2026-12-06T07,25.184
2026-12-06T08,79.631
2026-12-06T09,95.834
2026-12-06T10,20.087
2026-12-06T11,473.446
2026-12-06T12,607.698
2026-12-06T13,693.926
2026-12-06T14,697.651
2026-12-06T15,689.052
2026-12-06T16,685.527
2026-12-06T17,682.353
2026-12-06T18,674.004
2026-12-06T19,669.245
2026-12-06T20,667.384
2026-12-06T21,535.165
2026-12-06T22,290.558
2026-12-06T23,287.739
2026-12-07T00,353.32
2026-12-07T01,326.894
2026-12-07T02,233.446
2026-12-07T03,90.609
2026-12-07T04,25.833
2026-12-07T05,15.758
2026-12-07T06,18.091
2026-12-07T07,15.743
2026-12-07T08,16.284
2026-12-07T09,307.09
2026-12-07T10,675.754
2026-12-07T11,672.577
2026-12-07T12,671.678
2026-12-07T13,671.867
2026-12-07T14,669.162
2026-12-07T15,669.338
2026-12-07T16,668.301
2026-12-07T17,665.681
2026-12-07T18,663.407
2026-12-07T19,662.75
2026-12-07T20,659.274
2026-12-07T21,516.541
2026-12-07T22,399.645
2026-12-07T23,315.414
2026-12-08T00,346.195
2026-12-08T01,337.582
2026-12-08T02,308.968
2026-12-08T03,215.153
2026-12-08T04,117.78
2026-12-08T05,77.601
2026-12-08T06,77.572
2026-12-08T07,77.514
2026-12-08T08,132.421
2026-12-08T09,371.014
2026-12-08T10,659.363
2026-12-08T11,678.92
2026-12-08T12,670.73
2026-12-08T13,616.373
2026-12-08T14,672.982
2026-12-08T15,687.56
2026-12-08T16,681.52
2026-12-08T17,673.602
2026-12-08T18,664.746
2026-12-08T19,632.558
2026-12-08T20,658.075
2026-12-08T21,557.124
2026-12-08T22,556.759
2026-12-08T23,377.579
2026-12-09T00,312.711
2026-12-09T01,312.618
2026-12-09T02,296.188
2026-12-09T03,245.107
2026-12-09T04,151.286
2026-12-09T05,73.515
2026-12-09T06,64.884
2026-12-09T07,27.577
2026-12-09T08,176.343
2026-12-09T09,450.905
2026-12-09T10,737.973
2026-12-09T11,719.503
2026-12-09T12,710.759
2026-12-09T13,665.314
2026-12-09T14,724.455
2026-12-09T15,715.871
2026-12-09T16,714.698
2026-12-09T17,715.123
2026-12-09T18,662.308
2026-12-09T19,480.658
2026-12-09T20,353.062
2026-12-09T21,299.928
2026-12-09T22,315.14
2026-12-09T23,316.298
2026-12-10T00,393.435
2026-12-10T01,395.014
2026-12-10T02,345.765
2026-12-10T03,195.978
2026-12-10T04,73.935
2026-12-10T05,30.479
2026-12-10T06,16.983
2026-12-10T07,17.193
2026-12-10T08,18.532
2026-12-10T09,151.854
2026-12-10T10,424.492
2026-12-10T11,674.365
2026-12-10T12,674.63
2026-12-10T13,682.241
2026-12-10T14,594.638
2026-12-10T15,575.677
2026-12-10T16,686.897
2026-12-10T17,665.226
2026-12-10T18,644.611
2026-12-10T19,608.905
2026-12-10T20,503.998
2026-12-10T21,369.301
2026-12-10T22,389.678
2026-12-10T23,403.29
2026-12-11T00,438.224
2026-12-11T01,428.036
2026-12-11T02,326.528
2026-12-11T03,169.718
2026-12-11T04,85.297
2026-12-11T05,47.503
2026-12-11T06,23.196
2026-12-11T07,16.347
2026-12-11T08,15.556
2026-12-11T09,321.713
2026-12-11T10,700.484
2026-12-11T11,665.029
2026-12-11T12,670.212
2026-12-11T13,666.545
2026-12-11T14,665.324
2026-12-11T15,667.393
2026-12-11T16,679.332
2026-12-11T17,671.442
2026-12-11T18,595.39
2026-12-11T19,662.609
2026-12-11T20,643.63
2026-12-11T21,570.805
2026-12-11T22,440.968
2026-12-11T23,304.678
2026-12-12T00,278.526
2026-12-12T01,278.353
2026-12-12T02,264.949
2026-12-12T03,162.606
2026-12-12T04,92.354
2026-12-12T05,84.13
2026-12-12T06,51.343
2026-12-12T07,14.55
2026-12-12T08,14.55
2026-12-12T09,308.897
2026-12-12T10,685.986
2026-12-12T11,680.95
2026-12-12T12,686.16
2026-12-12T13,677.047
2026-12-12T14,684.448
2026-12-12T15,681.958
2026-12-12T16,668.027
2026-12-12T17,689.751
2026-12-12T18,682.045
2026-12-12T19,680.525
2026-12-12T20,673.949
2026-12-12T21,558.147
2026-12-12T22,465.414
2026-12-12T23,312.907
2026-12-13T00,297.516
2026-12-13T01,279.465
2026-12-13T02,255.803
2026-12-13T03,193.592
2026-12-13T04,113.093
2026-12-13T05,54.892
2026-12-13T06,15.876
2026-12-13T07,25.184
2026-12-13T08,79.631
2026-12-13T09,95.834
2026-12-13T10,20.087
2026-12-13T11,473.446
2026-12-13T12,607.698
2026-12-13T13,693.926
2026-12-13T14,697.651
2026-12-13T15,689.052
2026-12-13T16,685.527
2026-12-13T17,682.353
2026-12-13T18,674.004
2026-12-13T19,669.245
2026-12-13T20,667.384
2026-12-13T21,535.165
2026-12-13T22,290.558
2026-12-13T23,287.739
2026-12-14T00,353.32
2026-12-14T01,326.894
2026-12-14T02,233.446
2026-12-14T03,90.609
2026-12-14T04,25.833
2026-12-14T05,15.758
2026-12-14T06,18.091
2026-12-14T07,15.743
2026-12-14T08,16.284
2026-12-14T09,307.09
2026-12-14T10,675.754
2026-12-14T11,672.577
2026-12-14T12,671.678
2026-12-14T13,671.867
2026-12-14T14,669.162
2026-12-14T15,669.338
2026-12-14T16,668.301
2026-12-14T17,665.681
2026-12-14T18,663.407
2026-12-14T19,662.75
2026-12-14T20,659.274
2026-12-14T21,516.541
2026-12-14T22,399.645
2026-12-14T23,315.414
2026-12-15T00,346.195
2026-12-15T01,337.582
2026-12-15T02,308.968
2026-12-15T03,215.153
2026-12-15T04,117.78
2026-12-15T05,77.601
2026-12-15T06,77.572
2026-12-15T07,77.514
2026-12-15T08,132.421
2026-12-15T09,371.014
2026-12-15T10,659.363
2026-12-15T11,678.92
2026-12-15T12,670.73
2026-12-15T13,616.373
2026-12-15T14,672.982
2026-12-15T15,687.56
2026-12-15T16,681.52
2026-12-15T17,673.602
2026-12-15T18,664.746
2026-12-15T19,632.558
2026-12-15T20,658.075
2026-12-15T21,557.124
2026-12-15T22,556.759
2026-12-15T23,377.579
2026-12-16T00,312.711
2026-12-16T01,312.618
2026-12-16T02,296.188
2026-12-16T03,245.107
2026-12-16T04,151.286
2026-12-16T05,73.515
2026-12-16T06,64.884
2026-12-16T07,27.577
2026-12-16T08,176.343
2026-12-16T09,450.905
2026-12-16T10,737.973
2026-12-16T11,719.503
2026-12-16T12,710.759
2026-12-16T13,665.314
2026-12-16T14,724.455
2026-12-16T15,715.871
2026-12-16T16,714.698
2026-12-16T17,715.123
2026-12-16T18,662.308
2026-12-16T19,480.658
2026-12-16T20,353.062
2026-12-16T21,299.928
2026-12-16T22,315.14
2026-12-16T23,316.298
2026-12-17T00,393.435
2026-12-17T01,395.014
2026-12-17T02,345.765
2026-12-17T03,195.978
2026-12-17T04,73.935
2026-12-17T05,30.479
2026-12-17T06,16.983
2026-12-17T07,17.193
2026-12-17T08,18.532
2026-12-17T09,151.854
2026-12-17T10,424.492
2026-12-17T11,674.365
2026-12-17T12,674.63
2026-12-17T13,682.241
2026-12-17T14,594.638
2026-12-17T15,575.677
2026-12-17T16,686.897
2026-12-17T17,665.226
2026-12-17T18,644.611
2026-12-17T19,608.905
2026-12-17T20,503.998
2026-12-17T21,369.301
2026-12-17T22,389.678
2026-12-17T23,403.29
2026-12-18T00,438.224
2026-12-18T01,428.036
2026-12-18T02,326.528
2026-12-18T03,169.718
2026-12-18T04,85.297
2026-12-18T05,47.503
2026-12-18T06,23.196
2026-12-18T07,16.347
2026-12-18T08,15.556
2026-12-18T09,321.713
2026-12-18T10,700.484
2026-12-18T11,665.029
2026-12-18T12,670.212
2026-12-18T13,666.545
2026-12-18T14,665.324
2026-12-18T15,667.393
2026-12-18T16,679.332
2026-12-18T17,671.442
2026-12-18T18,595.39
2026-12-18T19,662.609
2026-12-18T20,643.63
2026-12-18T21,570.805
2026-12-18T22,440.968
2026-12-18T23,304.678
2026-12-19T00,278.526
2026-12-19T01,278.353
2026-12-19T02,264.949
2026-12-19T03,162.606
2026-12-19T04,92.354
2026-12-19T05,84.13
2026-12-19T06,51.343
2026-12-19T07,14.55
2026-12-19T08,14.55
2026-12-19T09,308.897
2026-12-19T10,685.986
2026-12-19T11,680.95
2026-12-19T12,686.16
2026-12-19T13,677.047
2026-12-19T14,684.448
2026-12-19T15,681.958
2026-12-19T16,668.027
2026-12-19T17,689.751
2026-12-19T18,682.045
2026-12-19T19,680.525
2026-12-19T20,673.949
2026-12-19T21,558.147
2026-12-19T22,465.414
2026-12-19T23,312.907
2026-12-20T00,297.516
2026-12-20T01,279.465
2026-12-20T02,255.803
2026-12-20T03,193.592
2026-12-20T04,113.093
2026-12-20T05,54.892
2026-12-20T06,15.876
2026-12-20T07,25.184
2026-12-20T08,79.631
2026-12-20T09,95.834
2026-12-20T10,20.087
2026-12-20T11,473.446
2026-12-20T12,607.698
2026-12-20T13,693.926
2026-12-20T14,697.651
2026-12-20T15,689.052
2026-12-20T16,685.527
2026-12-20T17,682.353
2026-12-20T18,674.004
2026-12-20T19,669.245
2026-12-20T20,667.384
2026-12-20T21,535.165
2026-12-20T22,290.558
2026-12-20T23,287.739
2026-12-21T00,353.32
2026-12-21T01,326.894
2026-12-21T02,233.446
2026-12-21T03,90.609
2026-12-21T04,25.833
2026-12-21T05,15.758
2026-12-21T06,18.091
2026-12-21T07,15.743
2026-12-21T08,16.284
2026-12-21T09,307.09
2026-12-21T10,675.754
2026-12-21T11,672.577
2026-12-21T12,671.678
2026-12-21T13,671.867
2026-12-21T14,669.162
2026-12-21T15,669.338
2026-12-21T16,668.301
2026-12-21T17,665.681
2026-12-21T18,663.407
2026-12-21T19,662.75
2026-12-21T20,659.274
2026-12-21T21,516.541
2026-12-21T22,399.645
2026-12-21T23,315.414
2026-12-22T00,346.195
2026-12-22T01,337.582
2026-12-22T02,308.968
2026-12-22T03,215.153
2026-12-22T04,117.78
2026-12-22T05,77.601
2026-12-22T06,77.572
2026-12-22T07,77.514
2026-12-22T08,132.421
2026-12-22T09,371.014
2026-12-22T10,659.363
2026-12-22T11,678.92
2026-12-22T12,670.73
2026-12-22T13,616.373
2026-12-22T14,672.982
2026-12-22T15,687.56
2026-12-22T16,681.52
2026-12-22T17,673.602
2026-12-22T18,664.746
2026-12-22T19,632.558
2026-12-22T20,658.075
2026-12-22T21,557.124
2026-12-22T22,556.759
2026-12-22T23,377.579
2026-12-23T00,312.711
2026-12-23T01,312.618
2026-12-23T02,296.188
2026-12-23T03,245.107
2026-12-23T04,151.286
2026-12-23T05,73.515
2026-12-23T06,64.884
2026-12-23T07,27.577
2026-12-23T08,176.343
2026-12-23T09,450.905
2026-12-23T10,737.973
2026-12-23T11,719.503
2026-12-23T12,710.759
2026-12-23T13,665.314
2026-12-23T14,724.455
2026-12-23T15,715.871
2026-12-23T16,714.698
2026-12-23T17,715.123
2026-12-23T18,662.308
2026-12-23T19,480.658
2026-12-23T20,353.062
2026-12-23T21,299.928
2026-12-23T22,315.14
2026-12-23T23,316.298
2026-12-24T00,393.435
2026-12-24T01,395.014
2026-12-24T02,345.765
2026-12-24T03,195.978
2026-12-24T04,73.935
2026-12-24T05,30.479
2026-12-24T06,16.983
2026-12-24T07,17.193
2026-12-24T08,18.532
2026-12-24T09,151.854
2026-12-24T10,424.492
2026-12-24T11,674.365
2026-12-24T12,674.63
2026-12-24T13,682.241
2026-12-24T14,594.638
2026-12-24T15,575.677
2026-12-24T16,686.897
2026-12-24T17,665.226
2026-12-24T18,644.611
2026-12-24T19,608.905
2026-12-24T20,503.998
2026-12-24T21,369.301
2026-12-24T22,389.678
2026-12-24T23,403.29
2026-12-25T00,438.224
2026-12-25T01,428.036
2026-12-25T02,326.528
2026-12-25T03,169.718
2026-12-25T04,85.297
2026-12-25T05,47.503
2026-12-25T06,23.196
2026-12-25T07,16.347
2026-12-25T08,15.556
2026-12-25T09,321.713
2026-12-25T10,700.484
2026-12-25T11,665.029
2026-12-25T12,670.212
2026-12-25T13,666.545
2026-12-25T14,665.324
2026-12-25T15,667.393
2026-12-25T16,679.332
2026-12-25T17,671.442
2026-12-25T18,595.39
2026-12-25T19,662.609
2026-12-25T20,643.63
2026-12-25T21,570.805
2026-12-25T22,440.968
2026-12-25T23,304.678
2026-12-26T00,278.526
2026-12-26T01,278.353
2026-12-26T02,264.949
2026-12-26T03,162.606
2026-12-26T04,92.354
2026-12-26T05,84.13
2026-12-26T06,51.343
2026-12-26T07,14.55
2026-12-26T08,14.55
2026-12-26T09,308.897
2026-12-26T10,685.986
2026-12-26T11,680.95
2026-12-26T12,686.16
2026-12-26T13,677.047
2026-12-26T14,684.448
2026-12-26T15,681.958
2026-12-26T16,668.027
2026-12-26T17,689.751
2026-12-26T18,682.045
2026-12-26T19,680.525
2026-12-26T20,673.949
2026-12-26T21,558.147
2026-12-26T22,465.414
2026-12-26T23,312.907
2026-12-27T00,297.516
2026-12-27T01,279.465
2026-12-27T02,255.803
2026-12-27T03,193.592
2026-12-27T04,113.093
2026-12-27T05,54.892
2026-12-27T06,15.876
2026-12-27T07,25.184
2026-12-27T08,79.631
2026-12-27T09,95.834
2026-12-27T10,20.087
2026-12-27T11,473.446
2026-12-27T12,607.698
2026-12-27T13,693.926
2026-12-27T14,697.651
2026-12-27T15,689.052
2026-12-27T16,685.527
2026-12-27T17,682.353
2026-12-27T18,674.004
2026-12-27T19,669.245
2026-12-27T20,667.384
2026-12-27T21,535.165
2026-12-27T22,290.558
2026-12-27T23,287.739
2026-12-28T00,353.32
2026-12-28T01,326.894
2026-12-28T02,233.446
2026-12-28T03,90.609
2026-12-28T04,25.833
2026-12-28T05,15.758
2026-12-28T06,18.091
2026-12-28T07,15.743
2026-12-28T08,16.284
2026-12-28T09,307.09
2026-12-28T10,675.754
2026-12-28T11,672.577
2026-12-28T12,671.678
2026-12-28T13,671.867
2026-12-28T14,669.162
2026-12-28T15,669.338
2026-12-28T16,668.301
2026-12-28T17,665.681
2026-12-28T18,663.407
2026-12-28T19,662.75
2026-12-28T20,659.274
2026-12-28T21,516.541
2026-12-28T22,399.645
2026-12-28T23,315.414
2026-12-29T00,346.195
2026-12-29T01,337.582
2026-12-29T02,308.968
2026-12-29T03,215.153
2026-12-29T04,117.78
2026-12-29T05,77.601
2026-12-29T06,77.572
2026-12-29T07,77.514
2026-12-29T08,132.421
2026-12-29T09,371.014
2026-12-29T10,659.363
2026-12-29T11,678.92
2026-12-29T12,670.73
2026-12-29T13,616.373
2026-12-29T14,672.982
2026-12-29T15,687.56
2026-12-29T16,681.52
2026-12-29T17,673.602
2026-12-29T18,664.746
2026-12-29T19,632.558
2026-12-29T20,658.075
2026-12-29T21,557.124
2026-12-29T22,556.759
2026-12-29T23,377.579
2026-12-30T00,312.711
2026-12-30T01,312.618
2026-12-30T02,296.188
2026-12-30T03,245.107
2026-12-30T04,151.286
2026-12-30T05,73.515
2026-12-30T06,64.884
2026-12-30T07,27.577
2026-12-30T08,176.343
2026-12-30T09,450.905
2026-12-30T10,737.973
2026-12-30T11,719.503
2026-12-30T12,710.759
2026-12-30T13,665.314
2026-12-30T14,724.455
2026-12-30T15,715.871
2026-12-30T16,714.698
2026-12-30T17,715.123
2026-12-30T18,662.308
2026-12-30T19,480.658
2026-12-30T20,353.062
2026-12-30T21,299.928
2026-12-30T22,315.14
2026-12-30T23,316.298
2026-12-31T00,393.435
2026-12-31T01,395.014
2026-12-31T02,345.765
2026-12-31T03,195.978
2026-12-31T04,73.935
2026-12-31T05,30.479
2026-12-31T06,16.983
2026-12-31T07,17.193
2026-12-31T08,18.532
2026-12-31T09,151.854
2026-12-31T10,424.492
2026-12-31T11,674.365
2026-12-31T12,674.63
2026-12-31T13,682.241
2026-12-31T14,594.638
2026-12-31T15,575.677
2026-12-31T16,686.897
2026-12-31T17,665.226
2026-12-31T18,644.611
2026-12-31T19,608.905
2026-12-31T20,503.998
2026-12-31T21,369.301
2026-12-31T22,389.678
2026-12-31T23,403.29
