bucket,value
2026-01-01T00,480.671
2026-01-01T01,552.761
2026-01-01T02,661.579
2026-01-01T03,626.675
2026-01-01T04,615.040
2026-01-01T05,613.215
2026-01-01T06,696.711
2026-01-01T07,753.059
2026-01-01T08,790.473
2026-01-01T09,844.996
2026-01-01T10,1139.285
2026-01-01T11,1325.211
2026-01-01T12,1370.153
2026-01-01T13,1442.926
2026-01-01T14,1435.398
2026-01-01T15,1404.144
2026-01-01T16,1411.444
2026-01-01T17,1281.866
2026-01-01T18,1044.382
2026-01-01T19,1055.561
2026-01-01T20,1014.269
2026-01-01T21,953.358
2026-01-01T22,646.066
2026-01-01T23,467.896
2026-01-02T00,408.125
2026-01-02T01,510.556
2026-01-02T02,604.089
2026-01-02T03,633.974
2026-01-02T04,647.206
2026-01-02T05,638.765
2026-01-02T06,657.016
2026-01-02T07,741.880
2026-01-02T08,846.364
2026-01-02T09,790.244
2026-01-02T10,1153.884
2026-01-02T11,1300.115
2026-01-02T12,1381.786
2026-01-02T13,1416.690
2026-01-02T14,1376.995
2026-01-02T15,1358.516
2026-01-02T16,1439.503
2026-01-02T17,1342.091
2026-01-02T18,1073.582
2026-01-02T19,1075.635
2026-01-02T20,1042.784
2026-01-02T21,993.280
2026-01-02T22,709.257
2026-01-02T23,465.614
2026-01-03T00,373.536
2026-01-03T01,449.669
2026-01-03T02,664.666
2026-01-03T03,667.517
2026-01-03T04,678.067
2026-01-03T05,675.501
2026-01-03T06,726.827
2026-01-03T07,782.714
2026-01-03T08,875.671
2026-01-03T09,799.823
2026-01-03T10,1080.402
2026-01-03T11,1199.592
2026-01-03T12,1360.697
2026-01-03T13,1436.259
2026-01-03T14,1405.749
2026-01-03T15,1369.821
2026-01-03T16,1365.259
2026-01-03T17,1340.737
2026-01-03T18,1172.788
2026-01-03T19,1022.519
2026-01-03T20,1014.535
2026-01-03T21,973.474
2026-01-03T22,781.859
2026-01-03T23,548.898
2026-01-04T00,443.108
2026-01-04T01,655.537
2026-01-04T02,668.939
2026-01-04T03,660.100
2026-01-04T04,666.943
2026-01-04T05,644.702
2026-01-04T06,587.674
2026-01-04T07,616.473
2026-01-04T08,657.533
2026-01-04T09,549.465
2026-01-04T10,682.056
2026-01-04T11,914.445
2026-01-04T12,1175.633
2026-01-04T13,1320.770
2026-01-04T14,1275.718
2026-01-04T15,1300.240
2026-01-04T16,1365.537
2026-01-04T17,1314.211
2026-01-04T18,1032.493
2026-01-04T19,997.135
2026-01-04T20,970.047
2026-01-04T21,703.726
2026-01-04T22,599.365
2026-01-04T23,466.489
2026-01-05T00,429.169
2026-01-05T01,497.323
2026-01-05T02,634.486
2026-01-05T03,618.802
2026-01-05T04,556.636
2026-01-05T05,556.351
2026-01-05T06,635.341
2026-01-05T07,669.561
2026-01-05T08,772.219
2026-01-05T09,774.215
2026-01-05T10,1161.180
2026-01-05T11,1239.885
2026-01-05T12,1381.040
2026-01-05T13,1409.271
2026-01-05T14,1390.450
2026-01-05T15,1368.493
2026-01-05T16,1384.177
2026-01-05T17,1296.917
2026-01-05T18,1065.651
2026-01-05T19,1073.350
2026-01-05T20,1029.150
2026-01-05T21,956.719
2026-01-05T22,655.017
2026-01-05T23,420.329
2026-01-06T00,349.609
2026-01-06T01,584.583
2026-01-06T02,658.440
2026-01-06T03,651.596
2026-01-06T04,666.424
2026-01-06T05,664.998
2026-01-06T06,743.418
2026-01-06T07,819.842
2026-01-06T08,903.394
2026-01-06T09,797.029
2026-01-06T10,1170.021
2026-01-06T11,1323.153
2026-01-06T12,1350.528
2026-01-06T13,1414.690
2026-01-06T14,1400.147
2026-01-06T15,1357.658
2026-01-06T16,1343.399
2026-01-06T17,1203.670
2026-01-06T18,1034.284
2026-01-06T19,1034.854
2026-01-06T20,997.498
2026-01-06T21,926.777
2026-01-06T22,592.282
2026-01-06T23,418.618
2026-01-07T00,420.202
2026-01-07T01,543.617
2026-01-07T02,612.282
2026-01-07T03,565.288
2026-01-07T04,591.751
2026-01-07T05,589.698
2026-01-07T06,563.463
2026-01-07T07,623.916
2026-01-07T08,729.993
2026-01-07T09,782.233
2026-01-07T10,980.472
2026-01-07T11,1133.314
2026-01-07T12,1295.966
2026-01-07T13,1345.468
2026-01-07T14,1316.953
2026-01-07T15,1269.504
2026-01-07T16,1246.463
2026-01-07T17,1182.133
2026-01-07T18,982.069
2026-01-07T19,989.369
2026-01-07T20,958.572
2026-01-07T21,872.114
2026-01-07T22,693.265
2026-01-07T23,538.826
2026-01-08T00,480.671
2026-01-08T01,552.761
2026-01-08T02,661.579
2026-01-08T03,626.675
2026-01-08T04,615.040
2026-01-08T05,613.215
2026-01-08T06,696.711
2026-01-08T07,753.059
2026-01-08T08,790.473
2026-01-08T09,844.996
2026-01-08T10,1139.285
2026-01-08T11,1325.211
2026-01-08T12,1370.153
2026-01-08T13,1442.926
2026-01-08T14,1435.398
2026-01-08T15,1404.144
2026-01-08T16,1411.444
2026-01-08T17,1281.866
2026-01-08T18,1044.382
2026-01-08T19,1055.561
2026-01-08T20,1014.269
2026-01-08T21,953.358
2026-01-08T22,646.066
2026-01-08T23,467.896
2026-01-09T00,408.125
2026-01-09T01,510.556
2026-01-09T02,604.089
2026-01-09T03,633.974
2026-01-09T04,647.206
2026-01-09T05,638.765
2026-01-09T06,657.016
2026-01-09T07,741.880
2026-01-09T08,846.364
2026-01-09T09,790.244
2026-01-09T10,1153.884
2026-01-09T11,1300.115
2026-01-09T12,1381.786
2026-01-09T13,1416.690
2026-01-09T14,1376.995
2026-01-09T15,1358.516
2026-01-09T16,1439.503
2026-01-09T17,1342.091
2026-01-09T18,1073.582
2026-01-09T19,1075.635
2026-01-09T20,1042.784
2026-01-09T21,993.280
2026-01-09T22,709.257
2026-01-09T23,465.614
2026-01-10T00,373.552
2026-01-10T01,449.688
2026-01-10T02,664.695
2026-01-10T03,667.546
2026-01-10T04,678.097
2026-01-10T05,675.531
2026-01-10T06,726.858
2026-01-10T07,782.749
2026-01-10T08,875.709
2026-01-10T09,799.858
2026-01-10T10,1080.450
2026-01-10T11,1199.644
2026-01-10T12,1360.757
2026-01-10T13,1436.323
2026-01-10T14,1405.811
2026-01-10T15,1369.882
2026-01-10T16,1365.319
2026-01-10T17,1340.796
2026-01-10T18,1172.840
2026-01-10T19,1022.564
2026-01-10T20,1014.579
2026-01-10T21,973.517
2026-01-10T22,781.893
2026-01-10T23,548.922
2026-01-11T00,443.108
2026-01-11T01,655.537
2026-01-11T02,668.939
2026-01-11T03,660.100
2026-01-11T04,666.943
2026-01-11T05,644.702
2026-01-11T06,587.674
2026-01-11T07,616.473
2026-01-11T08,657.533
2026-01-11T09,549.465
2026-01-11T10,682.056
2026-01-11T11,914.445
2026-01-11T12,1175.633
2026-01-11T13,1320.770
2026-01-11T14,1275.718
2026-01-11T15,1300.240
2026-01-11T16,1365.537
2026-01-11T17,1314.211
2026-01-11T18,1032.493
2026-01-11T19,997.135
2026-01-11T20,970.047
2026-01-11T21,703.726
2026-01-11T22,599.365
2026-01-11T23,466.489
2026-01-12T00,429.169
2026-01-12T01,497.323
2026-01-12T02,634.486
2026-01-12T03,618.802
2026-01-12T04,556.636
2026-01-12T05,556.351
2026-01-12T06,635.341
2026-01-12T07,669.561
2026-01-12T08,772.219
2026-01-12T09,774.215
2026-01-12T10,1161.180
2026-01-12T11,1239.885
2026-01-12T12,1381.040
2026-01-12T13,1409.271
2026-01-12T14,1390.450
2026-01-12T15,1368.493
2026-01-12T16,1384.177
2026-01-12T17,1296.917
2026-01-12T18,1065.651
2026-01-12T19,1073.350
2026-01-12T20,1029.150
2026-01-12T21,956.719
2026-01-12T22,655.017
2026-01-12T23,420.329
2026-01-13T00,349.609
2026-01-13T01,584.583
2026-01-13T02,658.440
2026-01-13T03,651.596
2026-01-13T04,666.424
2026-01-13T05,664.998
2026-01-13T06,743.418
2026-01-13T07,819.842
2026-01-13T08,903.394
2026-01-13T09,797.029
2026-01-13T10,1170.021
2026-01-13T11,1323.153
2026-01-13T12,1350.528
2026-01-13T13,1414.690
2026-01-13T14,1400.147
2026-01-13T15,1357.658
2026-01-13T16,1343.399
2026-01-13T17,1203.670
2026-01-13T18,1034.284
2026-01-13T19,1034.854
2026-01-13T20,997.498
2026-01-13T21,926.777
2026-01-13T22,592.282
2026-01-13T23,418.618
2026-01-14T00,420.202
2026-01-14T01,543.617
2026-01-14T02,612.282
2026-01-14T03,565.288
2026-01-14T04,591.751
2026-01-14T05,589.698
2026-01-14T06,563.463
2026-01-14T07,623.916
2026-01-14T08,729.993
2026-01-14T09,782.233
2026-01-14T10,980.472
2026-01-14T11,1133.314
2026-01-14T12,1295.966
2026-01-14T13,1345.468
2026-01-14T14,1316.953
2026-01-14T15,1269.504
2026-01-14T16,1246.463
2026-01-14T17,1182.133
2026-01-14T18,982.069
2026-01-14T19,989.369
2026-01-14T20,958.572
2026-01-14T21,872.114
2026-01-14T22,693.265
2026-01-14T23,538.826
2026-01-15T00,480.671
2026-01-15T01,552.761
2026-01-15T02,661.579
2026-01-15T03,626.675
2026-01-15T04,615.040
2026-01-15T05,613.215
2026-01-15T06,696.711
2026-01-15T07,753.059
2026-01-15T08,790.473
2026-01-15T09,844.996
2026-01-15T10,1139.285
2026-01-15T11,1325.211
2026-01-15T12,1370.153
2026-01-15T13,1442.926
2026-01-15T14,1435.398
2026-01-15T15,1404.144
2026-01-15T16,1411.444
2026-01-15T17,1281.866
2026-01-15T18,1044.382
2026-01-15T19,1055.561
2026-01-15T20,1014.269
2026-01-15T21,953.358
2026-01-15T22,646.066
2026-01-15T23,467.896
2026-01-16T00,408.125
2026-01-16T01,510.556
2026-01-16T02,604.089
2026-01-16T03,633.974
2026-01-16T04,647.206
2026-01-16T05,638.765
2026-01-16T06,657.016
2026-01-16T07,741.880
2026-01-16T08,846.364
2026-01-16T09,790.244
2026-01-16T10,1153.884
2026-01-16T11,1300.115
2026-01-16T12,1381.786
2026-01-16T13,1416.690
2026-01-16T14,1376.995
2026-01-16T15,1358.516
2026-01-16T16,1439.503
2026-01-16T17,1342.091
2026-01-16T18,1073.582
2026-01-16T19,1075.635
2026-01-16T20,1042.784
2026-01-16T21,993.280
2026-01-16T22,709.257
2026-01-16T23,465.614
2026-01-17T00,373.552
2026-01-17T01,449.688
2026-01-17T02,664.695
2026-01-17T03,667.546
2026-01-17T04,678.097
2026-01-17T05,675.531
2026-01-17T06,726.858
2026-01-17T07,782.749
2026-01-17T08,875.709
2026-01-17T09,799.858
2026-01-17T10,1080.450
2026-01-17T11,1199.644
2026-01-17T12,1360.757
2026-01-17T13,1436.323
2026-01-17T14,1405.811
2026-01-17T15,1369.882
2026-01-17T16,1365.319
2026-01-17T17,1340.796
2026-01-17T18,1172.840
2026-01-17T19,1022.564
2026-01-17T20,1014.579
2026-01-17T21,973.517
2026-01-17T22,781.893
2026-01-17T23,548.922
2026-01-18T00,443.108
2026-01-18T01,655.537
2026-01-18T02,668.939
2026-01-18T03,660.100
2026-01-18T04,666.943
2026-01-18T05,644.702
2026-01-18T06,587.674
2026-01-18T07,616.473
2026-01-18T08,657.533
2026-01-18T09,549.465
2026-01-18T10,682.056
2026-01-18T11,914.445
2026-01-18T12,1175.633
2026-01-18T13,1320.770
2026-01-18T14,1275.718
2026-01-18T15,1300.240
2026-01-18T16,1365.537
2026-01-18T17,1314.211
2026-01-18T18,1032.493
2026-01-18T19,997.135
2026-01-18T20,970.047
2026-01-18T21,703.726
2026-01-18T22,599.365
2026-01-18T23,466.489
2026-01-19T00,429.169
2026-01-19T01,497.323
2026-01-19T02,634.486
2026-01-19T03,618.802
2026-01-19T04,556.636
2026-01-19T05,556.351
2026-01-19T06,635.341
2026-01-19T07,669.561
2026-01-19T08,772.219
2026-01-19T09,774.215
2026-01-19T10,1161.180
2026-01-19T11,1239.885
2026-01-19T12,1381.040
2026-01-19T13,1409.271
2026-01-19T14,1390.450
2026-01-19T15,1368.493
2026-01-19T16,1384.177
2026-01-19T17,1296.917
2026-01-19T18,1065.651
2026-01-19T19,1073.350
2026-01-19T20,1029.150
2026-01-19T21,956.719
2026-01-19T22,655.017
2026-01-19T23,420.329
2026-01-20T00,349.609
2026-01-20T01,584.583
2026-01-20T02,658.440
2026-01-20T03,651.596
2026-01-20T04,666.424
2026-01-20T05,664.998
2026-01-20T06,743.418
2026-01-20T07,819.842
2026-01-20T08,903.394
2026-01-20T09,797.029
2026-01-20T10,1170.021
2026-01-20T11,1323.153
2026-01-20T12,1350.528
2026-01-20T13,1414.690
2026-01-20T14,1400.147
2026-01-20T15,1357.658
2026-01-20T16,1343.399
2026-01-20T17,1203.670
2026-01-20T18,1034.284
2026-01-20T19,1034.854
2026-01-20T20,997.498
2026-01-20T21,926.777
2026-01-20T22,592.282
2026-01-20T23,418.618
2026-01-21T00,420.202
2026-01-21T01,543.617
2026-01-21T02,612.282
2026-01-21T03,565.288
2026-01-21T04,591.751
2026-01-21T05,589.698
2026-01-21T06,563.463
2026-01-21T07,623.916
2026-01-21T08,729.993
2026-01-21T09,782.233
2026-01-21T10,980.472
2026-01-21T11,1133.314
2026-01-21T12,1295.966
2026-01-21T13,1345.468
2026-01-21T14,1316.953
2026-01-21T15,1269.504
2026-01-21T16,1246.463
2026-01-21T17,1182.133
2026-01-21T18,982.069
2026-01-21T19,989.369
2026-01-21T20,958.572
2026-01-21T21,872.114
2026-01-21T22,693.265
2026-01-21T23,538.826
2026-01-22T00,480.671
2026-01-22T01,552.761
2026-01-22T02,661.579
2026-01-22T03,626.675
2026-01-22T04,615.040
2026-01-22T05,613.215
2026-01-22T06,696.711
2026-01-22T07,753.059
2026-01-22T08,790.473
2026-01-22T09,844.996
2026-01-22T10,1139.285
2026-01-22T11,1325.211
2026-01-22T12,1370.153
2026-01-22T13,1442.926
2026-01-22T14,1435.398
2026-01-22T15,1404.144
2026-01-22T16,1411.444
2026-01-22T17,1281.866
2026-01-22T18,1044.382
2026-01-22T19,1055.561
2026-01-22T20,1014.269
2026-01-22T21,953.358
2026-01-22T22,646.066
2026-01-22T23,467.896
2026-01-23T00,408.125
2026-01-23T01,510.556
2026-01-23T02,604.089
2026-01-23T03,633.974
2026-01-23T04,647.206
2026-01-23T05,638.765
2026-01-23T06,657.016
2026-01-23T07,741.880
2026-01-23T08,846.364
2026-01-23T09,790.244
2026-01-23T10,1153.884
2026-01-23T11,1300.115
2026-01-23T12,1381.786
2026-01-23T13,1416.690
2026-01-23T14,1376.995
2026-01-23T15,1358.516
2026-01-23T16,1439.503
2026-01-23T17,1342.091
2026-01-23T18,1073.582
2026-01-23T19,1075.635
2026-01-23T20,1042.784
2026-01-23T21,993.280
2026-01-23T22,709.257
2026-01-23T23,465.614
2026-01-24T00,373.552
2026-01-24T01,449.688
2026-01-24T02,664.695
2026-01-24T03,667.546
2026-01-24T04,678.097
2026-01-24T05,675.531
2026-01-24T06,726.858
2026-01-24T07,782.749
2026-01-24T08,875.709
2026-01-24T09,799.858
2026-01-24T10,1080.450
2026-01-24T11,1199.644
2026-01-24T12,1360.757
2026-01-24T13,1436.323
2026-01-24T14,1405.811
2026-01-24T15,1369.882
2026-01-24T16,1365.319
2026-01-24T17,1340.796
2026-01-24T18,1172.840
2026-01-24T19,1022.564
2026-01-24T20,1014.579
2026-01-24T21,973.517
2026-01-24T22,781.893
2026-01-24T23,548.922
2026-01-25T00,443.108
2026-01-25T01,655.537
2026-01-25T02,668.939
2026-01-25T03,660.100
2026-01-25T04,666.943
2026-01-25T05,644.702
2026-01-25T06,587.674
2026-01-25T07,616.473
2026-01-25T08,657.533
2026-01-25T09,549.465
2026-01-25T10,682.056
2026-01-25T11,914.445
2026-01-25T12,1175.633
2026-01-25T13,1320.770
2026-01-25T14,1275.718
2026-01-25T15,1300.240
2026-01-25T16,1365.537
2026-01-25T17,1314.211
2026-01-25T18,1032.493
2026-01-25T19,997.135
2026-01-25T20,970.047
2026-01-25T21,703.726
2026-01-25T22,599.365
2026-01-25T23,466.489
2026-01-26T00,429.169
2026-01-26T01,497.323
2026-01-26T02,634.486
2026-01-26T03,618.802
2026-01-26T04,556.636
2026-01-26T05,556.351
2026-01-26T06,635.341
2026-01-26T07,669.561
2026-01-26T08,772.219
2026-01-26T09,774.215
2026-01-26T10,1161.180
2026-01-26T11,1239.885
2026-01-26T12,1381.040
2026-01-26T13,1409.271
2026-01-26T14,1390.450
2026-01-26T15,1368.493
2026-01-26T16,1384.177
2026-01-26T17,1296.917
2026-01-26T18,1065.651
2026-01-26T19,1073.350
2026-01-26T20,1029.150
2026-01-26T21,956.719
2026-01-26T22,655.017
2026-01-26T23,420.329
2026-01-27T00,349.609
2026-01-27T01,584.583
2026-01-27T02,658.440
2026-01-27T03,651.596
2026-01-27T04,666.424
2026-01-27T05,664.998
2026-01-27T06,743.418
2026-01-27T07,819.842
2026-01-27T08,903.394
2026-01-27T09,797.029
2026-01-27T10,1170.021
2026-01-27T11,1323.153
2026-01-27T12,1350.528
2026-01-27T13,1414.690
2026-01-27T14,1400.147
2026-01-27T15,1357.658
2026-01-27T16,1343.399
2026-01-27T17,1203.670
2026-01-27T18,1034.284
2026-01-27T19,1034.854
2026-01-27T20,997.498
2026-01-27T21,926.777
2026-01-27T22,592.282
2026-01-27T23,418.618
2026-01-28T00,420.202
2026-01-28T01,543.617
2026-01-28T02,612.282
2026-01-28T03,565.288
2026-01-28T04,591.751
2026-01-28T05,589.698
2026-01-28T06,563.463
2026-01-28T07,623.916
2026-01-28T08,729.993
2026-01-28T09,782.233
2026-01-28T10,980.472
2026-01-28T11,1133.314
2026-01-28T12,1295.966
2026-01-28T13,1345.468
2026-01-28T14,1316.953
2026-01-28T15,1269.504
2026-01-28T16,1246.463
2026-01-28T17,1182.133
2026-01-28T18,982.069
2026-01-28T19,989.369
2026-01-28T20,958.572
2026-01-28T21,872.114
2026-01-28T22,693.265
2026-01-28T23,538.826
2026-01-29T00,480.671
2026-01-29T01,552.761
2026-01-29T02,661.579
2026-01-29T03,626.675
2026-01-29T04,615.040
2026-01-29T05,613.215
2026-01-29T06,696.711
2026-01-29T07,753.059
2026-01-29T08,790.473
2026-01-29T09,844.996
2026-01-29T10,1139.285
2026-01-29T11,1325.211
2026-01-29T12,1370.153
2026-01-29T13,1442.926
2026-01-29T14,1435.398
2026-01-29T15,1404.144
2026-01-29T16,1411.444
2026-01-29T17,1281.866
2026-01-29T18,1044.382
2026-01-29T19,1055.561
2026-01-29T20,1014.269
2026-01-29T21,953.358
2026-01-29T22,646.066
2026-01-29T23,467.896
2026-01-30T00,408.125
2026-01-30T01,510.556
2026-01-30T02,604.089
2026-01-30T03,633.974
2026-01-30T04,647.206
2026-01-30T05,638.765
2026-01-30T06,657.016
2026-01-30T07,741.880
2026-01-30T08,846.364
2026-01-30T09,790.244
2026-01-30T10,1153.884
2026-01-30T11,1300.115
2026-01-30T12,1381.786
2026-01-30T13,1416.690
2026-01-30T14,1376.995
2026-01-30T15,1358.516
2026-01-30T16,1439.503
2026-01-30T17,1342.091
2026-01-30T18,1073.582
2026-01-30T19,1075.635
2026-01-30T20,1042.784
2026-01-30T21,993.280
2026-01-30T22,709.257
2026-01-30T23,465.614
2026-01-31T00,373.552
2026-01-31T01,449.689
2026-01-31T02,664.695
2026-01-31T03,667.547
2026-01-31T04,678.097
2026-01-31T05,675.531
2026-01-31T06,726.859
2026-01-31T07,782.749
2026-01-31T08,875.709
2026-01-31T09,799.858
2026-01-31T10,1080.450
2026-01-31T11,1199.645
2026-01-31T12,1360.757
2026-01-31T13,1436.323
2026-01-31T14,1405.812
2026-01-31T15,1369.882
2026-01-31T16,1365.320
2026-01-31T17,1340.796
2026-01-31T18,1172.840
2026-01-31T19,1022.564
2026-01-31T20,1014.580
2026-01-31T21,973.517
2026-01-31T22,781.894
2026-01-31T23,548.922
2026-02-01T00,304.514
2026-02-01T01,280.022
2026-02-01T02,268.154
2026-02-01T03,259.317
2026-02-01T04,267.649
2026-02-01T05,263.609
2026-02-01T06,279.769
2026-02-01T07,304.009
2026-02-01T08,387.586
2026-02-01T09,503.736
2026-02-01T10,861.527
2026-02-01T11,1105.189
2026-02-01T12,1164.274
2026-02-01T13,1294.816
2026-02-01T14,1281.434
2026-02-01T15,1253.154
2026-02-01T16,1264.516
2026-02-01T17,1259.971
2026-02-01T18,1199.371
2026-02-01T19,1192.301
2026-02-01T20,1148.619
2026-02-01T21,864.557
2026-02-01T22,671.395
2026-02-01T23,591.858
2026-02-02T00,561.057
2026-02-02T01,623.677
2026-02-02T02,612.062
2026-02-02T03,602.972
2026-02-02T04,527.222
2026-02-02T05,512.577
2026-02-02T06,450.966
2026-02-02T07,511.567
2026-02-02T08,604.234
2026-02-02T09,698.670
2026-02-02T10,1065.806
2026-02-02T11,1215.034
2026-02-02T12,1272.099
2026-02-02T13,1311.489
2026-02-02T14,1289.269
2026-02-02T15,1222.104
2026-02-02T16,1247.859
2026-02-02T17,1152.666
2026-02-02T18,946.878
2026-02-02T19,956.725
2026-02-02T20,937.283
2026-02-02T21,854.968
2026-02-02T22,612.062
2026-02-02T23,522.929
2026-02-03T00,460.069
2026-02-03T01,495.420
2026-02-03T02,583.798
2026-02-03T03,579.758
2026-02-03T04,583.293
2026-02-03T05,569.152
2026-02-03T06,558.547
2026-02-03T07,563.092
2026-02-03T08,638.592
2026-02-03T09,687.831
2026-02-03T10,1115.327
2026-02-03T11,1217.592
2026-02-03T12,1309.000
2026-02-03T13,1304.455
2026-02-03T14,1277.437
2026-02-03T15,1260.771
2026-02-03T16,1258.499
2026-02-03T17,1180.474
2026-02-03T18,945.641
2026-02-03T19,938.824
2026-02-03T20,917.108
2026-02-03T21,849.184
2026-02-03T22,594.908
2026-02-03T23,497.188
2026-02-04T00,462.085
2026-02-04T01,518.394
2026-02-04T02,587.580
2026-02-04T03,582.025
2026-02-04T04,587.580
2026-02-04T05,574.450
2026-02-04T06,507.031
2026-02-04T07,590.358
2026-02-04T08,544.149
2026-02-04T09,711.308
2026-02-04T10,1015.324
2026-02-04T11,1118.094
2026-02-04T12,1208.238
2026-02-04T13,1297.625
2026-02-04T14,1286.010
2026-02-04T15,1274.142
2026-02-04T16,1278.687
2026-02-04T17,1169.605
2026-02-04T18,1021.889
2026-02-04T19,1036.535
2026-02-04T20,1004.719
2026-02-04T21,935.280
2026-02-04T22,657.271
2026-02-04T23,584.802
2026-02-05T00,549.476
2026-02-05T01,536.093
2026-02-05T02,515.892
2026-02-05T03,510.084
2026-02-05T04,513.367
2026-02-05T05,473.721
2026-02-05T06,349.736
2026-02-05T07,422.461
2026-02-05T08,532.558
2026-02-05T09,703.259
2026-02-05T10,1030.016
2026-02-05T11,1147.941
2026-02-05T12,1279.502
2026-02-05T13,1284.805
2026-02-05T14,1278.492
2026-02-05T15,1240.615
2026-02-05T16,1224.454
2026-02-05T17,1127.992
2026-02-05T18,945.423
2026-02-05T19,946.433
2026-02-05T20,919.414
2026-02-05T21,850.224
2026-02-05T22,623.969
2026-02-05T23,509.074
2026-02-06T00,476.215
2026-02-06T01,562.065
2026-02-06T02,598.930
2026-02-06T03,585.800
2026-02-06T04,592.870
2026-02-06T05,534.543
2026-02-06T06,502.475
2026-02-06T07,551.713
2026-02-06T08,617.110
2026-02-06T09,733.008
2026-02-06T10,1020.858
2026-02-06T11,1172.358
2026-02-06T12,1314.768
2026-02-06T13,1318.303
2026-02-06T14,1300.375
2026-02-06T15,1277.398
2026-02-06T16,1269.823
2026-02-06T17,1145.340
2026-02-06T18,948.390
2026-02-06T19,962.278
2026-02-06T20,948.138
2026-02-06T21,886.023
2026-02-06T22,617.363
2026-02-06T23,395.415
2026-02-07T00,304.515
2026-02-07T01,343.400
2026-02-07T02,368.650
2026-02-07T03,361.327
2026-02-07T04,368.902
2026-02-07T05,357.540
2026-02-07T06,381.022
2026-02-07T07,399.960
2026-02-07T08,526.462
2026-02-07T09,944.350
2026-02-07T10,1273.105
2026-02-07T11,1331.180
2026-02-07T12,1323.857
2026-02-07T13,1353.905
2026-02-07T14,1331.685
2026-02-07T15,1312.495
2026-02-07T16,1310.222
2026-02-07T17,1276.387
2026-02-07T18,1302.647
2026-02-07T19,1309.465
2026-02-07T20,1299.112
2026-02-07T21,1239.522
2026-02-07T22,787.800
2026-02-07T23,405.262
2026-02-08T00,304.514
2026-02-08T01,280.022
2026-02-08T02,268.154
2026-02-08T03,259.317
2026-02-08T04,267.649
2026-02-08T05,263.609
2026-02-08T06,279.769
2026-02-08T07,304.009
2026-02-08T08,387.586
2026-02-08T09,503.736
2026-02-08T10,861.527
2026-02-08T11,1105.189
2026-02-08T12,1164.274
2026-02-08T13,1294.816
2026-02-08T14,1281.434
2026-02-08T15,1253.154
2026-02-08T16,1264.516
2026-02-08T17,1259.971
2026-02-08T18,1199.371
2026-02-08T19,1192.301
2026-02-08T20,1148.619
2026-02-08T21,864.557
2026-02-08T22,671.395
2026-02-08T23,591.858
2026-02-09T00,561.057
2026-02-09T01,623.677
2026-02-09T02,612.062
2026-02-09T03,602.972
2026-02-09T04,527.222
2026-02-09T05,512.577
2026-02-09T06,450.966
2026-02-09T07,511.567
2026-02-09T08,604.234
2026-02-09T09,698.670
2026-02-09T10,1065.806
2026-02-09T11,1215.034
2026-02-09T12,1272.099
2026-02-09T13,1311.489
2026-02-09T14,1289.269
2026-02-09T15,1222.104
2026-02-09T16,1247.859
2026-02-09T17,1152.666
2026-02-09T18,946.878
2026-02-09T19,956.725
2026-02-09T20,937.283
2026-02-09T21,854.968
2026-02-09T22,612.062
2026-02-09T23,522.929
2026-02-10T00,460.069
2026-02-10T01,495.420
2026-02-10T02,583.798
2026-02-10T03,579.758
2026-02-10T04,583.293
2026-02-10T05,569.152
2026-02-10T06,558.547
2026-02-10T07,563.092
2026-02-10T08,638.592
2026-02-10T09,687.831
2026-02-10T10,1115.327
2026-02-10T11,1217.592
2026-02-10T12,1309.000
2026-02-10T13,1304.455
2026-02-10T14,1277.437
2026-02-10T15,1260.771
2026-02-10T16,1258.499
2026-02-10T17,1180.474
2026-02-10T18,945.641
2026-02-10T19,938.824
2026-02-10T20,917.108
2026-02-10T21,849.184
2026-02-10T22,594.908
2026-02-10T23,497.188
2026-02-11T00,462.085
2026-02-11T01,518.394
2026-02-11T02,587.580
2026-02-11T03,582.025
2026-02-11T04,587.580
2026-02-11T05,574.450
2026-02-11T06,507.031
2026-02-11T07,590.358
2026-02-11T08,544.149
2026-02-11T09,711.308
2026-02-11T10,1015.324
2026-02-11T11,1118.094
2026-02-11T12,1208.238
2026-02-11T13,1297.625
2026-02-11T14,1286.010
2026-02-11T15,1274.142
2026-02-11T16,1278.687
2026-02-11T17,1169.605
2026-02-11T18,1021.889
2026-02-11T19,1036.535
2026-02-11T20,1004.719
2026-02-11T21,935.280
2026-02-11T22,657.271
2026-02-11T23,584.802
2026-02-12T00,549.448
2026-02-12T01,536.066
2026-02-12T02,515.865
2026-02-12T03,510.058
2026-02-12T04,513.340
2026-02-12T05,473.697
2026-02-12T06,349.718
2026-02-12T07,422.439
2026-02-12T08,532.531
2026-02-12T09,703.223
2026-02-12T10,1029.963
2026-02-12T11,1147.882
2026-02-12T12,1279.437
2026-02-12T13,1284.739
2026-02-12T14,1278.427
2026-02-12T15,1240.551
2026-02-12T16,1224.391
2026-02-12T17,1127.935
2026-02-12T18,945.374
2026-02-12T19,946.384
2026-02-12T20,919.366
2026-02-12T21,850.180
2026-02-12T22,623.937
2026-02-12T23,509.048
2026-02-13T00,476.215
2026-02-13T01,562.065
2026-02-13T02,598.930
2026-02-13T03,585.800
2026-02-13T04,592.870
2026-02-13T05,534.543
2026-02-13T06,502.475
2026-02-13T07,551.713
2026-02-13T08,617.110
2026-02-13T09,733.008
2026-02-13T10,1020.858
2026-02-13T11,1172.358
2026-02-13T12,1314.768
2026-02-13T13,1318.303
2026-02-13T14,1300.375
2026-02-13T15,1277.398
2026-02-13T16,1269.823
2026-02-13T17,1145.340
2026-02-13T18,948.390
2026-02-13T19,962.278
2026-02-13T20,948.138
2026-02-13T21,886.023
2026-02-13T22,617.363
2026-02-13T23,395.415
2026-02-14T00,304.515
2026-02-14T01,343.400
2026-02-14T02,368.650
2026-02-14T03,361.327
2026-02-14T04,368.902
2026-02-14T05,357.540
2026-02-14T06,381.022
2026-02-14T07,399.960
2026-02-14T08,526.462
2026-02-14T09,944.350
2026-02-14T10,1273.105
2026-02-14T11,1331.180
2026-02-14T12,1323.857
2026-02-14T13,1353.905
2026-02-14T14,1331.685
2026-02-14T15,1312.495
2026-02-14T16,1310.222
2026-02-14T17,1276.387
2026-02-14T18,1302.647
2026-02-14T19,1309.465
2026-02-14T20,1299.112
2026-02-14T21,1239.522
2026-02-14T22,787.800
2026-02-14T23,405.262
2026-02-15T00,304.514
2026-02-15T01,280.022
2026-02-15T02,268.154
2026-02-15T03,259.317
2026-02-15T04,267.649
2026-02-15T05,263.609
2026-02-15T06,279.769
2026-02-15T07,304.009
2026-02-15T08,387.586
2026-02-15T09,503.736
2026-02-15T10,861.527
2026-02-15T11,1105.189
2026-02-15T12,1164.274
2026-02-15T13,1294.816
2026-02-15T14,1281.434
2026-02-15T15,1253.154
2026-02-15T16,1264.516
2026-02-15T17,1259.971
2026-02-15T18,1199.371
2026-02-15T19,1192.301
2026-02-15T20,1148.619
2026-02-15T21,864.557
2026-02-15T22,671.395
2026-02-15T23,591.858
2026-02-16T00,561.057
2026-02-16T01,623.677
2026-02-16T02,612.062
2026-02-16T03,602.972
2026-02-16T04,527.222
2026-02-16T05,512.577
2026-02-16T06,450.966
2026-02-16T07,511.567
2026-02-16T08,604.234
2026-02-16T09,698.670
2026-02-16T10,1065.806
2026-02-16T11,1215.034
2026-02-16T12,1272.099
2026-02-16T13,1311.489
2026-02-16T14,1289.269
2026-02-16T15,1222.104
2026-02-16T16,1247.859
2026-02-16T17,1152.666
2026-02-16T18,946.878
2026-02-16T19,956.725
2026-02-16T20,937.283
2026-02-16T21,854.968
2026-02-16T22,612.062
2026-02-16T23,522.929
2026-02-17T00,460.069
2026-02-17T01,495.420
2026-02-17T02,583.798
2026-02-17T03,579.758
2026-02-17T04,583.293
2026-02-17T05,569.152
2026-02-17T06,558.547
2026-02-17T07,563.092
2026-02-17T08,638.592
2026-02-17T09,687.831
2026-02-17T10,1115.327
2026-02-17T11,1217.592
2026-02-17T12,1309.000
2026-02-17T13,1304.455
2026-02-17T14,1277.437
2026-02-17T15,1260.771
2026-02-17T16,1258.499
2026-02-17T17,1180.474
2026-02-17T18,945.641
2026-02-17T19,938.824
2026-02-17T20,917.108
2026-02-17T21,849.184
2026-02-17T22,594.908
2026-02-17T23,497.188
2026-02-18T00,462.085
2026-02-18T01,518.394
2026-02-18T02,587.580
2026-02-18T03,582.025
2026-02-18T04,587.580
2026-02-18T05,574.450
2026-02-18T06,507.031
2026-02-18T07,590.358
2026-02-18T08,544.149
2026-02-18T09,711.308
2026-02-18T10,1015.324
2026-02-18T11,1118.094
2026-02-18T12,1208.238
2026-02-18T13,1297.625
2026-02-18T14,1286.010
2026-02-18T15,1274.142
2026-02-18T16,1278.687
2026-02-18T17,1169.605
2026-02-18T18,1021.889
2026-02-18T19,1036.535
2026-02-18T20,1004.719
2026-02-18T21,935.280
2026-02-18T22,657.271
2026-02-18T23,584.802
2026-02-19T00,549.448
2026-02-19T01,536.066
2026-02-19T02,515.865
2026-02-19T03,510.058
2026-02-19T04,513.340
2026-02-19T05,473.697
2026-02-19T06,349.718
2026-02-19T07,422.439
2026-02-19T08,532.531
2026-02-19T09,703.223
2026-02-19T10,1029.963
2026-02-19T11,1147.882
2026-02-19T12,1279.437
2026-02-19T13,1284.739
2026-02-19T14,1278.427
2026-02-19T15,1240.551
2026-02-19T16,1224.391
2026-02-19T17,1127.935
2026-02-19T18,945.374
2026-02-19T19,946.384
2026-02-19T20,919.366
2026-02-19T21,850.180
2026-02-19T22,623.937
2026-02-19T23,509.048
2026-02-20T00,476.215
2026-02-20T01,562.065
2026-02-20T02,598.930
2026-02-20T03,585.800
2026-02-20T04,592.870
2026-02-20T05,534.543
2026-02-20T06,502.475
2026-02-20T07,551.713
2026-02-20T08,617.110
2026-02-20T09,733.008
2026-02-20T10,1020.858
2026-02-20T11,1172.358
2026-02-20T12,1314.768
2026-02-20T13,1318.303
2026-02-20T14,1300.375
2026-02-20T15,1277.398
2026-02-20T16,1269.823
2026-02-20T17,1145.340
2026-02-20T18,948.390
2026-02-20T19,962.278
2026-02-20T20,948.138
2026-02-20T21,886.023
2026-02-20T22,617.363
2026-02-20T23,395.415
2026-02-21T00,304.515
2026-02-21T01,343.400
2026-02-21T02,368.650
2026-02-21T03,361.327
2026-02-21T04,368.902
2026-02-21T05,357.540
2026-02-21T06,381.022
2026-02-21T07,399.960
2026-02-21T08,526.462
2026-02-21T09,944.350
2026-02-21T10,1273.105
2026-02-21T11,1331.180
2026-02-21T12,1323.857
2026-02-21T13,1353.905
2026-02-21T14,1331.685
2026-02-21T15,1312.495
2026-02-21T16,1310.222
2026-02-21T17,1276.387
2026-02-21T18,1302.647
2026-02-21T19,1309.465
2026-02-21T20,1299.112
2026-02-21T21,1239.522
2026-02-21T22,787.800
2026-02-21T23,405.262
2026-02-22T00,304.514
2026-02-22T01,280.022
2026-02-22T02,268.154
2026-02-22T03,259.317
2026-02-22T04,267.649
2026-02-22T05,263.609
2026-02-22T06,279.769
2026-02-22T07,304.009
2026-02-22T08,387.586
2026-02-22T09,503.736
2026-02-22T10,861.527
2026-02-22T11,1105.189
2026-02-22T12,1164.274
2026-02-22T13,1294.816
2026-02-22T14,1281.434
2026-02-22T15,1253.154
2026-02-22T16,1264.516
2026-02-22T17,1259.971
2026-02-22T18,1199.371
2026-02-22T19,1192.301
2026-02-22T20,1148.619
2026-02-22T21,864.557
2026-02-22T22,671.395
2026-02-22T23,591.858
2026-02-23T00,561.057
2026-02-23T01,623.677
2026-02-23T02,612.062
2026-02-23T03,602.972
2026-02-23T04,527.222
2026-02-23T05,512.577
2026-02-23T06,450.966
2026-02-23T07,511.567
2026-02-23T08,604.234
2026-02-23T09,698.670
2026-02-23T10,1065.806
2026-02-23T11,1215.034
2026-02-23T12,1272.099
2026-02-23T13,1311.489
2026-02-23T14,1289.269
2026-02-23T15,1222.104
2026-02-23T16,1247.859
2026-02-23T17,1152.666
2026-02-23T18,946.878
2026-02-23T19,956.725
2026-02-23T20,937.283
2026-02-23T21,854.968
2026-02-23T22,612.062
2026-02-23T23,522.929
2026-02-24T00,460.069
2026-02-24T01,495.420
2026-02-24T02,583.798
2026-02-24T03,579.758
2026-02-24T04,583.293
2026-02-24T05,569.152
2026-02-24T06,558.547
2026-02-24T07,563.092
2026-02-24T08,638.592
2026-02-24T09,687.831
2026-02-24T10,1115.327
2026-02-24T11,1217.592
2026-02-24T12,1309.000
2026-02-24T13,1304.455
2026-02-24T14,1277.437
2026-02-24T15,1260.771
2026-02-24T16,1258.499
2026-02-24T17,1180.474
2026-02-24T18,945.641
2026-02-24T19,938.824
2026-02-24T20,917.108
2026-02-24T21,849.184
2026-02-24T22,594.908
2026-02-24T23,497.188
2026-02-25T00,462.085
2026-02-25T01,518.394
2026-02-25T02,587.580
2026-02-25T03,582.025
2026-02-25T04,587.580
2026-02-25T05,574.450
2026-02-25T06,507.031
2026-02-25T07,590.358
2026-02-25T08,544.149
2026-02-25T09,711.308
2026-02-25T10,1015.324
2026-02-25T11,1118.094
2026-02-25T12,1208.238
2026-02-25T13,1297.625
2026-02-25T14,1286.010
2026-02-25T15,1274.142
2026-02-25T16,1278.687
2026-02-25T17,1169.605
2026-02-25T18,1021.889
2026-02-25T19,1036.535
2026-02-25T20,1004.719
2026-02-25T21,935.280
2026-02-25T22,657.271
2026-02-25T23,584.802
2026-02-26T00,549.448
2026-02-26T01,536.066
2026-02-26T02,515.865
2026-02-26T03,510.058
2026-02-26T04,513.340
2026-02-26T05,473.697
2026-02-26T06,349.718
2026-02-26T07,422.439
2026-02-26T08,532.531
2026-02-26T09,703.223
2026-02-26T10,1029.963
2026-02-26T11,1147.882
2026-02-26T12,1279.437
2026-02-26T13,1284.739
2026-02-26T14,1278.427
2026-02-26T15,1240.551
2026-02-26T16,1224.391
2026-02-26T17,1127.935
2026-02-26T18,945.374
2026-02-26T19,946.384
2026-02-26T20,919.366
2026-02-26T21,850.180
2026-02-26T22,623.937
2026-02-26T23,509.048
2026-02-27T00,476.215
2026-02-27T01,562.065
2026-02-27T02,598.930
2026-02-27T03,585.800
2026-02-27T04,592.870
2026-02-27T05,534.543
2026-02-27T06,502.475
2026-02-27T07,551.713
2026-02-27T08,617.110
2026-02-27T09,733.008
2026-02-27T10,1020.858
2026-02-27T11,1172.358
2026-02-27T12,1314.768
2026-02-27T13,1318.303
2026-02-27T14,1300.375
2026-02-27T15,1277.398
2026-02-27T16,1269.823
2026-02-27T17,1145.340
2026-02-27T18,948.390
2026-02-27T19,962.278
2026-02-27T20,948.138
2026-02-27T21,886.023
2026-02-27T22,617.363
2026-02-27T23,395.415
2026-02-28T00,304.515
2026-02-28T01,343.401
2026-02-28T02,368.651
2026-02-28T03,361.328
2026-02-28T04,368.903
2026-02-28T05,357.541
2026-02-28T06,381.023
2026-02-28T07,399.961
2026-02-28T08,526.463
2026-02-28T09,944.351
2026-02-28T10,1273.107
2026-02-28T11,1331.182
2026-02-28T12,1323.860
2026-02-28T13,1353.907
2026-02-28T14,1331.687
2026-02-28T15,1312.497
2026-02-28T16,1310.225
2026-02-28T17,1276.389
2026-02-28T18,1302.649
2026-02-28T19,1309.467
2026-02-28T20,1299.114
2026-02-28T21,1239.524
2026-02-28T22,787.801
2026-02-28T23,405.263
2026-03-01T00,250.415
2026-03-01T01,241.201
2026-03-01T02,228.119
2026-03-01T03,224.433
2026-03-01T04,228.671
2026-03-01T05,228.671
2026-03-01T06,236.595
2026-03-01T07,258.522
2026-03-01T08,332.596
2026-03-01T09,430.993
2026-03-01T10,616.363
2026-03-01T11,980.652
2026-03-01T12,1013.267
2026-03-01T13,1140.777
2026-03-01T14,1129.722
2026-03-01T15,1101.898
2026-03-01T16,1105.951
2026-03-01T17,1108.531
2026-03-01T18,1044.776
2026-03-01T19,1019.163
2026-03-01T20,964.253
2026-03-01T21,627.418
2026-03-01T22,622.996
2026-03-01T23,571.586
2026-03-02T00,539.884
2026-03-02T01,533.803
2026-03-02T02,519.983
2026-03-02T03,516.483
2026-03-02T04,517.957
2026-03-02T05,505.795
2026-03-02T06,293.343
2026-03-02T07,353.228
2026-03-02T08,453.834
2026-03-02T09,584.843
2026-03-02T10,775.921
2026-03-02T11,849.441
2026-03-02T12,1029.464
2026-03-02T13,1112.566
2026-03-02T14,1147.759
2026-03-02T15,1127.306
2026-03-02T16,1048.074
2026-03-02T17,986.900
2026-03-02T18,830.831
2026-03-02T19,830.278
2026-03-02T20,808.351
2026-03-02T21,719.538
2026-03-02T22,687.845
2026-03-02T23,575.262
2026-03-03T00,566.141
2026-03-03T01,557.158
2026-03-03T02,543.109
2026-03-03T03,540.345
2026-03-03T04,540.575
2026-03-03T05,522.610
2026-03-03T06,300.806
2026-03-03T07,357.926
2026-03-03T08,438.080
2026-03-03T09,590.095
2026-03-03T10,778.041
2026-03-03T11,891.592
2026-03-03T12,1097.964
2026-03-03T13,1138.962
2026-03-03T14,1125.603
2026-03-03T15,1115.238
2026-03-03T16,1060.190
2026-03-03T17,952.628
2026-03-03T18,823.646
2026-03-03T19,828.482
2026-03-03T20,802.225
2026-03-03T21,739.577
2026-03-03T22,683.607
2026-03-03T23,594.471
2026-03-04T00,559.413
2026-03-04T01,552.504
2026-03-04T02,538.225
2026-03-04T03,533.388
2026-03-04T04,533.158
2026-03-04T05,504.830
2026-03-04T06,295.022
2026-03-04T07,367.338
2026-03-04T08,454.393
2026-03-04T09,601.098
2026-03-04T10,797.779
2026-03-04T11,848.907
2026-03-04T12,1106.389
2026-03-04T13,1150.838
2026-03-04T14,1125.735
2026-03-04T15,1105.238
2026-03-04T16,1056.182
2026-03-04T17,978.339
2026-03-04T18,818.277
2026-03-04T19,820.119
2026-03-04T20,798.010
2026-03-04T21,735.366
2026-03-04T22,676.638
2026-03-04T23,575.534
2026-03-05T00,552.329
2026-03-05T01,543.807
2026-03-05T02,528.145
2026-03-05T03,524.920
2026-03-05T04,523.308
2026-03-05T05,491.062
2026-03-05T06,295.282
2026-03-05T07,358.622
2026-03-05T08,445.917
2026-03-05T09,583.654
2026-03-05T10,781.046
2026-03-05T11,824.578
2026-03-05T12,1031.183
2026-03-05T13,1086.232
2026-03-05T14,1090.839
2026-03-05T15,1074.255
2026-03-05T16,1025.425
2026-03-05T17,968.073
2026-03-05T18,810.068
2026-03-05T19,812.831
2026-03-05T20,784.040
2026-03-05T21,729.683
2026-03-05T22,637.781
2026-03-05T23,565.919
2026-03-06T00,541.703
2026-03-06T01,531.108
2026-03-06T02,515.216
2026-03-06T03,511.762
2026-03-06T04,511.071
2026-03-06T05,483.202
2026-03-06T06,291.119
2026-03-06T07,366.893
2026-03-06T08,461.783
2026-03-06T09,593.063
2026-03-06T10,794.589
2026-03-06T11,839.962
2026-03-06T12,1095.152
2026-03-06T13,1152.730
2026-03-06T14,1140.063
2026-03-06T15,1117.492
2026-03-06T16,1072.581
2026-03-06T17,998.649
2026-03-06T18,827.985
2026-03-06T19,831.210
2026-03-06T20,817.160
2026-03-06T21,775.013
2026-03-06T22,551.606
2026-03-06T23,326.357
2026-03-07T00,269.944
2026-03-07T01,260.547
2026-03-07T02,244.700
2026-03-07T03,238.435
2026-03-07T04,241.199
2026-03-07T05,235.487
2026-03-07T06,271.602
2026-03-07T07,340.332
2026-03-07T08,428.041
2026-03-07T09,716.779
2026-03-07T10,1121.419
2026-03-07T11,1156.981
2026-03-07T12,1171.538
2026-03-07T13,1172.275
2026-03-07T14,1161.035
2026-03-07T15,1151.269
2026-03-07T16,1138.739
2026-03-07T17,1144.083
2026-03-07T18,1134.133
2026-03-07T19,1140.951
2026-03-07T20,1138.739
2026-03-07T21,1091.937
2026-03-07T22,650.445
2026-03-07T23,336.278
2026-03-08T00,250.415
2026-03-08T01,241.201
2026-03-08T02,228.119
2026-03-08T03,224.433
2026-03-08T04,228.671
2026-03-08T05,228.671
2026-03-08T06,236.595
2026-03-08T07,258.522
2026-03-08T08,332.596
2026-03-08T09,430.993
2026-03-08T10,616.363
2026-03-08T11,980.652
2026-03-08T12,1013.267
2026-03-08T13,1140.777
2026-03-08T14,1129.722
2026-03-08T15,1101.898
2026-03-08T16,1105.951
2026-03-08T17,1108.531
2026-03-08T18,1044.776
2026-03-08T19,1019.163
2026-03-08T20,964.253
2026-03-08T21,627.418
2026-03-08T22,622.996
2026-03-08T23,571.586
2026-03-09T00,539.884
2026-03-09T01,533.803
2026-03-09T02,519.983
2026-03-09T03,516.483
2026-03-09T04,517.957
2026-03-09T05,505.795
2026-03-09T06,293.343
2026-03-09T07,353.228
2026-03-09T08,453.834
2026-03-09T09,584.843
2026-03-09T10,775.921
2026-03-09T11,849.441
2026-03-09T12,1029.464
2026-03-09T13,1112.566
2026-03-09T14,1147.759
2026-03-09T15,1127.306
2026-03-09T16,1048.074
2026-03-09T17,986.900
2026-03-09T18,830.831
2026-03-09T19,830.278
2026-03-09T20,808.351
2026-03-09T21,719.538
2026-03-09T22,687.845
2026-03-09T23,575.262
2026-03-10T00,566.141
2026-03-10T01,557.158
2026-03-10T02,543.109
2026-03-10T03,540.345
2026-03-10T04,540.575
2026-03-10T05,522.610
2026-03-10T06,300.806
2026-03-10T07,357.926
2026-03-10T08,438.080
2026-03-10T09,590.095
2026-03-10T10,778.041
2026-03-10T11,891.592
2026-03-10T12,1097.964
2026-03-10T13,1138.962
2026-03-10T14,1125.603
2026-03-10T15,1115.238
2026-03-10T16,1060.190
2026-03-10T17,952.628
2026-03-10T18,823.646
2026-03-10T19,828.482
2026-03-10T20,802.225
2026-03-10T21,739.577
2026-03-10T22,683.607
2026-03-10T23,594.471
2026-03-11T00,559.413
2026-03-11T01,552.504
2026-03-11T02,538.225
2026-03-11T03,533.388
2026-03-11T04,533.158
2026-03-11T05,504.830
2026-03-11T06,295.022
2026-03-11T07,367.338
2026-03-11T08,454.393
2026-03-11T09,601.098
2026-03-11T10,797.779
2026-03-11T11,848.907
2026-03-11T12,1106.389
2026-03-11T13,1150.838
2026-03-11T14,1125.735
2026-03-11T15,1105.238
2026-03-11T16,1056.182
2026-03-11T17,978.339
2026-03-11T18,818.277
2026-03-11T19,820.119
2026-03-11T20,798.010
2026-03-11T21,735.366
2026-03-11T22,676.638
2026-03-11T23,575.534
2026-03-12T00,552.329
2026-03-12T01,543.807
2026-03-12T02,528.145
2026-03-12T03,524.920
2026-03-12T04,523.308
2026-03-12T05,491.062
2026-03-12T06,295.282
2026-03-12T07,358.622
2026-03-12T08,445.917
2026-03-12T09,583.654
2026-03-12T10,781.046
2026-03-12T11,824.578
2026-03-12T12,1031.183
2026-03-12T13,1086.232
2026-03-12T14,1090.839
2026-03-12T15,1074.255
2026-03-12T16,1025.425
2026-03-12T17,968.073
2026-03-12T18,810.068
2026-03-12T19,812.831
2026-03-12T20,784.040
2026-03-12T21,729.683
2026-03-12T22,637.781
2026-03-12T23,565.919
2026-03-13T00,541.703
2026-03-13T01,531.108
2026-03-13T02,515.216
2026-03-13T03,511.762
2026-03-13T04,511.071
2026-03-13T05,483.202
2026-03-13T06,291.119
2026-03-13T07,366.893
2026-03-13T08,461.783
2026-03-13T09,593.063
2026-03-13T10,794.589
2026-03-13T11,839.962
2026-03-13T12,1095.152
2026-03-13T13,1152.730
2026-03-13T14,1140.063
2026-03-13T15,1117.492
2026-03-13T16,1072.581
2026-03-13T17,998.649
2026-03-13T18,827.985
2026-03-13T19,831.210
2026-03-13T20,817.160
2026-03-13T21,775.013
2026-03-13T22,551.606
2026-03-13T23,326.357
2026-03-14T00,269.944
2026-03-14T01,260.547
2026-03-14T02,244.700
2026-03-14T03,238.435
2026-03-14T04,241.199
2026-03-14T05,235.487
2026-03-14T06,271.602
2026-03-14T07,340.332
2026-03-14T08,428.041
2026-03-14T09,716.779
2026-03-14T10,1121.419
2026-03-14T11,1156.981
2026-03-14T12,1171.538
2026-03-14T13,1172.275
2026-03-14T14,1161.035
2026-03-14T15,1151.269
2026-03-14T16,1138.739
2026-03-14T17,1144.083
2026-03-14T18,1134.133
2026-03-14T19,1140.951
2026-03-14T20,1138.739
2026-03-14T21,1091.937
2026-03-14T22,650.445
2026-03-14T23,336.278
2026-03-15T00,250.415
2026-03-15T01,241.201
2026-03-15T02,228.119
2026-03-15T03,224.433
2026-03-15T04,228.671
2026-03-15T05,228.671
2026-03-15T06,236.595
2026-03-15T07,258.522
2026-03-15T08,332.596
2026-03-15T09,430.993
2026-03-15T10,616.363
2026-03-15T11,980.652
2026-03-15T12,1013.267
2026-03-15T13,1140.777
2026-03-15T14,1129.722
2026-03-15T15,1101.898
2026-03-15T16,1105.951
2026-03-15T17,1108.531
2026-03-15T18,1044.776
2026-03-15T19,1019.163
2026-03-15T20,964.253
2026-03-15T21,627.418
2026-03-15T22,622.996
2026-03-15T23,571.586
2026-03-16T00,539.884
2026-03-16T01,533.803
2026-03-16T02,519.983
2026-03-16T03,516.483
2026-03-16T04,517.957
2026-03-16T05,505.795
2026-03-16T06,293.343
2026-03-16T07,353.228
2026-03-16T08,453.834
2026-03-16T09,584.843
2026-03-16T10,775.921
2026-03-16T11,849.441
2026-03-16T12,1029.464
2026-03-16T13,1112.566
2026-03-16T14,1147.759
2026-03-16T15,1127.306
2026-03-16T16,1048.074
2026-03-16T17,986.900
2026-03-16T18,830.831
2026-03-16T19,830.278
2026-03-16T20,808.351
2026-03-16T21,719.538
2026-03-16T22,687.845
2026-03-16T23,575.262
2026-03-17T00,566.141
2026-03-17T01,557.158
2026-03-17T02,543.109
2026-03-17T03,540.345
2026-03-17T04,540.575
2026-03-17T05,522.610
2026-03-17T06,300.806
2026-03-17T07,357.926
2026-03-17T08,438.080
2026-03-17T09,590.095
2026-03-17T10,778.041
2026-03-17T11,891.592
2026-03-17T12,1097.964
2026-03-17T13,1138.962
2026-03-17T14,1125.603
2026-03-17T15,1115.238
2026-03-17T16,1060.190
2026-03-17T17,952.628
2026-03-17T18,823.646
2026-03-17T19,828.482
2026-03-17T20,802.225
2026-03-17T21,739.577
2026-03-17T22,683.607
2026-03-17T23,594.471
2026-03-18T00,559.413
2026-03-18T01,552.504
2026-03-18T02,538.225
2026-03-18T03,533.388
2026-03-18T04,533.158
2026-03-18T05,504.830
2026-03-18T06,295.022
2026-03-18T07,367.338
2026-03-18T08,454.393
2026-03-18T09,601.098
2026-03-18T10,797.779
2026-03-18T11,848.907
2026-03-18T12,1106.389
2026-03-18T13,1150.838
2026-03-18T14,1125.735
2026-03-18T15,1105.238
2026-03-18T16,1056.182
2026-03-18T17,978.339
2026-03-18T18,818.277
2026-03-18T19,820.119
2026-03-18T20,798.010
2026-03-18T21,735.366
2026-03-18T22,676.638
2026-03-18T23,575.534
2026-03-19T00,552.329
2026-03-19T01,543.807
2026-03-19T02,528.145
2026-03-19T03,524.920
2026-03-19T04,523.308
2026-03-19T05,491.062
2026-03-19T06,295.282
2026-03-19T07,358.622
2026-03-19T08,445.917
2026-03-19T09,583.654
2026-03-19T10,781.046
2026-03-19T11,824.578
2026-03-19T12,1031.183
2026-03-19T13,1086.232
2026-03-19T14,1090.839
2026-03-19T15,1074.255
2026-03-19T16,1025.425
2026-03-19T17,968.073
2026-03-19T18,810.068
2026-03-19T19,812.831
2026-03-19T20,784.040
2026-03-19T21,729.683
2026-03-19T22,637.781
2026-03-19T23,565.919
2026-03-20T00,541.703
2026-03-20T01,531.108
2026-03-20T02,515.216
2026-03-20T03,511.762
2026-03-20T04,511.071
2026-03-20T05,483.202
2026-03-20T06,291.119
2026-03-20T07,366.893
2026-03-20T08,461.783
2026-03-20T09,593.063
2026-03-20T10,794.589
2026-03-20T11,839.962
2026-03-20T12,1095.152
2026-03-20T13,1152.730
2026-03-20T14,1140.063
2026-03-20T15,1117.492
2026-03-20T16,1072.581
2026-03-20T17,998.649
2026-03-20T18,827.985
2026-03-20T19,831.210
2026-03-20T20,817.160
2026-03-20T21,775.013
2026-03-20T22,551.606
2026-03-20T23,326.357
2026-03-21T00,269.944
2026-03-21T01,260.547
2026-03-21T02,244.700
2026-03-21T03,238.435
2026-03-21T04,241.199
2026-03-21T05,235.487
2026-03-21T06,271.602
2026-03-21T07,340.332
2026-03-21T08,428.041
2026-03-21T09,716.779
2026-03-21T10,1121.419
2026-03-21T11,1156.981
2026-03-21T12,1171.538
2026-03-21T13,1172.275
2026-03-21T14,1161.035
2026-03-21T15,1151.269
2026-03-21T16,1138.739
2026-03-21T17,1144.083
2026-03-21T18,1134.133
2026-03-21T19,1140.951
2026-03-21T20,1138.739
2026-03-21T21,1091.937
2026-03-21T22,650.445
2026-03-21T23,336.278
2026-03-22T00,250.415
2026-03-22T01,241.201
2026-03-22T02,228.119
2026-03-22T03,224.433
2026-03-22T04,228.671
2026-03-22T05,228.671
2026-03-22T06,236.595
2026-03-22T07,258.522
2026-03-22T08,332.596
2026-03-22T09,430.993
2026-03-22T10,616.363
2026-03-22T11,980.652
2026-03-22T12,1013.267
2026-03-22T13,1140.777
2026-03-22T14,1129.722
2026-03-22T15,1101.898
2026-03-22T16,1105.951
2026-03-22T17,1108.531
2026-03-22T18,1044.776
2026-03-22T19,1019.163
2026-03-22T20,964.253
2026-03-22T21,627.418
2026-03-22T22,622.996
2026-03-22T23,571.586
2026-03-23T00,539.884
2026-03-23T01,533.803
2026-03-23T02,519.983
2026-03-23T03,516.483
2026-03-23T04,517.957
2026-03-23T05,505.795
2026-03-23T06,293.343
2026-03-23T07,353.228
2026-03-23T08,453.834
2026-03-23T09,584.843
2026-03-23T10,775.921
2026-03-23T11,849.441
2026-03-23T12,1029.464
2026-03-23T13,1112.566
2026-03-23T14,1147.759
2026-03-23T15,1127.306
2026-03-23T16,1048.074
2026-03-23T17,986.900
2026-03-23T18,830.831
2026-03-23T19,830.278
2026-03-23T20,808.351
2026-03-23T21,719.538
2026-03-23T22,687.845
2026-03-23T23,575.262
2026-03-24T00,566.141
2026-03-24T01,557.158
2026-03-24T02,543.109
2026-03-24T03,540.345
2026-03-24T04,540.575
2026-03-24T05,522.610
2026-03-24T06,300.806
2026-03-24T07,357.926
2026-03-24T08,438.080
2026-03-24T09,590.095
2026-03-24T10,778.041
2026-03-24T11,891.592
2026-03-24T12,1097.964
2026-03-24T13,1138.962
2026-03-24T14,1125.603
2026-03-24T15,1115.238
2026-03-24T16,1060.190
2026-03-24T17,952.628
2026-03-24T18,823.646
2026-03-24T19,828.482
2026-03-24T20,802.225
2026-03-24T21,739.577
2026-03-24T22,683.607
2026-03-24T23,594.471
2026-03-25T00,559.413
2026-03-25T01,552.504
2026-03-25T02,538.225
2026-03-25T03,533.388
2026-03-25T04,533.158
2026-03-25T05,504.830
2026-03-25T06,295.022
2026-03-25T07,367.338
2026-03-25T08,454.393
2026-03-25T09,601.098
2026-03-25T10,797.779
2026-03-25T11,848.907
2026-03-25T12,1106.389
2026-03-25T13,1150.838
2026-03-25T14,1125.735
2026-03-25T15,1105.238
2026-03-25T16,1056.182
2026-03-25T17,978.339
2026-03-25T18,818.277
2026-03-25T19,820.119
2026-03-25T20,798.010
2026-03-25T21,735.366
2026-03-25T22,676.638
2026-03-25T23,575.534
2026-03-26T00,552.329
2026-03-26T01,543.807
2026-03-26T02,528.145
2026-03-26T03,524.920
2026-03-26T04,523.308
2026-03-26T05,491.062
2026-03-26T06,295.282
2026-03-26T07,358.622
2026-03-26T08,445.917
2026-03-26T09,583.654
2026-03-26T10,781.046
2026-03-26T11,824.578
2026-03-26T12,1031.183
2026-03-26T13,1086.232
2026-03-26T14,1090.839
2026-03-26T15,1074.255
2026-03-26T16,1025.425
2026-03-26T17,968.073
2026-03-26T18,810.068
2026-03-26T19,812.831
2026-03-26T20,784.040
2026-03-26T21,729.683
2026-03-26T22,637.781
2026-03-26T23,565.919
2026-03-27T00,541.703
2026-03-27T01,531.108
2026-03-27T02,515.216
2026-03-27T03,511.762
2026-03-27T04,511.071
2026-03-27T05,483.202
2026-03-27T06,291.119
2026-03-27T07,366.893
2026-03-27T08,461.783
2026-03-27T09,593.063
2026-03-27T10,794.589
2026-03-27T11,839.962
2026-03-27T12,1095.152
2026-03-27T13,1152.730
2026-03-27T14,1140.063
2026-03-27T15,1117.492
2026-03-27T16,1072.581
2026-03-27T17,998.649
2026-03-27T18,827.985
2026-03-27T19,831.210
2026-03-27T20,817.160
2026-03-27T21,775.013
2026-03-27T22,551.606
2026-03-27T23,326.357
2026-03-28T00,269.944
2026-03-28T01,260.547
2026-03-28T02,244.700
2026-03-28T03,238.435
2026-03-28T04,241.199
2026-03-28T05,235.487
2026-03-28T06,271.602
2026-03-28T07,340.332
2026-03-28T08,428.041
2026-03-28T09,716.779
2026-03-28T10,1121.419
2026-03-28T11,1156.981
2026-03-28T12,1171.538
2026-03-28T13,1172.275
2026-03-28T14,1161.035
2026-03-28T15,1151.269
2026-03-28T16,1138.739
2026-03-28T17,1144.083
2026-03-28T18,1134.133
2026-03-28T19,1140.951
2026-03-28T20,1138.739
2026-03-28T21,1091.937
2026-03-28T22,650.445
2026-03-28T23,336.278
2026-03-29T00,250.415
2026-03-29T01,241.201
2026-03-29T02,228.119
2026-03-29T03,224.433
2026-03-29T04,228.671
2026-03-29T05,228.671
2026-03-29T06,236.595
2026-03-29T07,258.522
2026-03-29T08,332.596
2026-03-29T09,430.993
2026-03-29T10,616.363
2026-03-29T11,980.652
2026-03-29T12,1013.267
2026-03-29T13,1140.777
2026-03-29T14,1129.722
2026-03-29T15,1101.898
2026-03-29T16,1105.951
2026-03-29T17,1108.531
2026-03-29T18,1044.776
2026-03-29T19,1019.163
2026-03-29T20,964.253
2026-03-29T21,627.418
2026-03-29T22,622.996
2026-03-29T23,571.586
2026-03-30T00,539.884
2026-03-30T01,533.803
2026-03-30T02,519.983
2026-03-30T03,516.483
2026-03-30T04,517.957
2026-03-30T05,505.795
2026-03-30T06,293.343
2026-03-30T07,353.228
2026-03-30T08,453.834
2026-03-30T09,584.843
2026-03-30T10,775.921
2026-03-30T11,849.441
2026-03-30T12,1029.464
2026-03-30T13,1112.566
2026-03-30T14,1147.759
2026-03-30T15,1127.306
2026-03-30T16,1048.074
2026-03-30T17,986.900
2026-03-30T18,830.831
2026-03-30T19,830.278
2026-03-30T20,808.351
2026-03-30T21,719.538
2026-03-30T22,687.845
2026-03-30T23,575.262
2026-03-31T00,566.142
2026-03-31T01,557.159
2026-03-31T02,543.109
2026-03-31T03,540.346
2026-03-31T04,540.576
2026-03-31T05,522.610
2026-03-31T06,300.806
2026-03-31T07,357.927
2026-03-31T08,438.081
2026-03-31T09,590.096
2026-03-31T10,778.042
2026-03-31T11,891.593
2026-03-31T12,1097.966
2026-03-31T13,1138.964
2026-03-31T14,1125.605
2026-03-31T15,1115.240
2026-03-31T16,1060.192
2026-03-31T17,952.630
2026-03-31T18,823.647
2026-03-31T19,828.484
2026-03-31T20,802.227
2026-03-31T21,739.578
2026-03-31T22,683.609
2026-03-31T23,594.472
2026-04-01T00,664.622
2026-04-01T01,654.084
2026-04-01T02,632.050
2026-04-01T03,625.823
2026-04-01T04,625.344
2026-04-01T05,602.591
2026-04-01T06,354.944
2026-04-01T07,422.724
2026-04-01T08,513.735
2026-04-01T09,667.017
2026-04-01T10,935.022
2026-04-01T11,1001.604
2026-04-01T12,1340.980
2026-04-01T13,1329.005
2026-04-01T14,1306.491
2026-04-01T15,1268.171
2026-04-01T16,1182.908
2026-04-01T17,1158.478
2026-04-01T18,982.204
2026-04-01T19,984.599
2026-04-01T20,944.362
2026-04-01T21,873.709
2026-04-01T22,722.103
2026-04-01T23,596.843
2026-04-02T00,626.644
2026-04-02T01,621.853
2026-04-02T02,635.326
2026-04-02T03,628.440
2026-04-02T04,625.745
2026-04-02T05,598.500
2026-04-02T06,378.441
2026-04-02T07,465.567
2026-04-02T08,571.255
2026-04-02T09,725.446
2026-04-02T10,984.726
2026-04-02T11,1025.145
2026-04-02T12,1387.418
2026-04-02T13,1397.298
2026-04-02T14,1355.981
2026-04-02T15,1296.700
2026-04-02T16,1270.054
2026-04-02T17,1235.024
2026-04-02T18,1026.342
2026-04-02T19,1020.953
2026-04-02T20,980.534
2026-04-02T21,916.163
2026-04-02T22,734.427
2026-04-02T23,609.578
2026-04-03T00,582.908
2026-04-03T01,578.417
2026-04-03T02,559.855
2026-04-03T03,562.550
2026-04-03T04,560.454
2026-04-03T05,529.917
2026-04-03T06,366.151
2026-04-03T07,448.782
2026-04-03T08,556.861
2026-04-03T09,691.287
2026-04-03T10,955.646
2026-04-03T11,1086.179
2026-04-03T12,1345.449
2026-04-03T13,1409.219
2026-04-03T14,1409.219
2026-04-03T15,1389.459
2026-04-03T16,1294.254
2026-04-03T17,1277.189
2026-04-03T18,1149.949
2026-04-03T19,1131.387
2026-04-03T20,1092.766
2026-04-03T21,937.084
2026-04-03T22,641.588
2026-04-03T23,401.779
2026-04-04T00,329.616
2026-04-04T01,323.030
2026-04-04T02,301.474
2026-04-04T03,296.385
2026-04-04T04,294.289
2026-04-04T05,296.684
2026-04-04T06,350.872
2026-04-04T07,433.800
2026-04-04T08,543.672
2026-04-04T09,775.990
2026-04-04T10,1410.972
2026-04-04T11,1448.993
2026-04-04T12,1476.536
2026-04-04T13,1484.619
2026-04-04T14,1477.134
2026-04-04T15,1468.752
2026-04-04T16,1436.718
2026-04-04T17,1437.317
2026-04-04T18,1295.412
2026-04-04T19,1384.327
2026-04-04T20,1408.876
2026-04-04T21,1327.744
2026-04-04T22,775.690
2026-04-04T23,419.729
2026-04-05T00,341.889
2026-04-05T01,329.016
2026-04-05T02,307.760
2026-04-05T03,305.665
2026-04-05T04,297.282
2026-04-05T05,292.193
2026-04-05T06,299.977
2026-04-05T07,325.124
2026-04-05T08,423.320
2026-04-05T09,544.568
2026-04-05T10,704.735
2026-04-05T11,1216.072
2026-04-05T12,1260.380
2026-04-05T13,1397.495
2026-04-05T14,1386.718
2026-04-05T15,1392.705
2026-04-05T16,1372.946
2026-04-05T17,1357.379
2026-04-05T18,1294.509
2026-04-05T19,1264.572
2026-04-05T20,1216.971
2026-04-05T21,819.996
2026-04-05T22,604.144
2026-04-05T23,513.732
2026-04-06T00,481.721
2026-04-06T01,479.625
2026-04-06T02,462.560
2026-04-06T03,460.464
2026-04-06T04,458.668
2026-04-06T05,450.584
2026-04-06T06,356.875
2026-04-06T07,422.442
2026-04-06T08,525.732
2026-04-06T09,647.883
2026-04-06T10,874.523
2026-04-06T11,1108.348
2026-04-06T12,1332.292
2026-04-06T13,1383.189
2026-04-06T14,1376.602
2026-04-06T15,1349.657
2026-04-06T16,1287.683
2026-04-06T17,1284.689
2026-04-06T18,1196.967
2026-04-06T19,1187.686
2026-04-06T20,1125.712
2026-04-06T21,908.354
2026-04-06T22,793.088
2026-04-06T23,701.774
2026-04-07T00,659.363
2026-04-07T01,650.980
2026-04-07T02,631.819
2026-04-07T03,633.256
2026-04-07T04,628.227
2026-04-07T05,609.785
2026-04-07T06,346.327
2026-04-07T07,416.024
2026-04-07T08,518.772
2026-04-07T09,662.237
2026-04-07T10,934.077
2026-04-07T11,986.050
2026-04-07T12,1299.325
2026-04-07T13,1324.234
2026-04-07T14,1320.881
2026-04-07T15,1273.698
2026-04-07T16,1203.522
2026-04-07T17,1165.201
2026-04-07T18,988.445
2026-04-07T19,983.895
2026-04-07T20,956.830
2026-04-07T21,882.823
2026-04-07T22,783.188
2026-04-07T23,694.331
2026-04-08T00,664.622
2026-04-08T01,654.084
2026-04-08T02,632.050
2026-04-08T03,625.823
2026-04-08T04,625.344
2026-04-08T05,602.591
2026-04-08T06,354.944
2026-04-08T07,422.724
2026-04-08T08,513.735
2026-04-08T09,667.017
2026-04-08T10,935.022
2026-04-08T11,1001.604
2026-04-08T12,1340.980
2026-04-08T13,1329.005
2026-04-08T14,1306.491
2026-04-08T15,1268.171
2026-04-08T16,1182.908
2026-04-08T17,1158.478
2026-04-08T18,982.204
2026-04-08T19,984.599
2026-04-08T20,944.362
2026-04-08T21,873.709
2026-04-08T22,722.103
2026-04-08T23,596.843
2026-04-09T00,626.644
2026-04-09T01,621.853
2026-04-09T02,635.326
2026-04-09T03,628.440
2026-04-09T04,625.745
2026-04-09T05,598.500
2026-04-09T06,378.441
2026-04-09T07,465.567
2026-04-09T08,571.255
2026-04-09T09,725.446
2026-04-09T10,984.726
2026-04-09T11,1025.145
2026-04-09T12,1387.418
2026-04-09T13,1397.298
2026-04-09T14,1355.981
2026-04-09T15,1296.700
2026-04-09T16,1270.054
2026-04-09T17,1235.024
2026-04-09T18,1026.342
2026-04-09T19,1020.953
2026-04-09T20,980.534
2026-04-09T21,916.163
2026-04-09T22,734.427
2026-04-09T23,609.578
2026-04-10T00,582.908
2026-04-10T01,578.417
2026-04-10T02,559.855
2026-04-10T03,562.550
2026-04-10T04,560.454
2026-04-10T05,529.917
2026-04-10T06,366.151
2026-04-10T07,448.782
2026-04-10T08,556.861
2026-04-10T09,691.287
2026-04-10T10,955.646
2026-04-10T11,1086.179
2026-04-10T12,1345.449
2026-04-10T13,1409.219
2026-04-10T14,1409.219
2026-04-10T15,1389.459
2026-04-10T16,1294.254
2026-04-10T17,1277.189
2026-04-10T18,1149.949
2026-04-10T19,1131.387
2026-04-10T20,1092.766
2026-04-10T21,937.084
2026-04-10T22,641.588
2026-04-10T23,401.779
2026-04-11T00,329.616
2026-04-11T01,323.030
2026-04-11T02,301.474
2026-04-11T03,296.385
2026-04-11T04,294.289
2026-04-11T05,296.684
2026-04-11T06,350.872
2026-04-11T07,433.800
2026-04-11T08,543.672
2026-04-11T09,775.990
2026-04-11T10,1410.972
2026-04-11T11,1448.993
2026-04-11T12,1476.536
2026-04-11T13,1484.619
2026-04-11T14,1477.134
2026-04-11T15,1468.752
2026-04-11T16,1436.718
2026-04-11T17,1437.317
2026-04-11T18,1295.412
2026-04-11T19,1384.327
2026-04-11T20,1408.876
2026-04-11T21,1327.744
2026-04-11T22,775.690
2026-04-11T23,419.729
2026-04-12T00,341.889
2026-04-12T01,329.016
2026-04-12T02,307.760
2026-04-12T03,305.665
2026-04-12T04,297.282
2026-04-12T05,292.193
2026-04-12T06,299.977
2026-04-12T07,325.124
2026-04-12T08,423.320
2026-04-12T09,544.568
2026-04-12T10,704.735
2026-04-12T11,1216.072
2026-04-12T12,1260.380
2026-04-12T13,1397.495
2026-04-12T14,1386.718
2026-04-12T15,1392.705
2026-04-12T16,1372.946
2026-04-12T17,1357.379
2026-04-12T18,1294.509
2026-04-12T19,1264.572
2026-04-12T20,1216.971
2026-04-12T21,819.996
2026-04-12T22,604.144
2026-04-12T23,513.732
2026-04-13T00,481.721
2026-04-13T01,479.625
2026-04-13T02,462.560
2026-04-13T03,460.464
2026-04-13T04,458.668
2026-04-13T05,450.584
2026-04-13T06,356.875
2026-04-13T07,422.442
2026-04-13T08,525.732
2026-04-13T09,647.883
2026-04-13T10,874.523
2026-04-13T11,1108.348
2026-04-13T12,1332.292
2026-04-13T13,1383.189
2026-04-13T14,1376.602
2026-04-13T15,1349.657
2026-04-13T16,1287.683
2026-04-13T17,1284.689
2026-04-13T18,1196.967
2026-04-13T19,1187.686
2026-04-13T20,1125.712
2026-04-13T21,908.354
2026-04-13T22,793.088
2026-04-13T23,701.774
2026-04-14T00,659.363
2026-04-14T01,650.980
2026-04-14T02,631.819
2026-04-14T03,633.256
2026-04-14T04,628.227
2026-04-14T05,609.785
2026-04-14T06,346.327
2026-04-14T07,416.024
2026-04-14T08,518.772
2026-04-14T09,662.237
2026-04-14T10,934.077
2026-04-14T11,986.050
2026-04-14T12,1299.325
2026-04-14T13,1324.234
2026-04-14T14,1320.881
2026-04-14T15,1273.698
2026-04-14T16,1203.522
2026-04-14T17,1165.201
2026-04-14T18,988.445
2026-04-14T19,983.895
2026-04-14T20,956.830
2026-04-14T21,882.823
2026-04-14T22,783.188
2026-04-14T23,694.331
2026-04-15T00,664.622
2026-04-15T01,654.084
2026-04-15T02,632.050
2026-04-15T03,625.823
2026-04-15T04,625.344
2026-04-15T05,602.591
2026-04-15T06,354.944
2026-04-15T07,422.724
2026-04-15T08,513.735
2026-04-15T09,667.017
2026-04-15T10,935.022
2026-04-15T11,1001.604
2026-04-15T12,1340.980
2026-04-15T13,1329.005
2026-04-15T14,1306.491
2026-04-15T15,1268.171
2026-04-15T16,1182.908
2026-04-15T17,1158.478
2026-04-15T18,982.204
2026-04-15T19,984.599
2026-04-15T20,944.362
2026-04-15T21,873.709
2026-04-15T22,722.103
2026-04-15T23,596.843
2026-04-16T00,626.644
2026-04-16T01,621.853
2026-04-16T02,635.326
2026-04-16T03,628.440
2026-04-16T04,625.745
2026-04-16T05,598.500
2026-04-16T06,378.441
2026-04-16T07,465.567
2026-04-16T08,571.255
2026-04-16T09,725.446
2026-04-16T10,984.726
2026-04-16T11,1025.145
2026-04-16T12,1387.418
2026-04-16T13,1397.298
2026-04-16T14,1355.981
2026-04-16T15,1296.700
2026-04-16T16,1270.054
2026-04-16T17,1235.024
2026-04-16T18,1026.342
2026-04-16T19,1020.953
2026-04-16T20,980.534
2026-04-16T21,916.163
2026-04-16T22,734.427
2026-04-16T23,609.578
2026-04-17T00,582.908
2026-04-17T01,578.417
2026-04-17T02,559.855
2026-04-17T03,562.550
2026-04-17T04,560.454
2026-04-17T05,529.917
2026-04-17T06,366.151
2026-04-17T07,448.782
2026-04-17T08,556.861
2026-04-17T09,691.287
2026-04-17T10,955.646
2026-04-17T11,1086.179
2026-04-17T12,1345.449
2026-04-17T13,1409.219
2026-04-17T14,1409.219
2026-04-17T15,1389.459
2026-04-17T16,1294.254
2026-04-17T17,1277.189
2026-04-17T18,1149.949
2026-04-17T19,1131.387
2026-04-17T20,1092.766
2026-04-17T21,937.084
2026-04-17T22,641.588
2026-04-17T23,401.779
2026-04-18T00,329.616
2026-04-18T01,323.030
2026-04-18T02,301.474
2026-04-18T03,296.385
2026-04-18T04,294.289
2026-04-18T05,296.684
2026-04-18T06,350.872
2026-04-18T07,433.800
2026-04-18T08,543.672
2026-04-18T09,775.990
2026-04-18T10,1410.972
2026-04-18T11,1448.993
2026-04-18T12,1476.536
2026-04-18T13,1484.619
2026-04-18T14,1477.134
2026-04-18T15,1468.752
2026-04-18T16,1436.718
2026-04-18T17,1437.317
2026-04-18T18,1295.412
2026-04-18T19,1384.327
2026-04-18T20,1408.876
2026-04-18T21,1327.744
2026-04-18T22,775.690
2026-04-18T23,419.729
2026-04-19T00,341.889
2026-04-19T01,329.016
2026-04-19T02,307.760
2026-04-19T03,305.665
2026-04-19T04,297.282
2026-04-19T05,292.193
2026-04-19T06,299.977
2026-04-19T07,325.124
2026-04-19T08,423.320
2026-04-19T09,544.568
2026-04-19T10,704.735
2026-04-19T11,1216.072
2026-04-19T12,1260.380
2026-04-19T13,1397.495
2026-04-19T14,1386.718
2026-04-19T15,1392.705
2026-04-19T16,1372.946
2026-04-19T17,1357.379
2026-04-19T18,1294.509
2026-04-19T19,1264.572
2026-04-19T20,1216.971
2026-04-19T21,819.996
2026-04-19T22,604.144
2026-04-19T23,513.732
2026-04-20T00,481.721
2026-04-20T01,479.625
2026-04-20T02,462.560
2026-04-20T03,460.464
2026-04-20T04,458.668
2026-04-20T05,450.584
2026-04-20T06,356.875
2026-04-20T07,422.442
2026-04-20T08,525.732
2026-04-20T09,647.883
2026-04-20T10,874.523
2026-04-20T11,1108.348
2026-04-20T12,1332.292
2026-04-20T13,1383.189
2026-04-20T14,1376.602
2026-04-20T15,1349.657
2026-04-20T16,1287.683
2026-04-20T17,1284.689
2026-04-20T18,1196.967
2026-04-20T19,1187.686
2026-04-20T20,1125.712
2026-04-20T21,908.354
2026-04-20T22,793.088
2026-04-20T23,701.774
2026-04-21T00,659.363
2026-04-21T01,650.980
2026-04-21T02,631.819
2026-04-21T03,633.256
2026-04-21T04,628.227
2026-04-21T05,609.785
2026-04-21T06,346.327
2026-04-21T07,416.024
2026-04-21T08,518.772
2026-04-21T09,662.237
2026-04-21T10,934.077
2026-04-21T11,986.050
2026-04-21T12,1299.325
2026-04-21T13,1324.234
2026-04-21T14,1320.881
2026-04-21T15,1273.698
2026-04-21T16,1203.522
2026-04-21T17,1165.201
2026-04-21T18,988.445
2026-04-21T19,983.895
2026-04-21T20,956.830
2026-04-21T21,882.823
2026-04-21T22,783.188
2026-04-21T23,694.331
2026-04-22T00,664.622
2026-04-22T01,654.084
2026-04-22T02,632.050
2026-04-22T03,625.823
2026-04-22T04,625.344
2026-04-22T05,602.591
2026-04-22T06,354.944
2026-04-22T07,422.724
2026-04-22T08,513.735
2026-04-22T09,667.017
2026-04-22T10,935.022
2026-04-22T11,1001.604
2026-04-22T12,1340.980
2026-04-22T13,1329.005
2026-04-22T14,1306.491
2026-04-22T15,1268.171
2026-04-22T16,1182.908
2026-04-22T17,1158.478
2026-04-22T18,982.204
2026-04-22T19,984.599
2026-04-22T20,944.362
2026-04-22T21,873.709
2026-04-22T22,722.103
2026-04-22T23,596.843
2026-04-23T00,626.614
2026-04-23T01,621.824
2026-04-23T02,635.296
2026-04-23T03,628.410
2026-04-23T04,625.716
2026-04-23T05,598.472
2026-04-23T06,378.423
2026-04-23T07,465.545
2026-04-23T08,571.228
2026-04-23T09,725.411
2026-04-23T10,984.679
2026-04-23T11,1025.096
2026-04-23T12,1387.353
2026-04-23T13,1397.232
2026-04-23T14,1355.917
2026-04-23T15,1296.639
2026-04-23T16,1269.993
2026-04-23T17,1234.965
2026-04-23T18,1026.294
2026-04-23T19,1020.905
2026-04-23T20,980.488
2026-04-23T21,916.120
2026-04-23T22,734.393
2026-04-23T23,609.549
2026-04-24T00,582.908
2026-04-24T01,578.417
2026-04-24T02,559.855
2026-04-24T03,562.550
2026-04-24T04,560.454
2026-04-24T05,529.917
2026-04-24T06,366.151
2026-04-24T07,448.782
2026-04-24T08,556.861
2026-04-24T09,691.287
2026-04-24T10,955.646
2026-04-24T11,1086.179
2026-04-24T12,1345.449
2026-04-24T13,1409.219
2026-04-24T14,1409.219
2026-04-24T15,1389.459
2026-04-24T16,1294.254
2026-04-24T17,1277.189
2026-04-24T18,1149.949
2026-04-24T19,1131.387
2026-04-24T20,1092.766
2026-04-24T21,937.084
2026-04-24T22,641.588
2026-04-24T23,401.779
2026-04-25T00,329.616
2026-04-25T01,323.030
2026-04-25T02,301.474
2026-04-25T03,296.385
2026-04-25T04,294.289
2026-04-25T05,296.684
2026-04-25T06,350.872
2026-04-25T07,433.800
2026-04-25T08,543.672
2026-04-25T09,775.990
2026-04-25T10,1410.972
2026-04-25T11,1448.993
2026-04-25T12,1476.536
2026-04-25T13,1484.619
2026-04-25T14,1477.134
2026-04-25T15,1468.752
2026-04-25T16,1436.718
2026-04-25T17,1437.317
2026-04-25T18,1295.412
2026-04-25T19,1384.327
2026-04-25T20,1408.876
2026-04-25T21,1327.744
2026-04-25T22,775.690
2026-04-25T23,419.729
2026-04-26T00,341.889
2026-04-26T01,329.016
2026-04-26T02,307.760
2026-04-26T03,305.665
2026-04-26T04,297.282
2026-04-26T05,292.193
2026-04-26T06,299.977
2026-04-26T07,325.124
2026-04-26T08,423.320
2026-04-26T09,544.568
2026-04-26T10,704.735
2026-04-26T11,1216.072
2026-04-26T12,1260.380
2026-04-26T13,1397.495
2026-04-26T14,1386.718
2026-04-26T15,1392.705
2026-04-26T16,1372.946
2026-04-26T17,1357.379
2026-04-26T18,1294.509
2026-04-26T19,1264.572
2026-04-26T20,1216.971
2026-04-26T21,819.996
2026-04-26T22,604.144
2026-04-26T23,513.732
2026-04-27T00,481.721
2026-04-27T01,479.625
2026-04-27T02,462.560
2026-04-27T03,460.464
2026-04-27T04,458.668
2026-04-27T05,450.584
2026-04-27T06,356.875
2026-04-27T07,422.442
2026-04-27T08,525.732
2026-04-27T09,647.883
2026-04-27T10,874.523
2026-04-27T11,1108.348
2026-04-27T12,1332.292
2026-04-27T13,1383.189
2026-04-27T14,1376.602
2026-04-27T15,1349.657
2026-04-27T16,1287.683
2026-04-27T17,1284.689
2026-04-27T18,1196.967
2026-04-27T19,1187.686
2026-04-27T20,1125.712
2026-04-27T21,908.354
2026-04-27T22,793.088
2026-04-27T23,701.774
2026-04-28T00,659.363
2026-04-28T01,650.980
2026-04-28T02,631.819
2026-04-28T03,633.256
2026-04-28T04,628.227
2026-04-28T05,609.785
2026-04-28T06,346.327
2026-04-28T07,416.024
2026-04-28T08,518.772
2026-04-28T09,662.237
2026-04-28T10,934.077
2026-04-28T11,986.050
2026-04-28T12,1299.325
2026-04-28T13,1324.234
2026-04-28T14,1320.881
2026-04-28T15,1273.698
2026-04-28T16,1203.522
2026-04-28T17,1165.201
2026-04-28T18,988.445
2026-04-28T19,983.895
2026-04-28T20,956.830
2026-04-28T21,882.823
2026-04-28T22,783.188
2026-04-28T23,694.331
2026-04-29T00,664.622
2026-04-29T01,654.084
2026-04-29T02,632.050
2026-04-29T03,625.823
2026-04-29T04,625.344
2026-04-29T05,602.591
2026-04-29T06,354.944
2026-04-29T07,422.724
2026-04-29T08,513.735
2026-04-29T09,667.017
2026-04-29T10,935.022
2026-04-29T11,1001.604
2026-04-29T12,1340.980
2026-04-29T13,1329.005
2026-04-29T14,1306.491
2026-04-29T15,1268.171
2026-04-29T16,1182.908
2026-04-29T17,1158.478
2026-04-29T18,982.204
2026-04-29T19,984.599
2026-04-29T20,944.362
2026-04-29T21,873.709
2026-04-29T22,722.103
2026-04-29T23,596.843
2026-04-30T00,626.614
2026-04-30T01,621.823
2026-04-30T02,635.296
2026-04-30T03,628.410
2026-04-30T04,625.715
2026-04-30T05,598.471
2026-04-30T06,378.423
2026-04-30T07,465.544
2026-04-30T08,571.227
2026-04-30T09,725.411
2026-04-30T10,984.679
2026-04-30T11,1025.096
2026-04-30T12,1387.352
2026-04-30T13,1397.232
2026-04-30T14,1355.916
2026-04-30T15,1296.638
2026-04-30T16,1269.993
2026-04-30T17,1234.965
2026-04-30T18,1026.293
2026-04-30T19,1020.904
2026-04-30T20,980.487
2026-04-30T21,916.119
2026-04-30T22,734.392
2026-04-30T23,609.549
2026-05-01T00,596.035
2026-05-01T01,587.427
2026-05-01T02,569.746
2026-05-01T03,570.676
2026-05-01T04,568.117
2026-05-01T05,498.789
2026-05-01T06,341.522
2026-05-01T07,415.968
2026-05-01T08,528.568
2026-05-01T09,663.501
2026-05-01T10,916.618
2026-05-01T11,961.751
2026-05-01T12,1233.014
2026-05-01T13,1246.275
2026-05-01T14,1208.122
2026-05-01T15,1205.562
2026-05-01T16,1165.082
2026-05-01T17,1103.432
2026-05-01T18,962.915
2026-05-01T19,972.453
2026-05-01T20,955.935
2026-05-01T21,899.868
2026-05-01T22,697.002
2026-05-01T23,510.421
2026-05-02T00,450.899
2026-05-02T01,440.429
2026-05-02T02,410.648
2026-05-02T03,413.440
2026-05-02T04,408.321
2026-05-02T05,401.574
2026-05-02T06,318.049
2026-05-02T07,415.069
2026-05-02T08,548.849
2026-05-02T09,722.182
2026-05-02T10,1213.099
2026-05-02T11,1236.830
2026-05-02T12,1272.893
2026-05-02T13,1280.105
2026-05-02T14,1237.295
2026-05-02T15,1238.459
2026-05-02T16,1224.266
2026-05-02T17,1243.112
2026-05-02T18,1257.537
2026-05-02T19,1278.011
2026-05-02T20,1251.488
2026-05-02T21,1181.689
2026-05-02T22,717.064
2026-05-02T23,375.283
2026-05-03T00,309.431
2026-05-03T01,293.145
2026-05-03T02,271.334
2026-05-03T03,272.497
2026-05-03T04,267.844
2026-05-03T05,260.864
2026-05-03T06,271.625
2026-05-03T07,309.722
2026-05-03T08,396.968
2026-05-03T09,500.499
2026-05-03T10,743.333
2026-05-03T11,1070.504
2026-05-03T12,1148.734
2026-05-03T13,1282.511
2026-05-03T14,1263.026
2026-05-03T15,1243.250
2026-05-03T16,1229.000
2026-05-03T17,1224.056
2026-05-03T18,1181.596
2026-05-03T19,1146.407
2026-05-03T20,1088.535
2026-05-03T21,725.593
2026-05-03T22,636.893
2026-05-03T23,519.984
2026-05-04T00,435.943
2026-05-04T01,422.856
2026-05-04T02,408.024
2026-05-04T03,415.295
2026-05-04T04,405.407
2026-05-04T05,382.723
2026-05-04T06,340.554
2026-05-04T07,402.208
2026-05-04T08,492.654
2026-05-04T09,624.687
2026-05-04T10,887.882
2026-05-04T11,939.358
2026-05-04T12,1161.837
2026-05-04T13,1159.511
2026-05-04T14,1102.509
2026-05-04T15,1097.565
2026-05-04T16,1097.856
2026-05-04T17,1062.667
2026-05-04T18,933.250
2026-05-04T19,938.485
2026-05-04T20,897.188
2026-05-04T21,831.172
2026-05-04T22,711.643
2026-05-04T23,623.233
2026-05-05T00,595.032
2026-05-05T01,584.271
2026-05-05T02,563.041
2026-05-05T03,566.531
2026-05-05T04,515.927
2026-05-05T05,415.301
2026-05-05T06,345.212
2026-05-05T07,413.556
2026-05-05T08,509.238
2026-05-05T09,656.687
2026-05-05T10,899.819
2026-05-05T11,904.763
2026-05-05T12,1161.854
2026-05-05T13,1184.829
2026-05-05T14,1149.348
2026-05-05T15,1135.970
2026-05-05T16,1103.398
2026-05-05T17,1057.447
2026-05-05T18,936.463
2026-05-05T19,932.101
2026-05-05T20,904.181
2026-05-05T21,834.383
2026-05-05T22,740.736
2026-05-05T23,654.652
2026-05-06T00,632.831
2026-05-06T01,612.764
2026-05-06T02,582.810
2026-05-06T03,585.136
2026-05-06T04,567.978
2026-05-06T05,497.889
2026-05-06T06,347.824
2026-05-06T07,418.495
2026-05-06T08,503.706
2026-05-06T09,645.627
2026-05-06T10,903.297
2026-05-06T11,937.614
2026-05-06T12,1138.863
2026-05-06T13,1166.782
2026-05-06T14,1145.552
2026-05-06T15,1110.654
2026-05-06T16,1097.276
2026-05-06T17,1078.081
2026-05-06T18,942.267
2026-05-06T19,929.180
2026-05-06T20,900.388
2026-05-06T21,839.897
2026-05-06T22,727.058
2026-05-06T23,625.270
2026-05-07T00,534.425
2026-05-07T01,527.445
2026-05-07T02,504.877
2026-05-07T03,509.297
2026-05-07T04,455.785
2026-05-07T05,380.170
2026-05-07T06,323.168
2026-05-07T07,392.501
2026-05-07T08,492.778
2026-05-07T09,627.490
2026-05-07T10,852.939
2026-05-07T11,945.539
2026-05-07T12,1102.121
2026-05-07T13,1123.758
2026-05-07T14,1097.235
2026-05-07T15,1091.651
2026-05-07T16,1086.532
2026-05-07T17,1051.168
2026-05-07T18,954.380
2026-05-07T19,948.098
2026-05-07T20,928.787
2026-05-07T21,863.177
2026-05-07T22,712.412
2026-05-07T23,622.837
2026-05-08T00,596.035
2026-05-08T01,587.427
2026-05-08T02,569.746
2026-05-08T03,570.676
2026-05-08T04,568.117
2026-05-08T05,498.789
2026-05-08T06,341.522
2026-05-08T07,415.968
2026-05-08T08,528.568
2026-05-08T09,663.501
2026-05-08T10,916.618
2026-05-08T11,961.751
2026-05-08T12,1233.014
2026-05-08T13,1246.275
2026-05-08T14,1208.122
2026-05-08T15,1205.562
2026-05-08T16,1165.082
2026-05-08T17,1103.432
2026-05-08T18,962.915
2026-05-08T19,972.453
2026-05-08T20,955.935
2026-05-08T21,899.868
2026-05-08T22,697.002
2026-05-08T23,510.421
2026-05-09T00,450.899
2026-05-09T01,440.429
2026-05-09T02,410.648
2026-05-09T03,413.440
2026-05-09T04,408.321
2026-05-09T05,401.574
2026-05-09T06,318.049
2026-05-09T07,415.069
2026-05-09T08,548.849
2026-05-09T09,722.182
2026-05-09T10,1213.099
2026-05-09T11,1236.830
2026-05-09T12,1272.893
2026-05-09T13,1280.105
2026-05-09T14,1237.295
2026-05-09T15,1238.459
2026-05-09T16,1224.266
2026-05-09T17,1243.112
2026-05-09T18,1257.537
2026-05-09T19,1278.011
2026-05-09T20,1251.488
2026-05-09T21,1181.689
2026-05-09T22,717.064
2026-05-09T23,375.283
2026-05-10T00,309.431
2026-05-10T01,293.145
2026-05-10T02,271.334
2026-05-10T03,272.497
2026-05-10T04,267.844
2026-05-10T05,260.864
2026-05-10T06,271.625
2026-05-10T07,309.722
2026-05-10T08,396.968
2026-05-10T09,500.499
2026-05-10T10,743.333
2026-05-10T11,1070.504
2026-05-10T12,1148.734
2026-05-10T13,1282.511
2026-05-10T14,1263.026
2026-05-10T15,1243.250
2026-05-10T16,1229.000
2026-05-10T17,1224.056
2026-05-10T18,1181.596
2026-05-10T19,1146.407
2026-05-10T20,1088.535
2026-05-10T21,725.593
2026-05-10T22,636.893
2026-05-10T23,519.984
2026-05-11T00,435.943
2026-05-11T01,422.856
2026-05-11T02,408.024
2026-05-11T03,415.295
2026-05-11T04,405.407
2026-05-11T05,382.723
2026-05-11T06,340.554
2026-05-11T07,402.208
2026-05-11T08,492.654
2026-05-11T09,624.687
2026-05-11T10,887.882
2026-05-11T11,939.358
2026-05-11T12,1161.837
2026-05-11T13,1159.511
2026-05-11T14,1102.509
2026-05-11T15,1097.565
2026-05-11T16,1097.856
2026-05-11T17,1062.667
2026-05-11T18,933.250
2026-05-11T19,938.485
2026-05-11T20,897.188
2026-05-11T21,831.172
2026-05-11T22,711.643
2026-05-11T23,623.233
2026-05-12T00,595.032
2026-05-12T01,584.271
2026-05-12T02,563.041
2026-05-12T03,566.531
2026-05-12T04,515.927
2026-05-12T05,415.301
2026-05-12T06,345.212
2026-05-12T07,413.556
2026-05-12T08,509.238
2026-05-12T09,656.687
2026-05-12T10,899.819
2026-05-12T11,904.763
2026-05-12T12,1161.854
2026-05-12T13,1184.829
2026-05-12T14,1149.348
2026-05-12T15,1135.970
2026-05-12T16,1103.398
2026-05-12T17,1057.447
2026-05-12T18,936.463
2026-05-12T19,932.101
2026-05-12T20,904.181
2026-05-12T21,834.383
2026-05-12T22,740.736
2026-05-12T23,654.652
2026-05-13T00,632.831
2026-05-13T01,612.764
2026-05-13T02,582.810
2026-05-13T03,585.136
2026-05-13T04,567.978
2026-05-13T05,497.889
2026-05-13T06,347.824
2026-05-13T07,418.495
2026-05-13T08,503.706
2026-05-13T09,645.627
2026-05-13T10,903.297
2026-05-13T11,937.614
2026-05-13T12,1138.863
2026-05-13T13,1166.782
2026-05-13T14,1145.552
2026-05-13T15,1110.654
2026-05-13T16,1097.276
2026-05-13T17,1078.081
2026-05-13T18,942.267
2026-05-13T19,929.180
2026-05-13T20,900.388
2026-05-13T21,839.897
2026-05-13T22,727.058
2026-05-13T23,625.270
2026-05-14T00,534.425
2026-05-14T01,527.445
2026-05-14T02,504.877
2026-05-14T03,509.297
2026-05-14T04,455.785
2026-05-14T05,380.170
2026-05-14T06,323.168
2026-05-14T07,392.501
2026-05-14T08,492.778
2026-05-14T09,627.490
2026-05-14T10,852.939
2026-05-14T11,945.539
2026-05-14T12,1102.121
2026-05-14T13,1123.758
2026-05-14T14,1097.235
2026-05-14T15,1091.651
2026-05-14T16,1086.532
2026-05-14T17,1051.168
2026-05-14T18,954.380
2026-05-14T19,948.098
2026-05-14T20,928.787
2026-05-14T21,863.177
2026-05-14T22,712.412
2026-05-14T23,622.837
2026-05-15T00,596.035
2026-05-15T01,587.427
2026-05-15T02,569.746
2026-05-15T03,570.676
2026-05-15T04,568.117
2026-05-15T05,498.789
2026-05-15T06,341.522
2026-05-15T07,415.968
2026-05-15T08,528.568
2026-05-15T09,663.501
2026-05-15T10,916.618
2026-05-15T11,961.751
2026-05-15T12,1233.014
2026-05-15T13,1246.275
2026-05-15T14,1208.122
2026-05-15T15,1205.562
2026-05-15T16,1165.082
2026-05-15T17,1103.432
2026-05-15T18,962.915
2026-05-15T19,972.453
2026-05-15T20,955.935
2026-05-15T21,899.868
2026-05-15T22,697.002
2026-05-15T23,510.421
2026-05-16T00,450.899
2026-05-16T01,440.429
2026-05-16T02,410.648
2026-05-16T03,413.440
2026-05-16T04,408.321
2026-05-16T05,401.574
2026-05-16T06,318.049
2026-05-16T07,415.069
2026-05-16T08,548.849
2026-05-16T09,722.182
2026-05-16T10,1213.099
2026-05-16T11,1236.830
2026-05-16T12,1272.893
2026-05-16T13,1280.105
2026-05-16T14,1237.295
2026-05-16T15,1238.459
2026-05-16T16,1224.266
2026-05-16T17,1243.112
2026-05-16T18,1257.537
2026-05-16T19,1278.011
2026-05-16T20,1251.488
2026-05-16T21,1181.689
2026-05-16T22,717.064
2026-05-16T23,375.283
2026-05-17T00,309.431
2026-05-17T01,293.145
2026-05-17T02,271.334
2026-05-17T03,272.497
2026-05-17T04,267.844
2026-05-17T05,260.864
2026-05-17T06,271.625
2026-05-17T07,309.722
2026-05-17T08,396.968
2026-05-17T09,500.499
2026-05-17T10,743.333
2026-05-17T11,1070.504
2026-05-17T12,1148.734
2026-05-17T13,1282.511
2026-05-17T14,1263.026
2026-05-17T15,1243.250
2026-05-17T16,1229.000
2026-05-17T17,1224.056
2026-05-17T18,1181.596
2026-05-17T19,1146.407
2026-05-17T20,1088.535
2026-05-17T21,725.593
2026-05-17T22,636.893
2026-05-17T23,519.984
2026-05-18T00,435.943
2026-05-18T01,422.856
2026-05-18T02,408.024
2026-05-18T03,415.295
2026-05-18T04,405.407
2026-05-18T05,382.723
2026-05-18T06,340.554
2026-05-18T07,402.208
2026-05-18T08,492.654
2026-05-18T09,624.687
2026-05-18T10,887.882
2026-05-18T11,939.358
2026-05-18T12,1161.837
2026-05-18T13,1159.511
2026-05-18T14,1102.509
2026-05-18T15,1097.565
2026-05-18T16,1097.856
2026-05-18T17,1062.667
2026-05-18T18,933.250
2026-05-18T19,938.485
2026-05-18T20,897.188
2026-05-18T21,831.172
2026-05-18T22,711.643
2026-05-18T23,623.233
2026-05-19T00,595.032
2026-05-19T01,584.271
2026-05-19T02,563.041
2026-05-19T03,566.531
2026-05-19T04,515.927
2026-05-19T05,415.301
2026-05-19T06,345.212
2026-05-19T07,413.556
2026-05-19T08,509.238
2026-05-19T09,656.687
2026-05-19T10,899.819
2026-05-19T11,904.763
2026-05-19T12,1161.854
2026-05-19T13,1184.829
2026-05-19T14,1149.348
2026-05-19T15,1135.970
2026-05-19T16,1103.398
2026-05-19T17,1057.447
2026-05-19T18,936.463
2026-05-19T19,932.101
2026-05-19T20,904.181
2026-05-19T21,834.383
2026-05-19T22,740.736
2026-05-19T23,654.652
2026-05-20T00,632.831
2026-05-20T01,612.764
2026-05-20T02,582.810
2026-05-20T03,585.136
2026-05-20T04,567.978
2026-05-20T05,497.889
2026-05-20T06,347.824
2026-05-20T07,418.495
2026-05-20T08,503.706
2026-05-20T09,645.627
2026-05-20T10,903.297
2026-05-20T11,937.614
2026-05-20T12,1138.863
2026-05-20T13,1166.782
2026-05-20T14,1145.552
2026-05-20T15,1110.654
2026-05-20T16,1097.276
2026-05-20T17,1078.081
2026-05-20T18,942.267
2026-05-20T19,929.180
2026-05-20T20,900.388
2026-05-20T21,839.897
2026-05-20T22,727.058
2026-05-20T23,625.270
2026-05-21T00,534.425
2026-05-21T01,527.445
2026-05-21T02,504.877
2026-05-21T03,509.297
2026-05-21T04,455.785
2026-05-21T05,380.170
2026-05-21T06,323.168
2026-05-21T07,392.501
2026-05-21T08,492.778
2026-05-21T09,627.490
2026-05-21T10,852.939
2026-05-21T11,945.539
2026-05-21T12,1102.121
2026-05-21T13,1123.758
2026-05-21T14,1097.235
2026-05-21T15,1091.651
2026-05-21T16,1086.532
2026-05-21T17,1051.168
2026-05-21T18,954.380
2026-05-21T19,948.098
2026-05-21T20,928.787
2026-05-21T21,863.177
2026-05-21T22,712.412
2026-05-21T23,622.837
2026-05-22T00,596.035
2026-05-22T01,587.427
2026-05-22T02,569.746
2026-05-22T03,570.676
2026-05-22T04,568.117
2026-05-22T05,498.789
2026-05-22T06,341.522
2026-05-22T07,415.968
2026-05-22T08,528.568
2026-05-22T09,663.501
2026-05-22T10,916.618
2026-05-22T11,961.751
2026-05-22T12,1233.014
2026-05-22T13,1246.275
2026-05-22T14,1208.122
2026-05-22T15,1205.562
2026-05-22T16,1165.082
2026-05-22T17,1103.432
2026-05-22T18,962.915
2026-05-22T19,972.453
2026-05-22T20,955.935
2026-05-22T21,899.868
2026-05-22T22,697.002
2026-05-22T23,510.421
2026-05-23T00,450.899
2026-05-23T01,440.429
2026-05-23T02,410.648
2026-05-23T03,413.440
2026-05-23T04,408.321
2026-05-23T05,401.574
2026-05-23T06,318.049
2026-05-23T07,415.069
2026-05-23T08,548.849
2026-05-23T09,722.182
2026-05-23T10,1213.099
2026-05-23T11,1236.830
2026-05-23T12,1272.893
2026-05-23T13,1280.105
2026-05-23T14,1237.295
2026-05-23T15,1238.459
2026-05-23T16,1224.266
2026-05-23T17,1243.112
2026-05-23T18,1257.537
2026-05-23T19,1278.011
2026-05-23T20,1251.488
2026-05-23T21,1181.689
2026-05-23T22,717.064
2026-05-23T23,375.283
2026-05-24T00,309.431
2026-05-24T01,293.145
2026-05-24T02,271.334
2026-05-24T03,272.497
2026-05-24T04,267.844
2026-05-24T05,260.864
2026-05-24T06,271.625
2026-05-24T07,309.722
2026-05-24T08,396.968
2026-05-24T09,500.499
2026-05-24T10,743.333
2026-05-24T11,1070.504
2026-05-24T12,1148.734
2026-05-24T13,1282.511
2026-05-24T14,1263.026
2026-05-24T15,1243.250
2026-05-24T16,1229.000
2026-05-24T17,1224.056
2026-05-24T18,1181.596
2026-05-24T19,1146.407
2026-05-24T20,1088.535
2026-05-24T21,725.593
2026-05-24T22,636.893
2026-05-24T23,519.984
2026-05-25T00,435.943
2026-05-25T01,422.856
2026-05-25T02,408.024
2026-05-25T03,415.295
2026-05-25T04,405.407
2026-05-25T05,382.723
2026-05-25T06,340.554
2026-05-25T07,402.208
2026-05-25T08,492.654
2026-05-25T09,624.687
2026-05-25T10,887.882
2026-05-25T11,939.358
2026-05-25T12,1161.837
2026-05-25T13,1159.511
2026-05-25T14,1102.509
2026-05-25T15,1097.565
2026-05-25T16,1097.856
2026-05-25T17,1062.667
2026-05-25T18,933.250
2026-05-25T19,938.485
2026-05-25T20,897.188
2026-05-25T21,831.172
2026-05-25T22,711.643
2026-05-25T23,623.233
2026-05-26T00,595.032
2026-05-26T01,584.271
2026-05-26T02,563.041
2026-05-26T03,566.531
2026-05-26T04,515.927
2026-05-26T05,415.301
2026-05-26T06,345.212
2026-05-26T07,413.556
2026-05-26T08,509.238
2026-05-26T09,656.687
2026-05-26T10,899.819
2026-05-26T11,904.763
2026-05-26T12,1161.854
2026-05-26T13,1184.829
2026-05-26T14,1149.348
2026-05-26T15,1135.970
2026-05-26T16,1103.398
2026-05-26T17,1057.447
2026-05-26T18,936.463
2026-05-26T19,932.101
2026-05-26T20,904.181
2026-05-26T21,834.383
2026-05-26T22,740.736
2026-05-26T23,654.652
2026-05-27T00,632.831
2026-05-27T01,612.764
2026-05-27T02,582.810
2026-05-27T03,585.136
2026-05-27T04,567.978
2026-05-27T05,497.889
2026-05-27T06,347.824
2026-05-27T07,418.495
2026-05-27T08,503.706
2026-05-27T09,645.627
2026-05-27T10,903.297
2026-05-27T11,937.614
2026-05-27T12,1138.863
2026-05-27T13,1166.782
2026-05-27T14,1145.552
2026-05-27T15,1110.654
2026-05-27T16,1097.276
2026-05-27T17,1078.081
2026-05-27T18,942.267
2026-05-27T19,929.180
2026-05-27T20,900.388
2026-05-27T21,839.897
2026-05-27T22,727.058
2026-05-27T23,625.270
2026-05-28T00,534.425
2026-05-28T01,527.445
2026-05-28T02,504.877
2026-05-28T03,509.297
2026-05-28T04,455.785
2026-05-28T05,380.170
2026-05-28T06,323.168
2026-05-28T07,392.501
2026-05-28T08,492.778
2026-05-28T09,627.490
2026-05-28T10,852.939
2026-05-28T11,945.539
2026-05-28T12,1102.121
2026-05-28T13,1123.758
2026-05-28T14,1097.235
2026-05-28T15,1091.651
2026-05-28T16,1086.532
2026-05-28T17,1051.168
2026-05-28T18,954.380
2026-05-28T19,948.098
2026-05-28T20,928.787
2026-05-28T21,863.177
2026-05-28T22,712.412
2026-05-28T23,622.837
2026-05-29T00,596.065
2026-05-29T01,587.457
2026-05-29T02,569.775
2026-05-29T03,570.706
2026-05-29T04,568.147
2026-05-29T05,498.815
2026-05-29T06,341.539
2026-05-29T07,415.989
2026-05-29T08,528.595
2026-05-29T09,663.536
2026-05-29T10,916.666
2026-05-29T11,961.801
2026-05-29T12,1233.078
2026-05-29T13,1246.340
2026-05-29T14,1208.184
2026-05-29T15,1205.625
2026-05-29T16,1165.142
2026-05-29T17,1103.489
2026-05-29T18,962.964
2026-05-29T19,972.503
2026-05-29T20,955.985
2026-05-29T21,899.914
2026-05-29T22,697.038
2026-05-29T23,510.448
2026-05-30T00,450.899
2026-05-30T01,440.429
2026-05-30T02,410.648
2026-05-30T03,413.440
2026-05-30T04,408.321
2026-05-30T05,401.574
2026-05-30T06,318.049
2026-05-30T07,415.069
2026-05-30T08,548.849
2026-05-30T09,722.182
2026-05-30T10,1213.099
2026-05-30T11,1236.830
2026-05-30T12,1272.893
2026-05-30T13,1280.105
2026-05-30T14,1237.295
2026-05-30T15,1238.459
2026-05-30T16,1224.266
2026-05-30T17,1243.112
2026-05-30T18,1257.537
2026-05-30T19,1278.011
2026-05-30T20,1251.488
2026-05-30T21,1181.689
2026-05-30T22,717.064
2026-05-30T23,375.283
2026-05-31T00,309.432
2026-05-31T01,293.146
2026-05-31T02,271.335
2026-05-31T03,272.498
2026-05-31T04,267.845
2026-05-31T05,260.865
2026-05-31T06,271.626
2026-05-31T07,309.723
2026-05-31T08,396.969
2026-05-31T09,500.501
2026-05-31T10,743.335
2026-05-31T11,1070.507
2026-05-31T12,1148.738
2026-05-31T13,1282.515
2026-05-31T14,1263.030
2026-05-31T15,1243.254
2026-05-31T16,1229.004
2026-05-31T17,1224.060
2026-05-31T18,1181.601
2026-05-31T19,1146.411
2026-05-31T20,1088.538
2026-05-31T21,725.595
2026-05-31T22,636.895
2026-05-31T23,519.986
2026-06-01T00,536.314
2026-06-01T01,530.286
2026-06-01T02,504.161
2026-06-01T03,512.953
2026-06-01T04,505.919
2026-06-01T05,381.323
2026-06-01T06,343.643
2026-06-01T07,433.071
2026-06-01T08,553.647
2026-06-01T09,727.730
2026-06-01T10,1066.098
2026-06-01T11,1093.227
2026-06-01T12,1265.803
2026-06-01T13,1278.363
2026-06-01T14,1249.726
2026-06-01T15,1234.905
2026-06-01T16,1240.431
2026-06-01T17,1204.258
2026-06-01T18,1092.976
2026-06-01T19,1077.904
2026-06-01T20,997.771
2026-06-01T21,926.430
2026-06-01T22,715.672
2026-06-01T23,547.619
2026-06-02T00,518.101
2026-06-02T01,512.449
2026-06-02T02,490.469
2026-06-02T03,498.005
2026-06-02T04,492.039
2026-06-02T05,404.119
2026-06-02T06,331.585
2026-06-02T07,434.891
2026-06-02T08,556.095
2026-06-02T09,687.662
2026-06-02T10,992.556
2026-06-02T11,1089.897
2026-06-02T12,1235.593
2026-06-02T13,1254.119
2026-06-02T14,1223.033
2026-06-02T15,1216.125
2026-06-02T16,1212.043
2026-06-02T17,1196.657
2026-06-02T18,1091.781
2026-06-02T19,1026.468
2026-06-02T20,979.996
2026-06-02T21,872.922
2026-06-02T22,780.920
2026-06-02T23,634.595
2026-06-03T00,612.622
2026-06-03T01,597.863
2026-06-03T02,575.883
2026-06-03T03,576.511
2026-06-03T04,494.870
2026-06-03T05,443.373
2026-06-03T06,348.544
2026-06-03T07,442.745
2026-06-03T08,563.323
2026-06-03T09,705.881
2026-06-03T10,984.402
2026-06-03T11,1055.681
2026-06-03T12,1238.117
2026-06-03T13,1225.557
2026-06-03T14,1197.297
2026-06-03T15,1191.017
2026-06-03T16,1189.133
2026-06-03T17,1140.462
2026-06-03T18,1019.884
2026-06-03T19,1022.711
2026-06-03T20,987.228
2026-06-03T21,918.775
2026-06-03T22,751.411
2026-06-03T23,628.950
2026-06-04T00,600.679
2026-06-04T01,589.061
2026-06-04T02,569.279
2026-06-04T03,573.989
2026-06-04T04,571.791
2026-06-04T05,526.262
2026-06-04T06,332.838
2026-06-04T07,426.724
2026-06-04T08,552.951
2026-06-04T09,684.517
2026-06-04T10,923.784
2026-06-04T11,1027.403
2026-06-04T12,1200.730
2026-06-04T13,1223.652
2026-06-04T14,1218.942
2026-06-04T15,1209.208
2026-06-04T16,1209.522
2026-06-04T17,1182.833
2026-06-04T18,1079.841
2026-06-04T19,1072.619
2026-06-04T20,1043.103
2026-06-04T21,892.070
2026-06-04T22,698.961
2026-06-04T23,560.487
2026-06-05T00,514.643
2026-06-05T01,504.909
2026-06-05T02,489.209
2026-06-05T03,488.267
2026-06-05T04,443.051
2026-06-05T05,395.324
2026-06-05T06,342.572
2026-06-05T07,430.491
2026-06-05T08,557.033
2026-06-05T09,716.230
2026-06-05T10,987.838
2026-06-05T11,1028.658
2026-06-05T12,1252.853
2026-06-05T13,1253.167
2026-06-05T14,1223.651
2026-06-05T15,1237.467
2026-06-05T16,1195.391
2026-06-05T17,1162.107
2026-06-05T18,1055.034
2026-06-05T19,1057.546
2026-06-05T20,1050.324
2026-06-05T21,987.838
2026-06-05T22,658.768
2026-06-05T23,370.832
2026-06-06T00,300.832
2026-06-06T01,286.701
2026-06-06T02,263.778
2026-06-06T03,272.571
2026-06-06T04,267.546
2026-06-06T05,266.918
2026-06-06T06,315.277
2026-06-06T07,422.359
2026-06-06T08,550.165
2026-06-06T09,729.786
2026-06-06T10,1257.656
2026-06-06T11,1284.347
2026-06-06T12,1315.749
2026-06-06T13,1331.765
2026-06-06T14,1313.865
2026-06-06T15,1320.146
2026-06-06T16,1293.454
2026-06-06T17,1301.305
2026-06-06T18,1312.295
2026-06-06T19,1329.880
2026-06-06T20,1306.957
2026-06-06T21,1228.452
2026-06-06T22,739.520
2026-06-06T23,367.405
2026-06-07T00,300.700
2026-06-07T01,289.144
2026-06-07T02,265.530
2026-06-07T03,272.564
2026-06-07T04,267.540
2026-06-07T05,267.540
2026-06-07T06,283.366
2026-06-07T07,307.231
2026-06-07T08,402.691
2026-06-07T09,561.708
2026-06-07T10,681.787
2026-06-07T11,1089.000
2026-06-07T12,1168.634
2026-06-07T13,1268.616
2026-06-07T14,1272.886
2026-06-07T15,1281.679
2026-06-07T16,1269.872
2026-06-07T17,1276.403
2026-06-07T18,1196.267
2026-06-07T19,1177.929
2026-06-07T20,1115.879
2026-06-07T21,749.362
2026-06-07T22,689.825
2026-06-07T23,567.988
2026-06-08T00,536.314
2026-06-08T01,530.286
2026-06-08T02,504.161
2026-06-08T03,512.953
2026-06-08T04,505.919
2026-06-08T05,381.323
2026-06-08T06,343.643
2026-06-08T07,433.071
2026-06-08T08,553.647
2026-06-08T09,727.730
2026-06-08T10,1066.098
2026-06-08T11,1093.227
2026-06-08T12,1265.803
2026-06-08T13,1278.363
2026-06-08T14,1249.726
2026-06-08T15,1234.905
2026-06-08T16,1240.431
2026-06-08T17,1204.258
2026-06-08T18,1092.976
2026-06-08T19,1077.904
2026-06-08T20,997.771
2026-06-08T21,926.430
2026-06-08T22,715.672
2026-06-08T23,547.619
2026-06-09T00,518.101
2026-06-09T01,512.449
2026-06-09T02,490.469
2026-06-09T03,498.005
2026-06-09T04,492.039
2026-06-09T05,404.119
2026-06-09T06,331.585
2026-06-09T07,434.891
2026-06-09T08,556.095
2026-06-09T09,687.662
2026-06-09T10,992.556
2026-06-09T11,1089.897
2026-06-09T12,1235.593
2026-06-09T13,1254.119
2026-06-09T14,1223.033
2026-06-09T15,1216.125
2026-06-09T16,1212.043
2026-06-09T17,1196.657
2026-06-09T18,1091.781
2026-06-09T19,1026.468
2026-06-09T20,979.996
2026-06-09T21,872.922
2026-06-09T22,780.920
2026-06-09T23,634.595
2026-06-10T00,612.622
2026-06-10T01,597.863
2026-06-10T02,575.883
2026-06-10T03,576.511
2026-06-10T04,494.870
2026-06-10T05,443.373
2026-06-10T06,348.544
2026-06-10T07,442.745
2026-06-10T08,563.323
2026-06-10T09,705.881
2026-06-10T10,984.402
2026-06-10T11,1055.681
2026-06-10T12,1238.117
2026-06-10T13,1225.557
2026-06-10T14,1197.297
2026-06-10T15,1191.017
2026-06-10T16,1189.133
2026-06-10T17,1140.462
2026-06-10T18,1019.884
2026-06-10T19,1022.711
2026-06-10T20,987.228
2026-06-10T21,918.775
2026-06-10T22,751.411
2026-06-10T23,628.950
2026-06-11T00,600.679
2026-06-11T01,589.061
2026-06-11T02,569.279
2026-06-11T03,573.989
2026-06-11T04,571.791
2026-06-11T05,526.262
2026-06-11T06,332.838
2026-06-11T07,426.724
2026-06-11T08,552.951
2026-06-11T09,684.517
2026-06-11T10,923.784
2026-06-11T11,1027.403
2026-06-11T12,1200.730
2026-06-11T13,1223.652
2026-06-11T14,1218.942
2026-06-11T15,1209.208
2026-06-11T16,1209.522
2026-06-11T17,1182.833
2026-06-11T18,1079.841
2026-06-11T19,1072.619
2026-06-11T20,1043.103
2026-06-11T21,892.070
2026-06-11T22,698.961
2026-06-11T23,560.487
2026-06-12T00,514.643
2026-06-12T01,504.909
2026-06-12T02,489.209
2026-06-12T03,488.267
2026-06-12T04,443.051
2026-06-12T05,395.324
2026-06-12T06,342.572
2026-06-12T07,430.491
2026-06-12T08,557.033
2026-06-12T09,716.230
2026-06-12T10,987.838
2026-06-12T11,1028.658
2026-06-12T12,1252.853
2026-06-12T13,1253.167
2026-06-12T14,1223.651
2026-06-12T15,1237.467
2026-06-12T16,1195.391
2026-06-12T17,1162.107
2026-06-12T18,1055.034
2026-06-12T19,1057.546
2026-06-12T20,1050.324
2026-06-12T21,987.838
2026-06-12T22,658.768
2026-06-12T23,370.832
2026-06-13T00,300.832
2026-06-13T01,286.701
2026-06-13T02,263.778
2026-06-13T03,272.571
2026-06-13T04,267.546
2026-06-13T05,266.918
2026-06-13T06,315.277
2026-06-13T07,422.359
2026-06-13T08,550.165
2026-06-13T09,729.786
2026-06-13T10,1257.656
2026-06-13T11,1284.347
2026-06-13T12,1315.749
2026-06-13T13,1331.765
2026-06-13T14,1313.865
2026-06-13T15,1320.146
2026-06-13T16,1293.454
2026-06-13T17,1301.305
2026-06-13T18,1312.295
2026-06-13T19,1329.880
2026-06-13T20,1306.957
2026-06-13T21,1228.452
2026-06-13T22,739.520
2026-06-13T23,367.405
2026-06-14T00,300.700
2026-06-14T01,289.144
2026-06-14T02,265.530
2026-06-14T03,272.564
2026-06-14T04,267.540
2026-06-14T05,267.540
2026-06-14T06,283.366
2026-06-14T07,307.231
2026-06-14T08,402.691
2026-06-14T09,561.708
2026-06-14T10,681.787
2026-06-14T11,1089.000
2026-06-14T12,1168.634
2026-06-14T13,1268.616
2026-06-14T14,1272.886
2026-06-14T15,1281.679
2026-06-14T16,1269.872
2026-06-14T17,1276.403
2026-06-14T18,1196.267
2026-06-14T19,1177.929
2026-06-14T20,1115.879
2026-06-14T21,749.362
2026-06-14T22,689.825
2026-06-14T23,567.988
2026-06-15T00,536.314
2026-06-15T01,530.286
2026-06-15T02,504.161
2026-06-15T03,512.953
2026-06-15T04,505.919
2026-06-15T05,381.323
2026-06-15T06,343.643
2026-06-15T07,433.071
2026-06-15T08,553.647
2026-06-15T09,727.730
2026-06-15T10,1066.098
2026-06-15T11,1093.227
2026-06-15T12,1265.803
2026-06-15T13,1278.363
2026-06-15T14,1249.726
2026-06-15T15,1234.905
2026-06-15T16,1240.431
2026-06-15T17,1204.258
2026-06-15T18,1092.976
2026-06-15T19,1077.904
2026-06-15T20,997.771
2026-06-15T21,926.430
2026-06-15T22,715.672
2026-06-15T23,547.619
2026-06-16T00,518.101
2026-06-16T01,512.449
2026-06-16T02,490.469
2026-06-16T03,498.005
2026-06-16T04,492.039
2026-06-16T05,404.119
2026-06-16T06,331.585
2026-06-16T07,434.891
2026-06-16T08,556.095
2026-06-16T09,687.662
2026-06-16T10,992.556
2026-06-16T11,1089.897
2026-06-16T12,1235.593
2026-06-16T13,1254.119
2026-06-16T14,1223.033
2026-06-16T15,1216.125
2026-06-16T16,1212.043
2026-06-16T17,1196.657
2026-06-16T18,1091.781
2026-06-16T19,1026.468
2026-06-16T20,979.996
2026-06-16T21,872.922
2026-06-16T22,780.920
2026-06-16T23,634.595
2026-06-17T00,612.622
2026-06-17T01,597.863
2026-06-17T02,575.883
2026-06-17T03,576.511
2026-06-17T04,494.870
2026-06-17T05,443.373
2026-06-17T06,348.544
2026-06-17T07,442.745
2026-06-17T08,563.323
2026-06-17T09,705.881
2026-06-17T10,984.402
2026-06-17T11,1055.681
2026-06-17T12,1238.117
2026-06-17T13,1225.557
2026-06-17T14,1197.297
2026-06-17T15,1191.017
2026-06-17T16,1189.133
2026-06-17T17,1140.462
2026-06-17T18,1019.884
2026-06-17T19,1022.711
2026-06-17T20,987.228
2026-06-17T21,918.775
2026-06-17T22,751.411
2026-06-17T23,628.950
2026-06-18T00,600.679
2026-06-18T01,589.061
2026-06-18T02,569.279
2026-06-18T03,573.989
2026-06-18T04,571.791
2026-06-18T05,526.262
2026-06-18T06,332.838
2026-06-18T07,426.724
2026-06-18T08,552.951
2026-06-18T09,684.517
2026-06-18T10,923.784
2026-06-18T11,1027.403
2026-06-18T12,1200.730
2026-06-18T13,1223.652
2026-06-18T14,1218.942
2026-06-18T15,1209.208
2026-06-18T16,1209.522
2026-06-18T17,1182.833
2026-06-18T18,1079.841
2026-06-18T19,1072.619
2026-06-18T20,1043.103
2026-06-18T21,892.070
2026-06-18T22,698.961
2026-06-18T23,560.487
2026-06-19T00,514.643
2026-06-19T01,504.909
2026-06-19T02,489.209
2026-06-19T03,488.267
2026-06-19T04,443.051
2026-06-19T05,395.324
2026-06-19T06,342.572
2026-06-19T07,430.491
2026-06-19T08,557.033
2026-06-19T09,716.230
2026-06-19T10,987.838
2026-06-19T11,1028.658
2026-06-19T12,1252.853
2026-06-19T13,1253.167
2026-06-19T14,1223.651
2026-06-19T15,1237.467
2026-06-19T16,1195.391
2026-06-19T17,1162.107
2026-06-19T18,1055.034
2026-06-19T19,1057.546
2026-06-19T20,1050.324
2026-06-19T21,987.838
2026-06-19T22,658.768
2026-06-19T23,370.832
2026-06-20T00,300.832
2026-06-20T01,286.701
2026-06-20T02,263.778
2026-06-20T03,272.571
2026-06-20T04,267.546
2026-06-20T05,266.918
2026-06-20T06,315.277
2026-06-20T07,422.359
2026-06-20T08,550.165
2026-06-20T09,729.786
2026-06-20T10,1257.656
2026-06-20T11,1284.347
2026-06-20T12,1315.749
2026-06-20T13,1331.765
2026-06-20T14,1313.865
2026-06-20T15,1320.146
2026-06-20T16,1293.454
2026-06-20T17,1301.305
2026-06-20T18,1312.295
2026-06-20T19,1329.880
2026-06-20T20,1306.957
2026-06-20T21,1228.452
2026-06-20T22,739.520
2026-06-20T23,367.405
2026-06-21T00,300.683
2026-06-21T01,289.128
2026-06-21T02,265.515
2026-06-21T03,272.549
2026-06-21T04,267.525
2026-06-21T05,267.525
2026-06-21T06,283.350
2026-06-21T07,307.214
2026-06-21T08,402.669
2026-06-21T09,561.677
2026-06-21T10,681.749
2026-06-21T11,1088.939
2026-06-21T12,1168.569
2026-06-21T13,1268.545
2026-06-21T14,1272.816
2026-06-21T15,1281.608
2026-06-21T16,1269.801
2026-06-21T17,1276.332
2026-06-21T18,1196.201
2026-06-21T19,1177.863
2026-06-21T20,1115.817
2026-06-21T21,749.321
2026-06-21T22,689.787
2026-06-21T23,567.957
2026-06-22T00,536.314
2026-06-22T01,530.286
2026-06-22T02,504.161
2026-06-22T03,512.953
2026-06-22T04,505.919
2026-06-22T05,381.323
2026-06-22T06,343.643
2026-06-22T07,433.071
2026-06-22T08,553.647
2026-06-22T09,727.730
2026-06-22T10,1066.098
2026-06-22T11,1093.227
2026-06-22T12,1265.803
2026-06-22T13,1278.363
2026-06-22T14,1249.726
2026-06-22T15,1234.905
2026-06-22T16,1240.431
2026-06-22T17,1204.258
2026-06-22T18,1092.976
2026-06-22T19,1077.904
2026-06-22T20,997.771
2026-06-22T21,926.430
2026-06-22T22,715.672
2026-06-22T23,547.619
2026-06-23T00,518.101
2026-06-23T01,512.449
2026-06-23T02,490.469
2026-06-23T03,498.005
2026-06-23T04,492.039
2026-06-23T05,404.119
2026-06-23T06,331.585
2026-06-23T07,434.891
2026-06-23T08,556.095
2026-06-23T09,687.662
2026-06-23T10,992.556
2026-06-23T11,1089.897
2026-06-23T12,1235.593
2026-06-23T13,1254.119
2026-06-23T14,1223.033
2026-06-23T15,1216.125
2026-06-23T16,1212.043
2026-06-23T17,1196.657
2026-06-23T18,1091.781
2026-06-23T19,1026.468
2026-06-23T20,979.996
2026-06-23T21,872.922
2026-06-23T22,780.920
2026-06-23T23,634.595
2026-06-24T00,612.622
2026-06-24T01,597.863
2026-06-24T02,575.883
2026-06-24T03,576.511
2026-06-24T04,494.870
2026-06-24T05,443.373
2026-06-24T06,348.544
2026-06-24T07,442.745
2026-06-24T08,563.323
2026-06-24T09,705.881
2026-06-24T10,984.402
2026-06-24T11,1055.681
2026-06-24T12,1238.117
2026-06-24T13,1225.557
2026-06-24T14,1197.297
2026-06-24T15,1191.017
2026-06-24T16,1189.133
2026-06-24T17,1140.462
2026-06-24T18,1019.884
2026-06-24T19,1022.711
2026-06-24T20,987.228
2026-06-24T21,918.775
2026-06-24T22,751.411
2026-06-24T23,628.950
2026-06-25T00,600.679
2026-06-25T01,589.061
2026-06-25T02,569.279
2026-06-25T03,573.989
2026-06-25T04,571.791
2026-06-25T05,526.262
2026-06-25T06,332.838
2026-06-25T07,426.724
2026-06-25T08,552.951
2026-06-25T09,684.517
2026-06-25T10,923.784
2026-06-25T11,1027.403
2026-06-25T12,1200.730
2026-06-25T13,1223.652
2026-06-25T14,1218.942
2026-06-25T15,1209.208
2026-06-25T16,1209.522
2026-06-25T17,1182.833
2026-06-25T18,1079.841
2026-06-25T19,1072.619
2026-06-25T20,1043.103
2026-06-25T21,892.070
2026-06-25T22,698.961
2026-06-25T23,560.487
2026-06-26T00,514.643
2026-06-26T01,504.909
2026-06-26T02,489.209
2026-06-26T03,488.267
2026-06-26T04,443.051
2026-06-26T05,395.324
2026-06-26T06,342.572
2026-06-26T07,430.491
2026-06-26T08,557.033
2026-06-26T09,716.230
2026-06-26T10,987.838
2026-06-26T11,1028.658
2026-06-26T12,1252.853
2026-06-26T13,1253.167
2026-06-26T14,1223.651
2026-06-26T15,1237.467
2026-06-26T16,1195.391
2026-06-26T17,1162.107
2026-06-26T18,1055.034
2026-06-26T19,1057.546
2026-06-26T20,1050.324
2026-06-26T21,987.838
2026-06-26T22,658.768
2026-06-26T23,370.832
2026-06-27T00,300.832
2026-06-27T01,286.701
2026-06-27T02,263.778
2026-06-27T03,272.571
2026-06-27T04,267.546
2026-06-27T05,266.918
2026-06-27T06,315.277
2026-06-27T07,422.359
2026-06-27T08,550.165
2026-06-27T09,729.786
2026-06-27T10,1257.656
2026-06-27T11,1284.347
2026-06-27T12,1315.749
2026-06-27T13,1331.765
2026-06-27T14,1313.865
2026-06-27T15,1320.146
2026-06-27T16,1293.454
2026-06-27T17,1301.305
2026-06-27T18,1312.295
2026-06-27T19,1329.880
2026-06-27T20,1306.957
2026-06-27T21,1228.452
2026-06-27T22,739.520
2026-06-27T23,367.405
2026-06-28T00,300.683
2026-06-28T01,289.128
2026-06-28T02,265.515
2026-06-28T03,272.549
2026-06-28T04,267.525
2026-06-28T05,267.525
2026-06-28T06,283.350
2026-06-28T07,307.214
2026-06-28T08,402.669
2026-06-28T09,561.677
2026-06-28T10,681.749
2026-06-28T11,1088.939
2026-06-28T12,1168.569
2026-06-28T13,1268.545
2026-06-28T14,1272.816
2026-06-28T15,1281.608
2026-06-28T16,1269.801
2026-06-28T17,1276.332
2026-06-28T18,1196.201
2026-06-28T19,1177.863
2026-06-28T20,1115.817
2026-06-28T21,749.321
2026-06-28T22,689.787
2026-06-28T23,567.957
2026-06-29T00,536.314
2026-06-29T01,530.286
2026-06-29T02,504.161
2026-06-29T03,512.953
2026-06-29T04,505.919
2026-06-29T05,381.323
2026-06-29T06,343.643
2026-06-29T07,433.071
2026-06-29T08,553.647
2026-06-29T09,727.730
2026-06-29T10,1066.098
2026-06-29T11,1093.227
2026-06-29T12,1265.803
2026-06-29T13,1278.363
2026-06-29T14,1249.726
2026-06-29T15,1234.905
2026-06-29T16,1240.431
2026-06-29T17,1204.258
2026-06-29T18,1092.976
2026-06-29T19,1077.904
2026-06-29T20,997.771
2026-06-29T21,926.430
2026-06-29T22,715.672
2026-06-29T23,547.619
2026-06-30T00,518.101
2026-06-30T01,512.449
2026-06-30T02,490.469
2026-06-30T03,498.005
2026-06-30T04,492.039
2026-06-30T05,404.119
2026-06-30T06,331.585
2026-06-30T07,434.891
2026-06-30T08,556.096
2026-06-30T09,687.662
2026-06-30T10,992.557
2026-06-30T11,1089.897
2026-06-30T12,1235.594
2026-06-30T13,1254.120
2026-06-30T14,1223.033
2026-06-30T15,1216.125
2026-06-30T16,1212.043
2026-06-30T17,1196.657
2026-06-30T18,1091.781
2026-06-30T19,1026.469
2026-06-30T20,979.997
2026-06-30T21,872.922
2026-06-30T22,780.920
2026-06-30T23,634.596
2026-07-01T00,611.961
2026-07-01T01,600.728
2026-07-01T02,573.114
2026-07-01T03,559.540
2026-07-01T04,526.778
2026-07-01T05,430.362
2026-07-01T06,458.210
2026-07-01T07,525.374
2026-07-01T08,511.332
2026-07-01T09,644.958
2026-07-01T10,888.806
2026-07-01T11,948.715
2026-07-01T12,1122.123
2026-07-01T13,1121.187
2026-07-01T14,1083.510
2026-07-01T15,1098.955
2026-07-01T16,1089.126
2026-07-01T17,1050.513
2026-07-01T18,930.929
2026-07-01T19,918.058
2026-07-01T20,876.637
2026-07-01T21,807.133
2026-07-01T22,640.745
2026-07-01T23,492.377
2026-07-02T00,446.074
2026-07-02T01,438.585
2026-07-02T02,419.628
2026-07-02T03,448.414
2026-07-02T04,492.647
2026-07-02T05,407.458
2026-07-02T06,321.801
2026-07-02T07,399.969
2026-07-02T08,500.605
2026-07-02T09,626.516
2026-07-02T10,868.510
2026-07-02T11,901.041
2026-07-02T12,1038.421
2026-07-02T13,1052.463
2026-07-02T14,1031.166
2026-07-02T15,1036.783
2026-07-02T16,1022.038
2026-07-02T17,1007.996
2026-07-02T18,898.701
2026-07-02T19,900.807
2026-07-02T20,865.936
2026-07-02T21,798.533
2026-07-02T22,714.748
2026-07-02T23,602.879
2026-07-03T00,580.371
2026-07-03T01,574.228
2026-07-03T02,551.411
2026-07-03T03,532.104
2026-07-03T04,475.062
2026-07-03T05,403.393
2026-07-03T06,325.581
2026-07-03T07,398.713
2026-07-03T08,506.070
2026-07-03T09,643.557
2026-07-03T10,873.775
2026-07-03T11,927.307
2026-07-03T12,1053.970
2026-07-03T13,1064.501
2026-07-03T14,1010.969
2026-07-03T15,1000.731
2026-07-03T16,994.588
2026-07-03T17,987.567
2026-07-03T18,924.382
2026-07-03T19,924.967
2026-07-03T20,903.905
2026-07-03T21,851.543
2026-07-03T22,579.494
2026-07-03T23,339.622
2026-07-04T00,289.597
2026-07-04T01,271.460
2026-07-04T02,246.303
2026-07-04T03,256.249
2026-07-04T04,243.963
2026-07-04T05,259.759
2026-07-04T06,312.998
2026-07-04T07,376.476
2026-07-04T08,476.518
2026-07-04T09,630.677
2026-07-04T10,950.111
2026-07-04T11,1024.119
2026-07-04T12,1059.221
2026-07-04T13,1069.167
2026-07-04T14,1048.105
2026-07-04T15,1062.732
2026-07-04T16,1061.561
2026-07-04T17,1100.759
2026-07-04T18,1107.487
2026-07-04T19,1099.589
2026-07-04T20,1085.256
2026-07-04T21,1027.044
2026-07-04T22,609.908
2026-07-04T23,337.570
2026-07-05T00,278.777
2026-07-05T01,274.974
2026-07-05T02,253.327
2026-07-05T03,260.056
2026-07-05T04,254.498
2026-07-05T05,258.593
2026-07-05T06,261.518
2026-07-05T07,282.580
2026-07-05T08,391.692
2026-07-05T09,511.628
2026-07-05T10,611.672
2026-07-05T11,859.734
2026-07-05T12,951.587
2026-07-05T13,1067.134
2026-07-05T14,1061.576
2026-07-05T15,1064.794
2026-07-05T16,1050.753
2026-07-05T17,1058.066
2026-07-05T18,1019.453
2026-07-05T19,996.636
2026-07-05T20,948.369
2026-07-05T21,628.053
2026-07-05T22,645.312
2026-07-05T23,541.758
2026-07-06T00,520.686
2026-07-06T01,510.155
2026-07-06T02,485.291
2026-07-06T03,487.339
2026-07-06T04,463.937
2026-07-06T05,312.997
2026-07-06T06,326.160
2026-07-06T07,394.025
2026-07-06T08,484.998
2026-07-06T09,636.231
2026-07-06T10,896.867
2026-07-06T11,911.200
2026-07-06T12,1051.317
2026-07-06T13,1056.583
2026-07-06T14,1050.440
2026-07-06T15,1055.413
2026-07-06T16,1074.426
2026-07-06T17,1017.092
2026-07-06T18,922.023
2026-07-06T19,912.663
2026-07-06T20,884.873
2026-07-06T21,825.784
2026-07-06T22,675.721
2026-07-06T23,526.829
2026-07-07T00,487.006
2026-07-07T01,478.347
2026-07-07T02,441.137
2026-07-07T03,391.290
2026-07-07T04,371.632
2026-07-07T05,368.121
2026-07-07T06,313.828
2026-07-07T07,408.608
2026-07-07T08,499.409
2026-07-07T09,689.672
2026-07-07T10,957.630
2026-07-07T11,1013.094
2026-07-07T12,1102.024
2026-07-07T13,1077.451
2026-07-07T14,1093.599
2026-07-07T15,1097.109
2026-07-07T16,1081.898
2026-07-07T17,1096.173
2026-07-07T18,928.377
2026-07-07T19,921.824
2026-07-07T20,892.571
2026-07-07T21,823.534
2026-07-07T22,697.628
2026-07-07T23,619.698
2026-07-08T00,611.961
2026-07-08T01,600.728
2026-07-08T02,573.114
2026-07-08T03,559.540
2026-07-08T04,526.778
2026-07-08T05,430.362
2026-07-08T06,458.210
2026-07-08T07,525.374
2026-07-08T08,511.332
2026-07-08T09,644.958
2026-07-08T10,888.806
2026-07-08T11,948.715
2026-07-08T12,1122.123
2026-07-08T13,1121.187
2026-07-08T14,1083.510
2026-07-08T15,1098.955
2026-07-08T16,1089.126
2026-07-08T17,1050.513
2026-07-08T18,930.929
2026-07-08T19,918.058
2026-07-08T20,876.637
2026-07-08T21,807.133
2026-07-08T22,640.745
2026-07-08T23,492.377
2026-07-09T00,446.074
2026-07-09T01,438.585
2026-07-09T02,419.628
2026-07-09T03,448.414
2026-07-09T04,492.647
2026-07-09T05,407.458
2026-07-09T06,321.801
2026-07-09T07,399.969
2026-07-09T08,500.605
2026-07-09T09,626.516
2026-07-09T10,868.510
2026-07-09T11,901.041
2026-07-09T12,1038.421
2026-07-09T13,1052.463
2026-07-09T14,1031.166
2026-07-09T15,1036.783
2026-07-09T16,1022.038
2026-07-09T17,1007.996
2026-07-09T18,898.701
2026-07-09T19,900.807
2026-07-09T20,865.936
2026-07-09T21,798.533
2026-07-09T22,714.748
2026-07-09T23,602.879
2026-07-10T00,580.371
2026-07-10T01,574.228
2026-07-10T02,551.411
2026-07-10T03,532.104
2026-07-10T04,475.062
2026-07-10T05,403.393
2026-07-10T06,325.581
2026-07-10T07,398.713
2026-07-10T08,506.070
2026-07-10T09,643.557
2026-07-10T10,873.775
2026-07-10T11,927.307
2026-07-10T12,1053.970
2026-07-10T13,1064.501
2026-07-10T14,1010.969
2026-07-10T15,1000.731
2026-07-10T16,994.588
2026-07-10T17,987.567
2026-07-10T18,924.382
2026-07-10T19,924.967
2026-07-10T20,903.905
2026-07-10T21,851.543
2026-07-10T22,579.494
2026-07-10T23,339.622
2026-07-11T00,289.597
2026-07-11T01,271.460
2026-07-11T02,246.303
2026-07-11T03,256.249
2026-07-11T04,243.963
2026-07-11T05,259.759
2026-07-11T06,312.998
2026-07-11T07,376.476
2026-07-11T08,476.518
2026-07-11T09,630.677
2026-07-11T10,950.111
2026-07-11T11,1024.119
2026-07-11T12,1059.221
2026-07-11T13,1069.167
2026-07-11T14,1048.105
2026-07-11T15,1062.732
2026-07-11T16,1061.561
2026-07-11T17,1100.759
2026-07-11T18,1107.487
2026-07-11T19,1099.589
2026-07-11T20,1085.256
2026-07-11T21,1027.044
2026-07-11T22,609.908
2026-07-11T23,337.570
2026-07-12T00,278.777
2026-07-12T01,274.974
2026-07-12T02,253.327
2026-07-12T03,260.056
2026-07-12T04,254.498
2026-07-12T05,258.593
2026-07-12T06,261.518
2026-07-12T07,282.580
2026-07-12T08,391.692
2026-07-12T09,511.628
2026-07-12T10,611.672
2026-07-12T11,859.734
2026-07-12T12,951.587
2026-07-12T13,1067.134
2026-07-12T14,1061.576
2026-07-12T15,1064.794
2026-07-12T16,1050.753
2026-07-12T17,1058.066
2026-07-12T18,1019.453
2026-07-12T19,996.636
2026-07-12T20,948.369
2026-07-12T21,628.053
2026-07-12T22,645.312
2026-07-12T23,541.758
2026-07-13T00,520.686
2026-07-13T01,510.155
2026-07-13T02,485.291
2026-07-13T03,487.339
2026-07-13T04,463.937
2026-07-13T05,312.997
2026-07-13T06,326.160
2026-07-13T07,394.025
2026-07-13T08,484.998
2026-07-13T09,636.231
2026-07-13T10,896.867
2026-07-13T11,911.200
2026-07-13T12,1051.317
2026-07-13T13,1056.583
2026-07-13T14,1050.440
2026-07-13T15,1055.413
2026-07-13T16,1074.426
2026-07-13T17,1017.092
2026-07-13T18,922.023
2026-07-13T19,912.663
2026-07-13T20,884.873
2026-07-13T21,825.784
2026-07-13T22,675.721
2026-07-13T23,526.829
2026-07-14T00,487.006
2026-07-14T01,478.347
2026-07-14T02,441.137
2026-07-14T03,391.290
2026-07-14T04,371.632
2026-07-14T05,368.121
2026-07-14T06,313.828
2026-07-14T07,408.608
2026-07-14T08,499.409
2026-07-14T09,689.672
2026-07-14T10,957.630
2026-07-14T11,1013.094
2026-07-14T12,1102.024
2026-07-14T13,1077.451
2026-07-14T14,1093.599
2026-07-14T15,1097.109
2026-07-14T16,1081.898
2026-07-14T17,1096.173
2026-07-14T18,928.377
2026-07-14T19,921.824
2026-07-14T20,892.571
2026-07-14T21,823.534
2026-07-14T22,697.628
2026-07-14T23,619.698
2026-07-15T00,611.961
2026-07-15T01,600.728
2026-07-15T02,573.114
2026-07-15T03,559.540
2026-07-15T04,526.778
2026-07-15T05,430.362
2026-07-15T06,458.210
2026-07-15T07,525.374
2026-07-15T08,511.332
2026-07-15T09,644.958
2026-07-15T10,888.806
2026-07-15T11,948.715
2026-07-15T12,1122.123
2026-07-15T13,1121.187
2026-07-15T14,1083.510
2026-07-15T15,1098.955
2026-07-15T16,1089.126
2026-07-15T17,1050.513
2026-07-15T18,930.929
2026-07-15T19,918.058
2026-07-15T20,876.637
2026-07-15T21,807.133
2026-07-15T22,640.745
2026-07-15T23,492.377
2026-07-16T00,446.074
2026-07-16T01,438.585
2026-07-16T02,419.628
2026-07-16T03,448.414
2026-07-16T04,492.647
2026-07-16T05,407.458
2026-07-16T06,321.801
2026-07-16T07,399.969
2026-07-16T08,500.605
2026-07-16T09,626.516
2026-07-16T10,868.510
2026-07-16T11,901.041
2026-07-16T12,1038.421
2026-07-16T13,1052.463
2026-07-16T14,1031.166
2026-07-16T15,1036.783
2026-07-16T16,1022.038
2026-07-16T17,1007.996
2026-07-16T18,898.701
2026-07-16T19,900.807
2026-07-16T20,865.936
2026-07-16T21,798.533
2026-07-16T22,714.748
2026-07-16T23,602.879
2026-07-17T00,580.371
2026-07-17T01,574.228
2026-07-17T02,551.411
2026-07-17T03,532.104
2026-07-17T04,475.062
2026-07-17T05,403.393
2026-07-17T06,325.581
2026-07-17T07,398.713
2026-07-17T08,506.070
2026-07-17T09,643.557
2026-07-17T10,873.775
2026-07-17T11,927.307
2026-07-17T12,1053.970
2026-07-17T13,1064.501
2026-07-17T14,1010.969
2026-07-17T15,1000.731
2026-07-17T16,994.588
2026-07-17T17,987.567
2026-07-17T18,924.382
2026-07-17T19,924.967
2026-07-17T20,903.905
2026-07-17T21,851.543
2026-07-17T22,579.494
2026-07-17T23,339.622
2026-07-18T00,289.597
2026-07-18T01,271.460
2026-07-18T02,246.303
2026-07-18T03,256.249
2026-07-18T04,243.963
2026-07-18T05,259.759
2026-07-18T06,312.998
2026-07-18T07,376.476
2026-07-18T08,476.518
2026-07-18T09,630.677
2026-07-18T10,950.111
2026-07-18T11,1024.119
2026-07-18T12,1059.221
2026-07-18T13,1069.167
2026-07-18T14,1048.105
2026-07-18T15,1062.732
2026-07-18T16,1061.561
2026-07-18T17,1100.759
2026-07-18T18,1107.487
2026-07-18T19,1099.589
2026-07-18T20,1085.256
2026-07-18T21,1027.044
2026-07-18T22,609.908
2026-07-18T23,337.570
2026-07-19T00,278.777
2026-07-19T01,274.974
2026-07-19T02,253.327
2026-07-19T03,260.056
2026-07-19T04,254.498
2026-07-19T05,258.593
2026-07-19T06,261.518
2026-07-19T07,282.580
2026-07-19T08,391.692
2026-07-19T09,511.628
2026-07-19T10,611.672
2026-07-19T11,859.734
2026-07-19T12,951.587
2026-07-19T13,1067.134
2026-07-19T14,1061.576
2026-07-19T15,1064.794
2026-07-19T16,1050.753
2026-07-19T17,1058.066
2026-07-19T18,1019.453
2026-07-19T19,996.636
2026-07-19T20,948.369
2026-07-19T21,628.053
2026-07-19T22,645.312
2026-07-19T23,541.758
2026-07-20T00,520.686
2026-07-20T01,510.155
2026-07-20T02,485.291
2026-07-20T03,487.339
2026-07-20T04,463.937
2026-07-20T05,312.997
2026-07-20T06,326.160
2026-07-20T07,394.025
2026-07-20T08,484.998
2026-07-20T09,636.231
2026-07-20T10,896.867
2026-07-20T11,911.200
2026-07-20T12,1051.317
2026-07-20T13,1056.583
2026-07-20T14,1050.440
2026-07-20T15,1055.413
2026-07-20T16,1074.426
2026-07-20T17,1017.092
2026-07-20T18,922.023
2026-07-20T19,912.663
2026-07-20T20,884.873
2026-07-20T21,825.784
2026-07-20T22,675.721
2026-07-20T23,526.829
2026-07-21T00,487.006
2026-07-21T01,478.347
2026-07-21T02,441.137
2026-07-21T03,391.290
2026-07-21T04,371.632
2026-07-21T05,368.121
2026-07-21T06,313.828
2026-07-21T07,408.608
2026-07-21T08,499.409
2026-07-21T09,689.672
2026-07-21T10,957.630
2026-07-21T11,1013.094
2026-07-21T12,1102.024
2026-07-21T13,1077.451
2026-07-21T14,1093.599
2026-07-21T15,1097.109
2026-07-21T16,1081.898
2026-07-21T17,1096.173
2026-07-21T18,928.377
2026-07-21T19,921.824
2026-07-21T20,892.571
2026-07-21T21,823.534
2026-07-21T22,697.628
2026-07-21T23,619.698
2026-07-22T00,611.961
2026-07-22T01,600.728
2026-07-22T02,573.114
2026-07-22T03,559.540
2026-07-22T04,526.778
2026-07-22T05,430.362
2026-07-22T06,458.210
2026-07-22T07,525.374
2026-07-22T08,511.332
2026-07-22T09,644.958
2026-07-22T10,888.806
2026-07-22T11,948.715
2026-07-22T12,1122.123
2026-07-22T13,1121.187
2026-07-22T14,1083.510
2026-07-22T15,1098.955
2026-07-22T16,1089.126
2026-07-22T17,1050.513
2026-07-22T18,930.929
2026-07-22T19,918.058
2026-07-22T20,876.637
2026-07-22T21,807.133
2026-07-22T22,640.745
2026-07-22T23,492.377
2026-07-23T00,446.074
2026-07-23T01,438.585
2026-07-23T02,419.628
2026-07-23T03,448.414
2026-07-23T04,492.647
2026-07-23T05,407.458
2026-07-23T06,321.801
2026-07-23T07,399.969
2026-07-23T08,500.605
2026-07-23T09,626.516
2026-07-23T10,868.510
2026-07-23T11,901.041
2026-07-23T12,1038.421
2026-07-23T13,1052.463
2026-07-23T14,1031.166
2026-07-23T15,1036.783
2026-07-23T16,1022.038
2026-07-23T17,1007.996
2026-07-23T18,898.701
2026-07-23T19,900.807
2026-07-23T20,865.936
2026-07-23T21,798.533
2026-07-23T22,714.748
2026-07-23T23,602.879
2026-07-24T00,580.371
2026-07-24T01,574.228
2026-07-24T02,551.411
2026-07-24T03,532.104
2026-07-24T04,475.062
2026-07-24T05,403.393
2026-07-24T06,325.581
2026-07-24T07,398.713
2026-07-24T08,506.070
2026-07-24T09,643.557
2026-07-24T10,873.775
2026-07-24T11,927.307
2026-07-24T12,1053.970
2026-07-24T13,1064.501
2026-07-24T14,1010.969
2026-07-24T15,1000.731
2026-07-24T16,994.588
2026-07-24T17,987.567
2026-07-24T18,924.382
2026-07-24T19,924.967
2026-07-24T20,903.905
2026-07-24T21,851.543
2026-07-24T22,579.494
2026-07-24T23,339.622
2026-07-25T00,289.597
2026-07-25T01,271.460
2026-07-25T02,246.303
2026-07-25T03,256.249
2026-07-25T04,243.963
2026-07-25T05,259.759
2026-07-25T06,312.998
2026-07-25T07,376.476
2026-07-25T08,476.518
2026-07-25T09,630.677
2026-07-25T10,950.111
2026-07-25T11,1024.119
2026-07-25T12,1059.221
2026-07-25T13,1069.167
2026-07-25T14,1048.105
2026-07-25T15,1062.732
2026-07-25T16,1061.561
2026-07-25T17,1100.759
2026-07-25T18,1107.487
2026-07-25T19,1099.589
2026-07-25T20,1085.256
2026-07-25T21,1027.044
2026-07-25T22,609.908
2026-07-25T23,337.570
2026-07-26T00,278.777
2026-07-26T01,274.974
2026-07-26T02,253.327
2026-07-26T03,260.056
2026-07-26T04,254.498
2026-07-26T05,258.593
2026-07-26T06,261.518
2026-07-26T07,282.580
2026-07-26T08,391.692
2026-07-26T09,511.628
2026-07-26T10,611.672
2026-07-26T11,859.734
2026-07-26T12,951.587
2026-07-26T13,1067.134
2026-07-26T14,1061.576
2026-07-26T15,1064.794
2026-07-26T16,1050.753
2026-07-26T17,1058.066
2026-07-26T18,1019.453
2026-07-26T19,996.636
2026-07-26T20,948.369
2026-07-26T21,628.053
2026-07-26T22,645.312
2026-07-26T23,541.758
2026-07-27T00,520.686
2026-07-27T01,510.155
2026-07-27T02,485.291
2026-07-27T03,487.339
2026-07-27T04,463.937
2026-07-27T05,312.997
2026-07-27T06,326.160
2026-07-27T07,394.025
2026-07-27T08,484.998
2026-07-27T09,636.231
2026-07-27T10,896.867
2026-07-27T11,911.200
2026-07-27T12,1051.317
2026-07-27T13,1056.583
2026-07-27T14,1050.440
2026-07-27T15,1055.413
2026-07-27T16,1074.426
2026-07-27T17,1017.092
2026-07-27T18,922.023
2026-07-27T19,912.663
2026-07-27T20,884.873
2026-07-27T21,825.784
2026-07-27T22,675.721
2026-07-27T23,526.829
2026-07-28T00,487.006
2026-07-28T01,478.347
2026-07-28T02,441.137
2026-07-28T03,391.290
2026-07-28T04,371.632
2026-07-28T05,368.121
2026-07-28T06,313.828
2026-07-28T07,408.608
2026-07-28T08,499.409
2026-07-28T09,689.672
2026-07-28T10,957.630
2026-07-28T11,1013.094
2026-07-28T12,1102.024
2026-07-28T13,1077.451
2026-07-28T14,1093.599
2026-07-28T15,1097.109
2026-07-28T16,1081.898
2026-07-28T17,1096.173
2026-07-28T18,928.377
2026-07-28T19,921.824
2026-07-28T20,892.571
2026-07-28T21,823.534
2026-07-28T22,697.628
2026-07-28T23,619.698
2026-07-29T00,611.961
2026-07-29T01,600.728
2026-07-29T02,573.114
2026-07-29T03,559.540
2026-07-29T04,526.778
2026-07-29T05,430.362
2026-07-29T06,458.210
2026-07-29T07,525.374
2026-07-29T08,511.332
2026-07-29T09,644.958
2026-07-29T10,888.806
2026-07-29T11,948.715
2026-07-29T12,1122.123
2026-07-29T13,1121.187
2026-07-29T14,1083.510
2026-07-29T15,1098.955
2026-07-29T16,1089.126
2026-07-29T17,1050.513
2026-07-29T18,930.929
2026-07-29T19,918.058
2026-07-29T20,876.637
2026-07-29T21,807.133
2026-07-29T22,640.745
2026-07-29T23,492.377
2026-07-30T00,446.074
2026-07-30T01,438.585
2026-07-30T02,419.628
2026-07-30T03,448.414
2026-07-30T04,492.647
2026-07-30T05,407.458
2026-07-30T06,321.801
2026-07-30T07,399.969
2026-07-30T08,500.605
2026-07-30T09,626.516
2026-07-30T10,868.510
2026-07-30T11,901.041
2026-07-30T12,1038.421
2026-07-30T13,1052.463
2026-07-30T14,1031.166
2026-07-30T15,1036.783
2026-07-30T16,1022.038
2026-07-30T17,1007.996
2026-07-30T18,898.701
2026-07-30T19,900.807
2026-07-30T20,865.936
2026-07-30T21,798.533
2026-07-30T22,714.748
2026-07-30T23,602.879
2026-07-31T00,580.371
2026-07-31T01,574.228
2026-07-31T02,551.411
2026-07-31T03,532.104
2026-07-31T04,475.061
2026-07-31T05,403.393
2026-07-31T06,325.581
2026-07-31T07,398.712
2026-07-31T08,506.069
2026-07-31T09,643.556
2026-07-31T10,873.774
2026-07-31T11,927.306
2026-07-31T12,1053.969
2026-07-31T13,1064.500
2026-07-31T14,1010.968
2026-07-31T15,1000.730
2026-07-31T16,994.587
2026-07-31T17,987.566
2026-07-31T18,924.380
2026-07-31T19,924.966
2026-07-31T20,903.904
2026-07-31T21,851.542
2026-07-31T22,579.493
2026-07-31T23,339.622
2026-08-01T00,292.205
2026-08-01T01,286.112
2026-08-01T02,263.935
2026-08-01T03,275.633
2026-08-01T04,265.885
2026-08-01T05,268.322
2026-08-01T06,323.643
2026-08-01T07,400.899
2026-08-01T08,495.457
2026-08-01T09,676.775
2026-08-01T10,1146.887
2026-08-01T11,1170.039
2026-08-01T12,1204.889
2026-08-01T13,1218.537
2026-08-01T14,1193.191
2026-08-01T15,1195.872
2026-08-01T16,1168.821
2026-08-01T17,1193.679
2026-08-01T18,1196.359
2026-08-01T19,1201.477
2026-08-01T20,1196.359
2026-08-01T21,1114.474
2026-08-01T22,613.411
2026-08-01T23,352.157
2026-08-02T00,286.110
2026-08-02T01,279.530
2026-08-02T02,255.403
2026-08-02T03,269.294
2026-08-02T04,260.521
2026-08-02T05,261.008
2026-08-02T06,278.555
2026-08-02T07,304.144
2026-08-02T08,404.063
2026-08-02T09,511.781
2026-08-02T10,627.053
2026-08-02T11,977.502
2026-08-02T12,1032.579
2026-08-02T13,1144.440
2026-08-02T14,1137.128
2026-08-02T15,1156.137
2026-08-02T16,1133.717
2026-08-02T17,1134.691
2026-08-02T18,1103.741
2026-08-02T19,1082.051
2026-08-02T20,1035.991
2026-08-02T21,706.501
2026-08-02T22,693.585
2026-08-02T23,631.684
2026-08-03T00,583.066
2026-08-03T01,567.834
2026-08-03T02,535.238
2026-08-03T03,507.517
2026-08-03T04,413.081
2026-08-03T05,264.116
2026-08-03T06,332.963
2026-08-03T07,405.465
2026-08-03T08,491.067
2026-08-03T09,642.469
2026-08-03T10,878.558
2026-08-03T11,936.134
2026-08-03T12,1156.383
2026-08-03T13,1149.681
2026-08-03T14,1120.132
2026-08-03T15,1126.224
2026-08-03T16,1109.165
2026-08-03T17,1076.874
2026-08-03T18,933.392
2026-08-03T19,937.352
2026-08-03T20,892.876
2026-08-03T21,815.804
2026-08-03T22,696.693
2026-08-03T23,573.927
2026-08-04T00,537.718
2026-08-04T01,531.320
2026-08-04T02,527.055
2026-08-04T03,527.664
2026-08-04T04,421.644
2026-08-04T05,317.147
2026-08-04T06,339.387
2026-08-04T07,426.518
2026-08-04T08,516.087
2026-08-04T09,653.182
2026-08-04T10,893.556
2026-08-04T11,931.943
2026-08-04T12,1103.769
2026-08-04T13,1110.167
2026-08-04T14,1084.575
2026-08-04T15,1100.722
2026-08-04T16,1086.099
2026-08-04T17,1051.368
2026-08-04T18,920.061
2026-08-04T19,910.312
2026-08-04T20,888.986
2026-08-04T21,819.525
2026-08-04T22,735.135
2026-08-04T23,620.280
2026-08-05T00,592.213
2026-08-05T01,584.293
2026-08-05T02,558.703
2026-08-05T03,525.193
2026-08-05T04,414.305
2026-08-05T05,263.206
2026-08-05T06,338.451
2026-08-05T07,419.789
2026-08-05T08,518.796
2026-08-05T09,655.577
2026-08-05T10,894.108
2026-08-05T11,917.869
2026-08-05T12,1107.963
2026-08-05T13,1129.287
2026-08-05T14,1105.525
2026-08-05T15,1125.936
2026-08-05T16,1106.744
2026-08-05T17,1073.234
2026-08-05T18,926.399
2026-08-05T19,920.002
2026-08-05T20,888.015
2026-08-05T21,813.074
2026-08-05T22,734.783
2026-08-05T23,637.604
2026-08-06T00,605.625
2026-08-06T01,590.697
2026-08-06T02,542.259
2026-08-06T03,515.146
2026-08-06T04,417.662
2026-08-06T05,264.732
2026-08-06T06,343.025
2026-08-06T07,424.059
2026-08-06T08,516.060
2026-08-06T09,664.725
2026-08-06T10,912.702
2026-08-06T11,965.405
2026-08-06T12,1171.646
2026-08-06T13,1162.507
2026-08-06T14,1132.043
2026-08-06T15,1149.103
2026-08-06T16,1137.831
2026-08-06T17,1102.493
2026-08-06T18,941.033
2026-08-06T19,937.073
2026-08-06T20,905.390
2026-08-06T21,823.747
2026-08-06T22,761.600
2026-08-06T23,654.367
2026-08-07T00,617.801
2026-08-07T01,610.977
2026-08-07T02,585.875
2026-08-07T03,517.880
2026-08-07T04,442.087
2026-08-07T05,266.373
2026-08-07T06,332.906
2026-08-07T07,425.515
2026-08-07T08,527.385
2026-08-07T09,671.173
2026-08-07T10,910.982
2026-08-07T11,949.000
2026-08-07T12,1141.774
2026-08-07T13,1166.388
2026-08-07T14,1140.312
2026-08-07T15,1147.623
2026-08-07T16,1135.437
2026-08-07T17,1099.368
2026-08-07T18,943.151
2026-08-07T19,963.623
2026-08-07T20,951.438
2026-08-07T21,883.443
2026-08-07T22,568.084
2026-08-07T23,343.385
2026-08-08T00,292.205
2026-08-08T01,286.112
2026-08-08T02,263.935
2026-08-08T03,275.633
2026-08-08T04,265.885
2026-08-08T05,268.322
2026-08-08T06,323.643
2026-08-08T07,400.899
2026-08-08T08,495.457
2026-08-08T09,676.775
2026-08-08T10,1146.887
2026-08-08T11,1170.039
2026-08-08T12,1204.889
2026-08-08T13,1218.537
2026-08-08T14,1193.191
2026-08-08T15,1195.872
2026-08-08T16,1168.821
2026-08-08T17,1193.679
2026-08-08T18,1196.359
2026-08-08T19,1201.477
2026-08-08T20,1196.359
2026-08-08T21,1114.474
2026-08-08T22,613.411
2026-08-08T23,352.157
2026-08-09T00,286.110
2026-08-09T01,279.530
2026-08-09T02,255.403
2026-08-09T03,269.294
2026-08-09T04,260.521
2026-08-09T05,261.008
2026-08-09T06,278.555
2026-08-09T07,304.144
2026-08-09T08,404.063
2026-08-09T09,511.781
2026-08-09T10,627.053
2026-08-09T11,977.502
2026-08-09T12,1032.579
2026-08-09T13,1144.440
2026-08-09T14,1137.128
2026-08-09T15,1156.137
2026-08-09T16,1133.717
2026-08-09T17,1134.691
2026-08-09T18,1103.741
2026-08-09T19,1082.051
2026-08-09T20,1035.991
2026-08-09T21,706.501
2026-08-09T22,693.585
2026-08-09T23,631.684
2026-08-10T00,583.066
2026-08-10T01,567.834
2026-08-10T02,535.238
2026-08-10T03,507.517
2026-08-10T04,413.081
2026-08-10T05,264.116
2026-08-10T06,332.963
2026-08-10T07,405.465
2026-08-10T08,491.067
2026-08-10T09,642.469
2026-08-10T10,878.558
2026-08-10T11,936.134
2026-08-10T12,1156.383
2026-08-10T13,1149.681
2026-08-10T14,1120.132
2026-08-10T15,1126.224
2026-08-10T16,1109.165
2026-08-10T17,1076.874
2026-08-10T18,933.392
2026-08-10T19,937.352
2026-08-10T20,892.876
2026-08-10T21,815.804
2026-08-10T22,696.693
2026-08-10T23,573.927
2026-08-11T00,537.718
2026-08-11T01,531.320
2026-08-11T02,527.055
2026-08-11T03,527.664
2026-08-11T04,421.644
2026-08-11T05,317.147
2026-08-11T06,339.387
2026-08-11T07,426.518
2026-08-11T08,516.087
2026-08-11T09,653.182
2026-08-11T10,893.556
2026-08-11T11,931.943
2026-08-11T12,1103.769
2026-08-11T13,1110.167
2026-08-11T14,1084.575
2026-08-11T15,1100.722
2026-08-11T16,1086.099
2026-08-11T17,1051.368
2026-08-11T18,920.061
2026-08-11T19,910.312
2026-08-11T20,888.986
2026-08-11T21,819.525
2026-08-11T22,735.135
2026-08-11T23,620.280
2026-08-12T00,592.213
2026-08-12T01,584.293
2026-08-12T02,558.703
2026-08-12T03,525.193
2026-08-12T04,414.305
2026-08-12T05,263.206
2026-08-12T06,338.451
2026-08-12T07,419.789
2026-08-12T08,518.796
2026-08-12T09,655.577
2026-08-12T10,894.108
2026-08-12T11,917.869
2026-08-12T12,1107.963
2026-08-12T13,1129.287
2026-08-12T14,1105.525
2026-08-12T15,1125.936
2026-08-12T16,1106.744
2026-08-12T17,1073.234
2026-08-12T18,926.399
2026-08-12T19,920.002
2026-08-12T20,888.015
2026-08-12T21,813.074
2026-08-12T22,734.783
2026-08-12T23,637.604
2026-08-13T00,605.625
2026-08-13T01,590.697
2026-08-13T02,542.259
2026-08-13T03,515.146
2026-08-13T04,417.662
2026-08-13T05,264.732
2026-08-13T06,343.025
2026-08-13T07,424.059
2026-08-13T08,516.060
2026-08-13T09,664.725
2026-08-13T10,912.702
2026-08-13T11,965.405
2026-08-13T12,1171.646
2026-08-13T13,1162.507
2026-08-13T14,1132.043
2026-08-13T15,1149.103
2026-08-13T16,1137.831
2026-08-13T17,1102.493
2026-08-13T18,941.033
2026-08-13T19,937.073
2026-08-13T20,905.390
2026-08-13T21,823.747
2026-08-13T22,761.600
2026-08-13T23,654.367
2026-08-14T00,617.801
2026-08-14T01,610.977
2026-08-14T02,585.875
2026-08-14T03,517.880
2026-08-14T04,442.087
2026-08-14T05,266.373
2026-08-14T06,332.906
2026-08-14T07,425.515
2026-08-14T08,527.385
2026-08-14T09,671.173
2026-08-14T10,910.982
2026-08-14T11,949.000
2026-08-14T12,1141.774
2026-08-14T13,1166.388
2026-08-14T14,1140.312
2026-08-14T15,1147.623
2026-08-14T16,1135.437
2026-08-14T17,1099.368
2026-08-14T18,943.151
2026-08-14T19,963.623
2026-08-14T20,951.438
2026-08-14T21,883.443
2026-08-14T22,568.084
2026-08-14T23,343.385
2026-08-15T00,292.205
2026-08-15T01,286.112
2026-08-15T02,263.935
2026-08-15T03,275.633
2026-08-15T04,265.885
2026-08-15T05,268.322
2026-08-15T06,323.643
2026-08-15T07,400.899
2026-08-15T08,495.457
2026-08-15T09,676.775
2026-08-15T10,1146.887
2026-08-15T11,1170.039
2026-08-15T12,1204.889
2026-08-15T13,1218.537
2026-08-15T14,1193.191
2026-08-15T15,1195.872
2026-08-15T16,1168.821
2026-08-15T17,1193.679
2026-08-15T18,1196.359
2026-08-15T19,1201.477
2026-08-15T20,1196.359
2026-08-15T21,1114.474
2026-08-15T22,613.411
2026-08-15T23,352.157
2026-08-16T00,286.110
2026-08-16T01,279.530
2026-08-16T02,255.403
2026-08-16T03,269.294
2026-08-16T04,260.521
2026-08-16T05,261.008
2026-08-16T06,278.555
2026-08-16T07,304.144
2026-08-16T08,404.063
2026-08-16T09,511.781
2026-08-16T10,627.053
2026-08-16T11,977.502
2026-08-16T12,1032.579
2026-08-16T13,1144.440
2026-08-16T14,1137.128
2026-08-16T15,1156.137
2026-08-16T16,1133.717
2026-08-16T17,1134.691
2026-08-16T18,1103.741
2026-08-16T19,1082.051
2026-08-16T20,1035.991
2026-08-16T21,706.501
2026-08-16T22,693.585
2026-08-16T23,631.684
2026-08-17T00,583.066
2026-08-17T01,567.834
2026-08-17T02,535.238
2026-08-17T03,507.517
2026-08-17T04,413.081
2026-08-17T05,264.116
2026-08-17T06,332.963
2026-08-17T07,405.465
2026-08-17T08,491.067
2026-08-17T09,642.469
2026-08-17T10,878.558
2026-08-17T11,936.134
2026-08-17T12,1156.383
2026-08-17T13,1149.681
2026-08-17T14,1120.132
2026-08-17T15,1126.224
2026-08-17T16,1109.165
2026-08-17T17,1076.874
2026-08-17T18,933.392
2026-08-17T19,937.352
2026-08-17T20,892.876
2026-08-17T21,815.804
2026-08-17T22,696.693
2026-08-17T23,573.927
2026-08-18T00,537.718
2026-08-18T01,531.320
2026-08-18T02,527.055
2026-08-18T03,527.664
2026-08-18T04,421.644
2026-08-18T05,317.147
2026-08-18T06,339.387
2026-08-18T07,426.518
2026-08-18T08,516.087
2026-08-18T09,653.182
2026-08-18T10,893.556
2026-08-18T11,931.943
2026-08-18T12,1103.769
2026-08-18T13,1110.167
2026-08-18T14,1084.575
2026-08-18T15,1100.722
2026-08-18T16,1086.099
2026-08-18T17,1051.368
2026-08-18T18,920.061
2026-08-18T19,910.312
2026-08-18T20,888.986
2026-08-18T21,819.525
2026-08-18T22,735.135
2026-08-18T23,620.280
2026-08-19T00,592.213
2026-08-19T01,584.293
2026-08-19T02,558.703
2026-08-19T03,525.193
2026-08-19T04,414.305
2026-08-19T05,263.206
2026-08-19T06,338.451
2026-08-19T07,419.789
2026-08-19T08,518.796
2026-08-19T09,655.577
2026-08-19T10,894.108
2026-08-19T11,917.869
2026-08-19T12,1107.963
2026-08-19T13,1129.287
2026-08-19T14,1105.525
2026-08-19T15,1125.936
2026-08-19T16,1106.744
2026-08-19T17,1073.234
2026-08-19T18,926.399
2026-08-19T19,920.002
2026-08-19T20,888.015
2026-08-19T21,813.074
2026-08-19T22,734.783
2026-08-19T23,637.604
2026-08-20T00,605.625
2026-08-20T01,590.697
2026-08-20T02,542.259
2026-08-20T03,515.146
2026-08-20T04,417.662
2026-08-20T05,264.732
2026-08-20T06,343.025
2026-08-20T07,424.059
2026-08-20T08,516.060
2026-08-20T09,664.725
2026-08-20T10,912.702
2026-08-20T11,965.405
2026-08-20T12,1171.646
2026-08-20T13,1162.507
2026-08-20T14,1132.043
2026-08-20T15,1149.103
2026-08-20T16,1137.831
2026-08-20T17,1102.493
2026-08-20T18,941.033
2026-08-20T19,937.073
2026-08-20T20,905.390
2026-08-20T21,823.747
2026-08-20T22,761.600
2026-08-20T23,654.367
2026-08-21T00,617.801
2026-08-21T01,610.977
2026-08-21T02,585.875
2026-08-21T03,517.880
2026-08-21T04,442.087
2026-08-21T05,266.373
2026-08-21T06,332.906
2026-08-21T07,425.515
2026-08-21T08,527.385
2026-08-21T09,671.173
2026-08-21T10,910.982
2026-08-21T11,949.000
2026-08-21T12,1141.774
2026-08-21T13,1166.388
2026-08-21T14,1140.312
2026-08-21T15,1147.623
2026-08-21T16,1135.437
2026-08-21T17,1099.368
2026-08-21T18,943.151
2026-08-21T19,963.623
2026-08-21T20,951.438
2026-08-21T21,883.443
2026-08-21T22,568.084
2026-08-21T23,343.385
2026-08-22T00,292.205
2026-08-22T01,286.112
2026-08-22T02,263.935
2026-08-22T03,275.633
2026-08-22T04,265.885
2026-08-22T05,268.322
2026-08-22T06,323.643
2026-08-22T07,400.899
2026-08-22T08,495.457
2026-08-22T09,676.775
2026-08-22T10,1146.887
2026-08-22T11,1170.039
2026-08-22T12,1204.889
2026-08-22T13,1218.537
2026-08-22T14,1193.191
2026-08-22T15,1195.872
2026-08-22T16,1168.821
2026-08-22T17,1193.679
2026-08-22T18,1196.359
2026-08-22T19,1201.477
2026-08-22T20,1196.359
2026-08-22T21,1114.474
2026-08-22T22,613.411
2026-08-22T23,352.157
2026-08-23T00,286.110
2026-08-23T01,279.530
2026-08-23T02,255.403
2026-08-23T03,269.294
2026-08-23T04,260.521
2026-08-23T05,261.008
2026-08-23T06,278.555
2026-08-23T07,304.144
2026-08-23T08,404.063
2026-08-23T09,511.781
2026-08-23T10,627.053
2026-08-23T11,977.502
2026-08-23T12,1032.579
2026-08-23T13,1144.440
2026-08-23T14,1137.128
2026-08-23T15,1156.137
2026-08-23T16,1133.717
2026-08-23T17,1134.691
2026-08-23T18,1103.741
2026-08-23T19,1082.051
2026-08-23T20,1035.991
2026-08-23T21,706.501
2026-08-23T22,693.585
2026-08-23T23,631.684
2026-08-24T00,583.066
2026-08-24T01,567.834
2026-08-24T02,535.238
2026-08-24T03,507.517
2026-08-24T04,413.081
2026-08-24T05,264.116
2026-08-24T06,332.963
2026-08-24T07,405.465
2026-08-24T08,491.067
2026-08-24T09,642.469
2026-08-24T10,878.558
2026-08-24T11,936.134
2026-08-24T12,1156.383
2026-08-24T13,1149.681
2026-08-24T14,1120.132
2026-08-24T15,1126.224
2026-08-24T16,1109.165
2026-08-24T17,1076.874
2026-08-24T18,933.392
2026-08-24T19,937.352
2026-08-24T20,892.876
2026-08-24T21,815.804
2026-08-24T22,696.693
2026-08-24T23,573.927
2026-08-25T00,537.688
2026-08-25T01,531.291
2026-08-25T02,527.026
2026-08-25T03,527.635
2026-08-25T04,421.621
2026-08-25T05,317.129
2026-08-25T06,339.368
2026-08-25T07,426.495
2026-08-25T08,516.059
2026-08-25T09,653.146
2026-08-25T10,893.507
2026-08-25T11,931.891
2026-08-25T12,1103.708
2026-08-25T13,1110.105
2026-08-25T14,1084.515
2026-08-25T15,1100.661
2026-08-25T16,1086.039
2026-08-25T17,1051.310
2026-08-25T18,920.010
2026-08-25T19,910.262
2026-08-25T20,888.937
2026-08-25T21,819.479
2026-08-25T22,735.094
2026-08-25T23,620.245
2026-08-26T00,592.213
2026-08-26T01,584.293
2026-08-26T02,558.703
2026-08-26T03,525.193
2026-08-26T04,414.305
2026-08-26T05,263.206
2026-08-26T06,338.451
2026-08-26T07,419.789
2026-08-26T08,518.796
2026-08-26T09,655.577
2026-08-26T10,894.108
2026-08-26T11,917.869
2026-08-26T12,1107.963
2026-08-26T13,1129.287
2026-08-26T14,1105.525
2026-08-26T15,1125.936
2026-08-26T16,1106.744
2026-08-26T17,1073.234
2026-08-26T18,926.399
2026-08-26T19,920.002
2026-08-26T20,888.015
2026-08-26T21,813.074
2026-08-26T22,734.783
2026-08-26T23,637.604
2026-08-27T00,605.625
2026-08-27T01,590.697
2026-08-27T02,542.259
2026-08-27T03,515.146
2026-08-27T04,417.662
2026-08-27T05,264.732
2026-08-27T06,343.025
2026-08-27T07,424.059
2026-08-27T08,516.060
2026-08-27T09,664.725
2026-08-27T10,912.702
2026-08-27T11,965.405
2026-08-27T12,1171.646
2026-08-27T13,1162.507
2026-08-27T14,1132.043
2026-08-27T15,1149.103
2026-08-27T16,1137.831
2026-08-27T17,1102.493
2026-08-27T18,941.033
2026-08-27T19,937.073
2026-08-27T20,905.390
2026-08-27T21,823.747
2026-08-27T22,761.600
2026-08-27T23,654.367
2026-08-28T00,617.801
2026-08-28T01,610.977
2026-08-28T02,585.875
2026-08-28T03,517.880
2026-08-28T04,442.087
2026-08-28T05,266.373
2026-08-28T06,332.906
2026-08-28T07,425.515
2026-08-28T08,527.385
2026-08-28T09,671.173
2026-08-28T10,910.982
2026-08-28T11,949.000
2026-08-28T12,1141.774
2026-08-28T13,1166.388
2026-08-28T14,1140.312
2026-08-28T15,1147.623
2026-08-28T16,1135.437
2026-08-28T17,1099.368
2026-08-28T18,943.151
2026-08-28T19,963.623
2026-08-28T20,951.438
2026-08-28T21,883.443
2026-08-28T22,568.084
2026-08-28T23,343.385
2026-08-29T00,292.205
2026-08-29T01,286.112
2026-08-29T02,263.935
2026-08-29T03,275.633
2026-08-29T04,265.885
2026-08-29T05,268.322
2026-08-29T06,323.643
2026-08-29T07,400.899
2026-08-29T08,495.457
2026-08-29T09,676.775
2026-08-29T10,1146.887
2026-08-29T11,1170.039
2026-08-29T12,1204.889
2026-08-29T13,1218.537
2026-08-29T14,1193.191
2026-08-29T15,1195.872
2026-08-29T16,1168.821
2026-08-29T17,1193.679
2026-08-29T18,1196.359
2026-08-29T19,1201.477
2026-08-29T20,1196.359
2026-08-29T21,1114.474
2026-08-29T22,613.411
2026-08-29T23,352.157
2026-08-30T00,286.110
2026-08-30T01,279.530
2026-08-30T02,255.403
2026-08-30T03,269.294
2026-08-30T04,260.521
2026-08-30T05,261.008
2026-08-30T06,278.555
2026-08-30T07,304.144
2026-08-30T08,404.063
2026-08-30T09,511.781
2026-08-30T10,627.053
2026-08-30T11,977.502
2026-08-30T12,1032.579
2026-08-30T13,1144.440
2026-08-30T14,1137.128
2026-08-30T15,1156.137
2026-08-30T16,1133.717
2026-08-30T17,1134.691
2026-08-30T18,1103.741
2026-08-30T19,1082.051
2026-08-30T20,1035.991
2026-08-30T21,706.501
2026-08-30T22,693.585
2026-08-30T23,631.684
2026-08-31T00,583.066
2026-08-31T01,567.834
2026-08-31T02,535.238
2026-08-31T03,507.517
2026-08-31T04,413.081
2026-08-31T05,264.116
2026-08-31T06,332.963
2026-08-31T07,405.465
2026-08-31T08,491.067
2026-08-31T09,642.469
2026-08-31T10,878.558
2026-08-31T11,936.134
2026-08-31T12,1156.383
2026-08-31T13,1149.681
2026-08-31T14,1120.132
2026-08-31T15,1126.224
2026-08-31T16,1109.165
2026-08-31T17,1076.874
2026-08-31T18,933.392
2026-08-31T19,937.352
2026-08-31T20,892.876
2026-08-31T21,815.804
2026-08-31T22,696.693
2026-08-31T23,573.927
2026-09-01T00,674.899
2026-09-01T01,645.036
2026-09-01T02,543.751
2026-09-01T03,473.076
2026-09-01T04,435.499
2026-09-01T05,288.922
2026-09-01T06,349.892
2026-09-01T07,455.656
2026-09-01T08,547.235
2026-09-01T09,688.337
2026-09-01T10,948.890
2026-09-01T11,1024.044
2026-09-01T12,1192.271
2026-09-01T13,1217.904
2026-09-01T14,1184.308
2026-09-01T15,1193.516
2026-09-01T16,1159.173
2026-09-01T17,1117.366
2026-09-01T18,981.988
2026-09-01T19,976.513
2026-09-01T20,931.221
2026-09-01T21,853.080
2026-09-01T22,804.055
2026-09-01T23,688.337
2026-09-02T00,634.238
2026-09-02T01,661.922
2026-09-02T02,536.878
2026-09-02T03,465.025
2026-09-02T04,413.079
2026-09-02T05,294.568
2026-09-02T06,342.470
2026-09-02T07,452.272
2026-09-02T08,555.853
2026-09-02T09,700.493
2026-09-02T10,958.978
2026-09-02T11,1065.047
2026-09-02T12,1209.065
2026-09-02T13,1218.708
2026-09-02T14,1177.960
2026-09-02T15,1190.091
2026-09-02T16,1185.736
2026-09-02T17,1132.235
2026-09-02T18,982.618
2026-09-02T19,973.598
2026-09-02T20,933.472
2026-09-02T21,858.819
2026-09-02T22,816.205
2026-09-02T23,699.871
2026-09-03T00,676.532
2026-09-03T01,650.404
2026-09-03T02,508.254
2026-09-03T03,478.083
2026-09-03T04,402.809
2026-09-03T05,276.834
2026-09-03T06,350.552
2026-09-03T07,448.222
2026-09-03T08,533.760
2026-09-03T09,668.756
2026-09-03T10,922.883
2026-09-03T11,1044.814
2026-09-03T12,1173.278
2026-09-03T13,1178.254
2026-09-03T14,1149.638
2026-09-03T15,1158.347
2026-09-03T16,1157.103
2026-09-03T17,1133.463
2026-09-03T18,978.872
2026-09-03T19,967.052
2026-09-03T20,926.616
2026-09-03T21,854.141
2026-09-03T22,707.637
2026-09-03T23,600.636
2026-09-04T00,642.003
2026-09-04T01,637.337
2026-09-04T02,520.072
2026-09-04T03,510.741
2026-09-04T04,437.022
2026-09-04T05,278.077
2026-09-04T06,342.775
2026-09-04T07,433.601
2026-09-04T08,533.758
2026-09-04T09,675.285
2026-09-04T10,931.589
2026-09-04T11,1087.735
2026-09-04T12,1216.509
2026-09-04T13,1197.535
2026-09-04T14,1172.029
2026-09-04T15,1187.581
2026-09-04T16,1172.962
2026-09-04T17,1133.459
2026-09-04T18,983.223
2026-09-04T19,994.109
2026-09-04T20,970.159
2026-09-04T21,911.993
2026-09-04T22,598.145
2026-09-04T23,365.792
2026-09-05T00,302.034
2026-09-05T01,283.993
2026-09-05T02,264.397
2026-09-05T03,275.284
2026-09-05T04,264.086
2026-09-05T05,271.862
2026-09-05T06,334.695
2026-09-05T07,415.258
2026-09-05T08,513.241
2026-09-05T09,716.671
2026-09-05T10,1167.078
2026-09-05T11,1194.762
2026-09-05T12,1229.911
2026-09-05T13,1237.999
2026-09-05T14,1217.469
2026-09-05T15,1237.688
2026-09-05T16,1194.140
2026-09-05T17,1228.356
2026-09-05T18,1223.690
2026-09-05T19,1214.359
2026-09-05T20,1208.449
2026-09-05T21,1143.127
2026-09-05T22,646.683
2026-09-05T23,373.266
2026-09-06T00,302.349
2026-09-06T01,283.063
2026-09-06T02,257.245
2026-09-06T03,273.731
2026-09-06T04,268.754
2026-09-06T05,270.621
2026-09-06T06,288.662
2026-09-06T07,313.236
2026-09-06T08,419.618
2026-09-06T09,515.424
2026-09-06T10,610.918
2026-09-06T11,896.470
2026-09-06T12,1027.737
2026-09-06T13,1196.952
2026-09-06T14,1178.600
2026-09-06T15,1183.266
2026-09-06T16,1164.291
2026-09-06T17,1177.356
2026-09-06T18,1142.828
2026-09-06T19,1111.100
2026-09-06T20,1064.130
2026-09-06T21,717.300
2026-09-06T22,706.102
2026-09-06T23,598.476
2026-09-07T00,642.757
2026-09-07T01,605.182
2026-09-07T02,526.548
2026-09-07T03,486.236
2026-09-07T04,422.035
2026-09-07T05,294.130
2026-09-07T06,348.875
2026-09-07T07,438.707
2026-09-07T08,530.529
2026-09-07T09,685.060
2026-09-07T10,946.841
2026-09-07T11,1050.608
2026-09-07T12,1224.050
2026-09-07T13,1226.538
2026-09-07T14,1195.184
2026-09-07T15,1206.631
2026-09-07T16,1187.968
2026-09-07T17,1155.867
2026-09-07T18,980.683
2026-09-07T19,983.669
2026-09-07T20,948.085
2026-09-07T21,873.184
2026-09-07T22,765.684
2026-09-07T23,681.078
2026-09-08T00,674.899
2026-09-08T01,645.036
2026-09-08T02,543.751
2026-09-08T03,473.076
2026-09-08T04,435.499
2026-09-08T05,288.922
2026-09-08T06,349.892
2026-09-08T07,455.656
2026-09-08T08,547.235
2026-09-08T09,688.337
2026-09-08T10,948.890
2026-09-08T11,1024.044
2026-09-08T12,1192.271
2026-09-08T13,1217.904
2026-09-08T14,1184.308
2026-09-08T15,1193.516
2026-09-08T16,1159.173
2026-09-08T17,1117.366
2026-09-08T18,981.988
2026-09-08T19,976.513
2026-09-08T20,931.221
2026-09-08T21,853.080
2026-09-08T22,804.055
2026-09-08T23,688.337
2026-09-09T00,634.238
2026-09-09T01,661.922
2026-09-09T02,536.878
2026-09-09T03,465.025
2026-09-09T04,413.079
2026-09-09T05,294.568
2026-09-09T06,342.470
2026-09-09T07,452.272
2026-09-09T08,555.853
2026-09-09T09,700.493
2026-09-09T10,958.978
2026-09-09T11,1065.047
2026-09-09T12,1209.065
2026-09-09T13,1218.708
2026-09-09T14,1177.960
2026-09-09T15,1190.091
2026-09-09T16,1185.736
2026-09-09T17,1132.235
2026-09-09T18,982.618
2026-09-09T19,973.598
2026-09-09T20,933.472
2026-09-09T21,858.819
2026-09-09T22,816.205
2026-09-09T23,699.871
2026-09-10T00,676.532
2026-09-10T01,650.404
2026-09-10T02,508.254
2026-09-10T03,478.083
2026-09-10T04,402.809
2026-09-10T05,276.834
2026-09-10T06,350.552
2026-09-10T07,448.222
2026-09-10T08,533.760
2026-09-10T09,668.756
2026-09-10T10,922.883
2026-09-10T11,1044.814
2026-09-10T12,1173.278
2026-09-10T13,1178.254
2026-09-10T14,1149.638
2026-09-10T15,1158.347
2026-09-10T16,1157.103
2026-09-10T17,1133.463
2026-09-10T18,978.872
2026-09-10T19,967.052
2026-09-10T20,926.616
2026-09-10T21,854.141
2026-09-10T22,707.637
2026-09-10T23,600.636
2026-09-11T00,642.003
2026-09-11T01,637.337
2026-09-11T02,520.072
2026-09-11T03,510.741
2026-09-11T04,437.022
2026-09-11T05,278.077
2026-09-11T06,342.775
2026-09-11T07,433.601
2026-09-11T08,533.758
2026-09-11T09,675.285
2026-09-11T10,931.589
2026-09-11T11,1087.735
2026-09-11T12,1216.509
2026-09-11T13,1197.535
2026-09-11T14,1172.029
2026-09-11T15,1187.581
2026-09-11T16,1172.962
2026-09-11T17,1133.459
2026-09-11T18,983.223
2026-09-11T19,994.109
2026-09-11T20,970.159
2026-09-11T21,911.993
2026-09-11T22,598.145
2026-09-11T23,365.792
2026-09-12T00,302.034
2026-09-12T01,283.993
2026-09-12T02,264.397
2026-09-12T03,275.284
2026-09-12T04,264.086
2026-09-12T05,271.862
2026-09-12T06,334.695
2026-09-12T07,415.258
2026-09-12T08,513.241
2026-09-12T09,716.671
2026-09-12T10,1167.078
2026-09-12T11,1194.762
2026-09-12T12,1229.911
2026-09-12T13,1237.999
2026-09-12T14,1217.469
2026-09-12T15,1237.688
2026-09-12T16,1194.140
2026-09-12T17,1228.356
2026-09-12T18,1223.690
2026-09-12T19,1214.359
2026-09-12T20,1208.449
2026-09-12T21,1143.127
2026-09-12T22,646.683
2026-09-12T23,373.266
2026-09-13T00,302.349
2026-09-13T01,283.063
2026-09-13T02,257.245
2026-09-13T03,273.731
2026-09-13T04,268.754
2026-09-13T05,270.621
2026-09-13T06,288.662
2026-09-13T07,313.236
2026-09-13T08,419.618
2026-09-13T09,515.424
2026-09-13T10,610.918
2026-09-13T11,896.470
2026-09-13T12,1027.737
2026-09-13T13,1196.952
2026-09-13T14,1178.600
2026-09-13T15,1183.266
2026-09-13T16,1164.291
2026-09-13T17,1177.356
2026-09-13T18,1142.828
2026-09-13T19,1111.100
2026-09-13T20,1064.130
2026-09-13T21,717.300
2026-09-13T22,706.102
2026-09-13T23,598.476
2026-09-14T00,642.757
2026-09-14T01,605.182
2026-09-14T02,526.548
2026-09-14T03,486.236
2026-09-14T04,422.035
2026-09-14T05,294.130
2026-09-14T06,348.875
2026-09-14T07,438.707
2026-09-14T08,530.529
2026-09-14T09,685.060
2026-09-14T10,946.841
2026-09-14T11,1050.608
2026-09-14T12,1224.050
2026-09-14T13,1226.538
2026-09-14T14,1195.184
2026-09-14T15,1206.631
2026-09-14T16,1187.968
2026-09-14T17,1155.867
2026-09-14T18,980.683
2026-09-14T19,983.669
2026-09-14T20,948.085
2026-09-14T21,873.184
2026-09-14T22,765.684
2026-09-14T23,681.078
2026-09-15T00,674.864
2026-09-15T01,645.003
2026-09-15T02,543.723
2026-09-15T03,473.052
2026-09-15T04,435.476
2026-09-15T05,288.907
2026-09-15T06,349.874
2026-09-15T07,455.633
2026-09-15T08,547.207
2026-09-15T09,688.301
2026-09-15T10,948.841
2026-09-15T11,1023.992
2026-09-15T12,1192.210
2026-09-15T13,1217.841
2026-09-15T14,1184.247
2026-09-15T15,1193.454
2026-09-15T16,1159.114
2026-09-15T17,1117.308
2026-09-15T18,981.937
2026-09-15T19,976.462
2026-09-15T20,931.173
2026-09-15T21,853.036
2026-09-15T22,804.014
2026-09-15T23,688.301
2026-09-16T00,634.238
2026-09-16T01,661.922
2026-09-16T02,536.878
2026-09-16T03,465.025
2026-09-16T04,413.079
2026-09-16T05,294.568
2026-09-16T06,342.470
2026-09-16T07,452.272
2026-09-16T08,555.853
2026-09-16T09,700.493
2026-09-16T10,958.978
2026-09-16T11,1065.047
2026-09-16T12,1209.065
2026-09-16T13,1218.708
2026-09-16T14,1177.960
2026-09-16T15,1190.091
2026-09-16T16,1185.736
2026-09-16T17,1132.235
2026-09-16T18,982.618
2026-09-16T19,973.598
2026-09-16T20,933.472
2026-09-16T21,858.819
2026-09-16T22,816.205
2026-09-16T23,699.871
2026-09-17T00,676.532
2026-09-17T01,650.404
2026-09-17T02,508.254
2026-09-17T03,478.083
2026-09-17T04,402.809
2026-09-17T05,276.834
2026-09-17T06,350.552
2026-09-17T07,448.222
2026-09-17T08,533.760
2026-09-17T09,668.756
2026-09-17T10,922.883
2026-09-17T11,1044.814
2026-09-17T12,1173.278
2026-09-17T13,1178.254
2026-09-17T14,1149.638
2026-09-17T15,1158.347
2026-09-17T16,1157.103
2026-09-17T17,1133.463
2026-09-17T18,978.872
2026-09-17T19,967.052
2026-09-17T20,926.616
2026-09-17T21,854.141
2026-09-17T22,707.637
2026-09-17T23,600.636
2026-09-18T00,642.003
2026-09-18T01,637.337
2026-09-18T02,520.072
2026-09-18T03,510.741
2026-09-18T04,437.022
2026-09-18T05,278.077
2026-09-18T06,342.775
2026-09-18T07,433.601
2026-09-18T08,533.758
2026-09-18T09,675.285
2026-09-18T10,931.589
2026-09-18T11,1087.735
2026-09-18T12,1216.509
2026-09-18T13,1197.535
2026-09-18T14,1172.029
2026-09-18T15,1187.581
2026-09-18T16,1172.962
2026-09-18T17,1133.459
2026-09-18T18,983.223
2026-09-18T19,994.109
2026-09-18T20,970.159
2026-09-18T21,911.993
2026-09-18T22,598.145
2026-09-18T23,365.792
2026-09-19T00,302.034
2026-09-19T01,283.993
2026-09-19T02,264.397
2026-09-19T03,275.284
2026-09-19T04,264.086
2026-09-19T05,271.862
2026-09-19T06,334.695
2026-09-19T07,415.258
2026-09-19T08,513.241
2026-09-19T09,716.671
2026-09-19T10,1167.078
2026-09-19T11,1194.762
2026-09-19T12,1229.911
2026-09-19T13,1237.999
2026-09-19T14,1217.469
2026-09-19T15,1237.688
2026-09-19T16,1194.140
2026-09-19T17,1228.356
2026-09-19T18,1223.690
2026-09-19T19,1214.359
2026-09-19T20,1208.449
2026-09-19T21,1143.127
2026-09-19T22,646.683
2026-09-19T23,373.266
2026-09-20T00,302.349
2026-09-20T01,283.063
2026-09-20T02,257.245
2026-09-20T03,273.731
2026-09-20T04,268.754
2026-09-20T05,270.621
2026-09-20T06,288.662
2026-09-20T07,313.236
2026-09-20T08,419.618
2026-09-20T09,515.424
2026-09-20T10,610.918
2026-09-20T11,896.470
2026-09-20T12,1027.737
2026-09-20T13,1196.952
2026-09-20T14,1178.600
2026-09-20T15,1183.266
2026-09-20T16,1164.291
2026-09-20T17,1177.356
2026-09-20T18,1142.828
2026-09-20T19,1111.100
2026-09-20T20,1064.130
2026-09-20T21,717.300
2026-09-20T22,706.102
2026-09-20T23,598.476
2026-09-21T00,642.757
2026-09-21T01,605.182
2026-09-21T02,526.548
2026-09-21T03,486.236
2026-09-21T04,422.035
2026-09-21T05,294.130
2026-09-21T06,348.875
2026-09-21T07,438.707
2026-09-21T08,530.529
2026-09-21T09,685.060
2026-09-21T10,946.841
2026-09-21T11,1050.608
2026-09-21T12,1224.050
2026-09-21T13,1226.538
2026-09-21T14,1195.184
2026-09-21T15,1206.631
2026-09-21T16,1187.968
2026-09-21T17,1155.867
2026-09-21T18,980.683
2026-09-21T19,983.669
2026-09-21T20,948.085
2026-09-21T21,873.184
2026-09-21T22,765.684
2026-09-21T23,681.078
2026-09-22T00,674.864
2026-09-22T01,645.003
2026-09-22T02,543.723
2026-09-22T03,473.052
2026-09-22T04,435.476
2026-09-22T05,288.907
2026-09-22T06,349.874
2026-09-22T07,455.633
2026-09-22T08,547.207
2026-09-22T09,688.301
2026-09-22T10,948.841
2026-09-22T11,1023.992
2026-09-22T12,1192.210
2026-09-22T13,1217.841
2026-09-22T14,1184.247
2026-09-22T15,1193.454
2026-09-22T16,1159.114
2026-09-22T17,1117.308
2026-09-22T18,981.937
2026-09-22T19,976.462
2026-09-22T20,931.173
2026-09-22T21,853.036
2026-09-22T22,804.014
2026-09-22T23,688.301
2026-09-23T00,634.238
2026-09-23T01,661.922
2026-09-23T02,536.878
2026-09-23T03,465.025
2026-09-23T04,413.079
2026-09-23T05,294.568
2026-09-23T06,342.470
2026-09-23T07,452.272
2026-09-23T08,555.853
2026-09-23T09,700.493
2026-09-23T10,958.978
2026-09-23T11,1065.047
2026-09-23T12,1209.065
2026-09-23T13,1218.708
2026-09-23T14,1177.960
2026-09-23T15,1190.091
2026-09-23T16,1185.736
2026-09-23T17,1132.235
2026-09-23T18,982.618
2026-09-23T19,973.598
2026-09-23T20,933.472
2026-09-23T21,858.819
2026-09-23T22,816.205
2026-09-23T23,699.871
2026-09-24T00,676.532
2026-09-24T01,650.404
2026-09-24T02,508.254
2026-09-24T03,478.083
2026-09-24T04,402.809
2026-09-24T05,276.834
2026-09-24T06,350.552
2026-09-24T07,448.222
2026-09-24T08,533.760
2026-09-24T09,668.756
2026-09-24T10,922.883
2026-09-24T11,1044.814
2026-09-24T12,1173.278
2026-09-24T13,1178.254
2026-09-24T14,1149.638
2026-09-24T15,1158.347
2026-09-24T16,1157.103
2026-09-24T17,1133.463
2026-09-24T18,978.872
2026-09-24T19,967.052
2026-09-24T20,926.616
2026-09-24T21,854.141
2026-09-24T22,707.637
2026-09-24T23,600.636
2026-09-25T00,642.003
2026-09-25T01,637.337
2026-09-25T02,520.072
2026-09-25T03,510.741
2026-09-25T04,437.022
2026-09-25T05,278.077
2026-09-25T06,342.775
2026-09-25T07,433.601
2026-09-25T08,533.758
2026-09-25T09,675.285
2026-09-25T10,931.589
2026-09-25T11,1087.735
2026-09-25T12,1216.509
2026-09-25T13,1197.535
2026-09-25T14,1172.029
2026-09-25T15,1187.581
2026-09-25T16,1172.962
2026-09-25T17,1133.459
2026-09-25T18,983.223
2026-09-25T19,994.109
2026-09-25T20,970.159
2026-09-25T21,911.993
2026-09-25T22,598.145
2026-09-25T23,365.792
2026-09-26T00,302.034
2026-09-26T01,283.993
2026-09-26T02,264.397
2026-09-26T03,275.284
2026-09-26T04,264.086
2026-09-26T05,271.862
2026-09-26T06,334.695
2026-09-26T07,415.258
2026-09-26T08,513.241
2026-09-26T09,716.671
2026-09-26T10,1167.078
2026-09-26T11,1194.762
2026-09-26T12,1229.911
2026-09-26T13,1237.999
2026-09-26T14,1217.469
2026-09-26T15,1237.688
2026-09-26T16,1194.140
2026-09-26T17,1228.356
2026-09-26T18,1223.690
2026-09-26T19,1214.359
2026-09-26T20,1208.449
2026-09-26T21,1143.127
2026-09-26T22,646.683
2026-09-26T23,373.266
2026-09-27T00,302.349
2026-09-27T01,283.063
2026-09-27T02,257.245
2026-09-27T03,273.731
2026-09-27T04,268.754
2026-09-27T05,270.621
2026-09-27T06,288.662
2026-09-27T07,313.236
2026-09-27T08,419.618
2026-09-27T09,515.424
2026-09-27T10,610.918
2026-09-27T11,896.470
2026-09-27T12,1027.737
2026-09-27T13,1196.952
2026-09-27T14,1178.600
2026-09-27T15,1183.266
2026-09-27T16,1164.291
2026-09-27T17,1177.356
2026-09-27T18,1142.828
2026-09-27T19,1111.100
2026-09-27T20,1064.130
2026-09-27T21,717.300
2026-09-27T22,706.102
2026-09-27T23,598.476
2026-09-28T00,642.757
2026-09-28T01,605.182
2026-09-28T02,526.548
2026-09-28T03,486.236
2026-09-28T04,422.035
2026-09-28T05,294.130
2026-09-28T06,348.875
2026-09-28T07,438.707
2026-09-28T08,530.529
2026-09-28T09,685.060
2026-09-28T10,946.841
2026-09-28T11,1050.608
2026-09-28T12,1224.050
2026-09-28T13,1226.538
2026-09-28T14,1195.184
2026-09-28T15,1206.631
2026-09-28T16,1187.968
2026-09-28T17,1155.867
2026-09-28T18,980.683
2026-09-28T19,983.669
2026-09-28T20,948.085
2026-09-28T21,873.184
2026-09-28T22,765.684
2026-09-28T23,681.078
2026-09-29T00,674.864
2026-09-29T01,645.003
2026-09-29T02,543.723
2026-09-29T03,473.052
2026-09-29T04,435.476
2026-09-29T05,288.907
2026-09-29T06,349.874
2026-09-29T07,455.633
2026-09-29T08,547.207
2026-09-29T09,688.301
2026-09-29T10,948.841
2026-09-29T11,1023.992
2026-09-29T12,1192.210
2026-09-29T13,1217.841
2026-09-29T14,1184.247
2026-09-29T15,1193.454
2026-09-29T16,1159.114
2026-09-29T17,1117.308
2026-09-29T18,981.937
2026-09-29T19,976.462
2026-09-29T20,931.173
2026-09-29T21,853.036
2026-09-29T22,804.014
2026-09-29T23,688.301
2026-09-30T00,634.238
2026-09-30T01,661.922
2026-09-30T02,536.878
2026-09-30T03,465.025
2026-09-30T04,413.079
2026-09-30T05,294.568
2026-09-30T06,342.470
2026-09-30T07,452.272
2026-09-30T08,555.852
2026-09-30T09,700.492
2026-09-30T10,958.978
2026-09-30T11,1065.047
2026-09-30T12,1209.065
2026-09-30T13,1218.707
2026-09-30T14,1177.959
2026-09-30T15,1190.090
2026-09-30T16,1185.736
2026-09-30T17,1132.234
2026-09-30T18,982.618
2026-09-30T19,973.597
2026-09-30T20,933.471
2026-09-30T21,858.818
2026-09-30T22,816.204
2026-09-30T23,699.870
2026-10-01T00,625.998
2026-10-01T01,607.641
2026-10-01T02,478.677
2026-10-01T03,378.992
2026-10-01T04,348.784
2026-10-01T05,278.376
2026-10-01T06,316.485
2026-10-01T07,423.606
2026-10-01T08,537.466
2026-10-01T09,685.484
2026-10-01T10,921.570
2026-10-01T11,979.430
2026-10-01T12,1165.324
2026-10-01T13,1158.817
2026-10-01T14,1142.319
2026-10-01T15,1142.087
2026-10-01T16,1126.286
2026-10-01T17,1069.356
2026-10-01T18,956.193
2026-10-01T19,953.869
2026-10-01T20,921.802
2026-10-01T21,848.607
2026-10-01T22,779.826
2026-10-01T23,650.165
2026-10-02T00,626.919
2026-10-02T01,609.956
2026-10-02T02,526.073
2026-10-02T03,436.845
2026-10-02T04,355.285
2026-10-02T05,253.509
2026-10-02T06,313.692
2026-10-02T07,428.944
2026-10-02T08,557.906
2026-10-02T09,691.748
2026-10-02T10,919.930
2026-10-02T11,1062.137
2026-10-02T12,1192.493
2026-10-02T13,1190.634
2026-10-02T14,1160.659
2026-10-02T15,1178.551
2026-10-02T16,1176.460
2026-10-02T17,1126.037
2026-10-02T18,969.888
2026-10-02T19,972.909
2026-10-02T20,965.706
2026-10-02T21,914.121
2026-10-02T22,589.740
2026-10-02T23,339.019
2026-10-03T00,271.573
2026-10-03T01,257.922
2026-10-03T02,236.428
2026-10-03T03,247.175
2026-10-03T04,236.138
2026-10-03T05,240.204
2026-10-03T06,296.842
2026-10-03T07,403.729
2026-10-03T08,529.495
2026-10-03T09,741.816
2026-10-03T10,1122.889
2026-10-03T11,1233.842
2026-10-03T12,1261.726
2026-10-03T13,1265.792
2026-10-03T14,1232.971
2026-10-03T15,1254.174
2026-10-03T16,1227.162
2026-10-03T17,1241.104
2026-10-03T18,1249.236
2026-10-03T19,1247.203
2026-10-03T20,1222.515
2026-10-03T21,1131.894
2026-10-03T22,610.241
2026-10-03T23,338.958
2026-10-04T00,268.671
2026-10-04T01,255.891
2026-10-04T02,234.398
2026-10-04T03,245.435
2026-10-04T04,243.111
2026-10-04T05,245.725
2026-10-04T06,259.958
2026-10-04T07,284.646
2026-10-04T08,384.853
2026-10-04T09,533.567
2026-10-04T10,677.632
2026-10-04T11,1027.922
2026-10-04T12,1098.793
2026-10-04T13,1218.751
2026-10-04T14,1201.324
2026-10-04T15,1260.867
2026-10-04T16,1227.174
2026-10-04T17,1205.390
2026-10-04T18,1118.834
2026-10-04T19,1097.921
2026-10-04T20,1041.864
2026-10-04T21,716.553
2026-10-04T22,718.006
2026-10-04T23,646.844
2026-10-05T00,612.282
2026-10-05T01,600.663
2026-10-05T02,558.838
2026-10-05T03,468.796
2026-10-05T04,337.801
2026-10-05T05,246.307
2026-10-05T06,312.240
2026-10-05T07,419.709
2026-10-05T08,540.539
2026-10-05T09,690.124
2026-10-05T10,940.207
2026-10-05T11,1014.563
2026-10-05T12,1201.327
2026-10-05T13,1201.036
2026-10-05T14,1172.572
2026-10-05T15,1177.219
2026-10-05T16,1214.397
2026-10-05T17,1136.846
2026-10-05T18,968.962
2026-10-05T19,970.995
2026-10-05T20,946.887
2026-10-05T21,864.688
2026-10-05T22,815.311
2026-10-05T23,650.331
2026-10-06T00,614.565
2026-10-06T01,601.205
2026-10-06T02,503.328
2026-10-06T03,425.491
2026-10-06T04,352.881
2026-10-06T05,249.486
2026-10-06T06,319.481
2026-10-06T07,437.398
2026-10-06T08,561.125
2026-10-06T09,705.182
2026-10-06T10,930.270
2026-10-06T11,1027.276
2026-10-06T12,1177.723
2026-10-06T13,1198.634
2026-10-06T14,1166.686
2026-10-06T15,1205.024
2026-10-06T16,1202.410
2026-10-06T17,1130.091
2026-10-06T18,964.252
2026-10-06T19,971.512
2026-10-06T20,947.697
2026-10-06T21,867.536
2026-10-06T22,797.250
2026-10-06T23,628.797
2026-10-07T00,592.994
2026-10-07T01,572.081
2026-10-07T02,491.683
2026-10-07T03,417.559
2026-10-07T04,349.244
2026-10-07T05,251.883
2026-10-07T06,316.480
2026-10-07T07,436.380
2026-10-07T08,555.583
2026-10-07T09,696.396
2026-10-07T10,937.358
2026-10-07T11,1083.283
2026-10-07T12,1191.565
2026-10-07T13,1175.764
2026-10-07T14,1151.133
2026-10-07T15,1192.030
2026-10-07T16,1192.262
2026-10-07T17,1120.229
2026-10-07T18,955.250
2026-10-07T19,954.321
2026-10-07T20,921.093
2026-10-07T21,856.495
2026-10-07T22,787.018
2026-10-07T23,649.923
2026-10-08T00,625.998
2026-10-08T01,607.641
2026-10-08T02,478.677
2026-10-08T03,378.992
2026-10-08T04,348.784
2026-10-08T05,278.376
2026-10-08T06,316.485
2026-10-08T07,423.606
2026-10-08T08,537.466
2026-10-08T09,685.484
2026-10-08T10,921.570
2026-10-08T11,979.430
2026-10-08T12,1165.324
2026-10-08T13,1158.817
2026-10-08T14,1142.319
2026-10-08T15,1142.087
2026-10-08T16,1126.286
2026-10-08T17,1069.356
2026-10-08T18,956.193
2026-10-08T19,953.869
2026-10-08T20,921.802
2026-10-08T21,848.607
2026-10-08T22,779.826
2026-10-08T23,650.165
2026-10-09T00,626.919
2026-10-09T01,609.956
2026-10-09T02,526.073
2026-10-09T03,436.845
2026-10-09T04,355.285
2026-10-09T05,253.509
2026-10-09T06,313.692
2026-10-09T07,428.944
2026-10-09T08,557.906
2026-10-09T09,691.748
2026-10-09T10,919.930
2026-10-09T11,1062.137
2026-10-09T12,1192.493
2026-10-09T13,1190.634
2026-10-09T14,1160.659
2026-10-09T15,1178.551
2026-10-09T16,1176.460
2026-10-09T17,1126.037
2026-10-09T18,969.888
2026-10-09T19,972.909
2026-10-09T20,965.706
2026-10-09T21,914.121
2026-10-09T22,589.740
2026-10-09T23,339.019
2026-10-10T00,271.573
2026-10-10T01,257.922
2026-10-10T02,236.428
2026-10-10T03,247.175
2026-10-10T04,236.138
2026-10-10T05,240.204
2026-10-10T06,296.842
2026-10-10T07,403.729
2026-10-10T08,529.495
2026-10-10T09,741.816
2026-10-10T10,1122.889
2026-10-10T11,1233.842
2026-10-10T12,1261.726
2026-10-10T13,1265.792
2026-10-10T14,1232.971
2026-10-10T15,1254.174
2026-10-10T16,1227.162
2026-10-10T17,1241.104
2026-10-10T18,1249.236
2026-10-10T19,1247.203
2026-10-10T20,1222.515
2026-10-10T21,1131.894
2026-10-10T22,610.241
2026-10-10T23,338.958
2026-10-11T00,268.671
2026-10-11T01,255.891
2026-10-11T02,234.398
2026-10-11T03,245.435
2026-10-11T04,243.111
2026-10-11T05,245.725
2026-10-11T06,259.958
2026-10-11T07,284.646
2026-10-11T08,384.853
2026-10-11T09,533.567
2026-10-11T10,677.632
2026-10-11T11,1027.922
2026-10-11T12,1098.793
2026-10-11T13,1218.751
2026-10-11T14,1201.324
2026-10-11T15,1260.867
2026-10-11T16,1227.174
2026-10-11T17,1205.390
2026-10-11T18,1118.834
2026-10-11T19,1097.921
2026-10-11T20,1041.864
2026-10-11T21,716.553
2026-10-11T22,718.006
2026-10-11T23,646.844
2026-10-12T00,612.282
2026-10-12T01,600.663
2026-10-12T02,558.838
2026-10-12T03,468.796
2026-10-12T04,337.801
2026-10-12T05,246.307
2026-10-12T06,312.240
2026-10-12T07,419.709
2026-10-12T08,540.539
2026-10-12T09,690.124
2026-10-12T10,940.207
2026-10-12T11,1014.563
2026-10-12T12,1201.327
2026-10-12T13,1201.036
2026-10-12T14,1172.572
2026-10-12T15,1177.219
2026-10-12T16,1214.397
2026-10-12T17,1136.846
2026-10-12T18,968.962
2026-10-12T19,970.995
2026-10-12T20,946.887
2026-10-12T21,864.688
2026-10-12T22,815.311
2026-10-12T23,650.331
2026-10-13T00,614.565
2026-10-13T01,601.205
2026-10-13T02,503.328
2026-10-13T03,425.491
2026-10-13T04,352.881
2026-10-13T05,249.486
2026-10-13T06,319.481
2026-10-13T07,437.398
2026-10-13T08,561.125
2026-10-13T09,705.182
2026-10-13T10,930.270
2026-10-13T11,1027.276
2026-10-13T12,1177.723
2026-10-13T13,1198.634
2026-10-13T14,1166.686
2026-10-13T15,1205.024
2026-10-13T16,1202.410
2026-10-13T17,1130.091
2026-10-13T18,964.252
2026-10-13T19,971.512
2026-10-13T20,947.697
2026-10-13T21,867.536
2026-10-13T22,797.250
2026-10-13T23,628.797
2026-10-14T00,592.994
2026-10-14T01,572.081
2026-10-14T02,491.683
2026-10-14T03,417.559
2026-10-14T04,349.244
2026-10-14T05,251.883
2026-10-14T06,316.480
2026-10-14T07,436.380
2026-10-14T08,555.583
2026-10-14T09,696.396
2026-10-14T10,937.358
2026-10-14T11,1083.283
2026-10-14T12,1191.565
2026-10-14T13,1175.764
2026-10-14T14,1151.133
2026-10-14T15,1192.030
2026-10-14T16,1192.262
2026-10-14T17,1120.229
2026-10-14T18,955.250
2026-10-14T19,954.321
2026-10-14T20,921.093
2026-10-14T21,856.495
2026-10-14T22,787.018
2026-10-14T23,649.923
2026-10-15T00,625.998
2026-10-15T01,607.641
2026-10-15T02,478.677
2026-10-15T03,378.992
2026-10-15T04,348.784
2026-10-15T05,278.376
2026-10-15T06,316.485
2026-10-15T07,423.606
2026-10-15T08,537.466
2026-10-15T09,685.484
2026-10-15T10,921.570
2026-10-15T11,979.430
2026-10-15T12,1165.324
2026-10-15T13,1158.817
2026-10-15T14,1142.319
2026-10-15T15,1142.087
2026-10-15T16,1126.286
2026-10-15T17,1069.356
2026-10-15T18,956.193
2026-10-15T19,953.869
2026-10-15T20,921.802
2026-10-15T21,848.607
2026-10-15T22,779.826
2026-10-15T23,650.165
2026-10-16T00,626.919
2026-10-16T01,609.956
2026-10-16T02,526.073
2026-10-16T03,436.845
2026-10-16T04,355.285
2026-10-16T05,253.509
2026-10-16T06,313.692
2026-10-16T07,428.944
2026-10-16T08,557.906
2026-10-16T09,691.748
2026-10-16T10,919.930
2026-10-16T11,1062.137
2026-10-16T12,1192.493
2026-10-16T13,1190.634
2026-10-16T14,1160.659
2026-10-16T15,1178.551
2026-10-16T16,1176.460
2026-10-16T17,1126.037
2026-10-16T18,969.888
2026-10-16T19,972.909
2026-10-16T20,965.706
2026-10-16T21,914.121
2026-10-16T22,589.740
2026-10-16T23,339.019
2026-10-17T00,271.573
2026-10-17T01,257.922
2026-10-17T02,236.428
2026-10-17T03,247.175
2026-10-17T04,236.138
2026-10-17T05,240.204
2026-10-17T06,296.842
2026-10-17T07,403.729
2026-10-17T08,529.495
2026-10-17T09,741.816
2026-10-17T10,1122.889
2026-10-17T11,1233.842
2026-10-17T12,1261.726
2026-10-17T13,1265.792
2026-10-17T14,1232.971
2026-10-17T15,1254.174
2026-10-17T16,1227.162
2026-10-17T17,1241.104
2026-10-17T18,1249.236
2026-10-17T19,1247.203
2026-10-17T20,1222.515
2026-10-17T21,1131.894
2026-10-17T22,610.241
2026-10-17T23,338.958
2026-10-18T00,268.671
2026-10-18T01,255.891
2026-10-18T02,234.398
2026-10-18T03,245.435
2026-10-18T04,243.111
2026-10-18T05,245.725
2026-10-18T06,259.958
2026-10-18T07,284.646
2026-10-18T08,384.853
2026-10-18T09,533.567
2026-10-18T10,677.632
2026-10-18T11,1027.922
2026-10-18T12,1098.793
2026-10-18T13,1218.751
2026-10-18T14,1201.324
2026-10-18T15,1260.867
2026-10-18T16,1227.174
2026-10-18T17,1205.390
2026-10-18T18,1118.834
2026-10-18T19,1097.921
2026-10-18T20,1041.864
2026-10-18T21,716.553
2026-10-18T22,718.006
2026-10-18T23,646.844
2026-10-19T00,612.282
2026-10-19T01,600.663
2026-10-19T02,558.838
2026-10-19T03,468.796
2026-10-19T04,337.801
2026-10-19T05,246.307
2026-10-19T06,312.240
2026-10-19T07,419.709
2026-10-19T08,540.539
2026-10-19T09,690.124
2026-10-19T10,940.207
2026-10-19T11,1014.563
2026-10-19T12,1201.327
2026-10-19T13,1201.036
2026-10-19T14,1172.572
2026-10-19T15,1177.219
2026-10-19T16,1214.397
2026-10-19T17,1136.846
2026-10-19T18,968.962
2026-10-19T19,970.995
2026-10-19T20,946.887
2026-10-19T21,864.688
2026-10-19T22,815.311
2026-10-19T23,650.331
2026-10-20T00,614.565
2026-10-20T01,601.205
2026-10-20T02,503.328
2026-10-20T03,425.491
2026-10-20T04,352.881
2026-10-20T05,249.486
2026-10-20T06,319.481
2026-10-20T07,437.398
2026-10-20T08,561.125
2026-10-20T09,705.182
2026-10-20T10,930.270
2026-10-20T11,1027.276
2026-10-20T12,1177.723
2026-10-20T13,1198.634
2026-10-20T14,1166.686
2026-10-20T15,1205.024
2026-10-20T16,1202.410
2026-10-20T17,1130.091
2026-10-20T18,964.252
2026-10-20T19,971.512
2026-10-20T20,947.697
2026-10-20T21,867.536
2026-10-20T22,797.250
2026-10-20T23,628.797
2026-10-21T00,592.994
2026-10-21T01,572.081
2026-10-21T02,491.683
2026-10-21T03,417.559
2026-10-21T04,349.244
2026-10-21T05,251.883
2026-10-21T06,316.480
2026-10-21T07,436.380
2026-10-21T08,555.583
2026-10-21T09,696.396
2026-10-21T10,937.358
2026-10-21T11,1083.283
2026-10-21T12,1191.565
2026-10-21T13,1175.764
2026-10-21T14,1151.133
2026-10-21T15,1192.030
2026-10-21T16,1192.262
2026-10-21T17,1120.229
2026-10-21T18,955.250
2026-10-21T19,954.321
2026-10-21T20,921.093
2026-10-21T21,856.495
2026-10-21T22,787.018
2026-10-21T23,649.923
2026-10-22T00,625.998
2026-10-22T01,607.641
2026-10-22T02,478.677
2026-10-22T03,378.992
2026-10-22T04,348.784
2026-10-22T05,278.376
2026-10-22T06,316.485
2026-10-22T07,423.606
2026-10-22T08,537.466
2026-10-22T09,685.484
2026-10-22T10,921.570
2026-10-22T11,979.430
2026-10-22T12,1165.324
2026-10-22T13,1158.817
2026-10-22T14,1142.319
2026-10-22T15,1142.087
2026-10-22T16,1126.286
2026-10-22T17,1069.356
2026-10-22T18,956.193
2026-10-22T19,953.869
2026-10-22T20,921.802
2026-10-22T21,848.607
2026-10-22T22,779.826
2026-10-22T23,650.165
2026-10-23T00,626.919
2026-10-23T01,609.956
2026-10-23T02,526.073
2026-10-23T03,436.845
2026-10-23T04,355.285
2026-10-23T05,253.509
2026-10-23T06,313.692
2026-10-23T07,428.944
2026-10-23T08,557.906
2026-10-23T09,691.748
2026-10-23T10,919.930
2026-10-23T11,1062.137
2026-10-23T12,1192.493
2026-10-23T13,1190.634
2026-10-23T14,1160.659
2026-10-23T15,1178.551
2026-10-23T16,1176.460
2026-10-23T17,1126.037
2026-10-23T18,969.888
2026-10-23T19,972.909
2026-10-23T20,965.706
2026-10-23T21,914.121
2026-10-23T22,589.740
2026-10-23T23,339.019
2026-10-24T00,271.573
2026-10-24T01,257.922
2026-10-24T02,236.428
2026-10-24T03,247.175
2026-10-24T04,236.138
2026-10-24T05,240.204
2026-10-24T06,296.842
2026-10-24T07,403.729
2026-10-24T08,529.495
2026-10-24T09,741.816
2026-10-24T10,1122.889
2026-10-24T11,1233.842
2026-10-24T12,1261.726
2026-10-24T13,1265.792
2026-10-24T14,1232.971
2026-10-24T15,1254.174
2026-10-24T16,1227.162
2026-10-24T17,1241.104
2026-10-24T18,1249.236
2026-10-24T19,1247.203
2026-10-24T20,1222.515
2026-10-24T21,1131.894
2026-10-24T22,610.241
2026-10-24T23,338.958
2026-10-25T00,268.671
2026-10-25T01,255.891
2026-10-25T02,234.398
2026-10-25T03,245.435
2026-10-25T04,243.111
2026-10-25T05,245.725
2026-10-25T06,259.958
2026-10-25T07,284.646
2026-10-25T08,384.853
2026-10-25T09,533.567
2026-10-25T10,677.632
2026-10-25T11,1027.922
2026-10-25T12,1098.793
2026-10-25T13,1218.751
2026-10-25T14,1201.324
2026-10-25T15,1260.867
2026-10-25T16,1227.174
2026-10-25T17,1205.390
2026-10-25T18,1118.834
2026-10-25T19,1097.921
2026-10-25T20,1041.864
2026-10-25T21,716.553
2026-10-25T22,718.006
2026-10-25T23,646.844
2026-10-26T00,612.282
2026-10-26T01,600.663
2026-10-26T02,558.838
2026-10-26T03,468.796
2026-10-26T04,337.801
2026-10-26T05,246.307
2026-10-26T06,312.240
2026-10-26T07,419.709
2026-10-26T08,540.539
2026-10-26T09,690.124
2026-10-26T10,940.207
2026-10-26T11,1014.563
2026-10-26T12,1201.327
2026-10-26T13,1201.036
2026-10-26T14,1172.572
2026-10-26T15,1177.219
2026-10-26T16,1214.397
2026-10-26T17,1136.846
2026-10-26T18,968.962
2026-10-26T19,970.995
2026-10-26T20,946.887
2026-10-26T21,864.688
2026-10-26T22,815.311
2026-10-26T23,650.331
2026-10-27T00,614.598
2026-10-27T01,601.237
2026-10-27T02,503.354
2026-10-27T03,425.513
2026-10-27T04,352.900
2026-10-27T05,249.499
2026-10-27T06,319.498
2026-10-27T07,437.421
2026-10-27T08,561.154
2026-10-27T09,705.219
2026-10-27T10,930.319
2026-10-27T11,1027.331
2026-10-27T12,1177.785
2026-10-27T13,1198.698
2026-10-27T14,1166.748
2026-10-27T15,1205.087
2026-10-27T16,1202.473
2026-10-27T17,1130.151
2026-10-27T18,964.302
2026-10-27T19,971.564
2026-10-27T20,947.747
2026-10-27T21,867.582
2026-10-27T22,797.292
2026-10-27T23,628.830
2026-10-28T00,592.994
2026-10-28T01,572.081
2026-10-28T02,491.683
2026-10-28T03,417.559
2026-10-28T04,349.244
2026-10-28T05,251.883
2026-10-28T06,316.480
2026-10-28T07,436.380
2026-10-28T08,555.583
2026-10-28T09,696.396
2026-10-28T10,937.358
2026-10-28T11,1083.283
2026-10-28T12,1191.565
2026-10-28T13,1175.764
2026-10-28T14,1151.133
2026-10-28T15,1192.030
2026-10-28T16,1192.262
2026-10-28T17,1120.229
2026-10-28T18,955.250
2026-10-28T19,954.321
2026-10-28T20,921.093
2026-10-28T21,856.495
2026-10-28T22,787.018
2026-10-28T23,649.923
2026-10-29T00,625.998
2026-10-29T01,607.641
2026-10-29T02,478.677
2026-10-29T03,378.992
2026-10-29T04,348.784
2026-10-29T05,278.376
2026-10-29T06,316.485
2026-10-29T07,423.606
2026-10-29T08,537.466
2026-10-29T09,685.484
2026-10-29T10,921.570
2026-10-29T11,979.430
2026-10-29T12,1165.324
2026-10-29T13,1158.817
2026-10-29T14,1142.319
2026-10-29T15,1142.087
2026-10-29T16,1126.286
2026-10-29T17,1069.356
2026-10-29T18,956.193
2026-10-29T19,953.869
2026-10-29T20,921.802
2026-10-29T21,848.607
2026-10-29T22,779.826
2026-10-29T23,650.165
2026-10-30T00,626.919
2026-10-30T01,609.956
2026-10-30T02,526.073
2026-10-30T03,436.845
2026-10-30T04,355.285
2026-10-30T05,253.509
2026-10-30T06,313.692
2026-10-30T07,428.944
2026-10-30T08,557.906
2026-10-30T09,691.748
2026-10-30T10,919.930
2026-10-30T11,1062.137
2026-10-30T12,1192.493
2026-10-30T13,1190.634
2026-10-30T14,1160.659
2026-10-30T15,1178.551
2026-10-30T16,1176.460
2026-10-30T17,1126.037
2026-10-30T18,969.888
2026-10-30T19,972.909
2026-10-30T20,965.706
2026-10-30T21,914.121
2026-10-30T22,589.740
2026-10-30T23,339.019
2026-10-31T00,271.572
2026-10-31T01,257.921
2026-10-31T02,236.427
2026-10-31T03,247.174
2026-10-31T04,236.137
2026-10-31T05,240.203
2026-10-31T06,296.841
2026-10-31T07,403.728
2026-10-31T08,529.493
2026-10-31T09,741.813
2026-10-31T10,1122.885
2026-10-31T11,1233.838
2026-10-31T12,1261.721
2026-10-31T13,1265.788
2026-10-31T14,1232.966
2026-10-31T15,1254.169
2026-10-31T16,1227.157
2026-10-31T17,1241.099
2026-10-31T18,1249.232
2026-10-31T19,1247.199
2026-10-31T20,1222.510
2026-10-31T21,1131.889
2026-10-31T22,610.239
2026-10-31T23,338.957
2026-11-01T00,316.872
2026-11-01T01,304.539
2026-11-01T02,278.364
2026-11-01T03,289.438
2026-11-01T04,280.377
2026-11-01T05,285.663
2026-11-01T06,295.227
2026-11-01T07,326.436
2026-11-01T08,431.388
2026-11-01T09,608.071
2026-11-01T10,742.723
2026-11-01T11,1095.082
2026-11-01T12,1216.898
2026-11-01T13,1375.711
2026-11-01T14,1388.799
2026-11-01T15,1422.021
2026-11-01T16,1407.172
2026-11-01T17,1377.725
2026-11-01T18,1280.322
2026-11-01T19,1282.336
2026-11-01T20,1126.543
2026-11-01T21,732.656
2026-11-01T22,822.759
2026-11-01T23,748.260
2026-11-02T00,712.310
2026-11-02T01,696.579
2026-11-02T02,639.003
2026-11-02T03,607.540
2026-11-02T04,536.120
2026-11-02T05,352.380
2026-11-02T06,330.041
2026-11-02T07,447.711
2026-11-02T08,587.090
2026-11-02T09,750.380
2026-11-02T10,1018.755
2026-11-02T11,1107.164
2026-11-02T12,1301.287
2026-11-02T13,1295.624
2026-11-02T14,1265.735
2026-11-02T15,1275.803
2026-11-02T16,1258.813
2026-11-02T17,1178.584
2026-11-02T18,1042.666
2026-11-02T19,1039.834
2026-11-02T20,1007.428
2026-11-02T21,938.211
2026-11-02T22,875.915
2026-11-02T23,718.917
2026-11-03T00,687.420
2026-11-03T01,677.038
2026-11-03T02,591.150
2026-11-03T03,614.745
2026-11-03T04,533.891
2026-11-03T05,365.575
2026-11-03T06,334.114
2026-11-03T07,453.980
2026-11-03T08,596.183
2026-11-03T09,768.903
2026-11-03T10,1017.759
2026-11-03T11,1144.861
2026-11-03T12,1343.064
2026-11-03T13,1369.806
2026-11-03T14,1359.109
2026-11-03T15,1268.502
2026-11-03T16,1249.940
2026-11-03T17,1217.221
2026-11-03T18,1057.714
2026-11-03T19,1056.770
2026-11-03T20,1026.883
2026-11-03T21,937.848
2026-11-03T22,898.522
2026-11-03T23,735.240
2026-11-04T00,708.175
2026-11-04T01,699.681
2026-11-04T02,673.883
2026-11-04T03,620.715
2026-11-04T04,520.671
2026-11-04T05,392.312
2026-11-04T06,339.773
2026-11-04T07,449.570
2026-11-04T08,610.647
2026-11-04T09,772.669
2026-11-04T10,1061.161
2026-11-04T11,1218.463
2026-11-04T12,1418.867
2026-11-04T13,1398.732
2026-11-04T14,1361.923
2026-11-04T15,1393.384
2026-11-04T16,1358.463
2026-11-04T17,1267.542
2026-11-04T18,1047.948
2026-11-04T19,1038.824
2026-11-04T20,1010.824
2026-11-04T21,935.319
2026-11-04T22,899.454
2026-11-04T23,739.321
2026-11-05T00,705.351
2026-11-05T01,683.014
2026-11-05T02,675.778
2026-11-05T03,658.160
2026-11-05T04,492.047
2026-11-05T05,353.619
2026-11-05T06,345.754
2026-11-05T07,456.181
2026-11-05T08,592.407
2026-11-05T09,731.778
2026-11-05T10,980.004
2026-11-05T11,1109.307
2026-11-05T12,1417.308
2026-11-05T13,1435.556
2026-11-05T14,1398.747
2026-11-05T15,1327.331
2026-11-05T16,1316.949
2026-11-05T17,1263.151
2026-11-05T18,1137.622
2026-11-05T19,1137.307
2026-11-05T20,1068.723
2026-11-05T21,897.262
2026-11-05T22,767.329
2026-11-05T23,611.598
2026-11-06T00,586.737
2026-11-06T01,576.041
2026-11-06T02,554.648
2026-11-06T03,548.985
2026-11-06T04,466.244
2026-11-06T05,331.279
2026-11-06T06,336.312
2026-11-06T07,453.974
2026-11-06T08,611.906
2026-11-06T09,775.500
2026-11-06T10,1030.644
2026-11-06T11,1136.981
2026-11-06T12,1337.698
2026-11-06T13,1367.271
2026-11-06T14,1317.878
2026-11-06T15,1360.035
2026-11-06T16,1351.226
2026-11-06T17,1218.463
2026-11-06T18,1073.116
2026-11-06T19,1059.903
2026-11-06T20,1069.341
2026-11-06T21,1017.431
2026-11-06T22,680.490
2026-11-06T23,407.727
2026-11-07T00,334.997
2026-11-07T01,318.638
2026-11-07T02,293.972
2026-11-07T03,304.795
2026-11-07T04,295.231
2026-11-07T05,297.244
2026-11-07T06,340.535
2026-11-07T07,458.577
2026-11-07T08,590.461
2026-11-07T09,761.861
2026-11-07T10,1168.338
2026-11-07T11,1367.676
2026-11-07T12,1429.843
2026-11-07T13,1450.481
2026-11-07T14,1430.849
2026-11-07T15,1429.088
2026-11-07T16,1410.211
2026-11-07T17,1408.197
2026-11-07T18,1405.429
2026-11-07T19,1405.932
2026-11-07T20,1384.287
2026-11-07T21,1272.034
2026-11-07T22,672.512
2026-11-07T23,381.812
2026-11-08T00,316.872
2026-11-08T01,304.539
2026-11-08T02,278.364
2026-11-08T03,289.438
2026-11-08T04,280.377
2026-11-08T05,285.663
2026-11-08T06,295.227
2026-11-08T07,326.436
2026-11-08T08,431.388
2026-11-08T09,608.071
2026-11-08T10,742.723
2026-11-08T11,1095.082
2026-11-08T12,1216.898
2026-11-08T13,1375.711
2026-11-08T14,1388.799
2026-11-08T15,1422.021
2026-11-08T16,1407.172
2026-11-08T17,1377.725
2026-11-08T18,1280.322
2026-11-08T19,1282.336
2026-11-08T20,1126.543
2026-11-08T21,732.656
2026-11-08T22,822.759
2026-11-08T23,748.260
2026-11-09T00,712.310
2026-11-09T01,696.579
2026-11-09T02,639.003
2026-11-09T03,607.540
2026-11-09T04,536.120
2026-11-09T05,352.380
2026-11-09T06,330.041
2026-11-09T07,447.711
2026-11-09T08,587.090
2026-11-09T09,750.380
2026-11-09T10,1018.755
2026-11-09T11,1107.164
2026-11-09T12,1301.287
2026-11-09T13,1295.624
2026-11-09T14,1265.735
2026-11-09T15,1275.803
2026-11-09T16,1258.813
2026-11-09T17,1178.584
2026-11-09T18,1042.666
2026-11-09T19,1039.834
2026-11-09T20,1007.428
2026-11-09T21,938.211
2026-11-09T22,875.915
2026-11-09T23,718.917
2026-11-10T00,687.420
2026-11-10T01,677.038
2026-11-10T02,591.150
2026-11-10T03,614.745
2026-11-10T04,533.891
2026-11-10T05,365.575
2026-11-10T06,334.114
2026-11-10T07,453.980
2026-11-10T08,596.183
2026-11-10T09,768.903
2026-11-10T10,1017.759
2026-11-10T11,1144.861
2026-11-10T12,1343.064
2026-11-10T13,1369.806
2026-11-10T14,1359.109
2026-11-10T15,1268.502
2026-11-10T16,1249.940
2026-11-10T17,1217.221
2026-11-10T18,1057.714
2026-11-10T19,1056.770
2026-11-10T20,1026.883
2026-11-10T21,937.848
2026-11-10T22,898.522
2026-11-10T23,735.240
2026-11-11T00,708.175
2026-11-11T01,699.681
2026-11-11T02,673.883
2026-11-11T03,620.715
2026-11-11T04,520.671
2026-11-11T05,392.312
2026-11-11T06,339.773
2026-11-11T07,449.570
2026-11-11T08,610.647
2026-11-11T09,772.669
2026-11-11T10,1061.161
2026-11-11T11,1218.463
2026-11-11T12,1418.867
2026-11-11T13,1398.732
2026-11-11T14,1361.923
2026-11-11T15,1393.384
2026-11-11T16,1358.463
2026-11-11T17,1267.542
2026-11-11T18,1047.948
2026-11-11T19,1038.824
2026-11-11T20,1010.824
2026-11-11T21,935.319
2026-11-11T22,899.454
2026-11-11T23,739.321
2026-11-12T00,705.351
2026-11-12T01,683.014
2026-11-12T02,675.778
2026-11-12T03,658.160
2026-11-12T04,492.047
2026-11-12T05,353.619
2026-11-12T06,345.754
2026-11-12T07,456.181
2026-11-12T08,592.407
2026-11-12T09,731.778
2026-11-12T10,980.004
2026-11-12T11,1109.307
2026-11-12T12,1417.308
2026-11-12T13,1435.556
2026-11-12T14,1398.747
2026-11-12T15,1327.331
2026-11-12T16,1316.949
2026-11-12T17,1263.151
2026-11-12T18,1137.622
2026-11-12T19,1137.307
2026-11-12T20,1068.723
2026-11-12T21,897.262
2026-11-12T22,767.329
2026-11-12T23,611.598
2026-11-13T00,586.737
2026-11-13T01,576.041
2026-11-13T02,554.648
2026-11-13T03,548.985
2026-11-13T04,466.244
2026-11-13T05,331.279
2026-11-13T06,336.312
2026-11-13T07,453.974
2026-11-13T08,611.906
2026-11-13T09,775.500
2026-11-13T10,1030.644
2026-11-13T11,1136.981
2026-11-13T12,1337.698
2026-11-13T13,1367.271
2026-11-13T14,1317.878
2026-11-13T15,1360.035
2026-11-13T16,1351.226
2026-11-13T17,1218.463
2026-11-13T18,1073.116
2026-11-13T19,1059.903
2026-11-13T20,1069.341
2026-11-13T21,1017.431
2026-11-13T22,680.490
2026-11-13T23,407.727
2026-11-14T00,334.997
2026-11-14T01,318.638
2026-11-14T02,293.972
2026-11-14T03,304.795
2026-11-14T04,295.231
2026-11-14T05,297.244
2026-11-14T06,340.535
2026-11-14T07,458.577
2026-11-14T08,590.461
2026-11-14T09,761.861
2026-11-14T10,1168.338
2026-11-14T11,1367.676
2026-11-14T12,1429.843
2026-11-14T13,1450.481
2026-11-14T14,1430.849
2026-11-14T15,1429.088
2026-11-14T16,1410.211
2026-11-14T17,1408.197
2026-11-14T18,1405.429
2026-11-14T19,1405.932
2026-11-14T20,1384.287
2026-11-14T21,1272.034
2026-11-14T22,672.512
2026-11-14T23,381.812
2026-11-15T00,316.872
2026-11-15T01,304.539
2026-11-15T02,278.364
2026-11-15T03,289.438
2026-11-15T04,280.377
2026-11-15T05,285.663
2026-11-15T06,295.227
2026-11-15T07,326.436
2026-11-15T08,431.388
2026-11-15T09,608.071
2026-11-15T10,742.723
2026-11-15T11,1095.082
2026-11-15T12,1216.898
2026-11-15T13,1375.711
2026-11-15T14,1388.799
2026-11-15T15,1422.021
2026-11-15T16,1407.172
2026-11-15T17,1377.725
2026-11-15T18,1280.322
2026-11-15T19,1282.336
2026-11-15T20,1126.543
2026-11-15T21,732.656
2026-11-15T22,822.759
2026-11-15T23,748.260
2026-11-16T00,712.310
2026-11-16T01,696.579
2026-11-16T02,639.003
2026-11-16T03,607.540
2026-11-16T04,536.120
2026-11-16T05,352.380
2026-11-16T06,330.041
2026-11-16T07,447.711
2026-11-16T08,587.090
2026-11-16T09,750.380
2026-11-16T10,1018.755
2026-11-16T11,1107.164
2026-11-16T12,1301.287
2026-11-16T13,1295.624
2026-11-16T14,1265.735
2026-11-16T15,1275.803
2026-11-16T16,1258.813
2026-11-16T17,1178.584
2026-11-16T18,1042.666
2026-11-16T19,1039.834
2026-11-16T20,1007.428
2026-11-16T21,938.211
2026-11-16T22,875.915
2026-11-16T23,718.917
2026-11-17T00,687.420
2026-11-17T01,677.038
2026-11-17T02,591.150
2026-11-17T03,614.745
2026-11-17T04,533.891
2026-11-17T05,365.575
2026-11-17T06,334.114
2026-11-17T07,453.980
2026-11-17T08,596.183
2026-11-17T09,768.903
2026-11-17T10,1017.759
2026-11-17T11,1144.861
2026-11-17T12,1343.064
2026-11-17T13,1369.806
2026-11-17T14,1359.109
2026-11-17T15,1268.502
2026-11-17T16,1249.940
2026-11-17T17,1217.221
2026-11-17T18,1057.714
2026-11-17T19,1056.770
2026-11-17T20,1026.883
2026-11-17T21,937.848
2026-11-17T22,898.522
2026-11-17T23,735.240
2026-11-18T00,708.175
2026-11-18T01,699.681
2026-11-18T02,673.883
2026-11-18T03,620.715
2026-11-18T04,520.671
2026-11-18T05,392.312
2026-11-18T06,339.773
2026-11-18T07,449.570
2026-11-18T08,610.647
2026-11-18T09,772.669
2026-11-18T10,1061.161
2026-11-18T11,1218.463
2026-11-18T12,1418.867
2026-11-18T13,1398.732
2026-11-18T14,1361.923
2026-11-18T15,1393.384
2026-11-18T16,1358.463
2026-11-18T17,1267.542
2026-11-18T18,1047.948
2026-11-18T19,1038.824
2026-11-18T20,1010.824
2026-11-18T21,935.319
2026-11-18T22,899.454
2026-11-18T23,739.321
2026-11-19T00,705.351
2026-11-19T01,683.014
2026-11-19T02,675.778
2026-11-19T03,658.160
2026-11-19T04,492.047
2026-11-19T05,353.619
2026-11-19T06,345.754
2026-11-19T07,456.181
2026-11-19T08,592.407
2026-11-19T09,731.778
2026-11-19T10,980.004
2026-11-19T11,1109.307
2026-11-19T12,1417.308
2026-11-19T13,1435.556
2026-11-19T14,1398.747
2026-11-19T15,1327.331
2026-11-19T16,1316.949
2026-11-19T17,1263.151
2026-11-19T18,1137.622
2026-11-19T19,1137.307
2026-11-19T20,1068.723
2026-11-19T21,897.262
2026-11-19T22,767.329
2026-11-19T23,611.598
2026-11-20T00,586.737
2026-11-20T01,576.041
2026-11-20T02,554.648
2026-11-20T03,548.985
2026-11-20T04,466.244
2026-11-20T05,331.279
2026-11-20T06,336.312
2026-11-20T07,453.974
2026-11-20T08,611.906
2026-11-20T09,775.500
2026-11-20T10,1030.644
2026-11-20T11,1136.981
2026-11-20T12,1337.698
2026-11-20T13,1367.271
2026-11-20T14,1317.878
2026-11-20T15,1360.035
2026-11-20T16,1351.226
2026-11-20T17,1218.463
2026-11-20T18,1073.116
2026-11-20T19,1059.903
2026-11-20T20,1069.341
2026-11-20T21,1017.431
2026-11-20T22,680.490
2026-11-20T23,407.727
2026-11-21T00,334.997
2026-11-21T01,318.638
2026-11-21T02,293.972
2026-11-21T03,304.795
2026-11-21T04,295.231
2026-11-21T05,297.244
2026-11-21T06,340.535
2026-11-21T07,458.577
2026-11-21T08,590.461
2026-11-21T09,761.861
2026-11-21T10,1168.338
2026-11-21T11,1367.676
2026-11-21T12,1429.843
2026-11-21T13,1450.481
2026-11-21T14,1430.849
2026-11-21T15,1429.088
2026-11-21T16,1410.211
2026-11-21T17,1408.197
2026-11-21T18,1405.429
2026-11-21T19,1405.932
2026-11-21T20,1384.287
2026-11-21T21,1272.034
2026-11-21T22,672.512
2026-11-21T23,381.812
2026-11-22T00,316.872
2026-11-22T01,304.539
2026-11-22T02,278.364
2026-11-22T03,289.438
2026-11-22T04,280.377
2026-11-22T05,285.663
2026-11-22T06,295.227
2026-11-22T07,326.436
2026-11-22T08,431.388
2026-11-22T09,608.071
2026-11-22T10,742.723
2026-11-22T11,1095.082
2026-11-22T12,1216.898
2026-11-22T13,1375.711
2026-11-22T14,1388.799
2026-11-22T15,1422.021
2026-11-22T16,1407.172
2026-11-22T17,1377.725
2026-11-22T18,1280.322
2026-11-22T19,1282.336
2026-11-22T20,1126.543
2026-11-22T21,732.656
2026-11-22T22,822.759
2026-11-22T23,748.260
2026-11-23T00,712.276
2026-11-23T01,696.546
2026-11-23T02,638.972
2026-11-23T03,607.511
2026-11-23T04,536.095
2026-11-23T05,352.363
2026-11-23T06,330.026
2026-11-23T07,447.690
2026-11-23T08,587.062
2026-11-23T09,750.344
2026-11-23T10,1018.706
2026-11-23T11,1107.111
2026-11-23T12,1301.225
2026-11-23T13,1295.563
2026-11-23T14,1265.675
2026-11-23T15,1275.742
2026-11-23T16,1258.753
2026-11-23T17,1178.528
2026-11-23T18,1042.616
2026-11-23T19,1039.785
2026-11-23T20,1007.380
2026-11-23T21,938.166
2026-11-23T22,875.873
2026-11-23T23,718.883
2026-11-24T00,687.420
2026-11-24T01,677.038
2026-11-24T02,591.150
2026-11-24T03,614.745
2026-11-24T04,533.891
2026-11-24T05,365.575
2026-11-24T06,334.114
2026-11-24T07,453.980
2026-11-24T08,596.183
2026-11-24T09,768.903
2026-11-24T10,1017.759
2026-11-24T11,1144.861
2026-11-24T12,1343.064
2026-11-24T13,1369.806
2026-11-24T14,1359.109
2026-11-24T15,1268.502
2026-11-24T16,1249.940
2026-11-24T17,1217.221
2026-11-24T18,1057.714
2026-11-24T19,1056.770
2026-11-24T20,1026.883
2026-11-24T21,937.848
2026-11-24T22,898.522
2026-11-24T23,735.240
2026-11-25T00,708.175
2026-11-25T01,699.681
2026-11-25T02,673.883
2026-11-25T03,620.715
2026-11-25T04,520.671
2026-11-25T05,392.312
2026-11-25T06,339.773
2026-11-25T07,449.570
2026-11-25T08,610.647
2026-11-25T09,772.669
2026-11-25T10,1061.161
2026-11-25T11,1218.463
2026-11-25T12,1418.867
2026-11-25T13,1398.732
2026-11-25T14,1361.923
2026-11-25T15,1393.384
2026-11-25T16,1358.463
2026-11-25T17,1267.542
2026-11-25T18,1047.948
2026-11-25T19,1038.824
2026-11-25T20,1010.824
2026-11-25T21,935.319
2026-11-25T22,899.454
2026-11-25T23,739.321
2026-11-26T00,705.351
2026-11-26T01,683.014
2026-11-26T02,675.778
2026-11-26T03,658.160
2026-11-26T04,492.047
2026-11-26T05,353.619
2026-11-26T06,345.754
2026-11-26T07,456.181
2026-11-26T08,592.407
2026-11-26T09,731.778
2026-11-26T10,980.004
2026-11-26T11,1109.307
2026-11-26T12,1417.308
2026-11-26T13,1435.556
2026-11-26T14,1398.747
2026-11-26T15,1327.331
2026-11-26T16,1316.949
2026-11-26T17,1263.151
2026-11-26T18,1137.622
2026-11-26T19,1137.307
2026-11-26T20,1068.723
2026-11-26T21,897.262
2026-11-26T22,767.329
2026-11-26T23,611.598
2026-11-27T00,586.737
2026-11-27T01,576.041
2026-11-27T02,554.648
2026-11-27T03,548.985
2026-11-27T04,466.244
2026-11-27T05,331.279
2026-11-27T06,336.312
2026-11-27T07,453.974
2026-11-27T08,611.906
2026-11-27T09,775.500
2026-11-27T10,1030.644
2026-11-27T11,1136.981
2026-11-27T12,1337.698
2026-11-27T13,1367.271
2026-11-27T14,1317.878
2026-11-27T15,1360.035
2026-11-27T16,1351.226
2026-11-27T17,1218.463
2026-11-27T18,1073.116
2026-11-27T19,1059.903
2026-11-27T20,1069.341
2026-11-27T21,1017.431
2026-11-27T22,680.490
2026-11-27T23,407.727
2026-11-28T00,334.997
2026-11-28T01,318.638
2026-11-28T02,293.972
2026-11-28T03,304.795
2026-11-28T04,295.231
2026-11-28T05,297.244
2026-11-28T06,340.535
2026-11-28T07,458.577
2026-11-28T08,590.461
2026-11-28T09,761.861
2026-11-28T10,1168.338
2026-11-28T11,1367.676
2026-11-28T12,1429.843
2026-11-28T13,1450.481
2026-11-28T14,1430.849
2026-11-28T15,1429.088
2026-11-28T16,1410.211
2026-11-28T17,1408.197
2026-11-28T18,1405.429
2026-11-28T19,1405.932
2026-11-28T20,1384.287
2026-11-28T21,1272.034
2026-11-28T22,672.512
2026-11-28T23,381.812
2026-11-29T00,316.872
2026-11-29T01,304.539
2026-11-29T02,278.364
2026-11-29T03,289.438
2026-11-29T04,280.377
2026-11-29T05,285.663
2026-11-29T06,295.227
2026-11-29T07,326.436
2026-11-29T08,431.388
2026-11-29T09,608.071
2026-11-29T10,742.723
2026-11-29T11,1095.082
2026-11-29T12,1216.898
2026-11-29T13,1375.711
2026-11-29T14,1388.799
2026-11-29T15,1422.021
2026-11-29T16,1407.172
2026-11-29T17,1377.725
2026-11-29T18,1280.322
2026-11-29T19,1282.336
2026-11-29T20,1126.543
2026-11-29T21,732.656
2026-11-29T22,822.759
2026-11-29T23,748.260
2026-11-30T00,712.275
2026-11-30T01,696.545
2026-11-30T02,638.971
2026-11-30T03,607.510
2026-11-30T04,536.094
2026-11-30T05,352.362
2026-11-30T06,330.025
2026-11-30T07,447.689
2026-11-30T08,587.061
2026-11-30T09,750.343
2026-11-30T10,1018.705
2026-11-30T11,1107.110
2026-11-30T12,1301.224
2026-11-30T13,1295.561
2026-11-30T14,1265.673
2026-11-30T15,1275.740
2026-11-30T16,1258.751
2026-11-30T17,1178.526
2026-11-30T18,1042.615
2026-11-30T19,1039.783
2026-11-30T20,1007.379
2026-11-30T21,938.165
2026-11-30T22,875.872
2026-11-30T23,718.882
2026-12-01T00,683.722
2026-12-01T01,671.479
2026-12-01T02,648.170
2026-12-01T03,659.471
2026-12-01T04,625.332
2026-12-01T05,470.176
2026-12-01T06,392.952
2026-12-01T07,471.825
2026-12-01T08,618.269
2026-12-01T09,792.967
2026-12-01T10,1017.578
2026-12-01T11,1277.976
2026-12-01T12,1488.931
2026-12-01T13,1482.339
2026-12-01T14,1456.911
2026-12-01T15,1452.438
2026-12-01T16,1435.486
2026-12-01T17,1251.842
2026-12-01T18,1083.972
2026-12-01T19,1075.025
2026-12-01T20,1052.188
2026-12-01T21,992.621
2026-12-01T22,946.239
2026-12-01T23,747.291
2026-12-02T00,695.538
2026-12-02T01,680.704
2026-12-02T02,653.391
2026-12-02T03,605.122
2026-12-02T04,513.295
2026-12-02T05,366.370
2026-12-02T06,358.129
2026-12-02T07,471.148
2026-12-02T08,600.413
2026-12-02T09,777.712
2026-12-02T10,1030.356
2026-12-02T11,1172.101
2026-12-02T12,1473.485
2026-12-02T13,1461.477
2026-12-02T14,1245.328
2026-12-02T15,1353.402
2026-12-02T16,1359.524
2026-12-02T17,1239.206
2026-12-02T18,999.512
2026-12-02T19,888.612
2026-12-02T20,798.432
2026-12-02T21,737.684
2026-12-02T22,786.188
2026-12-02T23,695.302
2026-12-03T00,673.704
2026-12-03T01,668.701
2026-12-03T02,648.098
2026-12-03T03,646.921
2026-12-03T04,497.994
2026-12-03T05,393.509
2026-12-03T06,329.641
2026-12-03T07,426.179
2026-12-03T08,550.677
2026-12-03T09,688.420
2026-12-03T10,900.627
2026-12-03T11,1074.865
2026-12-03T12,1315.327
2026-12-03T13,1320.919
2026-12-03T14,1295.607
2026-12-03T15,1248.221
2026-12-03T16,1231.739
2026-12-03T17,1197.598
2026-12-03T18,1030.423
2026-12-03T19,1037.192
2026-12-03T20,1008.349
2026-12-03T21,919.758
2026-12-03T22,862.953
2026-12-03T23,673.998
2026-12-04T00,643.381
2026-12-04T01,618.658
2026-12-04T02,548.316
2026-12-04T03,522.416
2026-12-04T04,471.498
2026-12-04T05,422.053
2026-12-04T06,403.217
2026-12-04T07,468.261
2026-12-04T08,609.828
2026-12-04T09,779.650
2026-12-04T10,991.265
2026-12-04T11,1217.008
2026-12-04T12,1404.783
2026-12-04T13,1449.225
2026-12-04T14,1416.261
2026-12-04T15,1413.907
2026-12-04T16,1401.251
2026-12-04T17,1320.608
2026-12-04T18,1075.735
2026-12-04T19,1077.795
2026-12-04T20,1066.316
2026-12-04T21,1014.811
2026-12-04T22,727.261
2026-12-04T23,418.227
2026-12-05T00,325.223
2026-12-05T01,312.273
2026-12-05T02,289.610
2026-12-05T03,299.617
2026-12-05T04,289.316
2026-12-05T05,297.851
2026-12-05T06,351.417
2026-12-05T07,453.252
2026-12-05T08,598.057
2026-12-05T09,802.609
2026-12-05T10,1252.918
2026-12-05T11,1365.642
2026-12-05T12,1494.259
2026-12-05T13,1510.447
2026-12-05T14,1487.784
2026-12-05T15,1478.955
2026-12-05T16,1435.101
2026-12-05T17,1429.509
2026-12-05T18,1391.542
2026-12-05T19,1453.349
2026-12-05T20,1424.506
2026-12-05T21,1370.645
2026-12-05T22,806.729
2026-12-05T23,409.987
2026-12-06T00,309.618
2026-12-06T01,294.314
2026-12-06T02,272.240
2026-12-06T03,282.541
2026-12-06T04,272.240
2026-12-06T05,269.591
2026-12-06T06,290.488
2026-12-06T07,331.397
2026-12-06T08,440.882
2026-12-06T09,644.253
2026-12-06T10,861.751
2026-12-06T11,1267.021
2026-12-06T12,1322.352
2026-12-06T13,1423.007
2026-12-06T14,1434.191
2026-12-06T15,1450.084
2026-12-06T16,1428.893
2026-12-06T17,1411.823
2026-12-06T18,1352.372
2026-12-06T19,1310.285
2026-12-06T20,1190.205
2026-12-06T21,862.045
2026-12-06T22,814.072
2026-12-06T23,733.724
2026-12-07T00,689.181
2026-12-07T01,666.342
2026-12-07T02,640.442
2026-12-07T03,648.918
2026-12-07T04,588.170
2026-12-07T05,377.908
2026-12-07T06,380.733
2026-12-07T07,461.966
2026-12-07T08,579.929
2026-12-07T09,773.475
2026-12-07T10,1009.638
2026-12-07T11,1144.790
2026-12-07T12,1303.723
2026-12-07T13,1479.844
2026-12-07T14,1425.925
2026-12-07T15,1409.914
2026-12-07T16,1398.612
2026-12-07T17,1274.055
2026-12-07T18,1052.491
2026-12-07T19,1062.615
2026-12-07T20,1040.482
2026-12-07T21,983.973
2026-12-07T22,916.161
2026-12-07T23,741.924
2026-12-08T00,683.722
2026-12-08T01,671.479
2026-12-08T02,648.170
2026-12-08T03,659.471
2026-12-08T04,625.332
2026-12-08T05,470.176
2026-12-08T06,392.952
2026-12-08T07,471.825
2026-12-08T08,618.269
2026-12-08T09,792.967
2026-12-08T10,1017.578
2026-12-08T11,1277.976
2026-12-08T12,1488.931
2026-12-08T13,1482.339
2026-12-08T14,1456.911
2026-12-08T15,1452.438
2026-12-08T16,1435.486
2026-12-08T17,1251.842
2026-12-08T18,1083.972
2026-12-08T19,1075.025
2026-12-08T20,1052.188
2026-12-08T21,992.621
2026-12-08T22,946.239
2026-12-08T23,747.291
2026-12-09T00,695.538
2026-12-09T01,680.704
2026-12-09T02,653.391
2026-12-09T03,605.122
2026-12-09T04,513.295
2026-12-09T05,366.370
2026-12-09T06,358.129
2026-12-09T07,471.148
2026-12-09T08,600.413
2026-12-09T09,777.712
2026-12-09T10,1030.356
2026-12-09T11,1172.101
2026-12-09T12,1473.485
2026-12-09T13,1461.477
2026-12-09T14,1245.328
2026-12-09T15,1353.402
2026-12-09T16,1359.524
2026-12-09T17,1239.206
2026-12-09T18,999.512
2026-12-09T19,888.612
2026-12-09T20,798.432
2026-12-09T21,737.684
2026-12-09T22,786.188
2026-12-09T23,695.302
2026-12-10T00,673.704
2026-12-10T01,668.701
2026-12-10T02,648.098
2026-12-10T03,646.921
2026-12-10T04,497.994
2026-12-10T05,393.509
2026-12-10T06,329.641
2026-12-10T07,426.179
2026-12-10T08,550.677
2026-12-10T09,688.420
2026-12-10T10,900.627
2026-12-10T11,1074.865
2026-12-10T12,1315.327
2026-12-10T13,1320.919
2026-12-10T14,1295.607
2026-12-10T15,1248.221
2026-12-10T16,1231.739
2026-12-10T17,1197.598
2026-12-10T18,1030.423
2026-12-10T19,1037.192
2026-12-10T20,1008.349
2026-12-10T21,919.758
2026-12-10T22,862.953
2026-12-10T23,673.998
2026-12-11T00,643.381
2026-12-11T01,618.658
2026-12-11T02,548.316
2026-12-11T03,522.416
2026-12-11T04,471.498
2026-12-11T05,422.053
2026-12-11T06,403.217
2026-12-11T07,468.261
2026-12-11T08,609.828
2026-12-11T09,779.650
2026-12-11T10,991.265
2026-12-11T11,1217.008
2026-12-11T12,1404.783
2026-12-11T13,1449.225
2026-12-11T14,1416.261
2026-12-11T15,1413.907
2026-12-11T16,1401.251
2026-12-11T17,1320.608
2026-12-11T18,1075.735
2026-12-11T19,1077.795
2026-12-11T20,1066.316
2026-12-11T21,1014.811
2026-12-11T22,727.261
2026-12-11T23,418.227
2026-12-12T00,325.223
2026-12-12T01,312.273
2026-12-12T02,289.610
2026-12-12T03,299.617
2026-12-12T04,289.316
2026-12-12T05,297.851
2026-12-12T06,351.417
2026-12-12T07,453.252
2026-12-12T08,598.057
2026-12-12T09,802.609
2026-12-12T10,1252.918
2026-12-12T11,1365.642
2026-12-12T12,1494.259
2026-12-12T13,1510.447
2026-12-12T14,1487.784
2026-12-12T15,1478.955
2026-12-12T16,1435.101
2026-12-12T17,1429.509
2026-12-12T18,1391.542
2026-12-12T19,1453.349
2026-12-12T20,1424.506
2026-12-12T21,1370.645
2026-12-12T22,806.729
2026-12-12T23,409.987
2026-12-13T00,309.618
2026-12-13T01,294.314
2026-12-13T02,272.240
2026-12-13T03,282.541
2026-12-13T04,272.240
2026-12-13T05,269.591
2026-12-13T06,290.488
2026-12-13T07,331.397
2026-12-13T08,440.882
2026-12-13T09,644.253
2026-12-13T10,861.751
2026-12-13T11,1267.021
2026-12-13T12,1322.352
2026-12-13T13,1423.007
2026-12-13T14,1434.191
2026-12-13T15,1450.084
2026-12-13T16,1428.893
2026-12-13T17,1411.823
2026-12-13T18,1352.372
2026-12-13T19,1310.285
2026-12-13T20,1190.205
2026-12-13T21,862.045
2026-12-13T22,814.072
2026-12-13T23,733.724
2026-12-14T00,689.181
2026-12-14T01,666.342
2026-12-14T02,640.442
2026-12-14T03,648.918
2026-12-14T04,588.170
2026-12-14T05,377.908
2026-12-14T06,380.733
2026-12-14T07,461.966
2026-12-14T08,579.929
2026-12-14T09,773.475
2026-12-14T10,1009.638
2026-12-14T11,1144.790
2026-12-14T12,1303.723
2026-12-14T13,1479.844
2026-12-14T14,1425.925
2026-12-14T15,1409.914
2026-12-14T16,1398.612
2026-12-14T17,1274.055
2026-12-14T18,1052.491
2026-12-14T19,1062.615
2026-12-14T20,1040.482
2026-12-14T21,983.973
2026-12-14T22,916.161
2026-12-14T23,741.924
2026-12-15T00,683.722
2026-12-15T01,671.479
2026-12-15T02,648.170
2026-12-15T03,659.471
2026-12-15T04,625.332
2026-12-15T05,470.176
2026-12-15T06,392.952
2026-12-15T07,471.825
2026-12-15T08,618.269
2026-12-15T09,792.967
2026-12-15T10,1017.578
2026-12-15T11,1277.976
2026-12-15T12,1488.931
2026-12-15T13,1482.339
2026-12-15T14,1456.911
2026-12-15T15,1452.438
2026-12-15T16,1435.486
2026-12-15T17,1251.842
2026-12-15T18,1083.972
2026-12-15T19,1075.025
2026-12-15T20,1052.188
2026-12-15T21,992.621
2026-12-15T22,946.239
2026-12-15T23,747.291
2026-12-16T00,695.538
2026-12-16T01,680.704
2026-12-16T02,653.391
2026-12-16T03,605.122
2026-12-16T04,513.295
2026-12-16T05,366.370
2026-12-16T06,358.129
2026-12-16T07,471.148
2026-12-16T08,600.413
2026-12-16T09,777.712
2026-12-16T10,1030.356
2026-12-16T11,1172.101
2026-12-16T12,1473.485
2026-12-16T13,1461.477
2026-12-16T14,1245.328
2026-12-16T15,1353.402
2026-12-16T16,1359.524
2026-12-16T17,1239.206
2026-12-16T18,999.512
2026-12-16T19,888.612
2026-12-16T20,798.432
2026-12-16T21,737.684
2026-12-16T22,786.188
2026-12-16T23,695.302
2026-12-17T00,673.704
2026-12-17T01,668.701
2026-12-17T02,648.098
2026-12-17T03,646.921
2026-12-17T04,497.994
2026-12-17T05,393.509
2026-12-17T06,329.641
2026-12-17T07,426.179
2026-12-17T08,550.677
2026-12-17T09,688.420
2026-12-17T10,900.627
2026-12-17T11,1074.865
2026-12-17T12,1315.327
2026-12-17T13,1320.919
2026-12-17T14,1295.607
2026-12-17T15,1248.221
2026-12-17T16,1231.739
2026-12-17T17,1197.598
2026-12-17T18,1030.423
2026-12-17T19,1037.192
2026-12-17T20,1008.349
2026-12-17T21,919.758
2026-12-17T22,862.953
2026-12-17T23,673.998
2026-12-18T00,643.381
2026-12-18T01,618.658
2026-12-18T02,548.316
2026-12-18T03,522.416
2026-12-18T04,471.498
2026-12-18T05,422.053
2026-12-18T06,403.217
2026-12-18T07,468.261
2026-12-18T08,609.828
2026-12-18T09,779.650
2026-12-18T10,991.265
2026-12-18T11,1217.008
2026-12-18T12,1404.783
2026-12-18T13,1449.225
2026-12-18T14,1416.261
2026-12-18T15,1413.907
2026-12-18T16,1401.251
2026-12-18T17,1320.608
2026-12-18T18,1075.735
2026-12-18T19,1077.795
2026-12-18T20,1066.316
2026-12-18T21,1014.811
2026-12-18T22,727.261
2026-12-18T23,418.227
2026-12-19T00,325.223
2026-12-19T01,312.273
2026-12-19T02,289.610
2026-12-19T03,299.617
2026-12-19T04,289.316
2026-12-19T05,297.851
2026-12-19T06,351.417
2026-12-19T07,453.252
2026-12-19T08,598.057
2026-12-19T09,802.609
2026-12-19T10,1252.918
2026-12-19T11,1365.642
2026-12-19T12,1494.259
2026-12-19T13,1510.447
2026-12-19T14,1487.784
2026-12-19T15,1478.955
2026-12-19T16,1435.101
2026-12-19T17,1429.509
2026-12-19T18,1391.542
2026-12-19T19,1453.349
2026-12-19T20,1424.506
2026-12-19T21,1370.645
2026-12-19T22,806.729
2026-12-19T23,409.987
2026-12-20T00,309.618
2026-12-20T01,294.314
2026-12-20T02,272.240
2026-12-20T03,282.541
2026-12-20T04,272.240
2026-12-20T05,269.591
2026-12-20T06,290.488
2026-12-20T07,331.397
2026-12-20T08,440.882
2026-12-20T09,644.253
2026-12-20T10,861.751
2026-12-20T11,1267.021
2026-12-20T12,1322.352
2026-12-20T13,1423.007
2026-12-20T14,1434.191
2026-12-20T15,1450.084
2026-12-20T16,1428.893
2026-12-20T17,1411.823
2026-12-20T18,1352.372
2026-12-20T19,1310.285
2026-12-20T20,1190.205
2026-12-20T21,862.045
2026-12-20T22,814.072
2026-12-20T23,733.724
2026-12-21T00,689.181
2026-12-21T01,666.342
2026-12-21T02,640.442
2026-12-21T03,648.918
2026-12-21T04,588.170
2026-12-21T05,377.908
2026-12-21T06,380.733
2026-12-21T07,461.966
2026-12-21T08,579.929
2026-12-21T09,773.475
2026-12-21T10,1009.638
2026-12-21T11,1144.790
2026-12-21T12,1303.723
2026-12-21T13,1479.844
2026-12-21T14,1425.925
2026-12-21T15,1409.914
2026-12-21T16,1398.612
2026-12-21T17,1274.055
2026-12-21T18,1052.491
2026-12-21T19,1062.615
2026-12-21T20,1040.482
2026-12-21T21,983.973
2026-12-21T22,916.161
2026-12-21T23,741.924
2026-12-22T00,683.752
2026-12-22T01,671.508
2026-12-22T02,648.199
2026-12-22T03,659.500
2026-12-22T04,625.360
2026-12-22T05,470.197
2026-12-22T06,392.969
2026-12-22T07,471.845
2026-12-22T08,618.296
2026-12-22T09,793.001
2026-12-22T10,1017.622
2026-12-22T11,1278.032
2026-12-22T12,1488.997
2026-12-22T13,1482.404
2026-12-22T14,1456.975
2026-12-22T15,1452.502
2026-12-22T16,1435.549
2026-12-22T17,1251.897
2026-12-22T18,1084.020
2026-12-22T19,1075.073
2026-12-22T20,1052.234
2026-12-22T21,992.664
2026-12-22T22,946.280
2026-12-22T23,747.324
2026-12-23T00,695.538
2026-12-23T01,680.704
2026-12-23T02,653.391
2026-12-23T03,605.122
2026-12-23T04,513.295
2026-12-23T05,366.370
2026-12-23T06,358.129
2026-12-23T07,471.148
2026-12-23T08,600.413
2026-12-23T09,777.712
2026-12-23T10,1030.356
2026-12-23T11,1172.101
2026-12-23T12,1473.485
2026-12-23T13,1461.477
2026-12-23T14,1245.328
2026-12-23T15,1353.402
2026-12-23T16,1359.524
2026-12-23T17,1239.206
2026-12-23T18,999.512
2026-12-23T19,888.612
2026-12-23T20,798.432
2026-12-23T21,737.684
2026-12-23T22,786.188
2026-12-23T23,695.302
2026-12-24T00,673.704
2026-12-24T01,668.701
2026-12-24T02,648.098
2026-12-24T03,646.921
2026-12-24T04,497.994
2026-12-24T05,393.509
2026-12-24T06,329.641
2026-12-24T07,426.179
2026-12-24T08,550.677
2026-12-24T09,688.420
2026-12-24T10,900.627
2026-12-24T11,1074.865
2026-12-24T12,1315.327
2026-12-24T13,1320.919
2026-12-24T14,1295.607
2026-12-24T15,1248.221
2026-12-24T16,1231.739
2026-12-24T17,1197.598
2026-12-24T18,1030.423
2026-12-24T19,1037.192
2026-12-24T20,1008.349
2026-12-24T21,919.758
2026-12-24T22,862.953
2026-12-24T23,673.998
2026-12-25T00,643.381
2026-12-25T01,618.658
2026-12-25T02,548.316
2026-12-25T03,522.416
2026-12-25T04,471.498
2026-12-25T05,422.053
2026-12-25T06,403.217
2026-12-25T07,468.261
2026-12-25T08,609.828
2026-12-25T09,779.650
2026-12-25T10,991.265
2026-12-25T11,1217.008
2026-12-25T12,1404.783
2026-12-25T13,1449.225
2026-12-25T14,1416.261
2026-12-25T15,1413.907
2026-12-25T16,1401.251
2026-12-25T17,1320.608
2026-12-25T18,1075.735
2026-12-25T19,1077.795
2026-12-25T20,1066.316
2026-12-25T21,1014.811
2026-12-25T22,727.261
2026-12-25T23,418.227
2026-12-26T00,325.223
2026-12-26T01,312.273
2026-12-26T02,289.610
2026-12-26T03,299.617
2026-12-26T04,289.316
2026-12-26T05,297.851
2026-12-26T06,351.417
2026-12-26T07,453.252
2026-12-26T08,598.057
2026-12-26T09,802.609
2026-12-26T10,1252.918
2026-12-26T11,1365.642
2026-12-26T12,1494.259
2026-12-26T13,1510.447
2026-12-26T14,1487.784
2026-12-26T15,1478.955
2026-12-26T16,1435.101
2026-12-26T17,1429.509
2026-12-26T18,1391.542
2026-12-26T19,1453.349
2026-12-26T20,1424.506
2026-12-26T21,1370.645
2026-12-26T22,806.729
2026-12-26T23,409.987
2026-12-27T00,309.618
2026-12-27T01,294.314
2026-12-27T02,272.240
2026-12-27T03,282.541
2026-12-27T04,272.240
2026-12-27T05,269.591
2026-12-27T06,290.488
2026-12-27T07,331.397
2026-12-27T08,440.882
2026-12-27T09,644.253
2026-12-27T10,861.751
2026-12-27T11,1267.021
2026-12-27T12,1322.352
2026-12-27T13,1423.007
2026-12-27T14,1434.191
2026-12-27T15,1450.084
2026-12-27T16,1428.893
2026-12-27T17,1411.823
2026-12-27T18,1352.372
2026-12-27T19,1310.285
2026-12-27T20,1190.205
2026-12-27T21,862.045
2026-12-27T22,814.072
2026-12-27T23,733.724
2026-12-28T00,689.181
2026-12-28T01,666.342
2026-12-28T02,640.442
2026-12-28T03,648.918
2026-12-28T04,588.170
2026-12-28T05,377.908
2026-12-28T06,380.733
2026-12-28T07,461.966
2026-12-28T08,579.929
2026-12-28T09,773.475
2026-12-28T10,1009.638
2026-12-28T11,1144.790
2026-12-28T12,1303.723
2026-12-28T13,1479.844
2026-12-28T14,1425.925
2026-12-28T15,1409.914
2026-12-28T16,1398.612
2026-12-28T17,1274.055
2026-12-28T18,1052.491
2026-12-28T19,1062.615
2026-12-28T20,1040.482
2026-12-28T21,983.973
2026-12-28T22,916.161
2026-12-28T23,741.924
2026-12-29T00,683.752
2026-12-29T01,671.508
2026-12-29T02,648.199
2026-12-29T03,659.500
2026-12-29T04,625.360
2026-12-29T05,470.197
2026-12-29T06,392.969
2026-12-29T07,471.845
2026-12-29T08,618.296
2026-12-29T09,793.001
2026-12-29T10,1017.622
2026-12-29T11,1278.032
2026-12-29T12,1488.997
2026-12-29T13,1482.404
2026-12-29T14,1456.975
2026-12-29T15,1452.502
2026-12-29T16,1435.549
2026-12-29T17,1251.897
2026-12-29T18,1084.020
2026-12-29T19,1075.073
2026-12-29T20,1052.234
2026-12-29T21,992.664
2026-12-29T22,946.280
2026-12-29T23,747.324
2026-12-30T00,695.538
2026-12-30T01,680.704
2026-12-30T02,653.391
2026-12-30T03,605.122
2026-12-30T04,513.295
2026-12-30T05,366.370
2026-12-30T06,358.129
2026-12-30T07,471.148
2026-12-30T08,600.413
2026-12-30T09,777.712
2026-12-30T10,1030.356
2026-12-30T11,1172.101
2026-12-30T12,1473.485
2026-12-30T13,1461.477
2026-12-30T14,1245.328
2026-12-30T15,1353.402
2026-12-30T16,1359.524
2026-12-30T17,1239.206
2026-12-30T18,999.512
2026-12-30T19,888.612
2026-12-30T20,798.432
2026-12-30T21,737.684
2026-12-30T22,786.188
2026-12-30T23,695.302
2026-12-31T00,673.705
2026-12-31T01,668.702
2026-12-31T02,648.099
2026-12-31T03,646.922
2026-12-31T04,497.994
2026-12-31T05,393.510
2026-12-31T06,329.642
2026-12-31T07,426.179
2026-12-31T08,550.678
2026-12-31T09,688.421
2026-12-31T10,900.628
2026-12-31T11,1074.867
2026-12-31T12,1315.329
2026-12-31T13,1320.921
2026-12-31T14,1295.609
2026-12-31T15,1248.223
2026-12-31T16,1231.741
2026-12-31T17,1197.600
2026-12-31T18,1030.424
2026-12-31T19,1037.194
2026-12-31T20,1008.350
2026-12-31T21,919.759
2026-12-31T22,862.955
2026-12-31T23,673.999
