bucket,value
2026-01-01T00,196.007
2026-01-01T01,225.404
2026-01-01T02,269.778
2026-01-01T03,255.545
2026-01-01T04,250.800
2026-01-01T05,250.056
2026-01-01T06,284.104
2026-01-01T07,307.081
2026-01-01T08,322.338
2026-01-01T09,344.571
2026-01-01T10,464.576
2026-01-01T11,540.392
2026-01-01T12,558.719
2026-01-01T13,588.394
2026-01-01T14,585.324
2026-01-01T15,572.580
2026-01-01T16,575.557
2026-01-01T17,522.717
2026-01-01T18,425.877
2026-01-01T19,430.435
2026-01-01T20,413.597
2026-01-01T21,388.759
2026-01-01T22,263.452
2026-01-01T23,190.798
2026-01-02T00,166.425
2026-01-02T01,208.194
2026-01-02T02,246.335
2026-01-02T03,258.522
2026-01-02T04,263.917
2026-01-02T05,260.475
2026-01-02T06,267.917
2026-01-02T07,302.523
2026-01-02T08,345.129
2026-01-02T09,322.245
2026-01-02T10,470.530
2026-01-02T11,530.160
2026-01-02T12,563.463
2026-01-02T13,577.696
2026-01-02T14,561.510
2026-01-02T15,553.975
2026-01-02T16,586.999
2026-01-02T17,547.277
2026-01-02T18,437.784
2026-01-02T19,438.621
2026-01-02T20,425.226
2026-01-02T21,405.039
2026-01-02T22,289.220
2026-01-02T23,189.868
2026-01-03T00,152.331
2026-01-03T01,183.379
2026-01-03T02,271.057
2026-01-03T03,272.220
2026-01-03T04,276.522
2026-01-03T05,275.476
2026-01-03T06,296.407
2026-01-03T07,319.198
2026-01-03T08,357.106
2026-01-03T09,326.175
2026-01-03T10,440.598
2026-01-03T11,489.205
2026-01-03T12,554.905
2026-01-03T13,585.720
2026-01-03T14,573.277
2026-01-03T15,558.626
2026-01-03T16,556.765
2026-01-03T17,546.765
2026-01-03T18,478.274
2026-01-03T19,416.992
2026-01-03T20,413.737
2026-01-03T21,396.992
2026-01-03T22,318.849
2026-01-03T23,223.846
2026-01-04T00,180.704
2026-01-04T01,267.336
2026-01-04T02,272.801
2026-01-04T03,269.196
2026-01-04T04,271.987
2026-01-04T05,262.917
2026-01-04T06,239.660
2026-01-04T07,251.405
2026-01-04T08,268.150
2026-01-04T09,224.078
2026-01-04T10,278.150
2026-01-04T11,372.921
2026-01-04T12,479.437
2026-01-04T13,538.625
2026-01-04T14,520.252
2026-01-04T15,530.253
2026-01-04T16,556.881
2026-01-04T17,535.950
2026-01-04T18,421.062
2026-01-04T19,406.643
2026-01-04T20,395.596
2026-01-04T21,286.988
2026-01-04T22,244.428
2026-01-04T23,190.240
2026-01-05T00,175.007
2026-01-05T01,202.798
2026-01-05T02,258.731
2026-01-05T03,252.335
2026-01-05T04,226.985
2026-01-05T05,226.869
2026-01-05T06,259.080
2026-01-05T07,273.034
2026-01-05T08,314.896
2026-01-05T09,315.710
2026-01-05T10,473.506
2026-01-05T11,505.601
2026-01-05T12,563.161
2026-01-05T13,574.673
2026-01-05T14,566.998
2026-01-05T15,558.044
2026-01-05T16,564.440
2026-01-05T17,528.857
2026-01-05T18,434.551
2026-01-05T19,437.691
2026-01-05T20,419.667
2026-01-05T21,390.131
2026-01-05T22,267.103
2026-01-05T23,171.402
2026-01-06T00,142.564
2026-01-06T01,238.381
2026-01-06T02,268.499
2026-01-06T03,265.708
2026-01-06T04,271.754
2026-01-06T05,271.173
2026-01-06T06,303.151
2026-01-06T07,334.315
2026-01-06T08,368.386
2026-01-06T09,325.012
2026-01-06T10,477.111
2026-01-06T11,539.555
2026-01-06T12,550.719
2026-01-06T13,576.882
2026-01-06T14,570.952
2026-01-06T15,553.626
2026-01-06T16,547.811
2026-01-06T17,490.833
2026-01-06T18,421.760
2026-01-06T19,421.993
2026-01-06T20,406.760
2026-01-06T21,377.921
2026-01-06T22,241.521
2026-01-06T23,170.704
2026-01-07T00,171.355
2026-01-07T01,221.683
2026-01-07T02,249.684
2026-01-07T03,230.520
2026-01-07T04,241.312
2026-01-07T05,240.474
2026-01-07T06,229.776
2026-01-07T07,254.428
2026-01-07T08,297.686
2026-01-07T09,318.989
2026-01-07T10,399.829
2026-01-07T11,462.157
2026-01-07T12,528.485
2026-01-07T13,548.672
2026-01-07T14,537.044
2026-01-07T15,517.694
2026-01-07T16,508.299
2026-01-07T17,482.065
2026-01-07T18,400.480
2026-01-07T19,403.457
2026-01-07T20,390.899
2026-01-07T21,355.642
2026-01-07T22,282.709
2026-01-07T23,219.729
2026-01-08T00,196.007
2026-01-08T01,225.404
2026-01-08T02,269.778
2026-01-08T03,255.545
2026-01-08T04,250.800
2026-01-08T05,250.056
2026-01-08T06,284.104
2026-01-08T07,307.081
2026-01-08T08,322.338
2026-01-08T09,344.571
2026-01-08T10,464.576
2026-01-08T11,540.392
2026-01-08T12,558.719
2026-01-08T13,588.394
2026-01-08T14,585.324
2026-01-08T15,572.580
2026-01-08T16,575.557
2026-01-08T17,522.717
2026-01-08T18,425.877
2026-01-08T19,430.435
2026-01-08T20,413.597
2026-01-08T21,388.759
2026-01-08T22,263.452
2026-01-08T23,190.798
2026-01-09T00,166.425
2026-01-09T01,208.194
2026-01-09T02,246.335
2026-01-09T03,258.522
2026-01-09T04,263.917
2026-01-09T05,260.475
2026-01-09T06,267.917
2026-01-09T07,302.523
2026-01-09T08,345.129
2026-01-09T09,322.245
2026-01-09T10,470.530
2026-01-09T11,530.160
2026-01-09T12,563.463
2026-01-09T13,577.696
2026-01-09T14,561.510
2026-01-09T15,553.975
2026-01-09T16,586.999
2026-01-09T17,547.277
2026-01-09T18,437.784
2026-01-09T19,438.621
2026-01-09T20,425.226
2026-01-09T21,405.039
2026-01-09T22,289.220
2026-01-09T23,189.868
2026-01-10T00,152.331
2026-01-10T01,183.379
2026-01-10T02,271.057
2026-01-10T03,272.220
2026-01-10T04,276.522
2026-01-10T05,275.476
2026-01-10T06,296.407
2026-01-10T07,319.198
2026-01-10T08,357.106
2026-01-10T09,326.175
2026-01-10T10,440.598
2026-01-10T11,489.205
2026-01-10T12,554.905
2026-01-10T13,585.720
2026-01-10T14,573.277
2026-01-10T15,558.626
2026-01-10T16,556.765
2026-01-10T17,546.765
2026-01-10T18,478.274
2026-01-10T19,416.992
2026-01-10T20,413.737
2026-01-10T21,396.992
2026-01-10T22,318.849
2026-01-10T23,223.846
2026-01-11T00,180.704
2026-01-11T01,267.336
2026-01-11T02,272.801
2026-01-11T03,269.196
2026-01-11T04,271.987
2026-01-11T05,262.917
2026-01-11T06,239.660
2026-01-11T07,251.405
2026-01-11T08,268.150
2026-01-11T09,224.078
2026-01-11T10,278.150
2026-01-11T11,372.921
2026-01-11T12,479.437
2026-01-11T13,538.625
2026-01-11T14,520.252
2026-01-11T15,530.253
2026-01-11T16,556.881
2026-01-11T17,535.950
2026-01-11T18,421.062
2026-01-11T19,406.643
2026-01-11T20,395.596
2026-01-11T21,286.988
2026-01-11T22,244.428
2026-01-11T23,190.240
2026-01-12T00,175.007
2026-01-12T01,202.798
2026-01-12T02,258.731
2026-01-12T03,252.335
2026-01-12T04,226.985
2026-01-12T05,226.869
2026-01-12T06,259.080
2026-01-12T07,273.034
2026-01-12T08,314.896
2026-01-12T09,315.710
2026-01-12T10,473.506
2026-01-12T11,505.601
2026-01-12T12,563.161
2026-01-12T13,574.673
2026-01-12T14,566.998
2026-01-12T15,558.044
2026-01-12T16,564.440
2026-01-12T17,528.857
2026-01-12T18,434.551
2026-01-12T19,437.691
2026-01-12T20,419.667
2026-01-12T21,390.131
2026-01-12T22,267.103
2026-01-12T23,171.402
2026-01-13T00,142.564
2026-01-13T01,238.381
2026-01-13T02,268.499
2026-01-13T03,265.708
2026-01-13T04,271.754
2026-01-13T05,271.173
2026-01-13T06,303.151
2026-01-13T07,334.315
2026-01-13T08,368.386
2026-01-13T09,325.012
2026-01-13T10,477.111
2026-01-13T11,539.555
2026-01-13T12,550.719
2026-01-13T13,576.882
2026-01-13T14,570.952
2026-01-13T15,553.626
2026-01-13T16,547.811
2026-01-13T17,490.833
2026-01-13T18,421.760
2026-01-13T19,421.993
2026-01-13T20,406.760
2026-01-13T21,377.921
2026-01-13T22,241.521
2026-01-13T23,170.704
2026-01-14T00,171.355
2026-01-14T01,221.683
2026-01-14T02,249.684
2026-01-14T03,230.520
2026-01-14T04,241.312
2026-01-14T05,240.474
2026-01-14T06,229.776
2026-01-14T07,254.428
2026-01-14T08,297.686
2026-01-14T09,318.989
2026-01-14T10,399.829
2026-01-14T11,462.157
2026-01-14T12,528.485
2026-01-14T13,548.672
2026-01-14T14,537.044
2026-01-14T15,517.694
2026-01-14T16,508.299
2026-01-14T17,482.065
2026-01-14T18,400.480
2026-01-14T19,403.457
2026-01-14T20,390.899
2026-01-14T21,355.642
2026-01-14T22,282.709
2026-01-14T23,219.729
2026-01-15T00,196.007
2026-01-15T01,225.404
2026-01-15T02,269.778
2026-01-15T03,255.545
2026-01-15T04,250.800
2026-01-15T05,250.056
2026-01-15T06,284.104
2026-01-15T07,307.081
2026-01-15T08,322.338
2026-01-15T09,344.571
2026-01-15T10,464.576
2026-01-15T11,540.392
2026-01-15T12,558.719
2026-01-15T13,588.394
2026-01-15T14,585.324
2026-01-15T15,572.580
2026-01-15T16,575.557
2026-01-15T17,522.717
2026-01-15T18,425.877
2026-01-15T19,430.435
2026-01-15T20,413.597
2026-01-15T21,388.759
2026-01-15T22,263.452
2026-01-15T23,190.798
2026-01-16T00,166.425
2026-01-16T01,208.194
2026-01-16T02,246.335
2026-01-16T03,258.522
2026-01-16T04,263.917
2026-01-16T05,260.475
2026-01-16T06,267.917
2026-01-16T07,302.523
2026-01-16T08,345.129
2026-01-16T09,322.245
2026-01-16T10,470.530
2026-01-16T11,530.160
2026-01-16T12,563.463
2026-01-16T13,577.696
2026-01-16T14,561.510
2026-01-16T15,553.975
2026-01-16T16,586.999
2026-01-16T17,547.277
2026-01-16T18,437.784
2026-01-16T19,438.621
2026-01-16T20,425.226
2026-01-16T21,405.039
2026-01-16T22,289.220
2026-01-16T23,189.868
2026-01-17T00,152.331
2026-01-17T01,183.379
2026-01-17T02,271.057
2026-01-17T03,272.220
2026-01-17T04,276.522
2026-01-17T05,275.476
2026-01-17T06,296.407
2026-01-17T07,319.198
2026-01-17T08,357.106
2026-01-17T09,326.175
2026-01-17T10,440.598
2026-01-17T11,489.205
2026-01-17T12,554.905
2026-01-17T13,585.720
2026-01-17T14,573.277
2026-01-17T15,558.626
2026-01-17T16,556.765
2026-01-17T17,546.765
2026-01-17T18,478.274
2026-01-17T19,416.992
2026-01-17T20,413.737
2026-01-17T21,396.992
2026-01-17T22,318.849
2026-01-17T23,223.846
2026-01-18T00,180.704
2026-01-18T01,267.336
2026-01-18T02,272.801
2026-01-18T03,269.196
2026-01-18T04,271.987
2026-01-18T05,262.917
2026-01-18T06,239.660
2026-01-18T07,251.405
2026-01-18T08,268.150
2026-01-18T09,224.078
2026-01-18T10,278.150
2026-01-18T11,372.921
2026-01-18T12,479.437
2026-01-18T13,538.625
2026-01-18T14,520.252
2026-01-18T15,530.253
2026-01-18T16,556.881
2026-01-18T17,535.950
2026-01-18T18,421.062
2026-01-18T19,406.643
2026-01-18T20,395.596
2026-01-18T21,286.988
2026-01-18T22,244.428
2026-01-18T23,190.240
2026-01-19T00,175.007
2026-01-19T01,202.798
2026-01-19T02,258.731
2026-01-19T03,252.335
2026-01-19T04,226.985
2026-01-19T05,226.869
2026-01-19T06,259.080
2026-01-19T07,273.034
2026-01-19T08,314.896
2026-01-19T09,315.710
2026-01-19T10,473.506
2026-01-19T11,505.601
2026-01-19T12,563.161
2026-01-19T13,574.673
2026-01-19T14,566.998
2026-01-19T15,558.044
2026-01-19T16,564.440
2026-01-19T17,528.857
2026-01-19T18,434.551
2026-01-19T19,437.691
2026-01-19T20,419.667
2026-01-19T21,390.131
2026-01-19T22,267.103
2026-01-19T23,171.402
2026-01-20T00,142.564
2026-01-20T01,238.381
2026-01-20T02,268.499
2026-01-20T03,265.708
2026-01-20T04,271.754
2026-01-20T05,271.173
2026-01-20T06,303.151
2026-01-20T07,334.315
2026-01-20T08,368.386
2026-01-20T09,325.012
2026-01-20T10,477.111
2026-01-20T11,539.555
2026-01-20T12,550.719
2026-01-20T13,576.882
2026-01-20T14,570.952
2026-01-20T15,553.626
2026-01-20T16,547.811
2026-01-20T17,490.833
2026-01-20T18,421.760
2026-01-20T19,421.993
2026-01-20T20,406.760
2026-01-20T21,377.921
2026-01-20T22,241.521
2026-01-20T23,170.704
2026-01-21T00,171.355
2026-01-21T01,221.683
2026-01-21T02,249.684
2026-01-21T03,230.520
2026-01-21T04,241.312
2026-01-21T05,240.474
2026-01-21T06,229.776
2026-01-21T07,254.428
2026-01-21T08,297.686
2026-01-21T09,318.989
2026-01-21T10,399.829
2026-01-21T11,462.157
2026-01-21T12,528.485
2026-01-21T13,548.672
2026-01-21T14,537.044
2026-01-21T15,517.694
2026-01-21T16,508.299
2026-01-21T17,482.065
2026-01-21T18,400.480
2026-01-21T19,403.457
2026-01-21T20,390.899
2026-01-21T21,355.642
2026-01-21T22,282.709
2026-01-21T23,219.729
2026-01-22T00,196.007
2026-01-22T01,225.404
2026-01-22T02,269.778
2026-01-22T03,255.545
2026-01-22T04,250.800
2026-01-22T05,250.056
2026-01-22T06,284.104
2026-01-22T07,307.081
2026-01-22T08,322.338
2026-01-22T09,344.571
2026-01-22T10,464.576
2026-01-22T11,540.392
2026-01-22T12,558.719
2026-01-22T13,588.394
2026-01-22T14,585.324
2026-01-22T15,572.580
2026-01-22T16,575.557
2026-01-22T17,522.717
2026-01-22T18,425.877
2026-01-22T19,430.435
2026-01-22T20,413.597
2026-01-22T21,388.759
2026-01-22T22,263.452
2026-01-22T23,190.798
2026-01-23T00,166.425
2026-01-23T01,208.194
2026-01-23T02,246.335
2026-01-23T03,258.522
2026-01-23T04,263.917
2026-01-23T05,260.475
2026-01-23T06,267.917
2026-01-23T07,302.523
2026-01-23T08,345.129
2026-01-23T09,322.245
2026-01-23T10,470.530
2026-01-23T11,530.160
2026-01-23T12,563.463
2026-01-23T13,577.696
2026-01-23T14,561.510
2026-01-23T15,553.975
2026-01-23T16,586.999
2026-01-23T17,547.277
2026-01-23T18,437.784
2026-01-23T19,438.621
2026-01-23T20,425.226
2026-01-23T21,405.039
2026-01-23T22,289.220
2026-01-23T23,189.868
2026-01-24T00,152.331
2026-01-24T01,183.379
2026-01-24T02,271.057
2026-01-24T03,272.220
2026-01-24T04,276.522
2026-01-24T05,275.476
2026-01-24T06,296.407
2026-01-24T07,319.198
2026-01-24T08,357.106
2026-01-24T09,326.175
2026-01-24T10,440.598
2026-01-24T11,489.205
2026-01-24T12,554.905
2026-01-24T13,585.720
2026-01-24T14,573.277
2026-01-24T15,558.626
2026-01-24T16,556.765
2026-01-24T17,546.765
2026-01-24T18,478.274
2026-01-24T19,416.992
2026-01-24T20,413.737
2026-01-24T21,396.992
2026-01-24T22,318.849
2026-01-24T23,223.846
2026-01-25T00,180.704
2026-01-25T01,267.336
2026-01-25T02,272.801
2026-01-25T03,269.196
2026-01-25T04,271.987
2026-01-25T05,262.917
2026-01-25T06,239.660
2026-01-25T07,251.405
2026-01-25T08,268.150
2026-01-25T09,224.078
2026-01-25T10,278.150
2026-01-25T11,372.921
2026-01-25T12,479.437
2026-01-25T13,538.625
2026-01-25T14,520.252
2026-01-25T15,530.253
2026-01-25T16,556.881
2026-01-25T17,535.950
2026-01-25T18,421.062
2026-01-25T19,406.643
2026-01-25T20,395.596
2026-01-25T21,286.988
2026-01-25T22,244.428
2026-01-25T23,190.240
2026-01-26T00,175.007
2026-01-26T01,202.798
2026-01-26T02,258.731
2026-01-26T03,252.335
2026-01-26T04,226.985
2026-01-26T05,226.869
2026-01-26T06,259.080
2026-01-26T07,273.034
2026-01-26T08,314.896
2026-01-26T09,315.710
2026-01-26T10,473.506
2026-01-26T11,505.601
2026-01-26T12,563.161
2026-01-26T13,574.673
2026-01-26T14,566.998
2026-01-26T15,558.044
2026-01-26T16,564.440
2026-01-26T17,528.857
2026-01-26T18,434.551
2026-01-26T19,437.691
2026-01-26T20,419.667
2026-01-26T21,390.131
2026-01-26T22,267.103
2026-01-26T23,171.402
2026-01-27T00,142.564
2026-01-27T01,238.381
2026-01-27T02,268.499
2026-01-27T03,265.708
2026-01-27T04,271.754
2026-01-27T05,271.173
2026-01-27T06,303.151
2026-01-27T07,334.315
2026-01-27T08,368.386
2026-01-27T09,325.012
2026-01-27T10,477.111
2026-01-27T11,539.555
2026-01-27T12,550.719
2026-01-27T13,576.882
2026-01-27T14,570.952
2026-01-27T15,553.626
2026-01-27T16,547.811
2026-01-27T17,490.833
2026-01-27T18,421.760
2026-01-27T19,421.993
2026-01-27T20,406.760
2026-01-27T21,377.921
2026-01-27T22,241.521
2026-01-27T23,170.704
2026-01-28T00,171.355
2026-01-28T01,221.683
2026-01-28T02,249.684
2026-01-28T03,230.520
2026-01-28T04,241.312
2026-01-28T05,240.474
2026-01-28T06,229.776
2026-01-28T07,254.428
2026-01-28T08,297.686
2026-01-28T09,318.989
2026-01-28T10,399.829
2026-01-28T11,462.157
2026-01-28T12,528.485
2026-01-28T13,548.672
2026-01-28T14,537.044
2026-01-28T15,517.694
2026-01-28T16,508.299
2026-01-28T17,482.065
2026-01-28T18,400.480
2026-01-28T19,403.457
2026-01-28T20,390.899
2026-01-28T21,355.642
2026-01-28T22,282.709
2026-01-28T23,219.729
2026-01-29T00,196.007
2026-01-29T01,225.404
2026-01-29T02,269.778
2026-01-29T03,255.545
2026-01-29T04,250.800
2026-01-29T05,250.056
2026-01-29T06,284.104
2026-01-29T07,307.081
2026-01-29T08,322.338
2026-01-29T09,344.571
2026-01-29T10,464.576
2026-01-29T11,540.392
2026-01-29T12,558.719
2026-01-29T13,588.394
2026-01-29T14,585.324
2026-01-29T15,572.580
2026-01-29T16,575.557
2026-01-29T17,522.717
2026-01-29T18,425.877
2026-01-29T19,430.435
2026-01-29T20,413.597
2026-01-29T21,388.759
2026-01-29T22,263.452
2026-01-29T23,190.798
2026-01-30T00,166.425
2026-01-30T01,208.194
2026-01-30T02,246.335
2026-01-30T03,258.522
2026-01-30T04,263.917
2026-01-30T05,260.475
2026-01-30T06,267.917
2026-01-30T07,302.523
2026-01-30T08,345.129
2026-01-30T09,322.245
2026-01-30T10,470.530
2026-01-30T11,530.160
2026-01-30T12,563.463
2026-01-30T13,577.696
2026-01-30T14,561.510
2026-01-30T15,553.975
2026-01-30T16,586.999
2026-01-30T17,547.277
2026-01-30T18,437.784
2026-01-30T19,438.621
2026-01-30T20,425.226
2026-01-30T21,405.039
2026-01-30T22,289.220
2026-01-30T23,189.868
2026-01-31T00,152.331
2026-01-31T01,183.379
2026-01-31T02,271.056
2026-01-31T03,272.219
2026-01-31T04,276.522
2026-01-31T05,275.475
2026-01-31T06,296.406
2026-01-31T07,319.198
2026-01-31T08,357.106
2026-01-31T09,326.175
2026-01-31T10,440.598
2026-01-31T11,489.204
2026-01-31T12,554.904
2026-01-31T13,585.719
2026-01-31T14,573.277
2026-01-31T15,558.625
2026-01-31T16,556.765
2026-01-31T17,546.764
2026-01-31T18,478.273
2026-01-31T19,416.992
2026-01-31T20,413.736
2026-01-31T21,396.991
2026-01-31T22,318.849
2026-01-31T23,223.845
2026-02-01T00,150.590
2026-02-01T01,138.478
2026-02-01T02,132.609
2026-02-01T03,128.239
2026-02-01T04,132.359
2026-02-01T05,130.361
2026-02-01T06,138.353
2026-02-01T07,150.340
2026-02-01T08,191.671
2026-02-01T09,249.110
2026-02-01T10,426.047
2026-02-01T11,546.544
2026-02-01T12,575.763
2026-02-01T13,640.320
2026-02-01T14,633.702
2026-02-01T15,619.717
2026-02-01T16,625.336
2026-02-01T17,623.088
2026-02-01T18,593.120
2026-02-01T19,589.624
2026-02-01T20,568.022
2026-02-01T21,427.546
2026-02-01T22,332.022
2026-02-01T23,292.689
2026-02-02T00,277.455
2026-02-02T01,308.422
2026-02-02T02,302.678
2026-02-02T03,298.183
2026-02-02T04,260.723
2026-02-02T05,253.481
2026-02-02T06,223.013
2026-02-02T07,252.981
2026-02-02T08,298.808
2026-02-02T09,345.508
2026-02-02T10,527.065
2026-02-02T11,600.862
2026-02-02T12,629.082
2026-02-02T13,648.561
2026-02-02T14,637.573
2026-02-02T15,604.358
2026-02-02T16,617.094
2026-02-02T17,570.020
2026-02-02T18,468.253
2026-02-02T19,473.122
2026-02-02T20,463.508
2026-02-02T21,422.801
2026-02-02T22,302.678
2026-02-02T23,258.600
2026-02-03T00,227.508
2026-02-03T01,244.990
2026-02-03T02,288.693
2026-02-03T03,286.695
2026-02-03T04,288.444
2026-02-03T05,281.451
2026-02-03T06,276.207
2026-02-03T07,278.454
2026-02-03T08,315.790
2026-02-03T09,340.139
2026-02-03T10,551.539
2026-02-03T11,602.110
2026-02-03T12,647.312
2026-02-03T13,645.065
2026-02-03T14,631.704
2026-02-03T15,623.463
2026-02-03T16,622.339
2026-02-03T17,583.755
2026-02-03T18,467.628
2026-02-03T19,464.257
2026-02-03T20,453.518
2026-02-03T21,419.929
2026-02-03T22,294.187
2026-02-03T23,245.864
2026-02-04T00,228.507
2026-02-04T01,256.352
2026-02-04T02,290.566
2026-02-04T03,287.819
2026-02-04T04,290.566
2026-02-04T05,284.073
2026-02-04T06,250.733
2026-02-04T07,291.940
2026-02-04T08,269.089
2026-02-04T09,351.751
2026-02-04T10,502.091
2026-02-04T11,552.912
2026-02-04T12,597.490
2026-02-04T13,641.693
2026-02-04T14,635.949
2026-02-04T15,630.080
2026-02-04T16,632.328
2026-02-04T17,578.385
2026-02-04T18,505.338
2026-02-04T19,512.580
2026-02-04T20,496.847
2026-02-04T21,462.508
2026-02-04T22,325.029
2026-02-04T23,289.193
2026-02-05T00,271.711
2026-02-05T01,265.093
2026-02-05T02,255.104
2026-02-05T03,252.232
2026-02-05T04,253.855
2026-02-05T05,234.251
2026-02-05T06,172.941
2026-02-05T07,208.903
2026-02-05T08,263.345
2026-02-05T09,347.756
2026-02-05T10,509.334
2026-02-05T11,567.647
2026-02-05T12,632.703
2026-02-05T13,635.325
2026-02-05T14,632.203
2026-02-05T15,613.473
2026-02-05T16,605.482
2026-02-05T17,557.783
2026-02-05T18,467.503
2026-02-05T19,468.003
2026-02-05T20,454.642
2026-02-05T21,420.428
2026-02-05T22,308.547
2026-02-05T23,251.733
2026-02-06T00,235.500
2026-02-06T01,277.955
2026-02-06T02,296.185
2026-02-06T03,289.692
2026-02-06T04,293.188
2026-02-06T05,264.344
2026-02-06T06,248.486
2026-02-06T07,272.835
2026-02-06T08,305.176
2026-02-06T09,362.490
2026-02-06T10,504.839
2026-02-06T11,579.759
2026-02-06T12,650.184
2026-02-06T13,651.932
2026-02-06T14,643.067
2026-02-06T15,631.704
2026-02-06T16,627.958
2026-02-06T17,566.398
2026-02-06T18,469.002
2026-02-06T19,475.869
2026-02-06T20,468.877
2026-02-06T21,438.159
2026-02-06T22,305.301
2026-02-06T23,195.542
2026-02-07T00,150.590
2026-02-07T01,169.820
2026-02-07T02,182.306
2026-02-07T03,178.685
2026-02-07T04,182.431
2026-02-07T05,176.812
2026-02-07T06,188.425
2026-02-07T07,197.790
2026-02-07T08,260.348
2026-02-07T09,467.004
2026-02-07T10,629.581
2026-02-07T11,658.301
2026-02-07T12,654.679
2026-02-07T13,669.539
2026-02-07T14,658.550
2026-02-07T15,649.060
2026-02-07T16,647.937
2026-02-07T17,631.204
2026-02-07T18,644.191
2026-02-07T19,647.562
2026-02-07T20,642.442
2026-02-07T21,612.974
2026-02-07T22,389.586
2026-02-07T23,200.412
2026-02-08T00,150.590
2026-02-08T01,138.478
2026-02-08T02,132.609
2026-02-08T03,128.239
2026-02-08T04,132.359
2026-02-08T05,130.361
2026-02-08T06,138.353
2026-02-08T07,150.340
2026-02-08T08,191.671
2026-02-08T09,249.110
2026-02-08T10,426.047
2026-02-08T11,546.544
2026-02-08T12,575.763
2026-02-08T13,640.320
2026-02-08T14,633.702
2026-02-08T15,619.717
2026-02-08T16,625.336
2026-02-08T17,623.088
2026-02-08T18,593.120
2026-02-08T19,589.624
2026-02-08T20,568.022
2026-02-08T21,427.546
2026-02-08T22,332.022
2026-02-08T23,292.689
2026-02-09T00,277.455
2026-02-09T01,308.422
2026-02-09T02,302.678
2026-02-09T03,298.183
2026-02-09T04,260.723
2026-02-09T05,253.481
2026-02-09T06,223.013
2026-02-09T07,252.981
2026-02-09T08,298.808
2026-02-09T09,345.508
2026-02-09T10,527.065
2026-02-09T11,600.862
2026-02-09T12,629.082
2026-02-09T13,648.561
2026-02-09T14,637.573
2026-02-09T15,604.358
2026-02-09T16,617.094
2026-02-09T17,570.020
2026-02-09T18,468.253
2026-02-09T19,473.122
2026-02-09T20,463.508
2026-02-09T21,422.801
2026-02-09T22,302.678
2026-02-09T23,258.600
2026-02-10T00,227.508
2026-02-10T01,244.990
2026-02-10T02,288.693
2026-02-10T03,286.695
2026-02-10T04,288.444
2026-02-10T05,281.451
2026-02-10T06,276.207
2026-02-10T07,278.454
2026-02-10T08,315.790
2026-02-10T09,340.139
2026-02-10T10,551.539
2026-02-10T11,602.110
2026-02-10T12,647.312
2026-02-10T13,645.065
2026-02-10T14,631.704
2026-02-10T15,623.463
2026-02-10T16,622.339
2026-02-10T17,583.755
2026-02-10T18,467.628
2026-02-10T19,464.257
2026-02-10T20,453.518
2026-02-10T21,419.929
2026-02-10T22,294.187
2026-02-10T23,245.864
2026-02-11T00,228.507
2026-02-11T01,256.352
2026-02-11T02,290.566
2026-02-11T03,287.819
2026-02-11T04,290.566
2026-02-11T05,284.073
2026-02-11T06,250.733
2026-02-11T07,291.940
2026-02-11T08,269.089
2026-02-11T09,351.751
2026-02-11T10,502.091
2026-02-11T11,552.912
2026-02-11T12,597.490
2026-02-11T13,641.693
2026-02-11T14,635.949
2026-02-11T15,630.080
2026-02-11T16,632.328
2026-02-11T17,578.385
2026-02-11T18,505.338
2026-02-11T19,512.580
2026-02-11T20,496.847
2026-02-11T21,462.508
2026-02-11T22,325.029
2026-02-11T23,289.193
2026-02-12T00,271.711
2026-02-12T01,265.093
2026-02-12T02,255.104
2026-02-12T03,252.232
2026-02-12T04,253.855
2026-02-12T05,234.251
2026-02-12T06,172.941
2026-02-12T07,208.903
2026-02-12T08,263.345
2026-02-12T09,347.756
2026-02-12T10,509.334
2026-02-12T11,567.647
2026-02-12T12,632.703
2026-02-12T13,635.325
2026-02-12T14,632.203
2026-02-12T15,613.473
2026-02-12T16,605.482
2026-02-12T17,557.783
2026-02-12T18,467.503
2026-02-12T19,468.003
2026-02-12T20,454.642
2026-02-12T21,420.428
2026-02-12T22,308.547
2026-02-12T23,251.733
2026-02-13T00,235.500
2026-02-13T01,277.955
2026-02-13T02,296.185
2026-02-13T03,289.692
2026-02-13T04,293.188
2026-02-13T05,264.344
2026-02-13T06,248.486
2026-02-13T07,272.835
2026-02-13T08,305.176
2026-02-13T09,362.490
2026-02-13T10,504.839
2026-02-13T11,579.759
2026-02-13T12,650.184
2026-02-13T13,651.932
2026-02-13T14,643.067
2026-02-13T15,631.704
2026-02-13T16,627.958
2026-02-13T17,566.398
2026-02-13T18,469.002
2026-02-13T19,475.869
2026-02-13T20,468.877
2026-02-13T21,438.159
2026-02-13T22,305.301
2026-02-13T23,195.542
2026-02-14T00,150.590
2026-02-14T01,169.820
2026-02-14T02,182.306
2026-02-14T03,178.685
2026-02-14T04,182.431
2026-02-14T05,176.812
2026-02-14T06,188.425
2026-02-14T07,197.790
2026-02-14T08,260.348
2026-02-14T09,467.004
2026-02-14T10,629.581
2026-02-14T11,658.301
2026-02-14T12,654.679
2026-02-14T13,669.539
2026-02-14T14,658.550
2026-02-14T15,649.060
2026-02-14T16,647.937
2026-02-14T17,631.204
2026-02-14T18,644.191
2026-02-14T19,647.562
2026-02-14T20,642.442
2026-02-14T21,612.974
2026-02-14T22,389.586
2026-02-14T23,200.412
2026-02-15T00,150.590
2026-02-15T01,138.478
2026-02-15T02,132.609
2026-02-15T03,128.239
2026-02-15T04,132.359
2026-02-15T05,130.361
2026-02-15T06,138.353
2026-02-15T07,150.340
2026-02-15T08,191.671
2026-02-15T09,249.110
2026-02-15T10,426.047
2026-02-15T11,546.544
2026-02-15T12,575.763
2026-02-15T13,640.320
2026-02-15T14,633.702
2026-02-15T15,619.717
2026-02-15T16,625.336
2026-02-15T17,623.088
2026-02-15T18,593.120
2026-02-15T19,589.624
2026-02-15T20,568.022
2026-02-15T21,427.546
2026-02-15T22,332.022
2026-02-15T23,292.689
2026-02-16T00,277.455
2026-02-16T01,308.422
2026-02-16T02,302.678
2026-02-16T03,298.183
2026-02-16T04,260.723
2026-02-16T05,253.481
2026-02-16T06,223.013
2026-02-16T07,252.981
2026-02-16T08,298.808
2026-02-16T09,345.508
2026-02-16T10,527.065
2026-02-16T11,600.862
2026-02-16T12,629.082
2026-02-16T13,648.561
2026-02-16T14,637.573
2026-02-16T15,604.358
2026-02-16T16,617.094
2026-02-16T17,570.020
2026-02-16T18,468.253
2026-02-16T19,473.122
2026-02-16T20,463.508
2026-02-16T21,422.801
2026-02-16T22,302.678
2026-02-16T23,258.600
2026-02-17T00,227.508
2026-02-17T01,244.990
2026-02-17T02,288.693
2026-02-17T03,286.695
2026-02-17T04,288.444
2026-02-17T05,281.451
2026-02-17T06,276.207
2026-02-17T07,278.454
2026-02-17T08,315.790
2026-02-17T09,340.139
2026-02-17T10,551.539
2026-02-17T11,602.110
2026-02-17T12,647.312
2026-02-17T13,645.065
2026-02-17T14,631.704
2026-02-17T15,623.463
2026-02-17T16,622.339
2026-02-17T17,583.755
2026-02-17T18,467.628
2026-02-17T19,464.257
2026-02-17T20,453.518
2026-02-17T21,419.929
2026-02-17T22,294.187
2026-02-17T23,245.864
2026-02-18T00,228.507
2026-02-18T01,256.352
2026-02-18T02,290.566
2026-02-18T03,287.819
2026-02-18T04,290.566
2026-02-18T05,284.073
2026-02-18T06,250.733
2026-02-18T07,291.940
2026-02-18T08,269.089
2026-02-18T09,351.751
2026-02-18T10,502.091
2026-02-18T11,552.912
2026-02-18T12,597.490
2026-02-18T13,641.693
2026-02-18T14,635.949
2026-02-18T15,630.080
2026-02-18T16,632.328
2026-02-18T17,578.385
2026-02-18T18,505.338
2026-02-18T19,512.580
2026-02-18T20,496.847
2026-02-18T21,462.508
2026-02-18T22,325.029
2026-02-18T23,289.193
2026-02-19T00,271.711
2026-02-19T01,265.093
2026-02-19T02,255.104
2026-02-19T03,252.232
2026-02-19T04,253.855
2026-02-19T05,234.251
2026-02-19T06,172.941
2026-02-19T07,208.903
2026-02-19T08,263.345
2026-02-19T09,347.756
2026-02-19T10,509.334
2026-02-19T11,567.647
2026-02-19T12,632.703
2026-02-19T13,635.325
2026-02-19T14,632.203
2026-02-19T15,613.473
2026-02-19T16,605.482
2026-02-19T17,557.783
2026-02-19T18,467.503
2026-02-19T19,468.003
2026-02-19T20,454.642
2026-02-19T21,420.428
2026-02-19T22,308.547
2026-02-19T23,251.733
2026-02-20T00,235.500
2026-02-20T01,277.955
2026-02-20T02,296.185
2026-02-20T03,289.692
2026-02-20T04,293.188
2026-02-20T05,264.344
2026-02-20T06,248.486
2026-02-20T07,272.835
2026-02-20T08,305.176
2026-02-20T09,362.490
2026-02-20T10,504.839
2026-02-20T11,579.759
2026-02-20T12,650.184
2026-02-20T13,651.932
2026-02-20T14,643.067
2026-02-20T15,631.704
2026-02-20T16,627.958
2026-02-20T17,566.398
2026-02-20T18,469.002
2026-02-20T19,475.869
2026-02-20T20,468.877
2026-02-20T21,438.159
2026-02-20T22,305.301
2026-02-20T23,195.542
2026-02-21T00,150.590
2026-02-21T01,169.820
2026-02-21T02,182.306
2026-02-21T03,178.685
2026-02-21T04,182.431
2026-02-21T05,176.812
2026-02-21T06,188.425
2026-02-21T07,197.790
2026-02-21T08,260.348
2026-02-21T09,467.004
2026-02-21T10,629.581
2026-02-21T11,658.301
2026-02-21T12,654.679
2026-02-21T13,669.539
2026-02-21T14,658.550
2026-02-21T15,649.060
2026-02-21T16,647.937
2026-02-21T17,631.204
2026-02-21T18,644.191
2026-02-21T19,647.562
2026-02-21T20,642.442
2026-02-21T21,612.974
2026-02-21T22,389.586
2026-02-21T23,200.412
2026-02-22T00,150.590
2026-02-22T01,138.478
2026-02-22T02,132.609
2026-02-22T03,128.239
2026-02-22T04,132.359
2026-02-22T05,130.361
2026-02-22T06,138.353
2026-02-22T07,150.340
2026-02-22T08,191.671
2026-02-22T09,249.110
2026-02-22T10,426.047
2026-02-22T11,546.544
2026-02-22T12,575.763
2026-02-22T13,640.320
2026-02-22T14,633.702
2026-02-22T15,619.717
2026-02-22T16,625.336
2026-02-22T17,623.088
2026-02-22T18,593.120
2026-02-22T19,589.624
2026-02-22T20,568.022
2026-02-22T21,427.546
2026-02-22T22,332.022
2026-02-22T23,292.689
2026-02-23T00,277.455
2026-02-23T01,308.422
2026-02-23T02,302.678
2026-02-23T03,298.183
2026-02-23T04,260.723
2026-02-23T05,253.481
2026-02-23T06,223.013
2026-02-23T07,252.981
2026-02-23T08,298.808
2026-02-23T09,345.508
2026-02-23T10,527.065
2026-02-23T11,600.862
2026-02-23T12,629.082
2026-02-23T13,648.561
2026-02-23T14,637.573
2026-02-23T15,604.358
2026-02-23T16,617.094
2026-02-23T17,570.020
2026-02-23T18,468.253
2026-02-23T19,473.122
2026-02-23T20,463.508
2026-02-23T21,422.801
2026-02-23T22,302.678
2026-02-23T23,258.600
2026-02-24T00,227.508
2026-02-24T01,244.990
2026-02-24T02,288.693
2026-02-24T03,286.695
2026-02-24T04,288.444
2026-02-24T05,281.451
2026-02-24T06,276.207
2026-02-24T07,278.454
2026-02-24T08,315.790
2026-02-24T09,340.139
2026-02-24T10,551.539
2026-02-24T11,602.110
2026-02-24T12,647.312
2026-02-24T13,645.065
2026-02-24T14,631.704
2026-02-24T15,623.463
2026-02-24T16,622.339
2026-02-24T17,583.755
2026-02-24T18,467.628
2026-02-24T19,464.257
2026-02-24T20,453.518
2026-02-24T21,419.929
2026-02-24T22,294.187
2026-02-24T23,245.864
2026-02-25T00,228.507
2026-02-25T01,256.352
2026-02-25T02,290.566
2026-02-25T03,287.819
2026-02-25T04,290.566
2026-02-25T05,284.073
2026-02-25T06,250.733
2026-02-25T07,291.940
2026-02-25T08,269.089
2026-02-25T09,351.751
2026-02-25T10,502.091
2026-02-25T11,552.912
2026-02-25T12,597.490
2026-02-25T13,641.693
2026-02-25T14,635.949
2026-02-25T15,630.080
2026-02-25T16,632.328
2026-02-25T17,578.385
2026-02-25T18,505.338
2026-02-25T19,512.580
2026-02-25T20,496.847
2026-02-25T21,462.508
2026-02-25T22,325.029
2026-02-25T23,289.193
2026-02-26T00,271.711
2026-02-26T01,265.093
2026-02-26T02,255.104
2026-02-26T03,252.232
2026-02-26T04,253.855
2026-02-26T05,234.251
2026-02-26T06,172.941
2026-02-26T07,208.903
2026-02-26T08,263.345
2026-02-26T09,347.756
2026-02-26T10,509.334
2026-02-26T11,567.647
2026-02-26T12,632.703
2026-02-26T13,635.325
2026-02-26T14,632.203
2026-02-26T15,613.473
2026-02-26T16,605.482
2026-02-26T17,557.783
2026-02-26T18,467.503
2026-02-26T19,468.003
2026-02-26T20,454.642
2026-02-26T21,420.428
2026-02-26T22,308.547
2026-02-26T23,251.733
2026-02-27T00,235.500
2026-02-27T01,277.955
2026-02-27T02,296.185
2026-02-27T03,289.692
2026-02-27T04,293.188
2026-02-27T05,264.344
2026-02-27T06,248.486
2026-02-27T07,272.835
2026-02-27T08,305.176
2026-02-27T09,362.490
2026-02-27T10,504.839
2026-02-27T11,579.759
2026-02-27T12,650.184
2026-02-27T13,651.932
2026-02-27T14,643.067
2026-02-27T15,631.704
2026-02-27T16,627.958
2026-02-27T17,566.398
2026-02-27T18,469.002
2026-02-27T19,475.869
2026-02-27T20,468.877
2026-02-27T21,438.159
2026-02-27T22,305.301
2026-02-27T23,195.542
2026-02-28T00,150.589
2026-02-28T01,169.819
2026-02-28T02,182.306
2026-02-28T03,178.684
2026-02-28T04,182.430
2026-02-28T05,176.811
2026-02-28T06,188.424
2026-02-28T07,197.789
2026-02-28T08,260.347
2026-02-28T09,467.002
2026-02-28T10,629.579
2026-02-28T11,658.298
2026-02-28T12,654.677
2026-02-28T13,669.536
2026-02-28T14,658.548
2026-02-28T15,649.058
2026-02-28T16,647.934
2026-02-28T17,631.202
2026-02-28T18,644.188
2026-02-28T19,647.560
2026-02-28T20,642.440
2026-02-28T21,612.971
2026-02-28T22,389.585
2026-02-28T23,200.411
2026-03-01T00,130.877
2026-03-01T01,126.062
2026-03-01T02,119.224
2026-03-01T03,117.298
2026-03-01T04,119.513
2026-03-01T05,119.513
2026-03-01T06,123.654
2026-03-01T07,135.114
2026-03-01T08,173.829
2026-03-01T09,225.255
2026-03-01T10,322.137
2026-03-01T11,512.530
2026-03-01T12,529.575
2026-03-01T13,596.218
2026-03-01T14,590.440
2026-03-01T15,575.898
2026-03-01T16,578.016
2026-03-01T17,579.365
2026-03-01T18,546.043
2026-03-01T19,532.657
2026-03-01T20,503.959
2026-03-01T21,327.915
2026-03-01T22,325.604
2026-03-01T23,298.735
2026-03-02T00,282.171
2026-03-02T01,278.993
2026-03-02T02,271.770
2026-03-02T03,269.940
2026-03-02T04,270.711
2026-03-02T05,264.354
2026-03-02T06,153.316
2026-03-02T07,184.615
2026-03-02T08,237.197
2026-03-02T09,305.669
2026-03-02T10,405.536
2026-03-02T11,443.961
2026-03-02T12,538.050
2026-03-02T13,581.484
2026-03-02T14,599.878
2026-03-02T15,589.188
2026-03-02T16,547.777
2026-03-02T17,515.804
2026-03-02T18,434.235
2026-03-02T19,433.946
2026-03-02T20,422.486
2026-03-02T21,376.067
2026-03-02T22,359.503
2026-03-02T23,300.661
2026-03-03T00,295.894
2026-03-03T01,291.199
2026-03-03T02,283.856
2026-03-03T03,282.411
2026-03-03T04,282.532
2026-03-03T05,273.142
2026-03-03T06,157.216
2026-03-03T07,187.070
2026-03-03T08,228.963
2026-03-03T09,308.413
2026-03-03T10,406.643
2026-03-03T11,465.991
2026-03-03T12,573.851
2026-03-03T13,595.279
2026-03-03T14,588.296
2026-03-03T15,582.879
2026-03-03T16,554.109
2026-03-03T17,497.891
2026-03-03T18,430.478
2026-03-03T19,433.006
2026-03-03T20,419.283
2026-03-03T21,386.540
2026-03-03T22,357.287
2026-03-03T23,310.700
2026-03-04T00,292.403
2026-03-04T01,288.791
2026-03-04T02,281.328
2026-03-04T03,278.800
2026-03-04T04,278.679
2026-03-04T05,263.873
2026-03-04T06,154.207
2026-03-04T07,192.006
2026-03-04T08,237.510
2026-03-04T09,314.192
2026-03-04T10,416.996
2026-03-04T11,443.720
2026-03-04T12,578.305
2026-03-04T13,601.538
2026-03-04T14,588.417
2026-03-04T15,577.703
2026-03-04T16,552.062
2026-03-04T17,511.374
2026-03-04T18,427.710
2026-03-04T19,428.673
2026-03-04T20,417.116
2026-03-04T21,384.373
2026-03-04T22,353.676
2026-03-04T23,300.829
2026-03-05T00,288.671
2026-03-05T01,284.217
2026-03-05T02,276.031
2026-03-05T03,274.346
2026-03-05T04,273.503
2026-03-05T05,256.650
2026-03-05T06,154.327
2026-03-05T07,187.432
2026-03-05T08,233.056
2026-03-05T09,305.043
2026-03-05T10,408.209
2026-03-05T11,430.960
2026-03-05T12,538.941
2026-03-05T13,567.712
2026-03-05T14,570.120
2026-03-05T15,561.452
2026-03-05T16,535.932
2026-03-05T17,505.957
2026-03-05T18,423.376
2026-03-05T19,424.821
2026-03-05T20,409.773
2026-03-05T21,381.364
2026-03-05T22,333.332
2026-03-05T23,295.774
2026-03-06T00,283.134
2026-03-06T01,277.596
2026-03-06T02,269.290
2026-03-06T03,267.484
2026-03-06T04,267.123
2026-03-06T05,252.557
2026-03-06T06,152.160
2026-03-06T07,191.765
2026-03-06T08,241.362
2026-03-06T09,309.978
2026-03-06T10,415.311
2026-03-06T11,439.026
2026-03-06T12,572.407
2026-03-06T13,602.502
2026-03-06T14,595.881
2026-03-06T15,584.084
2026-03-06T16,560.610
2026-03-06T17,521.968
2026-03-06T18,432.766
2026-03-06T19,434.451
2026-03-06T20,427.108
2026-03-06T21,405.079
2026-03-06T22,288.310
2026-03-06T23,170.578
2026-03-07T00,141.085
2026-03-07T01,136.174
2026-03-07T02,127.892
2026-03-07T03,124.617
2026-03-07T04,126.062
2026-03-07T05,123.076
2026-03-07T06,141.952
2026-03-07T07,177.873
2026-03-07T08,223.714
2026-03-07T09,374.622
2026-03-07T10,586.106
2026-03-07T11,604.693
2026-03-07T12,612.301
2026-03-07T13,612.686
2026-03-07T14,606.811
2026-03-07T15,601.707
2026-03-07T16,595.158
2026-03-07T17,597.951
2026-03-07T18,592.751
2026-03-07T19,596.314
2026-03-07T20,595.158
2026-03-07T21,570.697
2026-03-07T22,339.953
2026-03-07T23,175.755
2026-03-08T00,130.877
2026-03-08T01,126.062
2026-03-08T02,119.224
2026-03-08T03,117.298
2026-03-08T04,119.513
2026-03-08T05,119.513
2026-03-08T06,123.654
2026-03-08T07,135.114
2026-03-08T08,173.829
2026-03-08T09,225.255
2026-03-08T10,322.137
2026-03-08T11,512.530
2026-03-08T12,529.575
2026-03-08T13,596.218
2026-03-08T14,590.440
2026-03-08T15,575.898
2026-03-08T16,578.016
2026-03-08T17,579.365
2026-03-08T18,546.043
2026-03-08T19,532.657
2026-03-08T20,503.959
2026-03-08T21,327.915
2026-03-08T22,325.604
2026-03-08T23,298.735
2026-03-09T00,282.171
2026-03-09T01,278.993
2026-03-09T02,271.770
2026-03-09T03,269.940
2026-03-09T04,270.711
2026-03-09T05,264.354
2026-03-09T06,153.316
2026-03-09T07,184.615
2026-03-09T08,237.197
2026-03-09T09,305.669
2026-03-09T10,405.536
2026-03-09T11,443.961
2026-03-09T12,538.050
2026-03-09T13,581.484
2026-03-09T14,599.878
2026-03-09T15,589.188
2026-03-09T16,547.777
2026-03-09T17,515.804
2026-03-09T18,434.235
2026-03-09T19,433.946
2026-03-09T20,422.486
2026-03-09T21,376.067
2026-03-09T22,359.503
2026-03-09T23,300.661
2026-03-10T00,295.894
2026-03-10T01,291.199
2026-03-10T02,283.856
2026-03-10T03,282.411
2026-03-10T04,282.532
2026-03-10T05,273.142
2026-03-10T06,157.216
2026-03-10T07,187.070
2026-03-10T08,228.963
2026-03-10T09,308.413
2026-03-10T10,406.643
2026-03-10T11,465.991
2026-03-10T12,573.851
2026-03-10T13,595.279
2026-03-10T14,588.296
2026-03-10T15,582.879
2026-03-10T16,554.109
2026-03-10T17,497.891
2026-03-10T18,430.478
2026-03-10T19,433.006
2026-03-10T20,419.283
2026-03-10T21,386.540
2026-03-10T22,357.287
2026-03-10T23,310.700
2026-03-11T00,292.403
2026-03-11T01,288.791
2026-03-11T02,281.328
2026-03-11T03,278.800
2026-03-11T04,278.679
2026-03-11T05,263.873
2026-03-11T06,154.207
2026-03-11T07,192.006
2026-03-11T08,237.510
2026-03-11T09,314.192
2026-03-11T10,416.996
2026-03-11T11,443.720
2026-03-11T12,578.305
2026-03-11T13,601.538
2026-03-11T14,588.417
2026-03-11T15,577.703
2026-03-11T16,552.062
2026-03-11T17,511.374
2026-03-11T18,427.710
2026-03-11T19,428.673
2026-03-11T20,417.116
2026-03-11T21,384.373
2026-03-11T22,353.676
2026-03-11T23,300.829
2026-03-12T00,288.671
2026-03-12T01,284.217
2026-03-12T02,276.031
2026-03-12T03,274.346
2026-03-12T04,273.503
2026-03-12T05,256.650
2026-03-12T06,154.327
2026-03-12T07,187.432
2026-03-12T08,233.056
2026-03-12T09,305.043
2026-03-12T10,408.209
2026-03-12T11,430.960
2026-03-12T12,538.941
2026-03-12T13,567.712
2026-03-12T14,570.120
2026-03-12T15,561.452
2026-03-12T16,535.932
2026-03-12T17,505.957
2026-03-12T18,423.376
2026-03-12T19,424.821
2026-03-12T20,409.773
2026-03-12T21,381.364
2026-03-12T22,333.332
2026-03-12T23,295.774
2026-03-13T00,283.134
2026-03-13T01,277.596
2026-03-13T02,269.290
2026-03-13T03,267.484
2026-03-13T04,267.123
2026-03-13T05,252.557
2026-03-13T06,152.160
2026-03-13T07,191.765
2026-03-13T08,241.362
2026-03-13T09,309.978
2026-03-13T10,415.311
2026-03-13T11,439.026
2026-03-13T12,572.407
2026-03-13T13,602.502
2026-03-13T14,595.881
2026-03-13T15,584.084
2026-03-13T16,560.610
2026-03-13T17,521.968
2026-03-13T18,432.766
2026-03-13T19,434.451
2026-03-13T20,427.108
2026-03-13T21,405.079
2026-03-13T22,288.310
2026-03-13T23,170.578
2026-03-14T00,141.085
2026-03-14T01,136.174
2026-03-14T02,127.892
2026-03-14T03,124.617
2026-03-14T04,126.062
2026-03-14T05,123.076
2026-03-14T06,141.952
2026-03-14T07,177.873
2026-03-14T08,223.714
2026-03-14T09,374.622
2026-03-14T10,586.106
2026-03-14T11,604.693
2026-03-14T12,612.301
2026-03-14T13,612.686
2026-03-14T14,606.811
2026-03-14T15,601.707
2026-03-14T16,595.158
2026-03-14T17,597.951
2026-03-14T18,592.751
2026-03-14T19,596.314
2026-03-14T20,595.158
2026-03-14T21,570.697
2026-03-14T22,339.953
2026-03-14T23,175.755
2026-03-15T00,130.877
2026-03-15T01,126.062
2026-03-15T02,119.224
2026-03-15T03,117.298
2026-03-15T04,119.513
2026-03-15T05,119.513
2026-03-15T06,123.654
2026-03-15T07,135.114
2026-03-15T08,173.829
2026-03-15T09,225.255
2026-03-15T10,322.137
2026-03-15T11,512.530
2026-03-15T12,529.575
2026-03-15T13,596.218
2026-03-15T14,590.440
2026-03-15T15,575.898
2026-03-15T16,578.016
2026-03-15T17,579.365
2026-03-15T18,546.043
2026-03-15T19,532.657
2026-03-15T20,503.959
2026-03-15T21,327.915
2026-03-15T22,325.604
2026-03-15T23,298.735
2026-03-16T00,282.171
2026-03-16T01,278.993
2026-03-16T02,271.770
2026-03-16T03,269.940
2026-03-16T04,270.711
2026-03-16T05,264.354
2026-03-16T06,153.316
2026-03-16T07,184.615
2026-03-16T08,237.197
2026-03-16T09,305.669
2026-03-16T10,405.536
2026-03-16T11,443.961
2026-03-16T12,538.050
2026-03-16T13,581.484
2026-03-16T14,599.878
2026-03-16T15,589.188
2026-03-16T16,547.777
2026-03-16T17,515.804
2026-03-16T18,434.235
2026-03-16T19,433.946
2026-03-16T20,422.486
2026-03-16T21,376.067
2026-03-16T22,359.503
2026-03-16T23,300.661
2026-03-17T00,295.894
2026-03-17T01,291.199
2026-03-17T02,283.856
2026-03-17T03,282.411
2026-03-17T04,282.532
2026-03-17T05,273.142
2026-03-17T06,157.216
2026-03-17T07,187.070
2026-03-17T08,228.963
2026-03-17T09,308.413
2026-03-17T10,406.643
2026-03-17T11,465.991
2026-03-17T12,573.851
2026-03-17T13,595.279
2026-03-17T14,588.296
2026-03-17T15,582.879
2026-03-17T16,554.109
2026-03-17T17,497.891
2026-03-17T18,430.478
2026-03-17T19,433.006
2026-03-17T20,419.283
2026-03-17T21,386.540
2026-03-17T22,357.287
2026-03-17T23,310.700
2026-03-18T00,292.403
2026-03-18T01,288.791
2026-03-18T02,281.328
2026-03-18T03,278.800
2026-03-18T04,278.679
2026-03-18T05,263.873
2026-03-18T06,154.207
2026-03-18T07,192.006
2026-03-18T08,237.510
2026-03-18T09,314.192
2026-03-18T10,416.996
2026-03-18T11,443.720
2026-03-18T12,578.305
2026-03-18T13,601.538
2026-03-18T14,588.417
2026-03-18T15,577.703
2026-03-18T16,552.062
2026-03-18T17,511.374
2026-03-18T18,427.710
2026-03-18T19,428.673
2026-03-18T20,417.116
2026-03-18T21,384.373
2026-03-18T22,353.676
2026-03-18T23,300.829
2026-03-19T00,288.671
2026-03-19T01,284.217
2026-03-19T02,276.031
2026-03-19T03,274.346
2026-03-19T04,273.503
2026-03-19T05,256.650
2026-03-19T06,154.327
2026-03-19T07,187.432
2026-03-19T08,233.056
2026-03-19T09,305.043
2026-03-19T10,408.209
2026-03-19T11,430.960
2026-03-19T12,538.941
2026-03-19T13,567.712
2026-03-19T14,570.120
2026-03-19T15,561.452
2026-03-19T16,535.932
2026-03-19T17,505.957
2026-03-19T18,423.376
2026-03-19T19,424.821
2026-03-19T20,409.773
2026-03-19T21,381.364
2026-03-19T22,333.332
2026-03-19T23,295.774
2026-03-20T00,283.134
2026-03-20T01,277.596
2026-03-20T02,269.290
2026-03-20T03,267.484
2026-03-20T04,267.123
2026-03-20T05,252.557
2026-03-20T06,152.160
2026-03-20T07,191.765
2026-03-20T08,241.362
2026-03-20T09,309.978
2026-03-20T10,415.311
2026-03-20T11,439.026
2026-03-20T12,572.407
2026-03-20T13,602.502
2026-03-20T14,595.881
2026-03-20T15,584.084
2026-03-20T16,560.610
2026-03-20T17,521.968
2026-03-20T18,432.766
2026-03-20T19,434.451
2026-03-20T20,427.108
2026-03-20T21,405.079
2026-03-20T22,288.310
2026-03-20T23,170.578
2026-03-21T00,141.085
2026-03-21T01,136.174
2026-03-21T02,127.892
2026-03-21T03,124.617
2026-03-21T04,126.062
2026-03-21T05,123.076
2026-03-21T06,141.952
2026-03-21T07,177.873
2026-03-21T08,223.714
2026-03-21T09,374.622
2026-03-21T10,586.106
2026-03-21T11,604.693
2026-03-21T12,612.301
2026-03-21T13,612.686
2026-03-21T14,606.811
2026-03-21T15,601.707
2026-03-21T16,595.158
2026-03-21T17,597.951
2026-03-21T18,592.751
2026-03-21T19,596.314
2026-03-21T20,595.158
2026-03-21T21,570.697
2026-03-21T22,339.953
2026-03-21T23,175.755
2026-03-22T00,130.877
2026-03-22T01,126.062
2026-03-22T02,119.224
2026-03-22T03,117.298
2026-03-22T04,119.513
2026-03-22T05,119.513
2026-03-22T06,123.654
2026-03-22T07,135.114
2026-03-22T08,173.829
2026-03-22T09,225.255
2026-03-22T10,322.137
2026-03-22T11,512.530
2026-03-22T12,529.575
2026-03-22T13,596.218
2026-03-22T14,590.440
2026-03-22T15,575.898
2026-03-22T16,578.016
2026-03-22T17,579.365
2026-03-22T18,546.043
2026-03-22T19,532.657
2026-03-22T20,503.959
2026-03-22T21,327.915
2026-03-22T22,325.604
2026-03-22T23,298.735
2026-03-23T00,282.171
2026-03-23T01,278.993
2026-03-23T02,271.770
2026-03-23T03,269.940
2026-03-23T04,270.711
2026-03-23T05,264.354
2026-03-23T06,153.316
2026-03-23T07,184.615
2026-03-23T08,237.197
2026-03-23T09,305.669
2026-03-23T10,405.536
2026-03-23T11,443.961
2026-03-23T12,538.050
2026-03-23T13,581.484
2026-03-23T14,599.878
2026-03-23T15,589.188
2026-03-23T16,547.777
2026-03-23T17,515.804
2026-03-23T18,434.235
2026-03-23T19,433.946
2026-03-23T20,422.486
2026-03-23T21,376.067
2026-03-23T22,359.503
2026-03-23T23,300.661
2026-03-24T00,295.894
2026-03-24T01,291.199
2026-03-24T02,283.856
2026-03-24T03,282.411
2026-03-24T04,282.532
2026-03-24T05,273.142
2026-03-24T06,157.216
2026-03-24T07,187.070
2026-03-24T08,228.963
2026-03-24T09,308.413
2026-03-24T10,406.643
2026-03-24T11,465.991
2026-03-24T12,573.851
2026-03-24T13,595.279
2026-03-24T14,588.296
2026-03-24T15,582.879
2026-03-24T16,554.109
2026-03-24T17,497.891
2026-03-24T18,430.478
2026-03-24T19,433.006
2026-03-24T20,419.283
2026-03-24T21,386.540
2026-03-24T22,357.287
2026-03-24T23,310.700
2026-03-25T00,292.403
2026-03-25T01,288.791
2026-03-25T02,281.328
2026-03-25T03,278.800
2026-03-25T04,278.679
2026-03-25T05,263.873
2026-03-25T06,154.207
2026-03-25T07,192.006
2026-03-25T08,237.510
2026-03-25T09,314.192
2026-03-25T10,416.996
2026-03-25T11,443.720
2026-03-25T12,578.305
2026-03-25T13,601.538
2026-03-25T14,588.417
2026-03-25T15,577.703
2026-03-25T16,552.062
2026-03-25T17,511.374
2026-03-25T18,427.710
2026-03-25T19,428.673
2026-03-25T20,417.116
2026-03-25T21,384.373
2026-03-25T22,353.676
2026-03-25T23,300.829
2026-03-26T00,288.671
2026-03-26T01,284.217
2026-03-26T02,276.031
2026-03-26T03,274.346
2026-03-26T04,273.503
2026-03-26T05,256.650
2026-03-26T06,154.327
2026-03-26T07,187.432
2026-03-26T08,233.056
2026-03-26T09,305.043
2026-03-26T10,408.209
2026-03-26T11,430.960
2026-03-26T12,538.941
2026-03-26T13,567.712
2026-03-26T14,570.120
2026-03-26T15,561.452
2026-03-26T16,535.932
2026-03-26T17,505.957
2026-03-26T18,423.376
2026-03-26T19,424.821
2026-03-26T20,409.773
2026-03-26T21,381.364
2026-03-26T22,333.332
2026-03-26T23,295.774
2026-03-27T00,283.134
2026-03-27T01,277.596
2026-03-27T02,269.290
2026-03-27T03,267.484
2026-03-27T04,267.123
2026-03-27T05,252.557
2026-03-27T06,152.160
2026-03-27T07,191.765
2026-03-27T08,241.362
2026-03-27T09,309.978
2026-03-27T10,415.311
2026-03-27T11,439.026
2026-03-27T12,572.407
2026-03-27T13,602.502
2026-03-27T14,595.881
2026-03-27T15,584.084
2026-03-27T16,560.610
2026-03-27T17,521.968
2026-03-27T18,432.766
2026-03-27T19,434.451
2026-03-27T20,427.108
2026-03-27T21,405.079
2026-03-27T22,288.310
2026-03-27T23,170.578
2026-03-28T00,141.085
2026-03-28T01,136.174
2026-03-28T02,127.892
2026-03-28T03,124.617
2026-03-28T04,126.062
2026-03-28T05,123.076
2026-03-28T06,141.952
2026-03-28T07,177.873
2026-03-28T08,223.714
2026-03-28T09,374.622
2026-03-28T10,586.106
2026-03-28T11,604.693
2026-03-28T12,612.301
2026-03-28T13,612.686
2026-03-28T14,606.811
2026-03-28T15,601.707
2026-03-28T16,595.158
2026-03-28T17,597.951
2026-03-28T18,592.751
2026-03-28T19,596.314
2026-03-28T20,595.158
2026-03-28T21,570.697
2026-03-28T22,339.953
2026-03-28T23,175.755
2026-03-29T00,130.877
2026-03-29T01,126.062
2026-03-29T02,119.224
2026-03-29T03,117.298
2026-03-29T04,119.513
2026-03-29T05,119.513
2026-03-29T06,123.654
2026-03-29T07,135.114
2026-03-29T08,173.829
2026-03-29T09,225.255
2026-03-29T10,322.137
2026-03-29T11,512.530
2026-03-29T12,529.575
2026-03-29T13,596.218
2026-03-29T14,590.440
2026-03-29T15,575.898
2026-03-29T16,578.016
2026-03-29T17,579.365
2026-03-29T18,546.043
2026-03-29T19,532.657
2026-03-29T20,503.959
2026-03-29T21,327.915
2026-03-29T22,325.604
2026-03-29T23,298.735
2026-03-30T00,282.171
2026-03-30T01,278.993
2026-03-30T02,271.770
2026-03-30T03,269.940
2026-03-30T04,270.711
2026-03-30T05,264.354
2026-03-30T06,153.316
2026-03-30T07,184.615
2026-03-30T08,237.197
2026-03-30T09,305.669
2026-03-30T10,405.536
2026-03-30T11,443.961
2026-03-30T12,538.050
2026-03-30T13,581.484
2026-03-30T14,599.878
2026-03-30T15,589.188
2026-03-30T16,547.777
2026-03-30T17,515.804
2026-03-30T18,434.235
2026-03-30T19,433.946
2026-03-30T20,422.486
2026-03-30T21,376.067
2026-03-30T22,359.503
2026-03-30T23,300.661
2026-03-31T00,295.893
2026-03-31T01,291.198
2026-03-31T02,283.855
2026-03-31T03,282.410
2026-03-31T04,282.531
2026-03-31T05,273.141
2026-03-31T06,157.216
2026-03-31T07,187.070
2026-03-31T08,228.962
2026-03-31T09,308.412
2026-03-31T10,406.642
2026-03-31T11,465.989
2026-03-31T12,573.849
2026-03-31T13,595.277
2026-03-31T14,588.295
2026-03-31T15,582.877
2026-03-31T16,554.107
2026-03-31T17,497.890
2026-03-31T18,430.477
2026-03-31T19,433.005
2026-03-31T20,419.282
2026-03-31T21,386.539
2026-03-31T22,357.286
2026-03-31T23,310.699
2026-04-01T00,297.103
2026-04-01T01,292.392
2026-04-01T02,282.542
2026-04-01T03,279.759
2026-04-01T04,279.545
2026-04-01T05,269.374
2026-04-01T06,158.669
2026-04-01T07,188.968
2026-04-01T08,229.653
2026-04-01T09,298.174
2026-04-01T10,417.979
2026-04-01T11,447.743
2026-04-01T12,599.452
2026-04-01T13,594.099
2026-04-01T14,584.035
2026-04-01T15,566.905
2026-04-01T16,528.790
2026-04-01T17,517.870
2026-04-01T18,439.070
2026-04-01T19,440.141
2026-04-01T20,422.154
2026-04-01T21,390.570
2026-04-01T22,322.799
2026-04-01T23,266.804
2026-04-02T00,280.106
2026-04-02T01,277.965
2026-04-02T02,283.988
2026-04-02T03,280.909
2026-04-02T04,279.705
2026-04-02T05,267.526
2026-04-02T06,169.161
2026-04-02T07,208.106
2026-04-02T08,255.348
2026-04-02T09,324.270
2026-04-02T10,440.167
2026-04-02T11,458.234
2026-04-02T12,620.169
2026-04-02T13,624.585
2026-04-02T14,606.117
2026-04-02T15,579.618
2026-04-02T16,567.707
2026-04-02T17,552.049
2026-04-02T18,458.770
2026-04-02T19,456.361
2026-04-02T20,438.294
2026-04-02T21,409.520
2026-04-02T22,328.285
2026-04-02T23,272.478
2026-04-03T00,260.567
2026-04-03T01,258.560
2026-04-03T02,250.262
2026-04-03T03,251.467
2026-04-03T04,250.530
2026-04-03T05,236.879
2026-04-03T06,163.674
2026-04-03T07,200.611
2026-04-03T08,248.924
2026-04-03T09,309.014
2026-04-03T10,427.186
2026-04-03T11,485.536
2026-04-03T12,601.433
2026-04-03T13,629.939
2026-04-03T14,629.939
2026-04-03T15,621.106
2026-04-03T16,578.548
2026-04-03T17,570.920
2026-04-03T18,514.042
2026-04-03T19,505.744
2026-04-03T20,488.480
2026-04-03T21,418.889
2026-04-03T22,286.798
2026-04-03T23,179.600
2026-04-04T00,147.347
2026-04-04T01,144.403
2026-04-04T02,134.767
2026-04-04T03,132.492
2026-04-04T04,131.555
2026-04-04T05,132.626
2026-04-04T06,156.849
2026-04-04T07,193.920
2026-04-04T08,243.036
2026-04-04T09,346.888
2026-04-04T10,630.741
2026-04-04T11,647.738
2026-04-04T12,660.050
2026-04-04T13,663.664
2026-04-04T14,660.318
2026-04-04T15,656.571
2026-04-04T16,642.251
2026-04-04T17,642.518
2026-04-04T18,579.083
2026-04-04T19,618.831
2026-04-04T20,629.805
2026-04-04T21,593.537
2026-04-04T22,346.754
2026-04-04T23,187.630
2026-04-05T00,152.834
2026-04-05T01,147.079
2026-04-05T02,137.577
2026-04-05T03,136.641
2026-04-05T04,132.893
2026-04-05T05,130.618
2026-04-05T06,134.098
2026-04-05T07,145.340
2026-04-05T08,189.236
2026-04-05T09,243.437
2026-04-05T10,315.036
2026-04-05T11,543.618
2026-04-05T12,563.425
2026-04-05T13,624.720
2026-04-05T14,619.902
2026-04-05T15,622.578
2026-04-05T16,613.746
2026-04-05T17,606.786
2026-04-05T18,578.682
2026-04-05T19,565.299
2026-04-05T20,544.020
2026-04-05T21,366.561
2026-04-05T22,270.069
2026-04-05T23,229.653
2026-04-06T00,215.333
2026-04-06T01,214.396
2026-04-06T02,206.768
2026-04-06T03,205.831
2026-04-06T04,205.028
2026-04-06T05,201.414
2026-04-06T06,159.526
2026-04-06T07,188.834
2026-04-06T08,235.006
2026-04-06T09,289.608
2026-04-06T10,390.918
2026-04-06T11,495.439
2026-04-06T12,595.544
2026-04-06T13,618.295
2026-04-06T14,615.351
2026-04-06T15,603.306
2026-04-06T16,575.604
2026-04-06T17,574.265
2026-04-06T18,535.053
2026-04-06T19,530.904
2026-04-06T20,503.201
2026-04-06T21,406.041
2026-04-06T22,354.516
2026-04-06T23,313.698
2026-04-07T00,294.748
2026-04-07T01,291.000
2026-04-07T02,282.435
2026-04-07T03,283.078
2026-04-07T04,280.829
2026-04-07T05,272.585
2026-04-07T06,154.815
2026-04-07T07,185.970
2026-04-07T08,231.901
2026-04-07T09,296.032
2026-04-07T10,417.550
2026-04-07T11,440.783
2026-04-07T12,580.823
2026-04-07T13,591.958
2026-04-07T14,590.459
2026-04-07T15,569.367
2026-04-07T16,537.997
2026-04-07T17,520.867
2026-04-07T18,441.854
2026-04-07T19,439.820
2026-04-07T20,427.721
2026-04-07T21,394.638
2026-04-07T22,350.100
2026-04-07T23,310.379
2026-04-08T00,297.103
2026-04-08T01,292.392
2026-04-08T02,282.542
2026-04-08T03,279.759
2026-04-08T04,279.545
2026-04-08T05,269.374
2026-04-08T06,158.669
2026-04-08T07,188.968
2026-04-08T08,229.653
2026-04-08T09,298.174
2026-04-08T10,417.979
2026-04-08T11,447.743
2026-04-08T12,599.452
2026-04-08T13,594.099
2026-04-08T14,584.035
2026-04-08T15,566.905
2026-04-08T16,528.790
2026-04-08T17,517.870
2026-04-08T18,439.070
2026-04-08T19,440.141
2026-04-08T20,422.154
2026-04-08T21,390.570
2026-04-08T22,322.799
2026-04-08T23,266.804
2026-04-09T00,280.106
2026-04-09T01,277.965
2026-04-09T02,283.988
2026-04-09T03,280.909
2026-04-09T04,279.705
2026-04-09T05,267.526
2026-04-09T06,169.161
2026-04-09T07,208.106
2026-04-09T08,255.348
2026-04-09T09,324.270
2026-04-09T10,440.167
2026-04-09T11,458.234
2026-04-09T12,620.169
2026-04-09T13,624.585
2026-04-09T14,606.117
2026-04-09T15,579.618
2026-04-09T16,567.707
2026-04-09T17,552.049
2026-04-09T18,458.770
2026-04-09T19,456.361
2026-04-09T20,438.294
2026-04-09T21,409.520
2026-04-09T22,328.285
2026-04-09T23,272.478
2026-04-10T00,260.567
2026-04-10T01,258.560
2026-04-10T02,250.262
2026-04-10T03,251.467
2026-04-10T04,250.530
2026-04-10T05,236.879
2026-04-10T06,163.674
2026-04-10T07,200.611
2026-04-10T08,248.924
2026-04-10T09,309.014
2026-04-10T10,427.186
2026-04-10T11,485.536
2026-04-10T12,601.433
2026-04-10T13,629.939
2026-04-10T14,629.939
2026-04-10T15,621.106
2026-04-10T16,578.548
2026-04-10T17,570.920
2026-04-10T18,514.042
2026-04-10T19,505.744
2026-04-10T20,488.480
2026-04-10T21,418.889
2026-04-10T22,286.798
2026-04-10T23,179.600
2026-04-11T00,147.347
2026-04-11T01,144.403
2026-04-11T02,134.767
2026-04-11T03,132.492
2026-04-11T04,131.555
2026-04-11T05,132.626
2026-04-11T06,156.849
2026-04-11T07,193.920
2026-04-11T08,243.036
2026-04-11T09,346.888
2026-04-11T10,630.741
2026-04-11T11,647.738
2026-04-11T12,660.050
2026-04-11T13,663.664
2026-04-11T14,660.318
2026-04-11T15,656.571
2026-04-11T16,642.251
2026-04-11T17,642.518
2026-04-11T18,579.083
2026-04-11T19,618.831
2026-04-11T20,629.805
2026-04-11T21,593.537
2026-04-11T22,346.754
2026-04-11T23,187.630
2026-04-12T00,152.834
2026-04-12T01,147.079
2026-04-12T02,137.577
2026-04-12T03,136.641
2026-04-12T04,132.893
2026-04-12T05,130.618
2026-04-12T06,134.098
2026-04-12T07,145.340
2026-04-12T08,189.236
2026-04-12T09,243.437
2026-04-12T10,315.036
2026-04-12T11,543.618
2026-04-12T12,563.425
2026-04-12T13,624.720
2026-04-12T14,619.902
2026-04-12T15,622.578
2026-04-12T16,613.746
2026-04-12T17,606.786
2026-04-12T18,578.682
2026-04-12T19,565.299
2026-04-12T20,544.020
2026-04-12T21,366.561
2026-04-12T22,270.069
2026-04-12T23,229.653
2026-04-13T00,215.333
2026-04-13T01,214.396
2026-04-13T02,206.768
2026-04-13T03,205.831
2026-04-13T04,205.028
2026-04-13T05,201.414
2026-04-13T06,159.526
2026-04-13T07,188.834
2026-04-13T08,235.006
2026-04-13T09,289.608
2026-04-13T10,390.918
2026-04-13T11,495.439
2026-04-13T12,595.544
2026-04-13T13,618.295
2026-04-13T14,615.351
2026-04-13T15,603.306
2026-04-13T16,575.604
2026-04-13T17,574.265
2026-04-13T18,535.053
2026-04-13T19,530.904
2026-04-13T20,503.201
2026-04-13T21,406.041
2026-04-13T22,354.516
2026-04-13T23,313.698
2026-04-14T00,294.748
2026-04-14T01,291.000
2026-04-14T02,282.435
2026-04-14T03,283.078
2026-04-14T04,280.829
2026-04-14T05,272.585
2026-04-14T06,154.815
2026-04-14T07,185.970
2026-04-14T08,231.901
2026-04-14T09,296.032
2026-04-14T10,417.550
2026-04-14T11,440.783
2026-04-14T12,580.823
2026-04-14T13,591.958
2026-04-14T14,590.459
2026-04-14T15,569.367
2026-04-14T16,537.997
2026-04-14T17,520.867
2026-04-14T18,441.854
2026-04-14T19,439.820
2026-04-14T20,427.721
2026-04-14T21,394.638
2026-04-14T22,350.100
2026-04-14T23,310.379
2026-04-15T00,297.103
2026-04-15T01,292.392
2026-04-15T02,282.542
2026-04-15T03,279.759
2026-04-15T04,279.545
2026-04-15T05,269.374
2026-04-15T06,158.669
2026-04-15T07,188.968
2026-04-15T08,229.653
2026-04-15T09,298.174
2026-04-15T10,417.979
2026-04-15T11,447.743
2026-04-15T12,599.452
2026-04-15T13,594.099
2026-04-15T14,584.035
2026-04-15T15,566.905
2026-04-15T16,528.790
2026-04-15T17,517.870
2026-04-15T18,439.070
2026-04-15T19,440.141
2026-04-15T20,422.154
2026-04-15T21,390.570
2026-04-15T22,322.799
2026-04-15T23,266.804
2026-04-16T00,280.106
2026-04-16T01,277.965
2026-04-16T02,283.988
2026-04-16T03,280.909
2026-04-16T04,279.705
2026-04-16T05,267.526
2026-04-16T06,169.161
2026-04-16T07,208.106
2026-04-16T08,255.348
2026-04-16T09,324.270
2026-04-16T10,440.167
2026-04-16T11,458.234
2026-04-16T12,620.169
2026-04-16T13,624.585
2026-04-16T14,606.117
2026-04-16T15,579.618
2026-04-16T16,567.707
2026-04-16T17,552.049
2026-04-16T18,458.770
2026-04-16T19,456.361
2026-04-16T20,438.294
2026-04-16T21,409.520
2026-04-16T22,328.285
2026-04-16T23,272.478
2026-04-17T00,260.567
2026-04-17T01,258.560
2026-04-17T02,250.262
2026-04-17T03,251.467
2026-04-17T04,250.530
2026-04-17T05,236.879
2026-04-17T06,163.674
2026-04-17T07,200.611
2026-04-17T08,248.924
2026-04-17T09,309.014
2026-04-17T10,427.186
2026-04-17T11,485.536
2026-04-17T12,601.433
2026-04-17T13,629.939
2026-04-17T14,629.939
2026-04-17T15,621.106
2026-04-17T16,578.548
2026-04-17T17,570.920
2026-04-17T18,514.042
2026-04-17T19,505.744
2026-04-17T20,488.480
2026-04-17T21,418.889
2026-04-17T22,286.798
2026-04-17T23,179.600
2026-04-18T00,147.347
2026-04-18T01,144.403
2026-04-18T02,134.767
2026-04-18T03,132.492
2026-04-18T04,131.555
2026-04-18T05,132.626
2026-04-18T06,156.849
2026-04-18T07,193.920
2026-04-18T08,243.036
2026-04-18T09,346.888
2026-04-18T10,630.741
2026-04-18T11,647.738
2026-04-18T12,660.050
2026-04-18T13,663.664
2026-04-18T14,660.318
2026-04-18T15,656.571
2026-04-18T16,642.251
2026-04-18T17,642.518
2026-04-18T18,579.083
2026-04-18T19,618.831
2026-04-18T20,629.805
2026-04-18T21,593.537
2026-04-18T22,346.754
2026-04-18T23,187.630
2026-04-19T00,152.834
2026-04-19T01,147.079
2026-04-19T02,137.577
2026-04-19T03,136.641
2026-04-19T04,132.893
2026-04-19T05,130.618
2026-04-19T06,134.098
2026-04-19T07,145.340
2026-04-19T08,189.236
2026-04-19T09,243.437
2026-04-19T10,315.036
2026-04-19T11,543.618
2026-04-19T12,563.425
2026-04-19T13,624.720
2026-04-19T14,619.902
2026-04-19T15,622.578
2026-04-19T16,613.746
2026-04-19T17,606.786
2026-04-19T18,578.682
2026-04-19T19,565.299
2026-04-19T20,544.020
2026-04-19T21,366.561
2026-04-19T22,270.069
2026-04-19T23,229.653
2026-04-20T00,215.333
2026-04-20T01,214.396
2026-04-20T02,206.768
2026-04-20T03,205.831
2026-04-20T04,205.028
2026-04-20T05,201.414
2026-04-20T06,159.526
2026-04-20T07,188.834
2026-04-20T08,235.006
2026-04-20T09,289.608
2026-04-20T10,390.918
2026-04-20T11,495.439
2026-04-20T12,595.544
2026-04-20T13,618.295
2026-04-20T14,615.351
2026-04-20T15,603.306
2026-04-20T16,575.604
2026-04-20T17,574.265
2026-04-20T18,535.053
2026-04-20T19,530.904
2026-04-20T20,503.201
2026-04-20T21,406.041
2026-04-20T22,354.516
2026-04-20T23,313.698
2026-04-21T00,294.748
2026-04-21T01,291.000
2026-04-21T02,282.435
2026-04-21T03,283.078
2026-04-21T04,280.829
2026-04-21T05,272.585
2026-04-21T06,154.815
2026-04-21T07,185.970
2026-04-21T08,231.901
2026-04-21T09,296.032
2026-04-21T10,417.550
2026-04-21T11,440.783
2026-04-21T12,580.823
2026-04-21T13,591.958
2026-04-21T14,590.459
2026-04-21T15,569.367
2026-04-21T16,537.997
2026-04-21T17,520.867
2026-04-21T18,441.854
2026-04-21T19,439.820
2026-04-21T20,427.721
2026-04-21T21,394.638
2026-04-21T22,350.100
2026-04-21T23,310.379
2026-04-22T00,297.103
2026-04-22T01,292.392
2026-04-22T02,282.542
2026-04-22T03,279.759
2026-04-22T04,279.545
2026-04-22T05,269.374
2026-04-22T06,158.669
2026-04-22T07,188.968
2026-04-22T08,229.653
2026-04-22T09,298.174
2026-04-22T10,417.979
2026-04-22T11,447.743
2026-04-22T12,599.452
2026-04-22T13,594.099
2026-04-22T14,584.035
2026-04-22T15,566.905
2026-04-22T16,528.790
2026-04-22T17,517.870
2026-04-22T18,439.070
2026-04-22T19,440.141
2026-04-22T20,422.154
2026-04-22T21,390.570
2026-04-22T22,322.799
2026-04-22T23,266.804
2026-04-23T00,280.106
2026-04-23T01,277.965
2026-04-23T02,283.988
2026-04-23T03,280.909
2026-04-23T04,279.705
2026-04-23T05,267.526
2026-04-23T06,169.161
2026-04-23T07,208.106
2026-04-23T08,255.348
2026-04-23T09,324.270
2026-04-23T10,440.167
2026-04-23T11,458.234
2026-04-23T12,620.169
2026-04-23T13,624.585
2026-04-23T14,606.117
2026-04-23T15,579.618
2026-04-23T16,567.707
2026-04-23T17,552.049
2026-04-23T18,458.770
2026-04-23T19,456.361
2026-04-23T20,438.294
2026-04-23T21,409.520
2026-04-23T22,328.285
2026-04-23T23,272.478
2026-04-24T00,260.567
2026-04-24T01,258.560
2026-04-24T02,250.262
2026-04-24T03,251.467
2026-04-24T04,250.530
2026-04-24T05,236.879
2026-04-24T06,163.674
2026-04-24T07,200.611
2026-04-24T08,248.924
2026-04-24T09,309.014
2026-04-24T10,427.186
2026-04-24T11,485.536
2026-04-24T12,601.433
2026-04-24T13,629.939
2026-04-24T14,629.939
2026-04-24T15,621.106
2026-04-24T16,578.548
2026-04-24T17,570.920
2026-04-24T18,514.042
2026-04-24T19,505.744
2026-04-24T20,488.480
2026-04-24T21,418.889
2026-04-24T22,286.798
2026-04-24T23,179.600
2026-04-25T00,147.347
2026-04-25T01,144.403
2026-04-25T02,134.767
2026-04-25T03,132.492
2026-04-25T04,131.555
2026-04-25T05,132.626
2026-04-25T06,156.849
2026-04-25T07,193.920
2026-04-25T08,243.036
2026-04-25T09,346.888
2026-04-25T10,630.741
2026-04-25T11,647.738
2026-04-25T12,660.050
2026-04-25T13,663.664
2026-04-25T14,660.318
2026-04-25T15,656.571
2026-04-25T16,642.251
2026-04-25T17,642.518
2026-04-25T18,579.083
2026-04-25T19,618.831
2026-04-25T20,629.805
2026-04-25T21,593.537
2026-04-25T22,346.754
2026-04-25T23,187.630
2026-04-26T00,152.834
2026-04-26T01,147.079
2026-04-26T02,137.577
2026-04-26T03,136.641
2026-04-26T04,132.893
2026-04-26T05,130.618
2026-04-26T06,134.098
2026-04-26T07,145.340
2026-04-26T08,189.236
2026-04-26T09,243.437
2026-04-26T10,315.036
2026-04-26T11,543.618
2026-04-26T12,563.425
2026-04-26T13,624.720
2026-04-26T14,619.902
2026-04-26T15,622.578
2026-04-26T16,613.746
2026-04-26T17,606.786
2026-04-26T18,578.682
2026-04-26T19,565.299
2026-04-26T20,544.020
2026-04-26T21,366.561
2026-04-26T22,270.069
2026-04-26T23,229.653
2026-04-27T00,215.333
2026-04-27T01,214.396
2026-04-27T02,206.768
2026-04-27T03,205.831
2026-04-27T04,205.028
2026-04-27T05,201.414
2026-04-27T06,159.526
2026-04-27T07,188.834
2026-04-27T08,235.006
2026-04-27T09,289.608
2026-04-27T10,390.918
2026-04-27T11,495.439
2026-04-27T12,595.544
2026-04-27T13,618.295
2026-04-27T14,615.351
2026-04-27T15,603.306
2026-04-27T16,575.604
2026-04-27T17,574.265
2026-04-27T18,535.053
2026-04-27T19,530.904
2026-04-27T20,503.201
2026-04-27T21,406.041
2026-04-27T22,354.516
2026-04-27T23,313.698
2026-04-28T00,294.748
2026-04-28T01,291.000
2026-04-28T02,282.435
2026-04-28T03,283.078
2026-04-28T04,280.829
2026-04-28T05,272.585
2026-04-28T06,154.815
2026-04-28T07,185.970
2026-04-28T08,231.901
2026-04-28T09,296.032
2026-04-28T10,417.550
2026-04-28T11,440.783
2026-04-28T12,580.823
2026-04-28T13,591.958
2026-04-28T14,590.459
2026-04-28T15,569.367
2026-04-28T16,537.997
2026-04-28T17,520.867
2026-04-28T18,441.854
2026-04-28T19,439.820
2026-04-28T20,427.721
2026-04-28T21,394.638
2026-04-28T22,350.100
2026-04-28T23,310.379
2026-04-29T00,297.103
2026-04-29T01,292.392
2026-04-29T02,282.542
2026-04-29T03,279.759
2026-04-29T04,279.545
2026-04-29T05,269.374
2026-04-29T06,158.669
2026-04-29T07,188.968
2026-04-29T08,229.653
2026-04-29T09,298.174
2026-04-29T10,417.979
2026-04-29T11,447.743
2026-04-29T12,599.452
2026-04-29T13,594.099
2026-04-29T14,584.035
2026-04-29T15,566.905
2026-04-29T16,528.790
2026-04-29T17,517.870
2026-04-29T18,439.070
2026-04-29T19,440.141
2026-04-29T20,422.154
2026-04-29T21,390.570
2026-04-29T22,322.799
2026-04-29T23,266.804
2026-04-30T00,280.107
2026-04-30T01,277.965
2026-04-30T02,283.988
2026-04-30T03,280.910
2026-04-30T04,279.705
2026-04-30T05,267.527
2026-04-30T06,169.161
2026-04-30T07,208.106
2026-04-30T08,255.348
2026-04-30T09,324.271
2026-04-30T10,440.168
2026-04-30T11,458.235
2026-04-30T12,620.169
2026-04-30T13,624.586
2026-04-30T14,606.117
2026-04-30T15,579.619
2026-04-30T16,567.708
2026-04-30T17,552.050
2026-04-30T18,458.770
2026-04-30T19,456.361
2026-04-30T20,438.294
2026-04-30T21,409.521
2026-04-30T22,328.286
2026-04-30T23,272.478
2026-05-01T00,284.663
2026-05-01T01,280.552
2026-05-01T02,272.107
2026-05-01T03,272.552
2026-05-01T04,271.329
2026-05-01T05,238.219
2026-05-01T06,163.109
2026-05-01T07,198.664
2026-05-01T08,252.441
2026-05-01T09,316.884
2026-05-01T10,437.771
2026-05-01T11,459.327
2026-05-01T12,588.880
2026-05-01T13,595.214
2026-05-01T14,576.992
2026-05-01T15,575.769
2026-05-01T16,556.436
2026-05-01T17,526.992
2026-05-01T18,459.882
2026-05-01T19,464.438
2026-05-01T20,456.549
2026-05-01T21,429.772
2026-05-01T22,332.884
2026-05-01T23,243.774
2026-05-02T00,215.330
2026-05-02T01,210.330
2026-05-02T02,196.108
2026-05-02T03,197.442
2026-05-02T04,194.997
2026-05-02T05,191.775
2026-05-02T06,151.887
2026-05-02T07,198.219
2026-05-02T08,262.107
2026-05-02T09,344.884
2026-05-02T10,579.325
2026-05-02T11,590.658
2026-05-02T12,607.880
2026-05-02T13,611.324
2026-05-02T14,590.880
2026-05-02T15,591.436
2026-05-02T16,584.658
2026-05-02T17,593.658
2026-05-02T18,600.547
2026-05-02T19,610.324
2026-05-02T20,597.658
2026-05-02T21,564.325
2026-05-02T22,342.439
2026-05-02T23,179.220
2026-05-03T00,147.776
2026-05-03T01,139.998
2026-05-03T02,129.581
2026-05-03T03,130.137
2026-05-03T04,127.915
2026-05-03T05,124.581
2026-05-03T06,129.720
2026-05-03T07,147.914
2026-05-03T08,189.580
2026-05-03T09,239.024
2026-05-03T10,354.995
2026-05-03T11,511.242
2026-05-03T12,548.603
2026-05-03T13,612.491
2026-05-03T14,603.185
2026-05-03T15,593.741
2026-05-03T16,586.936
2026-05-03T17,584.574
2026-05-03T18,564.297
2026-05-03T19,547.492
2026-05-03T20,519.853
2026-05-03T21,346.523
2026-05-03T22,304.162
2026-05-03T23,248.330
2026-05-04T00,208.191
2026-05-04T01,201.942
2026-05-04T02,194.858
2026-05-04T03,198.331
2026-05-04T04,193.608
2026-05-04T05,182.775
2026-05-04T06,162.637
2026-05-04T07,192.081
2026-05-04T08,235.274
2026-05-04T09,298.329
2026-05-04T10,424.022
2026-05-04T11,448.605
2026-05-04T12,554.853
2026-05-04T13,553.742
2026-05-04T14,526.520
2026-05-04T15,524.159
2026-05-04T16,524.298
2026-05-04T17,507.493
2026-05-04T18,445.688
2026-05-04T19,448.188
2026-05-04T20,428.466
2026-05-04T21,396.939
2026-05-04T22,339.856
2026-05-04T23,297.635
2026-05-05T00,284.163
2026-05-05T01,279.024
2026-05-05T02,268.885
2026-05-05T03,270.552
2026-05-05T04,246.385
2026-05-05T05,198.330
2026-05-05T06,164.859
2026-05-05T07,197.497
2026-05-05T08,243.191
2026-05-05T09,313.607
2026-05-05T10,429.716
2026-05-05T11,432.077
2026-05-05T12,554.853
2026-05-05T13,565.825
2026-05-05T14,548.881
2026-05-05T15,542.492
2026-05-05T16,526.937
2026-05-05T17,504.993
2026-05-05T18,447.216
2026-05-05T19,445.132
2026-05-05T20,431.799
2026-05-05T21,398.466
2026-05-05T22,353.745
2026-05-05T23,312.634
2026-05-06T00,302.218
2026-05-06T01,292.635
2026-05-06T02,278.329
2026-05-06T03,279.440
2026-05-06T04,271.246
2026-05-06T05,237.774
2026-05-06T06,166.109
2026-05-06T07,199.858
2026-05-06T08,240.552
2026-05-06T09,308.329
2026-05-06T10,431.383
2026-05-06T11,447.771
2026-05-06T12,543.881
2026-05-06T13,557.214
2026-05-06T14,547.076
2026-05-06T15,530.409
2026-05-06T16,524.020
2026-05-06T17,514.854
2026-05-06T18,449.994
2026-05-06T19,443.744
2026-05-06T20,429.994
2026-05-06T21,401.105
2026-05-06T22,347.217
2026-05-06T23,298.607
2026-05-07T00,255.219
2026-05-07T01,251.885
2026-05-07T02,241.108
2026-05-07T03,243.219
2026-05-07T04,217.664
2026-05-07T05,181.553
2026-05-07T06,154.331
2026-05-07T07,187.442
2026-05-07T08,235.330
2026-05-07T09,299.662
2026-05-07T10,407.327
2026-05-07T11,451.549
2026-05-07T12,526.326
2026-05-07T13,536.659
2026-05-07T14,523.992
2026-05-07T15,521.326
2026-05-07T16,518.881
2026-05-07T17,501.993
2026-05-07T18,455.771
2026-05-07T19,452.771
2026-05-07T20,443.549
2026-05-07T21,412.216
2026-05-07T22,340.217
2026-05-07T23,297.440
2026-05-08T00,284.663
2026-05-08T01,280.552
2026-05-08T02,272.107
2026-05-08T03,272.552
2026-05-08T04,271.329
2026-05-08T05,238.219
2026-05-08T06,163.109
2026-05-08T07,198.664
2026-05-08T08,252.441
2026-05-08T09,316.884
2026-05-08T10,437.771
2026-05-08T11,459.327
2026-05-08T12,588.880
2026-05-08T13,595.214
2026-05-08T14,576.992
2026-05-08T15,575.769
2026-05-08T16,556.436
2026-05-08T17,526.992
2026-05-08T18,459.882
2026-05-08T19,464.438
2026-05-08T20,456.549
2026-05-08T21,429.772
2026-05-08T22,332.884
2026-05-08T23,243.774
2026-05-09T00,215.330
2026-05-09T01,210.330
2026-05-09T02,196.108
2026-05-09T03,197.442
2026-05-09T04,194.997
2026-05-09T05,191.775
2026-05-09T06,151.887
2026-05-09T07,198.219
2026-05-09T08,262.107
2026-05-09T09,344.884
2026-05-09T10,579.325
2026-05-09T11,590.658
2026-05-09T12,607.880
2026-05-09T13,611.324
2026-05-09T14,590.880
2026-05-09T15,591.436
2026-05-09T16,584.658
2026-05-09T17,593.658
2026-05-09T18,600.547
2026-05-09T19,610.324
2026-05-09T20,597.658
2026-05-09T21,564.325
2026-05-09T22,342.439
2026-05-09T23,179.220
2026-05-10T00,147.776
2026-05-10T01,139.998
2026-05-10T02,129.581
2026-05-10T03,130.137
2026-05-10T04,127.915
2026-05-10T05,124.581
2026-05-10T06,129.720
2026-05-10T07,147.914
2026-05-10T08,189.580
2026-05-10T09,239.024
2026-05-10T10,354.995
2026-05-10T11,511.242
2026-05-10T12,548.603
2026-05-10T13,612.491
2026-05-10T14,603.185
2026-05-10T15,593.741
2026-05-10T16,586.936
2026-05-10T17,584.574
2026-05-10T18,564.297
2026-05-10T19,547.492
2026-05-10T20,519.853
2026-05-10T21,346.523
2026-05-10T22,304.162
2026-05-10T23,248.330
2026-05-11T00,208.191
2026-05-11T01,201.942
2026-05-11T02,194.858
2026-05-11T03,198.331
2026-05-11T04,193.608
2026-05-11T05,182.775
2026-05-11T06,162.637
2026-05-11T07,192.081
2026-05-11T08,235.274
2026-05-11T09,298.329
2026-05-11T10,424.022
2026-05-11T11,448.605
2026-05-11T12,554.853
2026-05-11T13,553.742
2026-05-11T14,526.520
2026-05-11T15,524.159
2026-05-11T16,524.298
2026-05-11T17,507.493
2026-05-11T18,445.688
2026-05-11T19,448.188
2026-05-11T20,428.466
2026-05-11T21,396.939
2026-05-11T22,339.856
2026-05-11T23,297.635
2026-05-12T00,284.163
2026-05-12T01,279.024
2026-05-12T02,268.885
2026-05-12T03,270.552
2026-05-12T04,246.385
2026-05-12T05,198.330
2026-05-12T06,164.859
2026-05-12T07,197.497
2026-05-12T08,243.191
2026-05-12T09,313.607
2026-05-12T10,429.716
2026-05-12T11,432.077
2026-05-12T12,554.853
2026-05-12T13,565.825
2026-05-12T14,548.881
2026-05-12T15,542.492
2026-05-12T16,526.937
2026-05-12T17,504.993
2026-05-12T18,447.216
2026-05-12T19,445.132
2026-05-12T20,431.799
2026-05-12T21,398.466
2026-05-12T22,353.745
2026-05-12T23,312.634
2026-05-13T00,302.218
2026-05-13T01,292.635
2026-05-13T02,278.329
2026-05-13T03,279.440
2026-05-13T04,271.246
2026-05-13T05,237.774
2026-05-13T06,166.109
2026-05-13T07,199.858
2026-05-13T08,240.552
2026-05-13T09,308.329
2026-05-13T10,431.383
2026-05-13T11,447.771
2026-05-13T12,543.881
2026-05-13T13,557.214
2026-05-13T14,547.076
2026-05-13T15,530.409
2026-05-13T16,524.020
2026-05-13T17,514.854
2026-05-13T18,449.994
2026-05-13T19,443.744
2026-05-13T20,429.994
2026-05-13T21,401.105
2026-05-13T22,347.217
2026-05-13T23,298.607
2026-05-14T00,255.219
2026-05-14T01,251.885
2026-05-14T02,241.108
2026-05-14T03,243.219
2026-05-14T04,217.664
2026-05-14T05,181.553
2026-05-14T06,154.331
2026-05-14T07,187.442
2026-05-14T08,235.330
2026-05-14T09,299.662
2026-05-14T10,407.327
2026-05-14T11,451.549
2026-05-14T12,526.326
2026-05-14T13,536.659
2026-05-14T14,523.992
2026-05-14T15,521.326
2026-05-14T16,518.881
2026-05-14T17,501.993
2026-05-14T18,455.771
2026-05-14T19,452.771
2026-05-14T20,443.549
2026-05-14T21,412.216
2026-05-14T22,340.217
2026-05-14T23,297.440
2026-05-15T00,284.663
2026-05-15T01,280.552
2026-05-15T02,272.107
2026-05-15T03,272.552
2026-05-15T04,271.329
2026-05-15T05,238.219
2026-05-15T06,163.109
2026-05-15T07,198.664
2026-05-15T08,252.441
2026-05-15T09,316.884
2026-05-15T10,437.771
2026-05-15T11,459.327
2026-05-15T12,588.880
2026-05-15T13,595.214
2026-05-15T14,576.992
2026-05-15T15,575.769
2026-05-15T16,556.436
2026-05-15T17,526.992
2026-05-15T18,459.882
2026-05-15T19,464.438
2026-05-15T20,456.549
2026-05-15T21,429.772
2026-05-15T22,332.884
2026-05-15T23,243.774
2026-05-16T00,215.330
2026-05-16T01,210.330
2026-05-16T02,196.108
2026-05-16T03,197.442
2026-05-16T04,194.997
2026-05-16T05,191.775
2026-05-16T06,151.887
2026-05-16T07,198.219
2026-05-16T08,262.107
2026-05-16T09,344.884
2026-05-16T10,579.325
2026-05-16T11,590.658
2026-05-16T12,607.880
2026-05-16T13,611.324
2026-05-16T14,590.880
2026-05-16T15,591.436
2026-05-16T16,584.658
2026-05-16T17,593.658
2026-05-16T18,600.547
2026-05-16T19,610.324
2026-05-16T20,597.658
2026-05-16T21,564.325
2026-05-16T22,342.439
2026-05-16T23,179.220
2026-05-17T00,147.776
2026-05-17T01,139.998
2026-05-17T02,129.581
2026-05-17T03,130.137
2026-05-17T04,127.915
2026-05-17T05,124.581
2026-05-17T06,129.720
2026-05-17T07,147.914
2026-05-17T08,189.580
2026-05-17T09,239.024
2026-05-17T10,354.995
2026-05-17T11,511.242
2026-05-17T12,548.603
2026-05-17T13,612.491
2026-05-17T14,603.185
2026-05-17T15,593.741
2026-05-17T16,586.936
2026-05-17T17,584.574
2026-05-17T18,564.297
2026-05-17T19,547.492
2026-05-17T20,519.853
2026-05-17T21,346.523
2026-05-17T22,304.162
2026-05-17T23,248.330
2026-05-18T00,208.191
2026-05-18T01,201.942
2026-05-18T02,194.858
2026-05-18T03,198.331
2026-05-18T04,193.608
2026-05-18T05,182.775
2026-05-18T06,162.637
2026-05-18T07,192.081
2026-05-18T08,235.274
2026-05-18T09,298.329
2026-05-18T10,424.022
2026-05-18T11,448.605
2026-05-18T12,554.853
2026-05-18T13,553.742
2026-05-18T14,526.520
2026-05-18T15,524.159
2026-05-18T16,524.298
2026-05-18T17,507.493
2026-05-18T18,445.688
2026-05-18T19,448.188
2026-05-18T20,428.466
2026-05-18T21,396.939
2026-05-18T22,339.856
2026-05-18T23,297.635
2026-05-19T00,284.163
2026-05-19T01,279.024
2026-05-19T02,268.885
2026-05-19T03,270.552
2026-05-19T04,246.385
2026-05-19T05,198.330
2026-05-19T06,164.859
2026-05-19T07,197.497
2026-05-19T08,243.191
2026-05-19T09,313.607
2026-05-19T10,429.716
2026-05-19T11,432.077
2026-05-19T12,554.853
2026-05-19T13,565.825
2026-05-19T14,548.881
2026-05-19T15,542.492
2026-05-19T16,526.937
2026-05-19T17,504.993
2026-05-19T18,447.216
2026-05-19T19,445.132
2026-05-19T20,431.799
2026-05-19T21,398.466
2026-05-19T22,353.745
2026-05-19T23,312.634
2026-05-20T00,302.218
2026-05-20T01,292.635
2026-05-20T02,278.329
2026-05-20T03,279.440
2026-05-20T04,271.246
2026-05-20T05,237.774
2026-05-20T06,166.109
2026-05-20T07,199.858
2026-05-20T08,240.552
2026-05-20T09,308.329
2026-05-20T10,431.383
2026-05-20T11,447.771
2026-05-20T12,543.881
2026-05-20T13,557.214
2026-05-20T14,547.076
2026-05-20T15,530.409
2026-05-20T16,524.020
2026-05-20T17,514.854
2026-05-20T18,449.994
2026-05-20T19,443.744
2026-05-20T20,429.994
2026-05-20T21,401.105
2026-05-20T22,347.217
2026-05-20T23,298.607
2026-05-21T00,255.219
2026-05-21T01,251.885
2026-05-21T02,241.108
2026-05-21T03,243.219
2026-05-21T04,217.664
2026-05-21T05,181.553
2026-05-21T06,154.331
2026-05-21T07,187.442
2026-05-21T08,235.330
2026-05-21T09,299.662
2026-05-21T10,407.327
2026-05-21T11,451.549
2026-05-21T12,526.326
2026-05-21T13,536.659
2026-05-21T14,523.992
2026-05-21T15,521.326
2026-05-21T16,518.881
2026-05-21T17,501.993
2026-05-21T18,455.771
2026-05-21T19,452.771
2026-05-21T20,443.549
2026-05-21T21,412.216
2026-05-21T22,340.217
2026-05-21T23,297.440
2026-05-22T00,284.663
2026-05-22T01,280.552
2026-05-22T02,272.107
2026-05-22T03,272.552
2026-05-22T04,271.329
2026-05-22T05,238.219
2026-05-22T06,163.109
2026-05-22T07,198.664
2026-05-22T08,252.441
2026-05-22T09,316.884
2026-05-22T10,437.771
2026-05-22T11,459.327
2026-05-22T12,588.880
2026-05-22T13,595.214
2026-05-22T14,576.992
2026-05-22T15,575.769
2026-05-22T16,556.436
2026-05-22T17,526.992
2026-05-22T18,459.882
2026-05-22T19,464.438
2026-05-22T20,456.549
2026-05-22T21,429.772
2026-05-22T22,332.884
2026-05-22T23,243.774
2026-05-23T00,215.330
2026-05-23T01,210.330
2026-05-23T02,196.108
2026-05-23T03,197.442
2026-05-23T04,194.997
2026-05-23T05,191.775
2026-05-23T06,151.887
2026-05-23T07,198.219
2026-05-23T08,262.107
2026-05-23T09,344.884
2026-05-23T10,579.325
2026-05-23T11,590.658
2026-05-23T12,607.880
2026-05-23T13,611.324
2026-05-23T14,590.880
2026-05-23T15,591.436
2026-05-23T16,584.658
2026-05-23T17,593.658
2026-05-23T18,600.547
2026-05-23T19,610.324
2026-05-23T20,597.658
2026-05-23T21,564.325
2026-05-23T22,342.439
2026-05-23T23,179.220
2026-05-24T00,147.776
2026-05-24T01,139.998
2026-05-24T02,129.581
2026-05-24T03,130.137
2026-05-24T04,127.915
2026-05-24T05,124.581
2026-05-24T06,129.720
2026-05-24T07,147.914
2026-05-24T08,189.580
2026-05-24T09,239.024
2026-05-24T10,354.995
2026-05-24T11,511.242
2026-05-24T12,548.603
2026-05-24T13,612.491
2026-05-24T14,603.185
2026-05-24T15,593.741
2026-05-24T16,586.936
2026-05-24T17,584.574
2026-05-24T18,564.297
2026-05-24T19,547.492
2026-05-24T20,519.853
2026-05-24T21,346.523
2026-05-24T22,304.162
2026-05-24T23,248.330
2026-05-25T00,208.191
2026-05-25T01,201.942
2026-05-25T02,194.858
2026-05-25T03,198.331
2026-05-25T04,193.608
2026-05-25T05,182.775
2026-05-25T06,162.637
2026-05-25T07,192.081
2026-05-25T08,235.274
2026-05-25T09,298.329
2026-05-25T10,424.022
2026-05-25T11,448.605
2026-05-25T12,554.853
2026-05-25T13,553.742
2026-05-25T14,526.520
2026-05-25T15,524.159
2026-05-25T16,524.298
2026-05-25T17,507.493
2026-05-25T18,445.688
2026-05-25T19,448.188
2026-05-25T20,428.466
2026-05-25T21,396.939
2026-05-25T22,339.856
2026-05-25T23,297.635
2026-05-26T00,284.163
2026-05-26T01,279.024
2026-05-26T02,268.885
2026-05-26T03,270.552
2026-05-26T04,246.385
2026-05-26T05,198.330
2026-05-26T06,164.859
2026-05-26T07,197.497
2026-05-26T08,243.191
2026-05-26T09,313.607
2026-05-26T10,429.716
2026-05-26T11,432.077
2026-05-26T12,554.853
2026-05-26T13,565.825
2026-05-26T14,548.881
2026-05-26T15,542.492
2026-05-26T16,526.937
2026-05-26T17,504.993
2026-05-26T18,447.216
2026-05-26T19,445.132
2026-05-26T20,431.799
2026-05-26T21,398.466
2026-05-26T22,353.745
2026-05-26T23,312.634
2026-05-27T00,302.218
2026-05-27T01,292.635
2026-05-27T02,278.329
2026-05-27T03,279.440
2026-05-27T04,271.246
2026-05-27T05,237.774
2026-05-27T06,166.109
2026-05-27T07,199.858
2026-05-27T08,240.552
2026-05-27T09,308.329
2026-05-27T10,431.383
2026-05-27T11,447.771
2026-05-27T12,543.881
2026-05-27T13,557.214
2026-05-27T14,547.076
2026-05-27T15,530.409
2026-05-27T16,524.020
2026-05-27T17,514.854
2026-05-27T18,449.994
2026-05-27T19,443.744
2026-05-27T20,429.994
2026-05-27T21,401.105
2026-05-27T22,347.217
2026-05-27T23,298.607
2026-05-28T00,255.219
2026-05-28T01,251.885
2026-05-28T02,241.108
2026-05-28T03,243.219
2026-05-28T04,217.664
2026-05-28T05,181.553
2026-05-28T06,154.331
2026-05-28T07,187.442
2026-05-28T08,235.330
2026-05-28T09,299.662
2026-05-28T10,407.327
2026-05-28T11,451.549
2026-05-28T12,526.326
2026-05-28T13,536.659
2026-05-28T14,523.992
2026-05-28T15,521.326
2026-05-28T16,518.881
2026-05-28T17,501.993
2026-05-28T18,455.771
2026-05-28T19,452.771
2026-05-28T20,443.549
2026-05-28T21,412.216
2026-05-28T22,340.217
2026-05-28T23,297.440
2026-05-29T00,284.663
2026-05-29T01,280.552
2026-05-29T02,272.107
2026-05-29T03,272.552
2026-05-29T04,271.329
2026-05-29T05,238.219
2026-05-29T06,163.109
2026-05-29T07,198.664
2026-05-29T08,252.441
2026-05-29T09,316.884
2026-05-29T10,437.771
2026-05-29T11,459.327
2026-05-29T12,588.880
2026-05-29T13,595.214
2026-05-29T14,576.992
2026-05-29T15,575.769
2026-05-29T16,556.436
2026-05-29T17,526.992
2026-05-29T18,459.882
2026-05-29T19,464.438
2026-05-29T20,456.549
2026-05-29T21,429.772
2026-05-29T22,332.884
2026-05-29T23,243.774
2026-05-30T00,215.330
2026-05-30T01,210.330
2026-05-30T02,196.108
2026-05-30T03,197.442
2026-05-30T04,194.997
2026-05-30T05,191.775
2026-05-30T06,151.887
2026-05-30T07,198.219
2026-05-30T08,262.107
2026-05-30T09,344.884
2026-05-30T10,579.325
2026-05-30T11,590.658
2026-05-30T12,607.880
2026-05-30T13,611.324
2026-05-30T14,590.880
2026-05-30T15,591.436
2026-05-30T16,584.658
2026-05-30T17,593.658
2026-05-30T18,600.547
2026-05-30T19,610.324
2026-05-30T20,597.658
2026-05-30T21,564.325
2026-05-30T22,342.439
2026-05-30T23,179.220
2026-05-31T00,147.774
2026-05-31T01,139.997
2026-05-31T02,129.580
2026-05-31T03,130.136
2026-05-31T04,127.914
2026-05-31T05,124.581
2026-05-31T06,129.719
2026-05-31T07,147.913
2026-05-31T08,189.579
2026-05-31T09,239.022
2026-05-31T10,354.992
2026-05-31T11,511.239
2026-05-31T12,548.599
2026-05-31T13,612.486
2026-05-31T14,603.181
2026-05-31T15,593.737
2026-05-31T16,586.931
2026-05-31T17,584.570
2026-05-31T18,564.293
2026-05-31T19,547.488
2026-05-31T20,519.850
2026-05-31T21,346.520
2026-05-31T22,304.160
2026-05-31T23,248.328
2026-06-01T00,252.986
2026-06-01T01,250.142
2026-06-01T02,237.818
2026-06-01T03,241.966
2026-06-01T04,238.648
2026-06-01T05,179.875
2026-06-01T06,162.100
2026-06-01T07,204.284
2026-06-01T08,261.162
2026-06-01T09,343.278
2026-06-01T10,502.890
2026-06-01T11,515.688
2026-06-01T12,597.093
2026-06-01T13,603.018
2026-06-01T14,589.510
2026-06-01T15,582.519
2026-06-01T16,585.126
2026-06-01T17,568.062
2026-06-01T18,515.569
2026-06-01T19,508.460
2026-06-01T20,470.660
2026-06-01T21,437.008
2026-06-01T22,337.591
2026-06-01T23,258.318
2026-06-02T00,244.395
2026-06-02T01,241.728
2026-06-02T02,231.360
2026-06-02T03,234.915
2026-06-02T04,232.101
2026-06-02T05,190.628
2026-06-02T06,156.413
2026-06-02T07,205.143
2026-06-02T08,262.317
2026-06-02T09,324.378
2026-06-02T10,468.201
2026-06-02T11,514.117
2026-06-02T12,582.844
2026-06-02T13,591.583
2026-06-02T14,576.919
2026-06-02T15,573.661
2026-06-02T16,571.735
2026-06-02T17,564.478
2026-06-02T18,515.006
2026-06-02T19,484.198
2026-06-02T20,462.276
2026-06-02T21,411.768
2026-06-02T22,368.369
2026-06-02T23,299.346
2026-06-03T00,288.978
2026-06-03T01,282.017
2026-06-03T02,271.649
2026-06-03T03,271.945
2026-06-03T04,233.434
2026-06-03T05,209.143
2026-06-03T06,164.411
2026-06-03T07,208.846
2026-06-03T08,265.724
2026-06-03T09,332.969
2026-06-03T10,464.350
2026-06-03T11,497.973
2026-06-03T12,584.030
2026-06-03T13,578.105
2026-06-03T14,564.774
2026-06-03T15,561.812
2026-06-03T16,560.923
2026-06-03T17,537.965
2026-06-03T18,481.088
2026-06-03T19,482.421
2026-06-03T20,465.683
2026-06-03T21,433.394
2026-06-03T22,354.447
2026-06-03T23,296.681
2026-06-04T00,283.350
2026-06-04T01,277.869
2026-06-04T02,268.538
2026-06-04T03,270.760
2026-06-04T04,269.723
2026-06-04T05,248.246
2026-06-04T06,157.005
2026-06-04T07,201.292
2026-06-04T08,260.836
2026-06-04T09,322.897
2026-06-04T10,435.763
2026-06-04T11,484.642
2026-06-04T12,566.403
2026-06-04T13,577.216
2026-06-04T14,574.994
2026-06-04T15,570.402
2026-06-04T16,570.551
2026-06-04T17,557.961
2026-06-04T18,509.378
2026-06-04T19,505.971
2026-06-04T20,492.048
2026-06-04T21,420.803
2026-06-04T22,329.711
2026-06-04T23,264.391
2026-06-05T00,242.765
2026-06-05T01,238.174
2026-06-05T02,230.768
2026-06-05T03,230.323
2026-06-05T04,208.994
2026-06-05T05,186.480
2026-06-05T06,161.597
2026-06-05T07,203.070
2026-06-05T08,262.761
2026-06-05T09,337.857
2026-06-05T10,465.979
2026-06-05T11,485.234
2026-06-05T12,590.991
2026-06-05T13,591.139
2026-06-05T14,577.216
2026-06-05T15,583.733
2026-06-05T16,563.885
2026-06-05T17,548.184
2026-06-05T18,497.676
2026-06-05T19,498.861
2026-06-05T20,495.455
2026-06-05T21,465.979
2026-06-05T22,310.751
2026-06-05T23,174.927
2026-06-06T00,141.897
2026-06-06T01,135.232
2026-06-06T02,124.419
2026-06-06T03,128.566
2026-06-06T04,126.197
2026-06-06T05,125.900
2026-06-06T06,148.711
2026-06-06T07,199.219
2026-06-06T08,259.503
2026-06-06T09,344.226
2026-06-06T10,593.213
2026-06-06T11,605.803
2026-06-06T12,620.615
2026-06-06T13,628.169
2026-06-06T14,619.726
2026-06-06T15,622.688
2026-06-06T16,610.098
2026-06-06T17,613.801
2026-06-06T18,618.985
2026-06-06T19,627.280
2026-06-06T20,616.467
2026-06-06T21,579.438
2026-06-06T22,348.818
2026-06-06T23,173.298
2026-06-07T00,141.838
2026-06-07T01,136.387
2026-06-07T02,125.249
2026-06-07T03,128.567
2026-06-07T04,126.197
2026-06-07T05,126.197
2026-06-07T06,133.662
2026-06-07T07,144.919
2026-06-07T08,189.947
2026-06-07T09,264.954
2026-06-07T10,321.594
2026-06-07T11,513.674
2026-06-07T12,551.236
2026-06-07T13,598.397
2026-06-07T14,600.411
2026-06-07T15,604.559
2026-06-07T16,598.990
2026-06-07T17,602.070
2026-06-07T18,564.271
2026-06-07T19,555.621
2026-06-07T20,526.352
2026-06-07T21,353.469
2026-06-07T22,325.386
2026-06-07T23,267.916
2026-06-08T00,252.986
2026-06-08T01,250.142
2026-06-08T02,237.818
2026-06-08T03,241.966
2026-06-08T04,238.648
2026-06-08T05,179.875
2026-06-08T06,162.100
2026-06-08T07,204.284
2026-06-08T08,261.162
2026-06-08T09,343.278
2026-06-08T10,502.890
2026-06-08T11,515.688
2026-06-08T12,597.093
2026-06-08T13,603.018
2026-06-08T14,589.510
2026-06-08T15,582.519
2026-06-08T16,585.126
2026-06-08T17,568.062
2026-06-08T18,515.569
2026-06-08T19,508.460
2026-06-08T20,470.660
2026-06-08T21,437.008
2026-06-08T22,337.591
2026-06-08T23,258.318
2026-06-09T00,244.395
2026-06-09T01,241.728
2026-06-09T02,231.360
2026-06-09T03,234.915
2026-06-09T04,232.101
2026-06-09T05,190.628
2026-06-09T06,156.413
2026-06-09T07,205.143
2026-06-09T08,262.317
2026-06-09T09,324.378
2026-06-09T10,468.201
2026-06-09T11,514.117
2026-06-09T12,582.844
2026-06-09T13,591.583
2026-06-09T14,576.919
2026-06-09T15,573.661
2026-06-09T16,571.735
2026-06-09T17,564.478
2026-06-09T18,515.006
2026-06-09T19,484.198
2026-06-09T20,462.276
2026-06-09T21,411.768
2026-06-09T22,368.369
2026-06-09T23,299.346
2026-06-10T00,288.978
2026-06-10T01,282.017
2026-06-10T02,271.649
2026-06-10T03,271.945
2026-06-10T04,233.434
2026-06-10T05,209.143
2026-06-10T06,164.411
2026-06-10T07,208.846
2026-06-10T08,265.724
2026-06-10T09,332.969
2026-06-10T10,464.350
2026-06-10T11,497.973
2026-06-10T12,584.030
2026-06-10T13,578.105
2026-06-10T14,564.774
2026-06-10T15,561.812
2026-06-10T16,560.923
2026-06-10T17,537.965
2026-06-10T18,481.088
2026-06-10T19,482.421
2026-06-10T20,465.683
2026-06-10T21,433.394
2026-06-10T22,354.447
2026-06-10T23,296.681
2026-06-11T00,283.350
2026-06-11T01,277.869
2026-06-11T02,268.538
2026-06-11T03,270.760
2026-06-11T04,269.723
2026-06-11T05,248.246
2026-06-11T06,157.005
2026-06-11T07,201.292
2026-06-11T08,260.836
2026-06-11T09,322.897
2026-06-11T10,435.763
2026-06-11T11,484.642
2026-06-11T12,566.403
2026-06-11T13,577.216
2026-06-11T14,574.994
2026-06-11T15,570.402
2026-06-11T16,570.551
2026-06-11T17,557.961
2026-06-11T18,509.378
2026-06-11T19,505.971
2026-06-11T20,492.048
2026-06-11T21,420.803
2026-06-11T22,329.711
2026-06-11T23,264.391
2026-06-12T00,242.765
2026-06-12T01,238.174
2026-06-12T02,230.768
2026-06-12T03,230.323
2026-06-12T04,208.994
2026-06-12T05,186.480
2026-06-12T06,161.597
2026-06-12T07,203.070
2026-06-12T08,262.761
2026-06-12T09,337.857
2026-06-12T10,465.979
2026-06-12T11,485.234
2026-06-12T12,590.991
2026-06-12T13,591.139
2026-06-12T14,577.216
2026-06-12T15,583.733
2026-06-12T16,563.885
2026-06-12T17,548.184
2026-06-12T18,497.676
2026-06-12T19,498.861
2026-06-12T20,495.455
2026-06-12T21,465.979
2026-06-12T22,310.751
2026-06-12T23,174.927
2026-06-13T00,141.897
2026-06-13T01,135.232
2026-06-13T02,124.419
2026-06-13T03,128.566
2026-06-13T04,126.197
2026-06-13T05,125.900
2026-06-13T06,148.711
2026-06-13T07,199.219
2026-06-13T08,259.503
2026-06-13T09,344.226
2026-06-13T10,593.213
2026-06-13T11,605.803
2026-06-13T12,620.615
2026-06-13T13,628.169
2026-06-13T14,619.726
2026-06-13T15,622.688
2026-06-13T16,610.098
2026-06-13T17,613.801
2026-06-13T18,618.985
2026-06-13T19,627.280
2026-06-13T20,616.467
2026-06-13T21,579.438
2026-06-13T22,348.818
2026-06-13T23,173.298
2026-06-14T00,141.838
2026-06-14T01,136.387
2026-06-14T02,125.249
2026-06-14T03,128.567
2026-06-14T04,126.197
2026-06-14T05,126.197
2026-06-14T06,133.662
2026-06-14T07,144.919
2026-06-14T08,189.947
2026-06-14T09,264.954
2026-06-14T10,321.594
2026-06-14T11,513.674
2026-06-14T12,551.236
2026-06-14T13,598.397
2026-06-14T14,600.411
2026-06-14T15,604.559
2026-06-14T16,598.990
2026-06-14T17,602.070
2026-06-14T18,564.271
2026-06-14T19,555.621
2026-06-14T20,526.352
2026-06-14T21,353.469
2026-06-14T22,325.386
2026-06-14T23,267.916
2026-06-15T00,252.986
2026-06-15T01,250.142
2026-06-15T02,237.818
2026-06-15T03,241.966
2026-06-15T04,238.648
2026-06-15T05,179.875
2026-06-15T06,162.100
2026-06-15T07,204.284
2026-06-15T08,261.162
2026-06-15T09,343.278
2026-06-15T10,502.890
2026-06-15T11,515.688
2026-06-15T12,597.093
2026-06-15T13,603.018
2026-06-15T14,589.510
2026-06-15T15,582.519
2026-06-15T16,585.126
2026-06-15T17,568.062
2026-06-15T18,515.569
2026-06-15T19,508.460
2026-06-15T20,470.660
2026-06-15T21,437.008
2026-06-15T22,337.591
2026-06-15T23,258.318
2026-06-16T00,244.395
2026-06-16T01,241.728
2026-06-16T02,231.360
2026-06-16T03,234.915
2026-06-16T04,232.101
2026-06-16T05,190.628
2026-06-16T06,156.413
2026-06-16T07,205.143
2026-06-16T08,262.317
2026-06-16T09,324.378
2026-06-16T10,468.201
2026-06-16T11,514.117
2026-06-16T12,582.844
2026-06-16T13,591.583
2026-06-16T14,576.919
2026-06-16T15,573.661
2026-06-16T16,571.735
2026-06-16T17,564.478
2026-06-16T18,515.006
2026-06-16T19,484.198
2026-06-16T20,462.276
2026-06-16T21,411.768
2026-06-16T22,368.369
2026-06-16T23,299.346
2026-06-17T00,288.978
2026-06-17T01,282.017
2026-06-17T02,271.649
2026-06-17T03,271.945
2026-06-17T04,233.434
2026-06-17T05,209.143
2026-06-17T06,164.411
2026-06-17T07,208.846
2026-06-17T08,265.724
2026-06-17T09,332.969
2026-06-17T10,464.350
2026-06-17T11,497.973
2026-06-17T12,584.030
2026-06-17T13,578.105
2026-06-17T14,564.774
2026-06-17T15,561.812
2026-06-17T16,560.923
2026-06-17T17,537.965
2026-06-17T18,481.088
2026-06-17T19,482.421
2026-06-17T20,465.683
2026-06-17T21,433.394
2026-06-17T22,354.447
2026-06-17T23,296.681
2026-06-18T00,283.350
2026-06-18T01,277.869
2026-06-18T02,268.538
2026-06-18T03,270.760
2026-06-18T04,269.723
2026-06-18T05,248.246
2026-06-18T06,157.005
2026-06-18T07,201.292
2026-06-18T08,260.836
2026-06-18T09,322.897
2026-06-18T10,435.763
2026-06-18T11,484.642
2026-06-18T12,566.403
2026-06-18T13,577.216
2026-06-18T14,574.994
2026-06-18T15,570.402
2026-06-18T16,570.551
2026-06-18T17,557.961
2026-06-18T18,509.378
2026-06-18T19,505.971
2026-06-18T20,492.048
2026-06-18T21,420.803
2026-06-18T22,329.711
2026-06-18T23,264.391
2026-06-19T00,242.765
2026-06-19T01,238.174
2026-06-19T02,230.768
2026-06-19T03,230.323
2026-06-19T04,208.994
2026-06-19T05,186.480
2026-06-19T06,161.597
2026-06-19T07,203.070
2026-06-19T08,262.761
2026-06-19T09,337.857
2026-06-19T10,465.979
2026-06-19T11,485.234
2026-06-19T12,590.991
2026-06-19T13,591.139
2026-06-19T14,577.216
2026-06-19T15,583.733
2026-06-19T16,563.885
2026-06-19T17,548.184
2026-06-19T18,497.676
2026-06-19T19,498.861
2026-06-19T20,495.455
2026-06-19T21,465.979
2026-06-19T22,310.751
2026-06-19T23,174.927
2026-06-20T00,141.897
2026-06-20T01,135.232
2026-06-20T02,124.419
2026-06-20T03,128.566
2026-06-20T04,126.197
2026-06-20T05,125.900
2026-06-20T06,148.711
2026-06-20T07,199.219
2026-06-20T08,259.503
2026-06-20T09,344.226
2026-06-20T10,593.213
2026-06-20T11,605.803
2026-06-20T12,620.615
2026-06-20T13,628.169
2026-06-20T14,619.726
2026-06-20T15,622.688
2026-06-20T16,610.098
2026-06-20T17,613.801
2026-06-20T18,618.985
2026-06-20T19,627.280
2026-06-20T20,616.467
2026-06-20T21,579.438
2026-06-20T22,348.818
2026-06-20T23,173.298
2026-06-21T00,141.838
2026-06-21T01,136.387
2026-06-21T02,125.249
2026-06-21T03,128.567
2026-06-21T04,126.197
2026-06-21T05,126.197
2026-06-21T06,133.662
2026-06-21T07,144.919
2026-06-21T08,189.947
2026-06-21T09,264.954
2026-06-21T10,321.594
2026-06-21T11,513.674
2026-06-21T12,551.236
2026-06-21T13,598.397
2026-06-21T14,600.411
2026-06-21T15,604.559
2026-06-21T16,598.990
2026-06-21T17,602.070
2026-06-21T18,564.271
2026-06-21T19,555.621
2026-06-21T20,526.352
2026-06-21T21,353.469
2026-06-21T22,325.386
2026-06-21T23,267.916
2026-06-22T00,252.986
2026-06-22T01,250.142
2026-06-22T02,237.818
2026-06-22T03,241.966
2026-06-22T04,238.648
2026-06-22T05,179.875
2026-06-22T06,162.100
2026-06-22T07,204.284
2026-06-22T08,261.162
2026-06-22T09,343.278
2026-06-22T10,502.890
2026-06-22T11,515.688
2026-06-22T12,597.093
2026-06-22T13,603.018
2026-06-22T14,589.510
2026-06-22T15,582.519
2026-06-22T16,585.126
2026-06-22T17,568.062
2026-06-22T18,515.569
2026-06-22T19,508.460
2026-06-22T20,470.660
2026-06-22T21,437.008
2026-06-22T22,337.591
2026-06-22T23,258.318
2026-06-23T00,244.395
2026-06-23T01,241.728
2026-06-23T02,231.360
2026-06-23T03,234.915
2026-06-23T04,232.101
2026-06-23T05,190.628
2026-06-23T06,156.413
2026-06-23T07,205.143
2026-06-23T08,262.317
2026-06-23T09,324.378
2026-06-23T10,468.201
2026-06-23T11,514.117
2026-06-23T12,582.844
2026-06-23T13,591.583
2026-06-23T14,576.919
2026-06-23T15,573.661
2026-06-23T16,571.735
2026-06-23T17,564.478
2026-06-23T18,515.006
2026-06-23T19,484.198
2026-06-23T20,462.276
2026-06-23T21,411.768
2026-06-23T22,368.369
2026-06-23T23,299.346
2026-06-24T00,288.978
2026-06-24T01,282.017
2026-06-24T02,271.649
2026-06-24T03,271.945
2026-06-24T04,233.434
2026-06-24T05,209.143
2026-06-24T06,164.411
2026-06-24T07,208.846
2026-06-24T08,265.724
2026-06-24T09,332.969
2026-06-24T10,464.350
2026-06-24T11,497.973
2026-06-24T12,584.030
2026-06-24T13,578.105
2026-06-24T14,564.774
2026-06-24T15,561.812
2026-06-24T16,560.923
2026-06-24T17,537.965
2026-06-24T18,481.088
2026-06-24T19,482.421
2026-06-24T20,465.683
2026-06-24T21,433.394
2026-06-24T22,354.447
2026-06-24T23,296.681
2026-06-25T00,283.350
2026-06-25T01,277.869
2026-06-25T02,268.538
2026-06-25T03,270.760
2026-06-25T04,269.723
2026-06-25T05,248.246
2026-06-25T06,157.005
2026-06-25T07,201.292
2026-06-25T08,260.836
2026-06-25T09,322.897
2026-06-25T10,435.763
2026-06-25T11,484.642
2026-06-25T12,566.403
2026-06-25T13,577.216
2026-06-25T14,574.994
2026-06-25T15,570.402
2026-06-25T16,570.551
2026-06-25T17,557.961
2026-06-25T18,509.378
2026-06-25T19,505.971
2026-06-25T20,492.048
2026-06-25T21,420.803
2026-06-25T22,329.711
2026-06-25T23,264.391
2026-06-26T00,242.765
2026-06-26T01,238.174
2026-06-26T02,230.768
2026-06-26T03,230.323
2026-06-26T04,208.994
2026-06-26T05,186.480
2026-06-26T06,161.597
2026-06-26T07,203.070
2026-06-26T08,262.761
2026-06-26T09,337.857
2026-06-26T10,465.979
2026-06-26T11,485.234
2026-06-26T12,590.991
2026-06-26T13,591.139
2026-06-26T14,577.216
2026-06-26T15,583.733
2026-06-26T16,563.885
2026-06-26T17,548.184
2026-06-26T18,497.676
2026-06-26T19,498.861
2026-06-26T20,495.455
2026-06-26T21,465.979
2026-06-26T22,310.751
2026-06-26T23,174.927
2026-06-27T00,141.897
2026-06-27T01,135.232
2026-06-27T02,124.419
2026-06-27T03,128.566
2026-06-27T04,126.197
2026-06-27T05,125.900
2026-06-27T06,148.711
2026-06-27T07,199.219
2026-06-27T08,259.503
2026-06-27T09,344.226
2026-06-27T10,593.213
2026-06-27T11,605.803
2026-06-27T12,620.615
2026-06-27T13,628.169
2026-06-27T14,619.726
2026-06-27T15,622.688
2026-06-27T16,610.098
2026-06-27T17,613.801
2026-06-27T18,618.985
2026-06-27T19,627.280
2026-06-27T20,616.467
2026-06-27T21,579.438
2026-06-27T22,348.818
2026-06-27T23,173.298
2026-06-28T00,141.838
2026-06-28T01,136.387
2026-06-28T02,125.249
2026-06-28T03,128.567
2026-06-28T04,126.197
2026-06-28T05,126.197
2026-06-28T06,133.662
2026-06-28T07,144.919
2026-06-28T08,189.947
2026-06-28T09,264.954
2026-06-28T10,321.594
2026-06-28T11,513.674
2026-06-28T12,551.236
2026-06-28T13,598.397
2026-06-28T14,600.411
2026-06-28T15,604.559
2026-06-28T16,598.990
2026-06-28T17,602.070
2026-06-28T18,564.271
2026-06-28T19,555.621
2026-06-28T20,526.352
2026-06-28T21,353.469
2026-06-28T22,325.386
2026-06-28T23,267.916
2026-06-29T00,252.986
2026-06-29T01,250.142
2026-06-29T02,237.818
2026-06-29T03,241.966
2026-06-29T04,238.648
2026-06-29T05,179.875
2026-06-29T06,162.100
2026-06-29T07,204.284
2026-06-29T08,261.162
2026-06-29T09,343.278
2026-06-29T10,502.890
2026-06-29T11,515.688
2026-06-29T12,597.093
2026-06-29T13,603.018
2026-06-29T14,589.510
2026-06-29T15,582.519
2026-06-29T16,585.126
2026-06-29T17,568.062
2026-06-29T18,515.569
2026-06-29T19,508.460
2026-06-29T20,470.660
2026-06-29T21,437.008
2026-06-29T22,337.591
2026-06-29T23,258.318
2026-06-30T00,244.394
2026-06-30T01,241.728
2026-06-30T02,231.360
2026-06-30T03,234.915
2026-06-30T04,232.101
2026-06-30T05,190.628
2026-06-30T06,156.412
2026-06-30T07,205.143
2026-06-30T08,262.317
2026-06-30T09,324.378
2026-06-30T10,468.200
2026-06-30T11,514.117
2026-06-30T12,582.844
2026-06-30T13,591.582
2026-06-30T14,576.919
2026-06-30T15,573.660
2026-06-30T16,571.735
2026-06-30T17,564.477
2026-06-30T18,515.006
2026-06-30T19,484.197
2026-06-30T20,462.276
2026-06-30T21,411.767
2026-06-30T22,368.369
2026-06-30T23,299.346
2026-07-01T00,316.667
2026-07-01T01,310.854
2026-07-01T02,296.565
2026-07-01T03,289.541
2026-07-01T04,272.588
2026-07-01T05,222.696
2026-07-01T06,237.106
2026-07-01T07,271.861
2026-07-01T08,264.595
2026-07-01T09,333.741
2026-07-01T10,459.923
2026-07-01T11,490.924
2026-07-01T12,580.656
2026-07-01T13,580.172
2026-07-01T14,560.675
2026-07-01T15,568.668
2026-07-01T16,563.582
2026-07-01T17,543.601
2026-07-01T18,481.721
2026-07-01T19,475.060
2026-07-01T20,453.626
2026-07-01T21,417.661
2026-07-01T22,331.561
2026-07-01T23,254.786
2026-07-02T00,230.809
2026-07-02T01,226.934
2026-07-02T02,217.126
2026-07-02T03,232.020
2026-07-02T04,254.908
2026-07-02T05,210.829
2026-07-02T06,166.507
2026-07-02T07,206.953
2026-07-02T08,259.025
2026-07-02T09,324.175
2026-07-02T10,449.388
2026-07-02T11,466.220
2026-07-02T12,537.304
2026-07-02T13,544.570
2026-07-02T14,533.550
2026-07-02T15,536.456
2026-07-02T16,528.827
2026-07-02T17,521.561
2026-07-02T18,465.010
2026-07-02T19,466.099
2026-07-02T20,448.056
2026-07-02T21,413.180
2026-07-02T22,369.828
2026-07-02T23,311.944
2026-07-03T00,300.319
2026-07-03T01,297.140
2026-07-03T02,285.333
2026-07-03T03,275.343
2026-07-03T04,245.825
2026-07-03T05,208.740
2026-07-03T06,168.475
2026-07-03T07,206.318
2026-07-03T08,261.871
2026-07-03T09,333.015
2026-07-03T10,452.143
2026-07-03T11,479.844
2026-07-03T12,545.387
2026-07-03T13,550.837
2026-07-03T14,523.136
2026-07-03T15,517.838
2026-07-03T16,514.659
2026-07-03T17,511.026
2026-07-03T18,478.330
2026-07-03T19,478.633
2026-07-03T20,467.734
2026-07-03T21,440.639
2026-07-03T22,299.865
2026-07-03T23,175.741
2026-07-04T00,149.857
2026-07-04T01,140.472
2026-07-04T02,127.454
2026-07-04T03,132.600
2026-07-04T04,126.243
2026-07-04T05,134.417
2026-07-04T06,161.966
2026-07-04T07,194.814
2026-07-04T08,246.582
2026-07-04T09,326.354
2026-07-04T10,491.651
2026-07-04T11,529.948
2026-07-04T12,548.112
2026-07-04T13,553.259
2026-07-04T14,542.360
2026-07-04T15,549.929
2026-07-04T16,549.323
2026-07-04T17,569.607
2026-07-04T18,573.088
2026-07-04T19,569.001
2026-07-04T20,561.584
2026-07-04T21,531.461
2026-07-04T22,315.607
2026-07-04T23,174.681
2026-07-05T00,144.256
2026-07-05T01,142.288
2026-07-05T02,131.087
2026-07-05T03,134.568
2026-07-05T04,131.692
2026-07-05T05,133.811
2026-07-05T06,135.325
2026-07-05T07,146.224
2026-07-05T08,202.685
2026-07-05T09,264.747
2026-07-05T10,316.515
2026-07-05T11,444.877
2026-07-05T12,492.408
2026-07-05T13,552.199
2026-07-05T14,549.323
2026-07-05T15,550.988
2026-07-05T16,543.722
2026-07-05T17,547.506
2026-07-05T18,527.525
2026-07-05T19,515.719
2026-07-05T20,490.743
2026-07-05T21,324.992
2026-07-05T22,333.923
2026-07-05T23,280.338
2026-07-06T00,269.439
2026-07-06T01,263.990
2026-07-06T02,251.123
2026-07-06T03,252.183
2026-07-06T04,240.073
2026-07-06T05,161.966
2026-07-06T06,168.778
2026-07-06T07,203.896
2026-07-06T08,250.972
2026-07-06T09,329.230
2026-07-06T10,464.101
2026-07-06T11,471.519
2026-07-06T12,544.025
2026-07-06T13,546.750
2026-07-06T14,543.571
2026-07-06T15,546.144
2026-07-06T16,555.983
2026-07-06T17,526.315
2026-07-06T18,477.119
2026-07-06T19,472.275
2026-07-06T20,457.895
2026-07-06T21,427.318
2026-07-06T22,349.665
2026-07-06T23,272.618
2026-07-07T00,252.001
2026-07-07T01,247.521
2026-07-07T02,228.266
2026-07-07T03,202.473
2026-07-07T04,192.301
2026-07-07T05,190.484
2026-07-07T06,162.390
2026-07-07T07,211.434
2026-07-07T08,258.419
2026-07-07T09,356.871
2026-07-07T10,495.526
2026-07-07T11,524.225
2026-07-07T12,570.242
2026-07-07T13,557.527
2026-07-07T14,565.883
2026-07-07T15,567.699
2026-07-07T16,559.828
2026-07-07T17,567.215
2026-07-07T18,480.389
2026-07-07T19,476.998
2026-07-07T20,461.861
2026-07-07T21,426.138
2026-07-07T22,360.988
2026-07-07T23,320.663
2026-07-08T00,316.667
2026-07-08T01,310.854
2026-07-08T02,296.565
2026-07-08T03,289.541
2026-07-08T04,272.588
2026-07-08T05,222.696
2026-07-08T06,237.106
2026-07-08T07,271.861
2026-07-08T08,264.595
2026-07-08T09,333.741
2026-07-08T10,459.923
2026-07-08T11,490.924
2026-07-08T12,580.656
2026-07-08T13,580.172
2026-07-08T14,560.675
2026-07-08T15,568.668
2026-07-08T16,563.582
2026-07-08T17,543.601
2026-07-08T18,481.721
2026-07-08T19,475.060
2026-07-08T20,453.626
2026-07-08T21,417.661
2026-07-08T22,331.561
2026-07-08T23,254.786
2026-07-09T00,230.809
2026-07-09T01,226.934
2026-07-09T02,217.126
2026-07-09T03,232.020
2026-07-09T04,254.908
2026-07-09T05,210.829
2026-07-09T06,166.507
2026-07-09T07,206.953
2026-07-09T08,259.025
2026-07-09T09,324.175
2026-07-09T10,449.388
2026-07-09T11,466.220
2026-07-09T12,537.304
2026-07-09T13,544.570
2026-07-09T14,533.550
2026-07-09T15,536.456
2026-07-09T16,528.827
2026-07-09T17,521.561
2026-07-09T18,465.010
2026-07-09T19,466.099
2026-07-09T20,448.056
2026-07-09T21,413.180
2026-07-09T22,369.828
2026-07-09T23,311.944
2026-07-10T00,300.319
2026-07-10T01,297.140
2026-07-10T02,285.333
2026-07-10T03,275.343
2026-07-10T04,245.825
2026-07-10T05,208.740
2026-07-10T06,168.475
2026-07-10T07,206.318
2026-07-10T08,261.871
2026-07-10T09,333.015
2026-07-10T10,452.143
2026-07-10T11,479.844
2026-07-10T12,545.387
2026-07-10T13,550.837
2026-07-10T14,523.136
2026-07-10T15,517.838
2026-07-10T16,514.659
2026-07-10T17,511.026
2026-07-10T18,478.330
2026-07-10T19,478.633
2026-07-10T20,467.734
2026-07-10T21,440.639
2026-07-10T22,299.865
2026-07-10T23,175.741
2026-07-11T00,149.857
2026-07-11T01,140.472
2026-07-11T02,127.454
2026-07-11T03,132.600
2026-07-11T04,126.243
2026-07-11T05,134.417
2026-07-11T06,161.966
2026-07-11T07,194.814
2026-07-11T08,246.582
2026-07-11T09,326.354
2026-07-11T10,491.651
2026-07-11T11,529.948
2026-07-11T12,548.112
2026-07-11T13,553.259
2026-07-11T14,542.360
2026-07-11T15,549.929
2026-07-11T16,549.323
2026-07-11T17,569.607
2026-07-11T18,573.088
2026-07-11T19,569.001
2026-07-11T20,561.584
2026-07-11T21,531.461
2026-07-11T22,315.607
2026-07-11T23,174.681
2026-07-12T00,144.256
2026-07-12T01,142.288
2026-07-12T02,131.087
2026-07-12T03,134.568
2026-07-12T04,131.692
2026-07-12T05,133.811
2026-07-12T06,135.325
2026-07-12T07,146.224
2026-07-12T08,202.685
2026-07-12T09,264.747
2026-07-12T10,316.515
2026-07-12T11,444.877
2026-07-12T12,492.408
2026-07-12T13,552.199
2026-07-12T14,549.323
2026-07-12T15,550.988
2026-07-12T16,543.722
2026-07-12T17,547.506
2026-07-12T18,527.525
2026-07-12T19,515.719
2026-07-12T20,490.743
2026-07-12T21,324.992
2026-07-12T22,333.923
2026-07-12T23,280.338
2026-07-13T00,269.439
2026-07-13T01,263.990
2026-07-13T02,251.123
2026-07-13T03,252.183
2026-07-13T04,240.073
2026-07-13T05,161.966
2026-07-13T06,168.778
2026-07-13T07,203.896
2026-07-13T08,250.972
2026-07-13T09,329.230
2026-07-13T10,464.101
2026-07-13T11,471.519
2026-07-13T12,544.025
2026-07-13T13,546.750
2026-07-13T14,543.571
2026-07-13T15,546.144
2026-07-13T16,555.983
2026-07-13T17,526.315
2026-07-13T18,477.119
2026-07-13T19,472.275
2026-07-13T20,457.895
2026-07-13T21,427.318
2026-07-13T22,349.665
2026-07-13T23,272.618
2026-07-14T00,252.001
2026-07-14T01,247.521
2026-07-14T02,228.266
2026-07-14T03,202.473
2026-07-14T04,192.301
2026-07-14T05,190.484
2026-07-14T06,162.390
2026-07-14T07,211.434
2026-07-14T08,258.419
2026-07-14T09,356.871
2026-07-14T10,495.526
2026-07-14T11,524.225
2026-07-14T12,570.242
2026-07-14T13,557.527
2026-07-14T14,565.883
2026-07-14T15,567.699
2026-07-14T16,559.828
2026-07-14T17,567.215
2026-07-14T18,480.389
2026-07-14T19,476.998
2026-07-14T20,461.861
2026-07-14T21,426.138
2026-07-14T22,360.988
2026-07-14T23,320.663
2026-07-15T00,316.667
2026-07-15T01,310.854
2026-07-15T02,296.565
2026-07-15T03,289.541
2026-07-15T04,272.588
2026-07-15T05,222.696
2026-07-15T06,237.106
2026-07-15T07,271.861
2026-07-15T08,264.595
2026-07-15T09,333.741
2026-07-15T10,459.923
2026-07-15T11,490.924
2026-07-15T12,580.656
2026-07-15T13,580.172
2026-07-15T14,560.675
2026-07-15T15,568.668
2026-07-15T16,563.582
2026-07-15T17,543.601
2026-07-15T18,481.721
2026-07-15T19,475.060
2026-07-15T20,453.626
2026-07-15T21,417.661
2026-07-15T22,331.561
2026-07-15T23,254.786
2026-07-16T00,230.809
2026-07-16T01,226.934
2026-07-16T02,217.126
2026-07-16T03,232.020
2026-07-16T04,254.908
2026-07-16T05,210.829
2026-07-16T06,166.507
2026-07-16T07,206.953
2026-07-16T08,259.025
2026-07-16T09,324.175
2026-07-16T10,449.388
2026-07-16T11,466.220
2026-07-16T12,537.304
2026-07-16T13,544.570
2026-07-16T14,533.550
2026-07-16T15,536.456
2026-07-16T16,528.827
2026-07-16T17,521.561
2026-07-16T18,465.010
2026-07-16T19,466.099
2026-07-16T20,448.056
2026-07-16T21,413.180
2026-07-16T22,369.828
2026-07-16T23,311.944
2026-07-17T00,300.319
2026-07-17T01,297.140
2026-07-17T02,285.333
2026-07-17T03,275.343
2026-07-17T04,245.825
2026-07-17T05,208.740
2026-07-17T06,168.475
2026-07-17T07,206.318
2026-07-17T08,261.871
2026-07-17T09,333.015
2026-07-17T10,452.143
2026-07-17T11,479.844
2026-07-17T12,545.387
2026-07-17T13,550.837
2026-07-17T14,523.136
2026-07-17T15,517.838
2026-07-17T16,514.659
2026-07-17T17,511.026
2026-07-17T18,478.330
2026-07-17T19,478.633
2026-07-17T20,467.734
2026-07-17T21,440.639
2026-07-17T22,299.865
2026-07-17T23,175.741
2026-07-18T00,149.857
2026-07-18T01,140.472
2026-07-18T02,127.454
2026-07-18T03,132.600
2026-07-18T04,126.243
2026-07-18T05,134.417
2026-07-18T06,161.966
2026-07-18T07,194.814
2026-07-18T08,246.582
2026-07-18T09,326.354
2026-07-18T10,491.651
2026-07-18T11,529.948
2026-07-18T12,548.112
2026-07-18T13,553.259
2026-07-18T14,542.360
2026-07-18T15,549.929
2026-07-18T16,549.323
2026-07-18T17,569.607
2026-07-18T18,573.088
2026-07-18T19,569.001
2026-07-18T20,561.584
2026-07-18T21,531.461
2026-07-18T22,315.607
2026-07-18T23,174.681
2026-07-19T00,144.256
2026-07-19T01,142.288
2026-07-19T02,131.087
2026-07-19T03,134.568
2026-07-19T04,131.692
2026-07-19T05,133.811
2026-07-19T06,135.325
2026-07-19T07,146.224
2026-07-19T08,202.685
2026-07-19T09,264.747
2026-07-19T10,316.515
2026-07-19T11,444.877
2026-07-19T12,492.408
2026-07-19T13,552.199
2026-07-19T14,549.323
2026-07-19T15,550.988
2026-07-19T16,543.722
2026-07-19T17,547.506
2026-07-19T18,527.525
2026-07-19T19,515.719
2026-07-19T20,490.743
2026-07-19T21,324.992
2026-07-19T22,333.923
2026-07-19T23,280.338
2026-07-20T00,269.439
2026-07-20T01,263.990
2026-07-20T02,251.123
2026-07-20T03,252.183
2026-07-20T04,240.073
2026-07-20T05,161.966
2026-07-20T06,168.778
2026-07-20T07,203.896
2026-07-20T08,250.972
2026-07-20T09,329.230
2026-07-20T10,464.101
2026-07-20T11,471.519
2026-07-20T12,544.025
2026-07-20T13,546.750
2026-07-20T14,543.571
2026-07-20T15,546.144
2026-07-20T16,555.983
2026-07-20T17,526.315
2026-07-20T18,477.119
2026-07-20T19,472.275
2026-07-20T20,457.895
2026-07-20T21,427.318
2026-07-20T22,349.665
2026-07-20T23,272.618
2026-07-21T00,252.001
2026-07-21T01,247.521
2026-07-21T02,228.266
2026-07-21T03,202.473
2026-07-21T04,192.301
2026-07-21T05,190.484
2026-07-21T06,162.390
2026-07-21T07,211.434
2026-07-21T08,258.419
2026-07-21T09,356.871
2026-07-21T10,495.526
2026-07-21T11,524.225
2026-07-21T12,570.242
2026-07-21T13,557.527
2026-07-21T14,565.883
2026-07-21T15,567.699
2026-07-21T16,559.828
2026-07-21T17,567.215
2026-07-21T18,480.389
2026-07-21T19,476.998
2026-07-21T20,461.861
2026-07-21T21,426.138
2026-07-21T22,360.988
2026-07-21T23,320.663
2026-07-22T00,316.667
2026-07-22T01,310.854
2026-07-22T02,296.565
2026-07-22T03,289.541
2026-07-22T04,272.588
2026-07-22T05,222.696
2026-07-22T06,237.106
2026-07-22T07,271.861
2026-07-22T08,264.595
2026-07-22T09,333.741
2026-07-22T10,459.923
2026-07-22T11,490.924
2026-07-22T12,580.656
2026-07-22T13,580.172
2026-07-22T14,560.675
2026-07-22T15,568.668
2026-07-22T16,563.582
2026-07-22T17,543.601
2026-07-22T18,481.721
2026-07-22T19,475.060
2026-07-22T20,453.626
2026-07-22T21,417.661
2026-07-22T22,331.561
2026-07-22T23,254.786
2026-07-23T00,230.809
2026-07-23T01,226.934
2026-07-23T02,217.126
2026-07-23T03,232.020
2026-07-23T04,254.908
2026-07-23T05,210.829
2026-07-23T06,166.507
2026-07-23T07,206.953
2026-07-23T08,259.025
2026-07-23T09,324.175
2026-07-23T10,449.388
2026-07-23T11,466.220
2026-07-23T12,537.304
2026-07-23T13,544.570
2026-07-23T14,533.550
2026-07-23T15,536.456
2026-07-23T16,528.827
2026-07-23T17,521.561
2026-07-23T18,465.010
2026-07-23T19,466.099
2026-07-23T20,448.056
2026-07-23T21,413.180
2026-07-23T22,369.828
2026-07-23T23,311.944
2026-07-24T00,300.319
2026-07-24T01,297.140
2026-07-24T02,285.333
2026-07-24T03,275.343
2026-07-24T04,245.825
2026-07-24T05,208.740
2026-07-24T06,168.475
2026-07-24T07,206.318
2026-07-24T08,261.871
2026-07-24T09,333.015
2026-07-24T10,452.143
2026-07-24T11,479.844
2026-07-24T12,545.387
2026-07-24T13,550.837
2026-07-24T14,523.136
2026-07-24T15,517.838
2026-07-24T16,514.659
2026-07-24T17,511.026
2026-07-24T18,478.330
2026-07-24T19,478.633
2026-07-24T20,467.734
2026-07-24T21,440.639
2026-07-24T22,299.865
2026-07-24T23,175.741
2026-07-25T00,149.857
2026-07-25T01,140.472
2026-07-25T02,127.454
2026-07-25T03,132.600
2026-07-25T04,126.243
2026-07-25T05,134.417
2026-07-25T06,161.966
2026-07-25T07,194.814
2026-07-25T08,246.582
2026-07-25T09,326.354
2026-07-25T10,491.651
2026-07-25T11,529.948
2026-07-25T12,548.112
2026-07-25T13,553.259
2026-07-25T14,542.360
2026-07-25T15,549.929
2026-07-25T16,549.323
2026-07-25T17,569.607
2026-07-25T18,573.088
2026-07-25T19,569.001
2026-07-25T20,561.584
2026-07-25T21,531.461
2026-07-25T22,315.607
2026-07-25T23,174.681
2026-07-26T00,144.256
2026-07-26T01,142.288
2026-07-26T02,131.087
2026-07-26T03,134.568
2026-07-26T04,131.692
2026-07-26T05,133.811
2026-07-26T06,135.325
2026-07-26T07,146.224
2026-07-26T08,202.685
2026-07-26T09,264.747
2026-07-26T10,316.515
2026-07-26T11,444.877
2026-07-26T12,492.408
2026-07-26T13,552.199
2026-07-26T14,549.323
2026-07-26T15,550.988
2026-07-26T16,543.722
2026-07-26T17,547.506
2026-07-26T18,527.525
2026-07-26T19,515.719
2026-07-26T20,490.743
2026-07-26T21,324.992
2026-07-26T22,333.923
2026-07-26T23,280.338
2026-07-27T00,269.439
2026-07-27T01,263.990
2026-07-27T02,251.123
2026-07-27T03,252.183
2026-07-27T04,240.073
2026-07-27T05,161.966
2026-07-27T06,168.778
2026-07-27T07,203.896
2026-07-27T08,250.972
2026-07-27T09,329.230
2026-07-27T10,464.101
2026-07-27T11,471.519
2026-07-27T12,544.025
2026-07-27T13,546.750
2026-07-27T14,543.571
2026-07-27T15,546.144
2026-07-27T16,555.983
2026-07-27T17,526.315
2026-07-27T18,477.119
2026-07-27T19,472.275
2026-07-27T20,457.895
2026-07-27T21,427.318
2026-07-27T22,349.665
2026-07-27T23,272.618
2026-07-28T00,252.001
2026-07-28T01,247.521
2026-07-28T02,228.266
2026-07-28T03,202.473
2026-07-28T04,192.301
2026-07-28T05,190.484
2026-07-28T06,162.390
2026-07-28T07,211.434
2026-07-28T08,258.419
2026-07-28T09,356.871
2026-07-28T10,495.526
2026-07-28T11,524.225
2026-07-28T12,570.242
2026-07-28T13,557.527
2026-07-28T14,565.883
2026-07-28T15,567.699
2026-07-28T16,559.828
2026-07-28T17,567.215
2026-07-28T18,480.389
2026-07-28T19,476.998
2026-07-28T20,461.861
2026-07-28T21,426.138
2026-07-28T22,360.988
2026-07-28T23,320.663
2026-07-29T00,316.667
2026-07-29T01,310.854
2026-07-29T02,296.565
2026-07-29T03,289.541
2026-07-29T04,272.588
2026-07-29T05,222.696
2026-07-29T06,237.106
2026-07-29T07,271.861
2026-07-29T08,264.595
2026-07-29T09,333.741
2026-07-29T10,459.923
2026-07-29T11,490.924
2026-07-29T12,580.656
2026-07-29T13,580.172
2026-07-29T14,560.675
2026-07-29T15,568.668
2026-07-29T16,563.582
2026-07-29T17,543.601
2026-07-29T18,481.721
2026-07-29T19,475.060
2026-07-29T20,453.626
2026-07-29T21,417.661
2026-07-29T22,331.561
2026-07-29T23,254.786
2026-07-30T00,230.809
2026-07-30T01,226.934
2026-07-30T02,217.126
2026-07-30T03,232.020
2026-07-30T04,254.908
2026-07-30T05,210.829
2026-07-30T06,166.507
2026-07-30T07,206.953
2026-07-30T08,259.025
2026-07-30T09,324.175
2026-07-30T10,449.388
2026-07-30T11,466.220
2026-07-30T12,537.304
2026-07-30T13,544.570
2026-07-30T14,533.550
2026-07-30T15,536.456
2026-07-30T16,528.827
2026-07-30T17,521.561
2026-07-30T18,465.010
2026-07-30T19,466.099
2026-07-30T20,448.056
2026-07-30T21,413.180
2026-07-30T22,369.828
2026-07-30T23,311.944
2026-07-31T00,300.319
2026-07-31T01,297.141
2026-07-31T02,285.334
2026-07-31T03,275.343
2026-07-31T04,245.826
2026-07-31T05,208.740
2026-07-31T06,168.476
2026-07-31T07,206.318
2026-07-31T08,261.871
2026-07-31T09,333.015
2026-07-31T10,452.144
2026-07-31T11,479.845
2026-07-31T12,545.388
2026-07-31T13,550.838
2026-07-31T14,523.137
2026-07-31T15,517.839
2026-07-31T16,514.660
2026-07-31T17,511.027
2026-07-31T18,478.331
2026-07-31T19,478.634
2026-07-31T20,467.735
2026-07-31T21,440.640
2026-07-31T22,299.865
2026-07-31T23,175.741
2026-08-01T00,144.845
2026-08-01T01,141.825
2026-08-01T02,130.832
2026-08-01T03,136.630
2026-08-01T04,131.798
2026-08-01T05,133.006
2026-08-01T06,160.429
2026-08-01T07,198.724
2026-08-01T08,245.597
2026-08-01T09,335.476
2026-08-01T10,568.508
2026-08-01T11,579.985
2026-08-01T12,597.260
2026-08-01T13,604.025
2026-08-01T14,591.461
2026-08-01T15,592.790
2026-08-01T16,579.381
2026-08-01T17,591.703
2026-08-01T18,593.032
2026-08-01T19,595.569
2026-08-01T20,593.032
2026-08-01T21,552.441
2026-08-01T22,304.066
2026-08-01T23,174.563
2026-08-02T00,141.825
2026-08-02T01,138.563
2026-08-02T02,126.604
2026-08-02T03,133.490
2026-08-02T04,129.141
2026-08-02T05,129.382
2026-08-02T06,138.080
2026-08-02T07,150.765
2026-08-02T08,200.295
2026-08-02T09,253.691
2026-08-02T10,310.831
2026-08-02T11,484.549
2026-08-02T12,511.851
2026-08-02T13,567.301
2026-08-02T14,563.676
2026-08-02T15,573.099
2026-08-02T16,561.985
2026-08-02T17,562.468
2026-08-02T18,547.126
2026-08-02T19,536.374
2026-08-02T20,513.542
2026-08-02T21,350.214
2026-08-02T22,343.811
2026-08-02T23,313.127
2026-08-03T00,289.026
2026-08-03T01,281.476
2026-08-03T02,265.318
2026-08-03T03,251.576
2026-08-03T04,204.764
2026-08-03T05,130.922
2026-08-03T06,165.050
2026-08-03T07,200.989
2026-08-03T08,243.422
2026-08-03T09,318.472
2026-08-03T10,435.502
2026-08-03T11,464.042
2026-08-03T12,573.220
2026-08-03T13,569.898
2026-08-03T14,555.250
2026-08-03T15,558.270
2026-08-03T16,549.814
2026-08-03T17,533.807
2026-08-03T18,462.683
2026-08-03T19,464.646
2026-08-03T20,442.599
2026-08-03T21,404.395
2026-08-03T22,345.351
2026-08-03T23,284.496
2026-08-04T00,266.526
2026-08-04T01,263.355
2026-08-04T02,261.241
2026-08-04T03,261.543
2026-08-04T04,208.993
2026-08-04T05,157.197
2026-08-04T06,168.221
2026-08-04T07,211.409
2026-08-04T08,255.805
2026-08-04T09,323.757
2026-08-04T10,442.901
2026-08-04T11,461.928
2026-08-04T12,547.096
2026-08-04T13,550.267
2026-08-04T14,537.582
2026-08-04T15,545.585
2026-08-04T16,538.337
2026-08-04T17,521.122
2026-08-04T18,456.039
2026-08-04T19,451.207
2026-08-04T20,440.636
2026-08-04T21,406.207
2026-08-04T22,364.378
2026-08-04T23,307.449
2026-08-05T00,293.556
2026-08-05T01,289.630
2026-08-05T02,276.945
2026-08-05T03,260.335
2026-08-05T04,205.368
2026-08-05T05,130.469
2026-08-05T06,167.768
2026-08-05T07,208.086
2026-08-05T08,257.163
2026-08-05T09,324.965
2026-08-05T10,443.203
2026-08-05T11,454.982
2026-08-05T12,549.209
2026-08-05T13,559.780
2026-08-05T14,548.001
2026-08-05T15,558.119
2026-08-05T16,548.605
2026-08-05T17,531.995
2026-08-05T18,459.210
2026-08-05T19,456.039
2026-08-05T20,440.183
2026-08-05T21,403.035
2026-08-05T22,364.227
2026-08-05T23,316.056
2026-08-06T00,300.200
2026-08-06T01,292.801
2026-08-06T02,268.791
2026-08-06T03,255.352
2026-08-06T04,207.030
2026-08-06T05,131.224
2026-08-06T06,170.033
2026-08-06T07,210.201
2026-08-06T08,255.805
2026-08-06T09,329.496
2026-08-06T10,452.415
2026-08-06T11,478.539
2026-08-06T12,580.770
2026-08-06T13,576.240
2026-08-06T14,561.139
2026-08-06T15,569.595
2026-08-06T16,564.008
2026-08-06T17,546.491
2026-08-06T18,466.458
2026-08-06T19,464.495
2026-08-06T20,448.790
2026-08-06T21,408.321
2026-08-06T22,377.516
2026-08-06T23,324.361
2026-08-07T00,306.240
2026-08-07T01,302.858
2026-08-07T02,290.415
2026-08-07T03,256.710
2026-08-07T04,219.140
2026-08-07T05,132.040
2026-08-07T06,165.020
2026-08-07T07,210.925
2026-08-07T08,261.422
2026-08-07T09,332.697
2026-08-07T10,451.569
2026-08-07T11,470.414
2026-08-07T12,565.971
2026-08-07T13,578.172
2026-08-07T14,565.246
2026-08-07T15,568.870
2026-08-07T16,562.830
2026-08-07T17,544.951
2026-08-07T18,467.515
2026-08-07T19,477.663
2026-08-07T20,471.622
2026-08-07T21,437.918
2026-08-07T22,281.596
2026-08-07T23,170.214
2026-08-08T00,144.845
2026-08-08T01,141.825
2026-08-08T02,130.832
2026-08-08T03,136.630
2026-08-08T04,131.798
2026-08-08T05,133.006
2026-08-08T06,160.429
2026-08-08T07,198.724
2026-08-08T08,245.597
2026-08-08T09,335.476
2026-08-08T10,568.508
2026-08-08T11,579.985
2026-08-08T12,597.260
2026-08-08T13,604.025
2026-08-08T14,591.461
2026-08-08T15,592.790
2026-08-08T16,579.381
2026-08-08T17,591.703
2026-08-08T18,593.032
2026-08-08T19,595.569
2026-08-08T20,593.032
2026-08-08T21,552.441
2026-08-08T22,304.066
2026-08-08T23,174.563
2026-08-09T00,141.825
2026-08-09T01,138.563
2026-08-09T02,126.604
2026-08-09T03,133.490
2026-08-09T04,129.141
2026-08-09T05,129.382
2026-08-09T06,138.080
2026-08-09T07,150.765
2026-08-09T08,200.295
2026-08-09T09,253.691
2026-08-09T10,310.831
2026-08-09T11,484.549
2026-08-09T12,511.851
2026-08-09T13,567.301
2026-08-09T14,563.676
2026-08-09T15,573.099
2026-08-09T16,561.985
2026-08-09T17,562.468
2026-08-09T18,547.126
2026-08-09T19,536.374
2026-08-09T20,513.542
2026-08-09T21,350.214
2026-08-09T22,343.811
2026-08-09T23,313.127
2026-08-10T00,289.026
2026-08-10T01,281.476
2026-08-10T02,265.318
2026-08-10T03,251.576
2026-08-10T04,204.764
2026-08-10T05,130.922
2026-08-10T06,165.050
2026-08-10T07,200.989
2026-08-10T08,243.422
2026-08-10T09,318.472
2026-08-10T10,435.502
2026-08-10T11,464.042
2026-08-10T12,573.220
2026-08-10T13,569.898
2026-08-10T14,555.250
2026-08-10T15,558.270
2026-08-10T16,549.814
2026-08-10T17,533.807
2026-08-10T18,462.683
2026-08-10T19,464.646
2026-08-10T20,442.599
2026-08-10T21,404.395
2026-08-10T22,345.351
2026-08-10T23,284.496
2026-08-11T00,266.526
2026-08-11T01,263.355
2026-08-11T02,261.241
2026-08-11T03,261.543
2026-08-11T04,208.993
2026-08-11T05,157.197
2026-08-11T06,168.221
2026-08-11T07,211.409
2026-08-11T08,255.805
2026-08-11T09,323.757
2026-08-11T10,442.901
2026-08-11T11,461.928
2026-08-11T12,547.096
2026-08-11T13,550.267
2026-08-11T14,537.582
2026-08-11T15,545.585
2026-08-11T16,538.337
2026-08-11T17,521.122
2026-08-11T18,456.039
2026-08-11T19,451.207
2026-08-11T20,440.636
2026-08-11T21,406.207
2026-08-11T22,364.378
2026-08-11T23,307.449
2026-08-12T00,293.556
2026-08-12T01,289.630
2026-08-12T02,276.945
2026-08-12T03,260.335
2026-08-12T04,205.368
2026-08-12T05,130.469
2026-08-12T06,167.768
2026-08-12T07,208.086
2026-08-12T08,257.163
2026-08-12T09,324.965
2026-08-12T10,443.203
2026-08-12T11,454.982
2026-08-12T12,549.209
2026-08-12T13,559.780
2026-08-12T14,548.001
2026-08-12T15,558.119
2026-08-12T16,548.605
2026-08-12T17,531.995
2026-08-12T18,459.210
2026-08-12T19,456.039
2026-08-12T20,440.183
2026-08-12T21,403.035
2026-08-12T22,364.227
2026-08-12T23,316.056
2026-08-13T00,300.200
2026-08-13T01,292.801
2026-08-13T02,268.791
2026-08-13T03,255.352
2026-08-13T04,207.030
2026-08-13T05,131.224
2026-08-13T06,170.033
2026-08-13T07,210.201
2026-08-13T08,255.805
2026-08-13T09,329.496
2026-08-13T10,452.415
2026-08-13T11,478.539
2026-08-13T12,580.770
2026-08-13T13,576.240
2026-08-13T14,561.139
2026-08-13T15,569.595
2026-08-13T16,564.008
2026-08-13T17,546.491
2026-08-13T18,466.458
2026-08-13T19,464.495
2026-08-13T20,448.790
2026-08-13T21,408.321
2026-08-13T22,377.516
2026-08-13T23,324.361
2026-08-14T00,306.240
2026-08-14T01,302.858
2026-08-14T02,290.415
2026-08-14T03,256.710
2026-08-14T04,219.140
2026-08-14T05,132.040
2026-08-14T06,165.020
2026-08-14T07,210.925
2026-08-14T08,261.422
2026-08-14T09,332.697
2026-08-14T10,451.569
2026-08-14T11,470.414
2026-08-14T12,565.971
2026-08-14T13,578.172
2026-08-14T14,565.246
2026-08-14T15,568.870
2026-08-14T16,562.830
2026-08-14T17,544.951
2026-08-14T18,467.515
2026-08-14T19,477.663
2026-08-14T20,471.622
2026-08-14T21,437.918
2026-08-14T22,281.596
2026-08-14T23,170.214
2026-08-15T00,144.845
2026-08-15T01,141.825
2026-08-15T02,130.832
2026-08-15T03,136.630
2026-08-15T04,131.798
2026-08-15T05,133.006
2026-08-15T06,160.429
2026-08-15T07,198.724
2026-08-15T08,245.597
2026-08-15T09,335.476
2026-08-15T10,568.508
2026-08-15T11,579.985
2026-08-15T12,597.260
2026-08-15T13,604.025
2026-08-15T14,591.461
2026-08-15T15,592.790
2026-08-15T16,579.381
2026-08-15T17,591.703
2026-08-15T18,593.032
2026-08-15T19,595.569
2026-08-15T20,593.032
2026-08-15T21,552.441
2026-08-15T22,304.066
2026-08-15T23,174.563
2026-08-16T00,141.825
2026-08-16T01,138.563
2026-08-16T02,126.604
2026-08-16T03,133.490
2026-08-16T04,129.141
2026-08-16T05,129.382
2026-08-16T06,138.080
2026-08-16T07,150.765
2026-08-16T08,200.295
2026-08-16T09,253.691
2026-08-16T10,310.831
2026-08-16T11,484.549
2026-08-16T12,511.851
2026-08-16T13,567.301
2026-08-16T14,563.676
2026-08-16T15,573.099
2026-08-16T16,561.985
2026-08-16T17,562.468
2026-08-16T18,547.126
2026-08-16T19,536.374
2026-08-16T20,513.542
2026-08-16T21,350.214
2026-08-16T22,343.811
2026-08-16T23,313.127
2026-08-17T00,289.026
2026-08-17T01,281.476
2026-08-17T02,265.318
2026-08-17T03,251.576
2026-08-17T04,204.764
2026-08-17T05,130.922
2026-08-17T06,165.050
2026-08-17T07,200.989
2026-08-17T08,243.422
2026-08-17T09,318.472
2026-08-17T10,435.502
2026-08-17T11,464.042
2026-08-17T12,573.220
2026-08-17T13,569.898
2026-08-17T14,555.250
2026-08-17T15,558.270
2026-08-17T16,549.814
2026-08-17T17,533.807
2026-08-17T18,462.683
2026-08-17T19,464.646
2026-08-17T20,442.599
2026-08-17T21,404.395
2026-08-17T22,345.351
2026-08-17T23,284.496
2026-08-18T00,266.526
2026-08-18T01,263.355
2026-08-18T02,261.241
2026-08-18T03,261.543
2026-08-18T04,208.993
2026-08-18T05,157.197
2026-08-18T06,168.221
2026-08-18T07,211.409
2026-08-18T08,255.805
2026-08-18T09,323.757
2026-08-18T10,442.901
2026-08-18T11,461.928
2026-08-18T12,547.096
2026-08-18T13,550.267
2026-08-18T14,537.582
2026-08-18T15,545.585
2026-08-18T16,538.337
2026-08-18T17,521.122
2026-08-18T18,456.039
2026-08-18T19,451.207
2026-08-18T20,440.636
2026-08-18T21,406.207
2026-08-18T22,364.378
2026-08-18T23,307.449
2026-08-19T00,293.556
2026-08-19T01,289.630
2026-08-19T02,276.945
2026-08-19T03,260.335
2026-08-19T04,205.368
2026-08-19T05,130.469
2026-08-19T06,167.768
2026-08-19T07,208.086
2026-08-19T08,257.163
2026-08-19T09,324.965
2026-08-19T10,443.203
2026-08-19T11,454.982
2026-08-19T12,549.209
2026-08-19T13,559.780
2026-08-19T14,548.001
2026-08-19T15,558.119
2026-08-19T16,548.605
2026-08-19T17,531.995
2026-08-19T18,459.210
2026-08-19T19,456.039
2026-08-19T20,440.183
2026-08-19T21,403.035
2026-08-19T22,364.227
2026-08-19T23,316.056
2026-08-20T00,300.200
2026-08-20T01,292.801
2026-08-20T02,268.791
2026-08-20T03,255.352
2026-08-20T04,207.030
2026-08-20T05,131.224
2026-08-20T06,170.033
2026-08-20T07,210.201
2026-08-20T08,255.805
2026-08-20T09,329.496
2026-08-20T10,452.415
2026-08-20T11,478.539
2026-08-20T12,580.770
2026-08-20T13,576.240
2026-08-20T14,561.139
2026-08-20T15,569.595
2026-08-20T16,564.008
2026-08-20T17,546.491
2026-08-20T18,466.458
2026-08-20T19,464.495
2026-08-20T20,448.790
2026-08-20T21,408.321
2026-08-20T22,377.516
2026-08-20T23,324.361
2026-08-21T00,306.240
2026-08-21T01,302.858
2026-08-21T02,290.415
2026-08-21T03,256.710
2026-08-21T04,219.140
2026-08-21T05,132.040
2026-08-21T06,165.020
2026-08-21T07,210.925
2026-08-21T08,261.422
2026-08-21T09,332.697
2026-08-21T10,451.569
2026-08-21T11,470.414
2026-08-21T12,565.971
2026-08-21T13,578.172
2026-08-21T14,565.246
2026-08-21T15,568.870
2026-08-21T16,562.830
2026-08-21T17,544.951
2026-08-21T18,467.515
2026-08-21T19,477.663
2026-08-21T20,471.622
2026-08-21T21,437.918
2026-08-21T22,281.596
2026-08-21T23,170.214
2026-08-22T00,144.845
2026-08-22T01,141.825
2026-08-22T02,130.832
2026-08-22T03,136.630
2026-08-22T04,131.798
2026-08-22T05,133.006
2026-08-22T06,160.429
2026-08-22T07,198.724
2026-08-22T08,245.597
2026-08-22T09,335.476
2026-08-22T10,568.508
2026-08-22T11,579.985
2026-08-22T12,597.260
2026-08-22T13,604.025
2026-08-22T14,591.461
2026-08-22T15,592.790
2026-08-22T16,579.381
2026-08-22T17,591.703
2026-08-22T18,593.032
2026-08-22T19,595.569
2026-08-22T20,593.032
2026-08-22T21,552.441
2026-08-22T22,304.066
2026-08-22T23,174.563
2026-08-23T00,141.825
2026-08-23T01,138.563
2026-08-23T02,126.604
2026-08-23T03,133.490
2026-08-23T04,129.141
2026-08-23T05,129.382
2026-08-23T06,138.080
2026-08-23T07,150.765
2026-08-23T08,200.295
2026-08-23T09,253.691
2026-08-23T10,310.831
2026-08-23T11,484.549
2026-08-23T12,511.851
2026-08-23T13,567.301
2026-08-23T14,563.676
2026-08-23T15,573.099
2026-08-23T16,561.985
2026-08-23T17,562.468
2026-08-23T18,547.126
2026-08-23T19,536.374
2026-08-23T20,513.542
2026-08-23T21,350.214
2026-08-23T22,343.811
2026-08-23T23,313.127
2026-08-24T00,289.026
2026-08-24T01,281.476
2026-08-24T02,265.318
2026-08-24T03,251.576
2026-08-24T04,204.764
2026-08-24T05,130.922
2026-08-24T06,165.050
2026-08-24T07,200.989
2026-08-24T08,243.422
2026-08-24T09,318.472
2026-08-24T10,435.502
2026-08-24T11,464.042
2026-08-24T12,573.220
2026-08-24T13,569.898
2026-08-24T14,555.250
2026-08-24T15,558.270
2026-08-24T16,549.814
2026-08-24T17,533.807
2026-08-24T18,462.683
2026-08-24T19,464.646
2026-08-24T20,442.599
2026-08-24T21,404.395
2026-08-24T22,345.351
2026-08-24T23,284.496
2026-08-25T00,266.526
2026-08-25T01,263.355
2026-08-25T02,261.241
2026-08-25T03,261.543
2026-08-25T04,208.993
2026-08-25T05,157.197
2026-08-25T06,168.221
2026-08-25T07,211.409
2026-08-25T08,255.805
2026-08-25T09,323.757
2026-08-25T10,442.901
2026-08-25T11,461.928
2026-08-25T12,547.096
2026-08-25T13,550.267
2026-08-25T14,537.582
2026-08-25T15,545.585
2026-08-25T16,538.337
2026-08-25T17,521.122
2026-08-25T18,456.039
2026-08-25T19,451.207
2026-08-25T20,440.636
2026-08-25T21,406.207
2026-08-25T22,364.378
2026-08-25T23,307.449
2026-08-26T00,293.556
2026-08-26T01,289.630
2026-08-26T02,276.945
2026-08-26T03,260.335
2026-08-26T04,205.368
2026-08-26T05,130.469
2026-08-26T06,167.768
2026-08-26T07,208.086
2026-08-26T08,257.163
2026-08-26T09,324.965
2026-08-26T10,443.203
2026-08-26T11,454.982
2026-08-26T12,549.209
2026-08-26T13,559.780
2026-08-26T14,548.001
2026-08-26T15,558.119
2026-08-26T16,548.605
2026-08-26T17,531.995
2026-08-26T18,459.210
2026-08-26T19,456.039
2026-08-26T20,440.183
2026-08-26T21,403.035
2026-08-26T22,364.227
2026-08-26T23,316.056
2026-08-27T00,300.200
2026-08-27T01,292.801
2026-08-27T02,268.791
2026-08-27T03,255.352
2026-08-27T04,207.030
2026-08-27T05,131.224
2026-08-27T06,170.033
2026-08-27T07,210.201
2026-08-27T08,255.805
2026-08-27T09,329.496
2026-08-27T10,452.415
2026-08-27T11,478.539
2026-08-27T12,580.770
2026-08-27T13,576.240
2026-08-27T14,561.139
2026-08-27T15,569.595
2026-08-27T16,564.008
2026-08-27T17,546.491
2026-08-27T18,466.458
2026-08-27T19,464.495
2026-08-27T20,448.790
2026-08-27T21,408.321
2026-08-27T22,377.516
2026-08-27T23,324.361
2026-08-28T00,306.240
2026-08-28T01,302.858
2026-08-28T02,290.415
2026-08-28T03,256.710
2026-08-28T04,219.140
2026-08-28T05,132.040
2026-08-28T06,165.020
2026-08-28T07,210.925
2026-08-28T08,261.422
2026-08-28T09,332.697
2026-08-28T10,451.569
2026-08-28T11,470.414
2026-08-28T12,565.971
2026-08-28T13,578.172
2026-08-28T14,565.246
2026-08-28T15,568.870
2026-08-28T16,562.830
2026-08-28T17,544.951
2026-08-28T18,467.515
2026-08-28T19,477.663
2026-08-28T20,471.622
2026-08-28T21,437.918
2026-08-28T22,281.596
2026-08-28T23,170.214
2026-08-29T00,144.845
2026-08-29T01,141.825
2026-08-29T02,130.832
2026-08-29T03,136.630
2026-08-29T04,131.798
2026-08-29T05,133.006
2026-08-29T06,160.429
2026-08-29T07,198.724
2026-08-29T08,245.597
2026-08-29T09,335.476
2026-08-29T10,568.508
2026-08-29T11,579.985
2026-08-29T12,597.260
2026-08-29T13,604.025
2026-08-29T14,591.461
2026-08-29T15,592.790
2026-08-29T16,579.381
2026-08-29T17,591.703
2026-08-29T18,593.032
2026-08-29T19,595.569
2026-08-29T20,593.032
2026-08-29T21,552.441
2026-08-29T22,304.066
2026-08-29T23,174.563
2026-08-30T00,141.825
2026-08-30T01,138.563
2026-08-30T02,126.604
2026-08-30T03,133.490
2026-08-30T04,129.141
2026-08-30T05,129.382
2026-08-30T06,138.080
2026-08-30T07,150.765
2026-08-30T08,200.295
2026-08-30T09,253.691
2026-08-30T10,310.831
2026-08-30T11,484.549
2026-08-30T12,511.851
2026-08-30T13,567.301
2026-08-30T14,563.676
2026-08-30T15,573.099
2026-08-30T16,561.985
2026-08-30T17,562.468
2026-08-30T18,547.126
2026-08-30T19,536.374
2026-08-30T20,513.542
2026-08-30T21,350.214
2026-08-30T22,343.811
2026-08-30T23,313.127
2026-08-31T00,289.026
2026-08-31T01,281.476
2026-08-31T02,265.318
2026-08-31T03,251.576
2026-08-31T04,204.764
2026-08-31T05,130.922
2026-08-31T06,165.050
2026-08-31T07,200.989
2026-08-31T08,243.422
2026-08-31T09,318.472
2026-08-31T10,435.502
2026-08-31T11,464.042
2026-08-31T12,573.220
2026-08-31T13,569.898
2026-08-31T14,555.250
2026-08-31T15,558.270
2026-08-31T16,549.814
2026-08-31T17,533.807
2026-08-31T18,462.683
2026-08-31T19,464.646
2026-08-31T20,442.599
2026-08-31T21,404.395
2026-08-31T22,345.351
2026-08-31T23,284.496
2026-09-01T00,330.502
2026-09-01T01,315.878
2026-09-01T02,266.278
2026-09-01T03,231.668
2026-09-01T04,213.266
2026-09-01T05,141.487
2026-09-01T06,171.344
2026-09-01T07,223.137
2026-09-01T08,267.984
2026-09-01T09,337.082
2026-09-01T10,464.677
2026-09-01T11,501.480
2026-09-01T12,583.862
2026-09-01T13,596.414
2026-09-01T14,579.962
2026-09-01T15,584.471
2026-09-01T16,567.654
2026-09-01T17,547.180
2026-09-01T18,480.885
2026-09-01T19,478.204
2026-09-01T20,456.024
2026-09-01T21,417.758
2026-09-01T22,393.750
2026-09-01T23,337.082
2026-09-02T00,310.607
2026-09-02T01,324.165
2026-09-02T02,262.927
2026-09-02T03,227.738
2026-09-02T04,202.298
2026-09-02T05,144.259
2026-09-02T06,167.719
2026-09-02T07,221.492
2026-09-02T08,272.219
2026-09-02T09,343.054
2026-09-02T10,469.643
2026-09-02T11,521.588
2026-09-02T12,592.118
2026-09-02T13,596.841
2026-09-02T14,576.885
2026-09-02T15,582.826
2026-09-02T16,580.693
2026-09-02T17,554.492
2026-09-02T18,481.220
2026-09-02T19,476.802
2026-09-02T20,457.151
2026-09-02T21,420.591
2026-09-02T22,399.722
2026-09-02T23,342.749
2026-09-03T00,331.324
2026-09-03T01,318.528
2026-09-03T02,248.912
2026-09-03T03,234.136
2026-09-03T04,197.271
2026-09-03T05,135.576
2026-09-03T06,171.679
2026-09-03T07,219.512
2026-09-03T08,261.403
2026-09-03T09,327.516
2026-09-03T10,451.972
2026-09-03T11,511.687
2026-09-03T12,574.600
2026-09-03T13,577.037
2026-09-03T14,563.023
2026-09-03T15,567.288
2026-09-03T16,566.679
2026-09-03T17,555.101
2026-09-03T18,479.392
2026-09-03T19,473.603
2026-09-03T20,453.800
2026-09-03T21,418.306
2026-09-03T22,346.558
2026-09-03T23,294.155
2026-09-04T00,314.415
2026-09-04T01,312.130
2026-09-04T02,254.701
2026-09-04T03,250.131
2026-09-04T04,214.028
2026-09-04T05,136.186
2026-09-04T06,167.871
2026-09-04T07,212.352
2026-09-04T08,261.403
2026-09-04T09,330.715
2026-09-04T10,456.237
2026-09-04T11,532.709
2026-09-04T12,595.774
2026-09-04T13,586.482
2026-09-04T14,573.991
2026-09-04T15,581.607
2026-09-04T16,574.448
2026-09-04T17,555.101
2026-09-04T18,481.525
2026-09-04T19,486.856
2026-09-04T20,475.127
2026-09-04T21,446.640
2026-09-04T22,292.936
2026-09-04T23,179.144
2026-09-05T00,147.915
2026-09-05T01,139.080
2026-09-05T02,129.483
2026-09-05T03,134.815
2026-09-05T04,129.331
2026-09-05T05,133.139
2026-09-05T06,163.910
2026-09-05T07,203.365
2026-09-05T08,251.350
2026-09-05T09,350.975
2026-09-05T10,571.554
2026-09-05T11,585.111
2026-09-05T12,602.325
2026-09-05T13,606.286
2026-09-05T14,596.232
2026-09-05T15,606.133
2026-09-05T16,584.807
2026-09-05T17,601.563
2026-09-05T18,599.278
2026-09-05T19,594.708
2026-09-05T20,591.814
2026-09-05T21,559.824
2026-09-05T22,316.701
2026-09-05T23,182.800
2026-09-06T00,148.068
2026-09-06T01,138.623
2026-09-06T02,125.979
2026-09-06T03,134.053
2026-09-06T04,131.616
2026-09-06T05,132.530
2026-09-06T06,141.365
2026-09-06T07,153.399
2026-09-06T08,205.497
2026-09-06T09,252.416
2026-09-06T10,299.182
2026-09-06T11,439.024
2026-09-06T12,503.309
2026-09-06T13,586.178
2026-09-06T14,577.190
2026-09-06T15,579.475
2026-09-06T16,570.183
2026-09-06T17,576.581
2026-09-06T18,559.672
2026-09-06T19,544.134
2026-09-06T20,521.131
2026-09-06T21,351.280
2026-09-06T22,345.796
2026-09-06T23,293.089
2026-09-07T00,314.781
2026-09-07T01,296.379
2026-09-07T02,257.869
2026-09-07T03,238.127
2026-09-07T04,206.685
2026-09-07T05,144.046
2026-09-07T06,170.857
2026-09-07T07,214.850
2026-09-07T08,259.819
2026-09-07T09,335.498
2026-09-07T10,463.702
2026-09-07T11,514.520
2026-09-07T12,599.461
2026-09-07T13,600.679
2026-09-07T14,585.324
2026-09-07T15,590.930
2026-09-07T16,581.790
2026-09-07T17,566.069
2026-09-07T18,480.275
2026-09-07T19,481.738
2026-09-07T20,464.311
2026-09-07T21,427.629
2026-09-07T22,374.983
2026-09-07T23,333.548
2026-09-08T00,330.502
2026-09-08T01,315.878
2026-09-08T02,266.278
2026-09-08T03,231.668
2026-09-08T04,213.266
2026-09-08T05,141.487
2026-09-08T06,171.344
2026-09-08T07,223.137
2026-09-08T08,267.984
2026-09-08T09,337.082
2026-09-08T10,464.677
2026-09-08T11,501.480
2026-09-08T12,583.862
2026-09-08T13,596.414
2026-09-08T14,579.962
2026-09-08T15,584.471
2026-09-08T16,567.654
2026-09-08T17,547.180
2026-09-08T18,480.885
2026-09-08T19,478.204
2026-09-08T20,456.024
2026-09-08T21,417.758
2026-09-08T22,393.750
2026-09-08T23,337.082
2026-09-09T00,310.607
2026-09-09T01,324.165
2026-09-09T02,262.927
2026-09-09T03,227.738
2026-09-09T04,202.298
2026-09-09T05,144.259
2026-09-09T06,167.719
2026-09-09T07,221.492
2026-09-09T08,272.219
2026-09-09T09,343.054
2026-09-09T10,469.643
2026-09-09T11,521.588
2026-09-09T12,592.118
2026-09-09T13,596.841
2026-09-09T14,576.885
2026-09-09T15,582.826
2026-09-09T16,580.693
2026-09-09T17,554.492
2026-09-09T18,481.220
2026-09-09T19,476.802
2026-09-09T20,457.151
2026-09-09T21,420.591
2026-09-09T22,399.722
2026-09-09T23,342.749
2026-09-10T00,331.324
2026-09-10T01,318.528
2026-09-10T02,248.912
2026-09-10T03,234.136
2026-09-10T04,197.271
2026-09-10T05,135.576
2026-09-10T06,171.679
2026-09-10T07,219.512
2026-09-10T08,261.403
2026-09-10T09,327.516
2026-09-10T10,451.972
2026-09-10T11,511.687
2026-09-10T12,574.600
2026-09-10T13,577.037
2026-09-10T14,563.023
2026-09-10T15,567.288
2026-09-10T16,566.679
2026-09-10T17,555.101
2026-09-10T18,479.392
2026-09-10T19,473.603
2026-09-10T20,453.800
2026-09-10T21,418.306
2026-09-10T22,346.558
2026-09-10T23,294.155
2026-09-11T00,314.415
2026-09-11T01,312.130
2026-09-11T02,254.701
2026-09-11T03,250.131
2026-09-11T04,214.028
2026-09-11T05,136.186
2026-09-11T06,167.871
2026-09-11T07,212.352
2026-09-11T08,261.403
2026-09-11T09,330.715
2026-09-11T10,456.237
2026-09-11T11,532.709
2026-09-11T12,595.774
2026-09-11T13,586.482
2026-09-11T14,573.991
2026-09-11T15,581.607
2026-09-11T16,574.448
2026-09-11T17,555.101
2026-09-11T18,481.525
2026-09-11T19,486.856
2026-09-11T20,475.127
2026-09-11T21,446.640
2026-09-11T22,292.936
2026-09-11T23,179.144
2026-09-12T00,147.915
2026-09-12T01,139.080
2026-09-12T02,129.483
2026-09-12T03,134.815
2026-09-12T04,129.331
2026-09-12T05,133.139
2026-09-12T06,163.910
2026-09-12T07,203.365
2026-09-12T08,251.350
2026-09-12T09,350.975
2026-09-12T10,571.554
2026-09-12T11,585.111
2026-09-12T12,602.325
2026-09-12T13,606.286
2026-09-12T14,596.232
2026-09-12T15,606.133
2026-09-12T16,584.807
2026-09-12T17,601.563
2026-09-12T18,599.278
2026-09-12T19,594.708
2026-09-12T20,591.814
2026-09-12T21,559.824
2026-09-12T22,316.701
2026-09-12T23,182.800
2026-09-13T00,148.068
2026-09-13T01,138.623
2026-09-13T02,125.979
2026-09-13T03,134.053
2026-09-13T04,131.616
2026-09-13T05,132.530
2026-09-13T06,141.365
2026-09-13T07,153.399
2026-09-13T08,205.497
2026-09-13T09,252.416
2026-09-13T10,299.182
2026-09-13T11,439.024
2026-09-13T12,503.309
2026-09-13T13,586.178
2026-09-13T14,577.190
2026-09-13T15,579.475
2026-09-13T16,570.183
2026-09-13T17,576.581
2026-09-13T18,559.672
2026-09-13T19,544.134
2026-09-13T20,521.131
2026-09-13T21,351.280
2026-09-13T22,345.796
2026-09-13T23,293.089
2026-09-14T00,314.781
2026-09-14T01,296.379
2026-09-14T02,257.869
2026-09-14T03,238.127
2026-09-14T04,206.685
2026-09-14T05,144.046
2026-09-14T06,170.857
2026-09-14T07,214.850
2026-09-14T08,259.819
2026-09-14T09,335.498
2026-09-14T10,463.702
2026-09-14T11,514.520
2026-09-14T12,599.461
2026-09-14T13,600.679
2026-09-14T14,585.324
2026-09-14T15,590.930
2026-09-14T16,581.790
2026-09-14T17,566.069
2026-09-14T18,480.275
2026-09-14T19,481.738
2026-09-14T20,464.311
2026-09-14T21,427.629
2026-09-14T22,374.983
2026-09-14T23,333.548
2026-09-15T00,330.502
2026-09-15T01,315.878
2026-09-15T02,266.278
2026-09-15T03,231.668
2026-09-15T04,213.266
2026-09-15T05,141.487
2026-09-15T06,171.344
2026-09-15T07,223.137
2026-09-15T08,267.984
2026-09-15T09,337.082
2026-09-15T10,464.677
2026-09-15T11,501.480
2026-09-15T12,583.862
2026-09-15T13,596.414
2026-09-15T14,579.962
2026-09-15T15,584.471
2026-09-15T16,567.654
2026-09-15T17,547.180
2026-09-15T18,480.885
2026-09-15T19,478.204
2026-09-15T20,456.024
2026-09-15T21,417.758
2026-09-15T22,393.750
2026-09-15T23,337.082
2026-09-16T00,310.607
2026-09-16T01,324.165
2026-09-16T02,262.927
2026-09-16T03,227.738
2026-09-16T04,202.298
2026-09-16T05,144.259
2026-09-16T06,167.719
2026-09-16T07,221.492
2026-09-16T08,272.219
2026-09-16T09,343.054
2026-09-16T10,469.643
2026-09-16T11,521.588
2026-09-16T12,592.118
2026-09-16T13,596.841
2026-09-16T14,576.885
2026-09-16T15,582.826
2026-09-16T16,580.693
2026-09-16T17,554.492
2026-09-16T18,481.220
2026-09-16T19,476.802
2026-09-16T20,457.151
2026-09-16T21,420.591
2026-09-16T22,399.722
2026-09-16T23,342.749
2026-09-17T00,331.324
2026-09-17T01,318.528
2026-09-17T02,248.912
2026-09-17T03,234.136
2026-09-17T04,197.271
2026-09-17T05,135.576
2026-09-17T06,171.679
2026-09-17T07,219.512
2026-09-17T08,261.403
2026-09-17T09,327.516
2026-09-17T10,451.972
2026-09-17T11,511.687
2026-09-17T12,574.600
2026-09-17T13,577.037
2026-09-17T14,563.023
2026-09-17T15,567.288
2026-09-17T16,566.679
2026-09-17T17,555.101
2026-09-17T18,479.392
2026-09-17T19,473.603
2026-09-17T20,453.800
2026-09-17T21,418.306
2026-09-17T22,346.558
2026-09-17T23,294.155
2026-09-18T00,314.415
2026-09-18T01,312.130
2026-09-18T02,254.701
2026-09-18T03,250.131
2026-09-18T04,214.028
2026-09-18T05,136.186
2026-09-18T06,167.871
2026-09-18T07,212.352
2026-09-18T08,261.403
2026-09-18T09,330.715
2026-09-18T10,456.237
2026-09-18T11,532.709
2026-09-18T12,595.774
2026-09-18T13,586.482
2026-09-18T14,573.991
2026-09-18T15,581.607
2026-09-18T16,574.448
2026-09-18T17,555.101
2026-09-18T18,481.525
2026-09-18T19,486.856
2026-09-18T20,475.127
2026-09-18T21,446.640
2026-09-18T22,292.936
2026-09-18T23,179.144
2026-09-19T00,147.915
2026-09-19T01,139.080
2026-09-19T02,129.483
2026-09-19T03,134.815
2026-09-19T04,129.331
2026-09-19T05,133.139
2026-09-19T06,163.910
2026-09-19T07,203.365
2026-09-19T08,251.350
2026-09-19T09,350.975
2026-09-19T10,571.554
2026-09-19T11,585.111
2026-09-19T12,602.325
2026-09-19T13,606.286
2026-09-19T14,596.232
2026-09-19T15,606.133
2026-09-19T16,584.807
2026-09-19T17,601.563
2026-09-19T18,599.278
2026-09-19T19,594.708
2026-09-19T20,591.814
2026-09-19T21,559.824
2026-09-19T22,316.701
2026-09-19T23,182.800
2026-09-20T00,148.068
2026-09-20T01,138.623
2026-09-20T02,125.979
2026-09-20T03,134.053
2026-09-20T04,131.616
2026-09-20T05,132.530
2026-09-20T06,141.365
2026-09-20T07,153.399
2026-09-20T08,205.497
2026-09-20T09,252.416
2026-09-20T10,299.182
2026-09-20T11,439.024
2026-09-20T12,503.309
2026-09-20T13,586.178
2026-09-20T14,577.190
2026-09-20T15,579.475
2026-09-20T16,570.183
2026-09-20T17,576.581
2026-09-20T18,559.672
2026-09-20T19,544.134
2026-09-20T20,521.131
2026-09-20T21,351.280
2026-09-20T22,345.796
2026-09-20T23,293.089
2026-09-21T00,314.781
2026-09-21T01,296.379
2026-09-21T02,257.869
2026-09-21T03,238.127
2026-09-21T04,206.685
2026-09-21T05,144.046
2026-09-21T06,170.857
2026-09-21T07,214.850
2026-09-21T08,259.819
2026-09-21T09,335.498
2026-09-21T10,463.702
2026-09-21T11,514.520
2026-09-21T12,599.461
2026-09-21T13,600.679
2026-09-21T14,585.324
2026-09-21T15,590.930
2026-09-21T16,581.790
2026-09-21T17,566.069
2026-09-21T18,480.275
2026-09-21T19,481.738
2026-09-21T20,464.311
2026-09-21T21,427.629
2026-09-21T22,374.983
2026-09-21T23,333.548
2026-09-22T00,330.502
2026-09-22T01,315.878
2026-09-22T02,266.278
2026-09-22T03,231.668
2026-09-22T04,213.266
2026-09-22T05,141.487
2026-09-22T06,171.344
2026-09-22T07,223.137
2026-09-22T08,267.984
2026-09-22T09,337.082
2026-09-22T10,464.677
2026-09-22T11,501.480
2026-09-22T12,583.862
2026-09-22T13,596.414
2026-09-22T14,579.962
2026-09-22T15,584.471
2026-09-22T16,567.654
2026-09-22T17,547.180
2026-09-22T18,480.885
2026-09-22T19,478.204
2026-09-22T20,456.024
2026-09-22T21,417.758
2026-09-22T22,393.750
2026-09-22T23,337.082
2026-09-23T00,310.607
2026-09-23T01,324.165
2026-09-23T02,262.927
2026-09-23T03,227.738
2026-09-23T04,202.298
2026-09-23T05,144.259
2026-09-23T06,167.719
2026-09-23T07,221.492
2026-09-23T08,272.219
2026-09-23T09,343.054
2026-09-23T10,469.643
2026-09-23T11,521.588
2026-09-23T12,592.118
2026-09-23T13,596.841
2026-09-23T14,576.885
2026-09-23T15,582.826
2026-09-23T16,580.693
2026-09-23T17,554.492
2026-09-23T18,481.220
2026-09-23T19,476.802
2026-09-23T20,457.151
2026-09-23T21,420.591
2026-09-23T22,399.722
2026-09-23T23,342.749
2026-09-24T00,331.324
2026-09-24T01,318.528
2026-09-24T02,248.912
2026-09-24T03,234.136
2026-09-24T04,197.271
2026-09-24T05,135.576
2026-09-24T06,171.679
2026-09-24T07,219.512
2026-09-24T08,261.403
2026-09-24T09,327.516
2026-09-24T10,451.972
2026-09-24T11,511.687
2026-09-24T12,574.600
2026-09-24T13,577.037
2026-09-24T14,563.023
2026-09-24T15,567.288
2026-09-24T16,566.679
2026-09-24T17,555.101
2026-09-24T18,479.392
2026-09-24T19,473.603
2026-09-24T20,453.800
2026-09-24T21,418.306
2026-09-24T22,346.558
2026-09-24T23,294.155
2026-09-25T00,314.415
2026-09-25T01,312.130
2026-09-25T02,254.701
2026-09-25T03,250.131
2026-09-25T04,214.028
2026-09-25T05,136.186
2026-09-25T06,167.871
2026-09-25T07,212.352
2026-09-25T08,261.403
2026-09-25T09,330.715
2026-09-25T10,456.237
2026-09-25T11,532.709
2026-09-25T12,595.774
2026-09-25T13,586.482
2026-09-25T14,573.991
2026-09-25T15,581.607
2026-09-25T16,574.448
2026-09-25T17,555.101
2026-09-25T18,481.525
2026-09-25T19,486.856
2026-09-25T20,475.127
2026-09-25T21,446.640
2026-09-25T22,292.936
2026-09-25T23,179.144
2026-09-26T00,147.915
2026-09-26T01,139.080
2026-09-26T02,129.483
2026-09-26T03,134.815
2026-09-26T04,129.331
2026-09-26T05,133.139
2026-09-26T06,163.910
2026-09-26T07,203.365
2026-09-26T08,251.350
2026-09-26T09,350.975
2026-09-26T10,571.554
2026-09-26T11,585.111
2026-09-26T12,602.325
2026-09-26T13,606.286
2026-09-26T14,596.232
2026-09-26T15,606.133
2026-09-26T16,584.807
2026-09-26T17,601.563
2026-09-26T18,599.278
2026-09-26T19,594.708
2026-09-26T20,591.814
2026-09-26T21,559.824
2026-09-26T22,316.701
2026-09-26T23,182.800
2026-09-27T00,148.068
2026-09-27T01,138.623
2026-09-27T02,125.979
2026-09-27T03,134.053
2026-09-27T04,131.616
2026-09-27T05,132.530
2026-09-27T06,141.365
2026-09-27T07,153.399
2026-09-27T08,205.497
2026-09-27T09,252.416
2026-09-27T10,299.182
2026-09-27T11,439.024
2026-09-27T12,503.309
2026-09-27T13,586.178
2026-09-27T14,577.190
2026-09-27T15,579.475
2026-09-27T16,570.183
2026-09-27T17,576.581
2026-09-27T18,559.672
2026-09-27T19,544.134
2026-09-27T20,521.131
2026-09-27T21,351.280
2026-09-27T22,345.796
2026-09-27T23,293.089
2026-09-28T00,314.781
2026-09-28T01,296.379
2026-09-28T02,257.869
2026-09-28T03,238.127
2026-09-28T04,206.685
2026-09-28T05,144.046
2026-09-28T06,170.857
2026-09-28T07,214.850
2026-09-28T08,259.819
2026-09-28T09,335.498
2026-09-28T10,463.702
2026-09-28T11,514.520
2026-09-28T12,599.461
2026-09-28T13,600.679
2026-09-28T14,585.324
2026-09-28T15,590.930
2026-09-28T16,581.790
2026-09-28T17,566.069
2026-09-28T18,480.275
2026-09-28T19,481.738
2026-09-28T20,464.311
2026-09-28T21,427.629
2026-09-28T22,374.983
2026-09-28T23,333.548
2026-09-29T00,330.502
2026-09-29T01,315.878
2026-09-29T02,266.278
2026-09-29T03,231.668
2026-09-29T04,213.266
2026-09-29T05,141.487
2026-09-29T06,171.344
2026-09-29T07,223.137
2026-09-29T08,267.984
2026-09-29T09,337.082
2026-09-29T10,464.677
2026-09-29T11,501.480
2026-09-29T12,583.862
2026-09-29T13,596.414
2026-09-29T14,579.962
2026-09-29T15,584.471
2026-09-29T16,567.654
2026-09-29T17,547.180
2026-09-29T18,480.885
2026-09-29T19,478.204
2026-09-29T20,456.024
2026-09-29T21,417.758
2026-09-29T22,393.750
2026-09-29T23,337.082
2026-09-30T00,310.607
2026-09-30T01,324.165
2026-09-30T02,262.927
2026-09-30T03,227.738
2026-09-30T04,202.298
2026-09-30T05,144.260
2026-09-30T06,167.719
2026-09-30T07,221.492
2026-09-30T08,272.219
2026-09-30T09,343.054
2026-09-30T10,469.643
2026-09-30T11,521.589
2026-09-30T12,592.119
2026-09-30T13,596.841
2026-09-30T14,576.886
2026-09-30T15,582.827
2026-09-30T16,580.694
2026-09-30T17,554.493
2026-09-30T18,481.220
2026-09-30T19,476.803
2026-09-30T20,457.152
2026-09-30T21,420.592
2026-09-30T22,399.722
2026-09-30T23,342.750
2026-10-01T00,301.569
2026-10-01T01,292.726
2026-10-01T02,230.598
2026-10-01T03,182.576
2026-10-01T04,168.023
2026-10-01T05,134.105
2026-10-01T06,152.464
2026-10-01T07,204.068
2026-10-01T08,258.920
2026-10-01T09,330.226
2026-10-01T10,443.958
2026-10-01T11,471.831
2026-10-01T12,561.384
2026-10-01T13,558.250
2026-10-01T14,550.302
2026-10-01T15,550.190
2026-10-01T16,542.578
2026-10-01T17,515.153
2026-10-01T18,460.637
2026-10-01T19,459.518
2026-10-01T20,444.070
2026-10-01T21,408.809
2026-10-01T22,375.674
2026-10-01T23,313.211
2026-10-02T00,302.017
2026-10-02T01,293.845
2026-10-02T02,253.434
2026-10-02T03,210.449
2026-10-02T04,171.158
2026-10-02T05,122.128
2026-10-02T06,151.120
2026-10-02T07,206.643
2026-10-02T08,268.770
2026-10-02T09,333.248
2026-10-02T10,443.174
2026-10-02T11,511.682
2026-10-02T12,574.481
2026-10-02T13,573.586
2026-10-02T14,559.145
2026-10-02T15,567.765
2026-10-02T16,566.757
2026-10-02T17,542.466
2026-10-02T18,467.242
2026-10-02T19,468.697
2026-10-02T20,465.227
2026-10-02T21,440.376
2026-10-02T22,284.106
2026-10-02T23,163.322
2026-10-03T00,130.831
2026-10-03T01,124.255
2026-10-03T02,113.900
2026-10-03T03,119.077
2026-10-03T04,113.760
2026-10-03T05,115.719
2026-10-03T06,143.005
2026-10-03T07,194.497
2026-10-03T08,255.086
2026-10-03T09,357.372
2026-10-03T10,540.955
2026-10-03T11,594.407
2026-10-03T12,607.840
2026-10-03T13,609.799
2026-10-03T14,593.987
2026-10-03T15,604.202
2026-10-03T16,591.188
2026-10-03T17,597.905
2026-10-03T18,601.823
2026-10-03T19,600.843
2026-10-03T20,588.950
2026-10-03T21,545.293
2026-10-03T22,293.985
2026-10-03T23,163.294
2026-10-04T00,129.432
2026-10-04T01,123.275
2026-10-04T02,112.920
2026-10-04T03,118.238
2026-10-04T04,117.118
2026-10-04T05,118.378
2026-10-04T06,125.234
2026-10-04T07,137.128
2026-10-04T08,185.402
2026-10-04T09,257.045
2026-10-04T10,326.448
2026-10-04T11,495.199
2026-10-04T12,529.341
2026-10-04T13,587.131
2026-10-04T14,578.735
2026-10-04T15,607.420
2026-10-04T16,591.188
2026-10-04T17,580.694
2026-10-04T18,538.996
2026-10-04T19,528.921
2026-10-04T20,501.916
2026-10-04T21,345.198
2026-10-04T22,345.898
2026-10-04T23,311.616
2026-10-05T00,294.965
2026-10-05T01,289.367
2026-10-05T02,269.218
2026-10-05T03,225.841
2026-10-05T04,162.734
2026-10-05T05,118.657
2026-10-05T06,150.421
2026-10-05T07,202.193
2026-10-05T08,260.403
2026-10-05T09,332.465
2026-10-05T10,452.941
2026-10-05T11,488.762
2026-10-05T12,578.735
2026-10-05T13,578.595
2026-10-05T14,564.882
2026-10-05T15,567.121
2026-10-05T16,585.032
2026-10-05T17,547.671
2026-10-05T18,466.794
2026-10-05T19,467.773
2026-10-05T20,456.160
2026-10-05T21,416.560
2026-10-05T22,392.773
2026-10-05T23,313.295
2026-10-06T00,296.084
2026-10-06T01,289.647
2026-10-06T02,242.492
2026-10-06T03,204.992
2026-10-06T04,170.010
2026-10-06T05,120.197
2026-10-06T06,153.919
2026-10-06T07,210.729
2026-10-06T08,270.338
2026-10-06T09,339.741
2026-10-06T10,448.184
2026-10-06T11,494.919
2026-10-06T12,567.401
2026-10-06T13,577.476
2026-10-06T14,562.084
2026-10-06T15,580.554
2026-10-06T16,579.295
2026-10-06T17,544.453
2026-10-06T18,464.555
2026-10-06T19,468.053
2026-10-06T20,456.579
2026-10-06T21,417.960
2026-10-06T22,384.098
2026-10-06T23,302.940
2026-10-07T00,285.674
2026-10-07T01,275.599
2026-10-07T02,236.867
2026-10-07T03,201.158
2026-10-07T04,168.247
2026-10-07T05,121.344
2026-10-07T06,152.464
2026-10-07T07,210.225
2026-10-07T08,267.651
2026-10-07T09,335.487
2026-10-07T10,451.570
2026-10-07T11,521.869
2026-10-07T12,574.034
2026-10-07T13,566.422
2026-10-07T14,554.556
2026-10-07T15,574.258
2026-10-07T16,574.370
2026-10-07T17,539.668
2026-10-07T18,460.190
2026-10-07T19,459.742
2026-10-07T20,443.735
2026-10-07T21,412.615
2026-10-07T22,379.144
2026-10-07T23,313.099
2026-10-08T00,301.569
2026-10-08T01,292.726
2026-10-08T02,230.598
2026-10-08T03,182.576
2026-10-08T04,168.023
2026-10-08T05,134.105
2026-10-08T06,152.464
2026-10-08T07,204.068
2026-10-08T08,258.920
2026-10-08T09,330.226
2026-10-08T10,443.958
2026-10-08T11,471.831
2026-10-08T12,561.384
2026-10-08T13,558.250
2026-10-08T14,550.302
2026-10-08T15,550.190
2026-10-08T16,542.578
2026-10-08T17,515.153
2026-10-08T18,460.637
2026-10-08T19,459.518
2026-10-08T20,444.070
2026-10-08T21,408.809
2026-10-08T22,375.674
2026-10-08T23,313.211
2026-10-09T00,302.017
2026-10-09T01,293.845
2026-10-09T02,253.434
2026-10-09T03,210.449
2026-10-09T04,171.158
2026-10-09T05,122.128
2026-10-09T06,151.120
2026-10-09T07,206.643
2026-10-09T08,268.770
2026-10-09T09,333.248
2026-10-09T10,443.174
2026-10-09T11,511.682
2026-10-09T12,574.481
2026-10-09T13,573.586
2026-10-09T14,559.145
2026-10-09T15,567.765
2026-10-09T16,566.757
2026-10-09T17,542.466
2026-10-09T18,467.242
2026-10-09T19,468.697
2026-10-09T20,465.227
2026-10-09T21,440.376
2026-10-09T22,284.106
2026-10-09T23,163.322
2026-10-10T00,130.831
2026-10-10T01,124.255
2026-10-10T02,113.900
2026-10-10T03,119.077
2026-10-10T04,113.760
2026-10-10T05,115.719
2026-10-10T06,143.005
2026-10-10T07,194.497
2026-10-10T08,255.086
2026-10-10T09,357.372
2026-10-10T10,540.955
2026-10-10T11,594.407
2026-10-10T12,607.840
2026-10-10T13,609.799
2026-10-10T14,593.987
2026-10-10T15,604.202
2026-10-10T16,591.188
2026-10-10T17,597.905
2026-10-10T18,601.823
2026-10-10T19,600.843
2026-10-10T20,588.950
2026-10-10T21,545.293
2026-10-10T22,293.985
2026-10-10T23,163.294
2026-10-11T00,129.432
2026-10-11T01,123.275
2026-10-11T02,112.920
2026-10-11T03,118.238
2026-10-11T04,117.118
2026-10-11T05,118.378
2026-10-11T06,125.234
2026-10-11T07,137.128
2026-10-11T08,185.402
2026-10-11T09,257.045
2026-10-11T10,326.448
2026-10-11T11,495.199
2026-10-11T12,529.341
2026-10-11T13,587.131
2026-10-11T14,578.735
2026-10-11T15,607.420
2026-10-11T16,591.188
2026-10-11T17,580.694
2026-10-11T18,538.996
2026-10-11T19,528.921
2026-10-11T20,501.916
2026-10-11T21,345.198
2026-10-11T22,345.898
2026-10-11T23,311.616
2026-10-12T00,294.965
2026-10-12T01,289.367
2026-10-12T02,269.218
2026-10-12T03,225.841
2026-10-12T04,162.734
2026-10-12T05,118.657
2026-10-12T06,150.421
2026-10-12T07,202.193
2026-10-12T08,260.403
2026-10-12T09,332.465
2026-10-12T10,452.941
2026-10-12T11,488.762
2026-10-12T12,578.735
2026-10-12T13,578.595
2026-10-12T14,564.882
2026-10-12T15,567.121
2026-10-12T16,585.032
2026-10-12T17,547.671
2026-10-12T18,466.794
2026-10-12T19,467.773
2026-10-12T20,456.160
2026-10-12T21,416.560
2026-10-12T22,392.773
2026-10-12T23,313.295
2026-10-13T00,296.084
2026-10-13T01,289.647
2026-10-13T02,242.492
2026-10-13T03,204.992
2026-10-13T04,170.010
2026-10-13T05,120.197
2026-10-13T06,153.919
2026-10-13T07,210.729
2026-10-13T08,270.338
2026-10-13T09,339.741
2026-10-13T10,448.184
2026-10-13T11,494.919
2026-10-13T12,567.401
2026-10-13T13,577.476
2026-10-13T14,562.084
2026-10-13T15,580.554
2026-10-13T16,579.295
2026-10-13T17,544.453
2026-10-13T18,464.555
2026-10-13T19,468.053
2026-10-13T20,456.579
2026-10-13T21,417.960
2026-10-13T22,384.098
2026-10-13T23,302.940
2026-10-14T00,285.674
2026-10-14T01,275.599
2026-10-14T02,236.867
2026-10-14T03,201.158
2026-10-14T04,168.247
2026-10-14T05,121.344
2026-10-14T06,152.464
2026-10-14T07,210.225
2026-10-14T08,267.651
2026-10-14T09,335.487
2026-10-14T10,451.570
2026-10-14T11,521.869
2026-10-14T12,574.034
2026-10-14T13,566.422
2026-10-14T14,554.556
2026-10-14T15,574.258
2026-10-14T16,574.370
2026-10-14T17,539.668
2026-10-14T18,460.190
2026-10-14T19,459.742
2026-10-14T20,443.735
2026-10-14T21,412.615
2026-10-14T22,379.144
2026-10-14T23,313.099
2026-10-15T00,301.569
2026-10-15T01,292.726
2026-10-15T02,230.598
2026-10-15T03,182.576
2026-10-15T04,168.023
2026-10-15T05,134.105
2026-10-15T06,152.464
2026-10-15T07,204.068
2026-10-15T08,258.920
2026-10-15T09,330.226
2026-10-15T10,443.958
2026-10-15T11,471.831
2026-10-15T12,561.384
2026-10-15T13,558.250
2026-10-15T14,550.302
2026-10-15T15,550.190
2026-10-15T16,542.578
2026-10-15T17,515.153
2026-10-15T18,460.637
2026-10-15T19,459.518
2026-10-15T20,444.070
2026-10-15T21,408.809
2026-10-15T22,375.674
2026-10-15T23,313.211
2026-10-16T00,302.017
2026-10-16T01,293.845
2026-10-16T02,253.434
2026-10-16T03,210.449
2026-10-16T04,171.158
2026-10-16T05,122.128
2026-10-16T06,151.120
2026-10-16T07,206.643
2026-10-16T08,268.770
2026-10-16T09,333.248
2026-10-16T10,443.174
2026-10-16T11,511.682
2026-10-16T12,574.481
2026-10-16T13,573.586
2026-10-16T14,559.145
2026-10-16T15,567.765
2026-10-16T16,566.757
2026-10-16T17,542.466
2026-10-16T18,467.242
2026-10-16T19,468.697
2026-10-16T20,465.227
2026-10-16T21,440.376
2026-10-16T22,284.106
2026-10-16T23,163.322
2026-10-17T00,130.831
2026-10-17T01,124.255
2026-10-17T02,113.900
2026-10-17T03,119.077
2026-10-17T04,113.760
2026-10-17T05,115.719
2026-10-17T06,143.005
2026-10-17T07,194.497
2026-10-17T08,255.086
2026-10-17T09,357.372
2026-10-17T10,540.955
2026-10-17T11,594.407
2026-10-17T12,607.840
2026-10-17T13,609.799
2026-10-17T14,593.987
2026-10-17T15,604.202
2026-10-17T16,591.188
2026-10-17T17,597.905
2026-10-17T18,601.823
2026-10-17T19,600.843
2026-10-17T20,588.950
2026-10-17T21,545.293
2026-10-17T22,293.985
2026-10-17T23,163.294
2026-10-18T00,129.432
2026-10-18T01,123.275
2026-10-18T02,112.920
2026-10-18T03,118.238
2026-10-18T04,117.118
2026-10-18T05,118.378
2026-10-18T06,125.234
2026-10-18T07,137.128
2026-10-18T08,185.402
2026-10-18T09,257.045
2026-10-18T10,326.448
2026-10-18T11,495.199
2026-10-18T12,529.341
2026-10-18T13,587.131
2026-10-18T14,578.735
2026-10-18T15,607.420
2026-10-18T16,591.188
2026-10-18T17,580.694
2026-10-18T18,538.996
2026-10-18T19,528.921
2026-10-18T20,501.916
2026-10-18T21,345.198
2026-10-18T22,345.898
2026-10-18T23,311.616
2026-10-19T00,294.965
2026-10-19T01,289.367
2026-10-19T02,269.218
2026-10-19T03,225.841
2026-10-19T04,162.734
2026-10-19T05,118.657
2026-10-19T06,150.421
2026-10-19T07,202.193
2026-10-19T08,260.403
2026-10-19T09,332.465
2026-10-19T10,452.941
2026-10-19T11,488.762
2026-10-19T12,578.735
2026-10-19T13,578.595
2026-10-19T14,564.882
2026-10-19T15,567.121
2026-10-19T16,585.032
2026-10-19T17,547.671
2026-10-19T18,466.794
2026-10-19T19,467.773
2026-10-19T20,456.160
2026-10-19T21,416.560
2026-10-19T22,392.773
2026-10-19T23,313.295
2026-10-20T00,296.084
2026-10-20T01,289.647
2026-10-20T02,242.492
2026-10-20T03,204.992
2026-10-20T04,170.010
2026-10-20T05,120.197
2026-10-20T06,153.919
2026-10-20T07,210.729
2026-10-20T08,270.338
2026-10-20T09,339.741
2026-10-20T10,448.184
2026-10-20T11,494.919
2026-10-20T12,567.401
2026-10-20T13,577.476
2026-10-20T14,562.084
2026-10-20T15,580.554
2026-10-20T16,579.295
2026-10-20T17,544.453
2026-10-20T18,464.555
2026-10-20T19,468.053
2026-10-20T20,456.579
2026-10-20T21,417.960
2026-10-20T22,384.098
2026-10-20T23,302.940
2026-10-21T00,285.674
2026-10-21T01,275.599
2026-10-21T02,236.867
2026-10-21T03,201.158
2026-10-21T04,168.247
2026-10-21T05,121.344
2026-10-21T06,152.464
2026-10-21T07,210.225
2026-10-21T08,267.651
2026-10-21T09,335.487
2026-10-21T10,451.570
2026-10-21T11,521.869
2026-10-21T12,574.034
2026-10-21T13,566.422
2026-10-21T14,554.556
2026-10-21T15,574.258
2026-10-21T16,574.370
2026-10-21T17,539.668
2026-10-21T18,460.190
2026-10-21T19,459.742
2026-10-21T20,443.735
2026-10-21T21,412.615
2026-10-21T22,379.144
2026-10-21T23,313.099
2026-10-22T00,301.569
2026-10-22T01,292.726
2026-10-22T02,230.598
2026-10-22T03,182.576
2026-10-22T04,168.023
2026-10-22T05,134.105
2026-10-22T06,152.464
2026-10-22T07,204.068
2026-10-22T08,258.920
2026-10-22T09,330.226
2026-10-22T10,443.958
2026-10-22T11,471.831
2026-10-22T12,561.384
2026-10-22T13,558.250
2026-10-22T14,550.302
2026-10-22T15,550.190
2026-10-22T16,542.578
2026-10-22T17,515.153
2026-10-22T18,460.637
2026-10-22T19,459.518
2026-10-22T20,444.070
2026-10-22T21,408.809
2026-10-22T22,375.674
2026-10-22T23,313.211
2026-10-23T00,302.017
2026-10-23T01,293.845
2026-10-23T02,253.434
2026-10-23T03,210.449
2026-10-23T04,171.158
2026-10-23T05,122.128
2026-10-23T06,151.120
2026-10-23T07,206.643
2026-10-23T08,268.770
2026-10-23T09,333.248
2026-10-23T10,443.174
2026-10-23T11,511.682
2026-10-23T12,574.481
2026-10-23T13,573.586
2026-10-23T14,559.145
2026-10-23T15,567.765
2026-10-23T16,566.757
2026-10-23T17,542.466
2026-10-23T18,467.242
2026-10-23T19,468.697
2026-10-23T20,465.227
2026-10-23T21,440.376
2026-10-23T22,284.106
2026-10-23T23,163.322
2026-10-24T00,130.831
2026-10-24T01,124.255
2026-10-24T02,113.900
2026-10-24T03,119.077
2026-10-24T04,113.760
2026-10-24T05,115.719
2026-10-24T06,143.005
2026-10-24T07,194.497
2026-10-24T08,255.086
2026-10-24T09,357.372
2026-10-24T10,540.955
2026-10-24T11,594.407
2026-10-24T12,607.840
2026-10-24T13,609.799
2026-10-24T14,593.987
2026-10-24T15,604.202
2026-10-24T16,591.188
2026-10-24T17,597.905
2026-10-24T18,601.823
2026-10-24T19,600.843
2026-10-24T20,588.950
2026-10-24T21,545.293
2026-10-24T22,293.985
2026-10-24T23,163.294
2026-10-25T00,129.432
2026-10-25T01,123.275
2026-10-25T02,112.920
2026-10-25T03,118.238
2026-10-25T04,117.118
2026-10-25T05,118.378
2026-10-25T06,125.234
2026-10-25T07,137.128
2026-10-25T08,185.402
2026-10-25T09,257.045
2026-10-25T10,326.448
2026-10-25T11,495.199
2026-10-25T12,529.341
2026-10-25T13,587.131
2026-10-25T14,578.735
2026-10-25T15,607.420
2026-10-25T16,591.188
2026-10-25T17,580.694
2026-10-25T18,538.996
2026-10-25T19,528.921
2026-10-25T20,501.916
2026-10-25T21,345.198
2026-10-25T22,345.898
2026-10-25T23,311.616
2026-10-26T00,294.965
2026-10-26T01,289.367
2026-10-26T02,269.218
2026-10-26T03,225.841
2026-10-26T04,162.734
2026-10-26T05,118.657
2026-10-26T06,150.421
2026-10-26T07,202.193
2026-10-26T08,260.403
2026-10-26T09,332.465
2026-10-26T10,452.941
2026-10-26T11,488.762
2026-10-26T12,578.735
2026-10-26T13,578.595
2026-10-26T14,564.882
2026-10-26T15,567.121
2026-10-26T16,585.032
2026-10-26T17,547.671
2026-10-26T18,466.794
2026-10-26T19,467.773
2026-10-26T20,456.160
2026-10-26T21,416.560
2026-10-26T22,392.773
2026-10-26T23,313.295
2026-10-27T00,296.084
2026-10-27T01,289.647
2026-10-27T02,242.492
2026-10-27T03,204.992
2026-10-27T04,170.010
2026-10-27T05,120.197
2026-10-27T06,153.919
2026-10-27T07,210.729
2026-10-27T08,270.338
2026-10-27T09,339.741
2026-10-27T10,448.184
2026-10-27T11,494.919
2026-10-27T12,567.401
2026-10-27T13,577.476
2026-10-27T14,562.084
2026-10-27T15,580.554
2026-10-27T16,579.295
2026-10-27T17,544.453
2026-10-27T18,464.555
2026-10-27T19,468.053
2026-10-27T20,456.579
2026-10-27T21,417.960
2026-10-27T22,384.098
2026-10-27T23,302.940
2026-10-28T00,285.674
2026-10-28T01,275.599
2026-10-28T02,236.867
2026-10-28T03,201.158
2026-10-28T04,168.247
2026-10-28T05,121.344
2026-10-28T06,152.464
2026-10-28T07,210.225
2026-10-28T08,267.651
2026-10-28T09,335.487
2026-10-28T10,451.570
2026-10-28T11,521.869
2026-10-28T12,574.034
2026-10-28T13,566.422
2026-10-28T14,554.556
2026-10-28T15,574.258
2026-10-28T16,574.370
2026-10-28T17,539.668
2026-10-28T18,460.190
2026-10-28T19,459.742
2026-10-28T20,443.735
2026-10-28T21,412.615
2026-10-28T22,379.144
2026-10-28T23,313.099
2026-10-29T00,301.569
2026-10-29T01,292.726
2026-10-29T02,230.598
2026-10-29T03,182.576
2026-10-29T04,168.023
2026-10-29T05,134.105
2026-10-29T06,152.464
2026-10-29T07,204.068
2026-10-29T08,258.920
2026-10-29T09,330.226
2026-10-29T10,443.958
2026-10-29T11,471.831
2026-10-29T12,561.384
2026-10-29T13,558.250
2026-10-29T14,550.302
2026-10-29T15,550.190
2026-10-29T16,542.578
2026-10-29T17,515.153
2026-10-29T18,460.637
2026-10-29T19,459.518
2026-10-29T20,444.070
2026-10-29T21,408.809
2026-10-29T22,375.674
2026-10-29T23,313.211
2026-10-30T00,302.017
2026-10-30T01,293.845
2026-10-30T02,253.434
2026-10-30T03,210.449
2026-10-30T04,171.158
2026-10-30T05,122.128
2026-10-30T06,151.120
2026-10-30T07,206.643
2026-10-30T08,268.770
2026-10-30T09,333.248
2026-10-30T10,443.174
2026-10-30T11,511.682
2026-10-30T12,574.481
2026-10-30T13,573.586
2026-10-30T14,559.145
2026-10-30T15,567.765
2026-10-30T16,566.757
2026-10-30T17,542.466
2026-10-30T18,467.242
2026-10-30T19,468.697
2026-10-30T20,465.227
2026-10-30T21,440.376
2026-10-30T22,284.106
2026-10-30T23,163.322
2026-10-31T00,130.832
2026-10-31T01,124.255
2026-10-31T02,113.901
2026-10-31T03,119.078
2026-10-31T04,113.761
2026-10-31T05,115.720
2026-10-31T06,143.006
2026-10-31T07,194.499
2026-10-31T08,255.087
2026-10-31T09,357.374
2026-10-31T10,540.959
2026-10-31T11,594.411
2026-10-31T12,607.844
2026-10-31T13,609.803
2026-10-31T14,593.991
2026-10-31T15,604.206
2026-10-31T16,591.193
2026-10-31T17,597.909
2026-10-31T18,601.827
2026-10-31T19,600.848
2026-10-31T20,588.954
2026-10-31T21,545.297
2026-10-31T22,293.987
2026-10-31T23,163.295
2026-11-01T00,139.767
2026-11-01T01,134.327
2026-11-01T02,122.782
2026-11-01T03,127.666
2026-11-01T04,123.670
2026-11-01T05,126.001
2026-11-01T06,130.220
2026-11-01T07,143.985
2026-11-01T08,190.278
2026-11-01T09,268.210
2026-11-01T10,327.603
2026-11-01T11,483.022
2026-11-01T12,536.753
2026-11-01T13,606.803
2026-11-01T14,612.576
2026-11-01T15,627.230
2026-11-01T16,620.680
2026-11-01T17,607.691
2026-11-01T18,564.729
2026-11-01T19,565.617
2026-11-01T20,496.899
2026-11-01T21,323.162
2026-11-01T22,362.905
2026-11-01T23,330.045
2026-11-02T00,314.170
2026-11-02T01,307.232
2026-11-02T02,281.837
2026-11-02T03,267.960
2026-11-02T04,236.460
2026-11-02T05,155.420
2026-11-02T06,145.567
2026-11-02T07,197.466
2026-11-02T08,258.940
2026-11-02T09,330.961
2026-11-02T10,449.330
2026-11-02T11,488.323
2026-11-02T12,573.943
2026-11-02T13,571.445
2026-11-02T14,558.262
2026-11-02T15,562.703
2026-11-02T16,555.209
2026-11-02T17,519.824
2026-11-02T18,459.876
2026-11-02T19,458.627
2026-11-02T20,444.334
2026-11-02T21,413.805
2026-11-02T22,386.329
2026-11-02T23,317.084
2026-11-03T00,303.207
2026-11-03T01,298.628
2026-11-03T02,260.744
2026-11-03T03,271.152
2026-11-03T04,235.489
2026-11-03T05,161.248
2026-11-03T06,147.371
2026-11-03T07,200.242
2026-11-03T08,262.965
2026-11-03T09,339.148
2026-11-03T10,448.913
2026-11-03T11,504.975
2026-11-03T12,592.399
2026-11-03T13,604.194
2026-11-03T14,599.476
2026-11-03T15,559.511
2026-11-03T16,551.324
2026-11-03T17,536.892
2026-11-03T18,466.537
2026-11-03T19,466.120
2026-11-03T20,452.938
2026-11-03T21,413.666
2026-11-03T22,396.320
2026-11-03T23,324.300
2026-11-04T00,312.366
2026-11-04T01,308.619
2026-11-04T02,297.240
2026-11-04T03,273.788
2026-11-04T04,229.660
2026-11-04T05,173.043
2026-11-04T06,149.869
2026-11-04T07,198.299
2026-11-04T08,269.348
2026-11-04T09,340.813
2026-11-04T10,468.063
2026-11-04T11,537.447
2026-11-04T12,625.842
2026-11-04T13,616.961
2026-11-04T14,600.725
2026-11-04T15,614.602
2026-11-04T16,599.198
2026-11-04T17,559.095
2026-11-04T18,462.235
2026-11-04T19,458.211
2026-11-04T20,445.860
2026-11-04T21,412.556
2026-11-04T22,396.737
2026-11-04T23,326.104
2026-11-05T00,311.117
2026-11-05T01,301.265
2026-11-05T02,298.073
2026-11-05T03,290.302
2026-11-05T04,217.033
2026-11-05T05,155.975
2026-11-05T06,152.506
2026-11-05T07,201.213
2026-11-05T08,261.300
2026-11-05T09,322.774
2026-11-05T10,432.261
2026-11-05T11,489.295
2026-11-05T12,625.148
2026-11-05T13,633.197
2026-11-05T14,616.961
2026-11-05T15,585.461
2026-11-05T16,580.881
2026-11-05T17,557.152
2026-11-05T18,501.784
2026-11-05T19,501.645
2026-11-05T20,471.394
2026-11-05T21,395.765
2026-11-05T22,338.454
2026-11-05T23,269.764
2026-11-06T00,258.802
2026-11-06T01,254.083
2026-11-06T02,244.647
2026-11-06T03,242.149
2026-11-06T04,205.654
2026-11-06T05,146.122
2026-11-06T06,148.343
2026-11-06T07,200.242
2026-11-06T08,269.903
2026-11-06T09,342.062
2026-11-06T10,454.603
2026-11-06T11,501.506
2026-11-06T12,590.040
2026-11-06T13,603.084
2026-11-06T14,581.297
2026-11-06T15,599.892
2026-11-06T16,596.007
2026-11-06T17,537.447
2026-11-06T18,473.336
2026-11-06T19,467.508
2026-11-06T20,471.671
2026-11-06T21,448.774
2026-11-06T22,300.154
2026-11-06T23,179.843
2026-11-07T00,147.760
2026-11-07T01,140.544
2026-11-07T02,129.664
2026-11-07T03,134.438
2026-11-07T04,130.220
2026-11-07T05,131.108
2026-11-07T06,150.202
2026-11-07T07,202.268
2026-11-07T08,260.439
2026-11-07T09,336.040
2026-11-07T10,515.327
2026-11-07T11,603.250
2026-11-07T12,630.671
2026-11-07T13,639.774
2026-11-07T14,631.115
2026-11-07T15,630.338
2026-11-07T16,622.012
2026-11-07T17,621.124
2026-11-07T18,619.903
2026-11-07T19,620.125
2026-11-07T20,610.577
2026-11-07T21,561.065
2026-11-07T22,296.630
2026-11-07T23,168.408
2026-11-08T00,139.767
2026-11-08T01,134.327
2026-11-08T02,122.782
2026-11-08T03,127.666
2026-11-08T04,123.670
2026-11-08T05,126.001
2026-11-08T06,130.220
2026-11-08T07,143.985
2026-11-08T08,190.278
2026-11-08T09,268.210
2026-11-08T10,327.603
2026-11-08T11,483.022
2026-11-08T12,536.753
2026-11-08T13,606.803
2026-11-08T14,612.576
2026-11-08T15,627.230
2026-11-08T16,620.680
2026-11-08T17,607.691
2026-11-08T18,564.729
2026-11-08T19,565.617
2026-11-08T20,496.899
2026-11-08T21,323.162
2026-11-08T22,362.905
2026-11-08T23,330.045
2026-11-09T00,314.170
2026-11-09T01,307.232
2026-11-09T02,281.837
2026-11-09T03,267.960
2026-11-09T04,236.460
2026-11-09T05,155.420
2026-11-09T06,145.567
2026-11-09T07,197.466
2026-11-09T08,258.940
2026-11-09T09,330.961
2026-11-09T10,449.330
2026-11-09T11,488.323
2026-11-09T12,573.943
2026-11-09T13,571.445
2026-11-09T14,558.262
2026-11-09T15,562.703
2026-11-09T16,555.209
2026-11-09T17,519.824
2026-11-09T18,459.876
2026-11-09T19,458.627
2026-11-09T20,444.334
2026-11-09T21,413.805
2026-11-09T22,386.329
2026-11-09T23,317.084
2026-11-10T00,303.207
2026-11-10T01,298.628
2026-11-10T02,260.744
2026-11-10T03,271.152
2026-11-10T04,235.489
2026-11-10T05,161.248
2026-11-10T06,147.371
2026-11-10T07,200.242
2026-11-10T08,262.965
2026-11-10T09,339.148
2026-11-10T10,448.913
2026-11-10T11,504.975
2026-11-10T12,592.399
2026-11-10T13,604.194
2026-11-10T14,599.476
2026-11-10T15,559.511
2026-11-10T16,551.324
2026-11-10T17,536.892
2026-11-10T18,466.537
2026-11-10T19,466.120
2026-11-10T20,452.938
2026-11-10T21,413.666
2026-11-10T22,396.320
2026-11-10T23,324.300
2026-11-11T00,312.366
2026-11-11T01,308.619
2026-11-11T02,297.240
2026-11-11T03,273.788
2026-11-11T04,229.660
2026-11-11T05,173.043
2026-11-11T06,149.869
2026-11-11T07,198.299
2026-11-11T08,269.348
2026-11-11T09,340.813
2026-11-11T10,468.063
2026-11-11T11,537.447
2026-11-11T12,625.842
2026-11-11T13,616.961
2026-11-11T14,600.725
2026-11-11T15,614.602
2026-11-11T16,599.198
2026-11-11T17,559.095
2026-11-11T18,462.235
2026-11-11T19,458.211
2026-11-11T20,445.860
2026-11-11T21,412.556
2026-11-11T22,396.737
2026-11-11T23,326.104
2026-11-12T00,311.117
2026-11-12T01,301.265
2026-11-12T02,298.073
2026-11-12T03,290.302
2026-11-12T04,217.033
2026-11-12T05,155.975
2026-11-12T06,152.506
2026-11-12T07,201.213
2026-11-12T08,261.300
2026-11-12T09,322.774
2026-11-12T10,432.261
2026-11-12T11,489.295
2026-11-12T12,625.148
2026-11-12T13,633.197
2026-11-12T14,616.961
2026-11-12T15,585.461
2026-11-12T16,580.881
2026-11-12T17,557.152
2026-11-12T18,501.784
2026-11-12T19,501.645
2026-11-12T20,471.394
2026-11-12T21,395.765
2026-11-12T22,338.454
2026-11-12T23,269.764
2026-11-13T00,258.802
2026-11-13T01,254.083
2026-11-13T02,244.647
2026-11-13T03,242.149
2026-11-13T04,205.654
2026-11-13T05,146.122
2026-11-13T06,148.343
2026-11-13T07,200.242
2026-11-13T08,269.903
2026-11-13T09,342.062
2026-11-13T10,454.603
2026-11-13T11,501.506
2026-11-13T12,590.040
2026-11-13T13,603.084
2026-11-13T14,581.297
2026-11-13T15,599.892
2026-11-13T16,596.007
2026-11-13T17,537.447
2026-11-13T18,473.336
2026-11-13T19,467.508
2026-11-13T20,471.671
2026-11-13T21,448.774
2026-11-13T22,300.154
2026-11-13T23,179.843
2026-11-14T00,147.760
2026-11-14T01,140.544
2026-11-14T02,129.664
2026-11-14T03,134.438
2026-11-14T04,130.220
2026-11-14T05,131.108
2026-11-14T06,150.202
2026-11-14T07,202.268
2026-11-14T08,260.439
2026-11-14T09,336.040
2026-11-14T10,515.327
2026-11-14T11,603.250
2026-11-14T12,630.671
2026-11-14T13,639.774
2026-11-14T14,631.115
2026-11-14T15,630.338
2026-11-14T16,622.012
2026-11-14T17,621.124
2026-11-14T18,619.903
2026-11-14T19,620.125
2026-11-14T20,610.577
2026-11-14T21,561.065
2026-11-14T22,296.630
2026-11-14T23,168.408
2026-11-15T00,139.767
2026-11-15T01,134.327
2026-11-15T02,122.782
2026-11-15T03,127.666
2026-11-15T04,123.670
2026-11-15T05,126.001
2026-11-15T06,130.220
2026-11-15T07,143.985
2026-11-15T08,190.278
2026-11-15T09,268.210
2026-11-15T10,327.603
2026-11-15T11,483.022
2026-11-15T12,536.753
2026-11-15T13,606.803
2026-11-15T14,612.576
2026-11-15T15,627.230
2026-11-15T16,620.680
2026-11-15T17,607.691
2026-11-15T18,564.729
2026-11-15T19,565.617
2026-11-15T20,496.899
2026-11-15T21,323.162
2026-11-15T22,362.905
2026-11-15T23,330.045
2026-11-16T00,314.170
2026-11-16T01,307.232
2026-11-16T02,281.837
2026-11-16T03,267.960
2026-11-16T04,236.460
2026-11-16T05,155.420
2026-11-16T06,145.567
2026-11-16T07,197.466
2026-11-16T08,258.940
2026-11-16T09,330.961
2026-11-16T10,449.330
2026-11-16T11,488.323
2026-11-16T12,573.943
2026-11-16T13,571.445
2026-11-16T14,558.262
2026-11-16T15,562.703
2026-11-16T16,555.209
2026-11-16T17,519.824
2026-11-16T18,459.876
2026-11-16T19,458.627
2026-11-16T20,444.334
2026-11-16T21,413.805
2026-11-16T22,386.329
2026-11-16T23,317.084
2026-11-17T00,303.207
2026-11-17T01,298.628
2026-11-17T02,260.744
2026-11-17T03,271.152
2026-11-17T04,235.489
2026-11-17T05,161.248
2026-11-17T06,147.371
2026-11-17T07,200.242
2026-11-17T08,262.965
2026-11-17T09,339.148
2026-11-17T10,448.913
2026-11-17T11,504.975
2026-11-17T12,592.399
2026-11-17T13,604.194
2026-11-17T14,599.476
2026-11-17T15,559.511
2026-11-17T16,551.324
2026-11-17T17,536.892
2026-11-17T18,466.537
2026-11-17T19,466.120
2026-11-17T20,452.938
2026-11-17T21,413.666
2026-11-17T22,396.320
2026-11-17T23,324.300
2026-11-18T00,312.366
2026-11-18T01,308.619
2026-11-18T02,297.240
2026-11-18T03,273.788
2026-11-18T04,229.660
2026-11-18T05,173.043
2026-11-18T06,149.869
2026-11-18T07,198.299
2026-11-18T08,269.348
2026-11-18T09,340.813
2026-11-18T10,468.063
2026-11-18T11,537.447
2026-11-18T12,625.842
2026-11-18T13,616.961
2026-11-18T14,600.725
2026-11-18T15,614.602
2026-11-18T16,599.198
2026-11-18T17,559.095
2026-11-18T18,462.235
2026-11-18T19,458.211
2026-11-18T20,445.860
2026-11-18T21,412.556
2026-11-18T22,396.737
2026-11-18T23,326.104
2026-11-19T00,311.117
2026-11-19T01,301.265
2026-11-19T02,298.073
2026-11-19T03,290.302
2026-11-19T04,217.033
2026-11-19T05,155.975
2026-11-19T06,152.506
2026-11-19T07,201.213
2026-11-19T08,261.300
2026-11-19T09,322.774
2026-11-19T10,432.261
2026-11-19T11,489.295
2026-11-19T12,625.148
2026-11-19T13,633.197
2026-11-19T14,616.961
2026-11-19T15,585.461
2026-11-19T16,580.881
2026-11-19T17,557.152
2026-11-19T18,501.784
2026-11-19T19,501.645
2026-11-19T20,471.394
2026-11-19T21,395.765
2026-11-19T22,338.454
2026-11-19T23,269.764
2026-11-20T00,258.802
2026-11-20T01,254.083
2026-11-20T02,244.647
2026-11-20T03,242.149
2026-11-20T04,205.654
2026-11-20T05,146.122
2026-11-20T06,148.343
2026-11-20T07,200.242
2026-11-20T08,269.903
2026-11-20T09,342.062
2026-11-20T10,454.603
2026-11-20T11,501.506
2026-11-20T12,590.040
2026-11-20T13,603.084
2026-11-20T14,581.297
2026-11-20T15,599.892
2026-11-20T16,596.007
2026-11-20T17,537.447
2026-11-20T18,473.336
2026-11-20T19,467.508
2026-11-20T20,471.671
2026-11-20T21,448.774
2026-11-20T22,300.154
2026-11-20T23,179.843
2026-11-21T00,147.760
2026-11-21T01,140.544
2026-11-21T02,129.664
2026-11-21T03,134.438
2026-11-21T04,130.220
2026-11-21T05,131.108
2026-11-21T06,150.202
2026-11-21T07,202.268
2026-11-21T08,260.439
2026-11-21T09,336.040
2026-11-21T10,515.327
2026-11-21T11,603.250
2026-11-21T12,630.671
2026-11-21T13,639.774
2026-11-21T14,631.115
2026-11-21T15,630.338
2026-11-21T16,622.012
2026-11-21T17,621.124
2026-11-21T18,619.903
2026-11-21T19,620.125
2026-11-21T20,610.577
2026-11-21T21,561.065
2026-11-21T22,296.630
2026-11-21T23,168.408
2026-11-22T00,139.767
2026-11-22T01,134.327
2026-11-22T02,122.782
2026-11-22T03,127.666
2026-11-22T04,123.670
2026-11-22T05,126.001
2026-11-22T06,130.220
2026-11-22T07,143.985
2026-11-22T08,190.278
2026-11-22T09,268.210
2026-11-22T10,327.603
2026-11-22T11,483.022
2026-11-22T12,536.753
2026-11-22T13,606.803
2026-11-22T14,612.576
2026-11-22T15,627.230
2026-11-22T16,620.680
2026-11-22T17,607.691
2026-11-22T18,564.729
2026-11-22T19,565.617
2026-11-22T20,496.899
2026-11-22T21,323.162
2026-11-22T22,362.905
2026-11-22T23,330.045
2026-11-23T00,314.170
2026-11-23T01,307.232
2026-11-23T02,281.837
2026-11-23T03,267.960
2026-11-23T04,236.460
2026-11-23T05,155.420
2026-11-23T06,145.567
2026-11-23T07,197.466
2026-11-23T08,258.940
2026-11-23T09,330.961
2026-11-23T10,449.330
2026-11-23T11,488.323
2026-11-23T12,573.943
2026-11-23T13,571.445
2026-11-23T14,558.262
2026-11-23T15,562.703
2026-11-23T16,555.209
2026-11-23T17,519.824
2026-11-23T18,459.876
2026-11-23T19,458.627
2026-11-23T20,444.334
2026-11-23T21,413.805
2026-11-23T22,386.329
2026-11-23T23,317.084
2026-11-24T00,303.207
2026-11-24T01,298.628
2026-11-24T02,260.744
2026-11-24T03,271.152
2026-11-24T04,235.489
2026-11-24T05,161.248
2026-11-24T06,147.371
2026-11-24T07,200.242
2026-11-24T08,262.965
2026-11-24T09,339.148
2026-11-24T10,448.913
2026-11-24T11,504.975
2026-11-24T12,592.399
2026-11-24T13,604.194
2026-11-24T14,599.476
2026-11-24T15,559.511
2026-11-24T16,551.324
2026-11-24T17,536.892
2026-11-24T18,466.537
2026-11-24T19,466.120
2026-11-24T20,452.938
2026-11-24T21,413.666
2026-11-24T22,396.320
2026-11-24T23,324.300
2026-11-25T00,312.366
2026-11-25T01,308.619
2026-11-25T02,297.240
2026-11-25T03,273.788
2026-11-25T04,229.660
2026-11-25T05,173.043
2026-11-25T06,149.869
2026-11-25T07,198.299
2026-11-25T08,269.348
2026-11-25T09,340.813
2026-11-25T10,468.063
2026-11-25T11,537.447
2026-11-25T12,625.842
2026-11-25T13,616.961
2026-11-25T14,600.725
2026-11-25T15,614.602
2026-11-25T16,599.198
2026-11-25T17,559.095
2026-11-25T18,462.235
2026-11-25T19,458.211
2026-11-25T20,445.860
2026-11-25T21,412.556
2026-11-25T22,396.737
2026-11-25T23,326.104
2026-11-26T00,311.117
2026-11-26T01,301.265
2026-11-26T02,298.073
2026-11-26T03,290.302
2026-11-26T04,217.033
2026-11-26T05,155.975
2026-11-26T06,152.506
2026-11-26T07,201.213
2026-11-26T08,261.300
2026-11-26T09,322.774
2026-11-26T10,432.261
2026-11-26T11,489.295
2026-11-26T12,625.148
2026-11-26T13,633.197
2026-11-26T14,616.961
2026-11-26T15,585.461
2026-11-26T16,580.881
2026-11-26T17,557.152
2026-11-26T18,501.784
2026-11-26T19,501.645
2026-11-26T20,471.394
2026-11-26T21,395.765
2026-11-26T22,338.454
2026-11-26T23,269.764
2026-11-27T00,258.802
2026-11-27T01,254.083
2026-11-27T02,244.647
2026-11-27T03,242.149
2026-11-27T04,205.654
2026-11-27T05,146.122
2026-11-27T06,148.343
2026-11-27T07,200.242
2026-11-27T08,269.903
2026-11-27T09,342.062
2026-11-27T10,454.603
2026-11-27T11,501.506
2026-11-27T12,590.040
2026-11-27T13,603.084
2026-11-27T14,581.297
2026-11-27T15,599.892
2026-11-27T16,596.007
2026-11-27T17,537.447
2026-11-27T18,473.336
2026-11-27T19,467.508
2026-11-27T20,471.671
2026-11-27T21,448.774
2026-11-27T22,300.154
2026-11-27T23,179.843
2026-11-28T00,147.760
2026-11-28T01,140.544
2026-11-28T02,129.664
2026-11-28T03,134.438
2026-11-28T04,130.220
2026-11-28T05,131.108
2026-11-28T06,150.202
2026-11-28T07,202.268
2026-11-28T08,260.439
2026-11-28T09,336.040
2026-11-28T10,515.327
2026-11-28T11,603.250
2026-11-28T12,630.671
2026-11-28T13,639.774
2026-11-28T14,631.115
2026-11-28T15,630.338
2026-11-28T16,622.012
2026-11-28T17,621.124
2026-11-28T18,619.903
2026-11-28T19,620.125
2026-11-28T20,610.577
2026-11-28T21,561.065
2026-11-28T22,296.630
2026-11-28T23,168.408
2026-11-29T00,139.767
2026-11-29T01,134.327
2026-11-29T02,122.782
2026-11-29T03,127.666
2026-11-29T04,123.670
2026-11-29T05,126.001
2026-11-29T06,130.220
2026-11-29T07,143.985
2026-11-29T08,190.278
2026-11-29T09,268.210
2026-11-29T10,327.603
2026-11-29T11,483.022
2026-11-29T12,536.753
2026-11-29T13,606.803
2026-11-29T14,612.576
2026-11-29T15,627.230
2026-11-29T16,620.680
2026-11-29T17,607.691
2026-11-29T18,564.729
2026-11-29T19,565.617
2026-11-29T20,496.899
2026-11-29T21,323.162
2026-11-29T22,362.905
2026-11-29T23,330.045
2026-11-30T00,314.171
2026-11-30T01,307.233
2026-11-30T02,281.838
2026-11-30T03,267.961
2026-11-30T04,236.461
2026-11-30T05,155.420
2026-11-30T06,145.568
2026-11-30T07,197.467
2026-11-30T08,258.941
2026-11-30T09,330.962
2026-11-30T10,449.331
2026-11-30T11,488.325
2026-11-30T12,573.945
2026-11-30T13,571.447
2026-11-30T14,558.264
2026-11-30T15,562.705
2026-11-30T16,555.211
2026-11-30T17,519.825
2026-11-30T18,459.878
2026-11-30T19,458.629
2026-11-30T20,444.336
2026-11-30T21,413.807
2026-11-30T22,386.330
2026-11-30T23,317.085
2026-12-01T00,285.268
2026-12-01T01,280.160
2026-12-01T02,270.435
2026-12-01T03,275.150
2026-12-01T04,260.906
2026-12-01T05,196.171
2026-12-01T06,163.951
2026-12-01T07,196.859
2026-12-01T08,257.959
2026-12-01T09,330.848
2026-12-01T10,424.562
2026-12-01T11,533.208
2026-12-01T12,621.224
2026-12-01T13,618.474
2026-12-01T14,607.864
2026-12-01T15,605.998
2026-12-01T16,598.925
2026-12-01T17,522.304
2026-12-01T18,452.264
2026-12-01T19,448.531
2026-12-01T20,439.002
2026-12-01T21,414.149
2026-12-01T22,394.798
2026-12-01T23,311.791
2026-12-02T00,290.180
2026-12-02T01,283.991
2026-12-02T02,272.596
2026-12-02T03,252.458
2026-12-02T04,214.148
2026-12-02T05,152.850
2026-12-02T06,149.412
2026-12-02T07,196.564
2026-12-02T08,250.494
2026-12-02T09,324.463
2026-12-02T10,429.867
2026-12-02T11,489.003
2026-12-02T12,614.741
2026-12-02T13,609.731
2026-12-02T14,519.553
2026-12-02T15,564.642
2026-12-02T16,567.196
2026-12-02T17,516.999
2026-12-02T18,416.998
2026-12-02T19,370.731
2026-12-02T20,333.108
2026-12-02T21,307.763
2026-12-02T22,327.999
2026-12-02T23,290.082
2026-12-03T00,281.069
2026-12-03T01,278.981
2026-12-03T02,270.386
2026-12-03T03,269.895
2026-12-03T04,207.762
2026-12-03T05,164.172
2026-12-03T06,137.526
2026-12-03T07,177.801
2026-12-03T08,229.742
2026-12-03T09,287.208
2026-12-03T10,375.741
2026-12-03T11,448.433
2026-12-03T12,548.753
2026-12-03T13,551.086
2026-12-03T14,540.526
2026-12-03T15,520.757
2026-12-03T16,513.880
2026-12-03T17,499.637
2026-12-03T18,429.891
2026-12-03T19,432.716
2026-12-03T20,420.682
2026-12-03T21,383.722
2026-12-03T22,360.023
2026-12-03T23,281.191
2026-12-04T00,268.421
2026-12-04T01,258.107
2026-12-04T02,228.760
2026-12-04T03,217.954
2026-12-04T04,196.711
2026-12-04T05,176.082
2026-12-04T06,168.224
2026-12-04T07,195.360
2026-12-04T08,254.423
2026-12-04T09,325.273
2026-12-04T10,413.560
2026-12-04T11,507.741
2026-12-04T12,586.081
2026-12-04T13,604.623
2026-12-04T14,590.870
2026-12-04T15,589.888
2026-12-04T16,584.608
2026-12-04T17,550.963
2026-12-04T18,448.801
2026-12-04T19,449.661
2026-12-04T20,444.872
2026-12-04T21,423.383
2026-12-04T22,303.417
2026-12-04T23,174.486
2026-12-05T00,135.684
2026-12-05T01,130.281
2026-12-05T02,120.826
2026-12-05T03,125.001
2026-12-05T04,120.704
2026-12-05T05,124.265
2026-12-05T06,146.612
2026-12-05T07,189.098
2026-12-05T08,249.511
2026-12-05T09,334.851
2026-12-05T10,522.721
2026-12-05T11,569.750
2026-12-05T12,623.410
2026-12-05T13,630.163
2026-12-05T14,620.709
2026-12-05T15,617.025
2026-12-05T16,598.729
2026-12-05T17,596.396
2026-12-05T18,580.556
2026-12-05T19,606.342
2026-12-05T20,594.309
2026-12-05T21,571.838
2026-12-05T22,336.570
2026-12-05T23,171.048
2026-12-06T00,129.176
2026-12-06T01,122.791
2026-12-06T02,113.582
2026-12-06T03,117.879
2026-12-06T04,113.582
2026-12-06T05,112.476
2026-12-06T06,121.195
2026-12-06T07,138.263
2026-12-06T08,183.941
2026-12-06T09,268.789
2026-12-06T10,359.532
2026-12-06T11,528.615
2026-12-06T12,551.700
2026-12-06T13,593.694
2026-12-06T14,598.360
2026-12-06T15,604.991
2026-12-06T16,596.150
2026-12-06T17,589.028
2026-12-06T18,564.224
2026-12-06T19,546.665
2026-12-06T20,496.566
2026-12-06T21,359.655
2026-12-06T22,339.640
2026-12-06T23,306.118
2026-12-07T00,287.527
2026-12-07T01,277.999
2026-12-07T02,267.193
2026-12-07T03,270.729
2026-12-07T04,245.385
2026-12-07T05,157.664
2026-12-07T06,158.842
2026-12-07T07,192.733
2026-12-07T08,241.947
2026-12-07T09,322.695
2026-12-07T10,421.222
2026-12-07T11,477.608
2026-12-07T12,543.915
2026-12-07T13,617.393
2026-12-07T14,594.897
2026-12-07T15,588.218
2026-12-07T16,583.502
2026-12-07T17,531.537
2026-12-07T18,439.100
2026-12-07T19,443.324
2026-12-07T20,434.090
2026-12-07T21,410.515
2026-12-07T22,382.224
2026-12-07T23,309.531
2026-12-08T00,285.268
2026-12-08T01,280.160
2026-12-08T02,270.435
2026-12-08T03,275.150
2026-12-08T04,260.906
2026-12-08T05,196.171
2026-12-08T06,163.951
2026-12-08T07,196.859
2026-12-08T08,257.959
2026-12-08T09,330.848
2026-12-08T10,424.562
2026-12-08T11,533.208
2026-12-08T12,621.224
2026-12-08T13,618.474
2026-12-08T14,607.864
2026-12-08T15,605.998
2026-12-08T16,598.925
2026-12-08T17,522.304
2026-12-08T18,452.264
2026-12-08T19,448.531
2026-12-08T20,439.002
2026-12-08T21,414.149
2026-12-08T22,394.798
2026-12-08T23,311.791
2026-12-09T00,290.180
2026-12-09T01,283.991
2026-12-09T02,272.596
2026-12-09T03,252.458
2026-12-09T04,214.148
2026-12-09T05,152.850
2026-12-09T06,149.412
2026-12-09T07,196.564
2026-12-09T08,250.494
2026-12-09T09,324.463
2026-12-09T10,429.867
2026-12-09T11,489.003
2026-12-09T12,614.741
2026-12-09T13,609.731
2026-12-09T14,519.553
2026-12-09T15,564.642
2026-12-09T16,567.196
2026-12-09T17,516.999
2026-12-09T18,416.998
2026-12-09T19,370.731
2026-12-09T20,333.108
2026-12-09T21,307.763
2026-12-09T22,327.999
2026-12-09T23,290.082
2026-12-10T00,281.069
2026-12-10T01,278.981
2026-12-10T02,270.386
2026-12-10T03,269.895
2026-12-10T04,207.762
2026-12-10T05,164.172
2026-12-10T06,137.526
2026-12-10T07,177.801
2026-12-10T08,229.742
2026-12-10T09,287.208
2026-12-10T10,375.741
2026-12-10T11,448.433
2026-12-10T12,548.753
2026-12-10T13,551.086
2026-12-10T14,540.526
2026-12-10T15,520.757
2026-12-10T16,513.880
2026-12-10T17,499.637
2026-12-10T18,429.891
2026-12-10T19,432.716
2026-12-10T20,420.682
2026-12-10T21,383.722
2026-12-10T22,360.023
2026-12-10T23,281.191
2026-12-11T00,268.421
2026-12-11T01,258.107
2026-12-11T02,228.760
2026-12-11T03,217.954
2026-12-11T04,196.711
2026-12-11T05,176.082
2026-12-11T06,168.224
2026-12-11T07,195.360
2026-12-11T08,254.423
2026-12-11T09,325.273
2026-12-11T10,413.560
2026-12-11T11,507.741
2026-12-11T12,586.081
2026-12-11T13,604.623
2026-12-11T14,590.870
2026-12-11T15,589.888
2026-12-11T16,584.608
2026-12-11T17,550.963
2026-12-11T18,448.801
2026-12-11T19,449.661
2026-12-11T20,444.872
2026-12-11T21,423.383
2026-12-11T22,303.417
2026-12-11T23,174.486
2026-12-12T00,135.684
2026-12-12T01,130.281
2026-12-12T02,120.826
2026-12-12T03,125.001
2026-12-12T04,120.704
2026-12-12T05,124.265
2026-12-12T06,146.612
2026-12-12T07,189.098
2026-12-12T08,249.511
2026-12-12T09,334.851
2026-12-12T10,522.721
2026-12-12T11,569.750
2026-12-12T12,623.410
2026-12-12T13,630.163
2026-12-12T14,620.709
2026-12-12T15,617.025
2026-12-12T16,598.729
2026-12-12T17,596.396
2026-12-12T18,580.556
2026-12-12T19,606.342
2026-12-12T20,594.309
2026-12-12T21,571.838
2026-12-12T22,336.570
2026-12-12T23,171.048
2026-12-13T00,129.176
2026-12-13T01,122.791
2026-12-13T02,113.582
2026-12-13T03,117.879
2026-12-13T04,113.582
2026-12-13T05,112.476
2026-12-13T06,121.195
2026-12-13T07,138.263
2026-12-13T08,183.941
2026-12-13T09,268.789
2026-12-13T10,359.532
2026-12-13T11,528.615
2026-12-13T12,551.700
2026-12-13T13,593.694
2026-12-13T14,598.360
2026-12-13T15,604.991
2026-12-13T16,596.150
2026-12-13T17,589.028
2026-12-13T18,564.224
2026-12-13T19,546.665
2026-12-13T20,496.566
2026-12-13T21,359.655
2026-12-13T22,339.640
2026-12-13T23,306.118
2026-12-14T00,287.527
2026-12-14T01,277.999
2026-12-14T02,267.193
2026-12-14T03,270.729
2026-12-14T04,245.385
2026-12-14T05,157.664
2026-12-14T06,158.842
2026-12-14T07,192.733
2026-12-14T08,241.947
2026-12-14T09,322.695
2026-12-14T10,421.222
2026-12-14T11,477.608
2026-12-14T12,543.915
2026-12-14T13,617.393
2026-12-14T14,594.897
2026-12-14T15,588.218
2026-12-14T16,583.502
2026-12-14T17,531.537
2026-12-14T18,439.100
2026-12-14T19,443.324
2026-12-14T20,434.090
2026-12-14T21,410.515
2026-12-14T22,382.224
2026-12-14T23,309.531
2026-12-15T00,285.268
2026-12-15T01,280.160
2026-12-15T02,270.435
2026-12-15T03,275.150
2026-12-15T04,260.906
2026-12-15T05,196.171
2026-12-15T06,163.951
2026-12-15T07,196.859
2026-12-15T08,257.959
2026-12-15T09,330.848
2026-12-15T10,424.562
2026-12-15T11,533.208
2026-12-15T12,621.224
2026-12-15T13,618.474
2026-12-15T14,607.864
2026-12-15T15,605.998
2026-12-15T16,598.925
2026-12-15T17,522.304
2026-12-15T18,452.264
2026-12-15T19,448.531
2026-12-15T20,439.002
2026-12-15T21,414.149
2026-12-15T22,394.798
2026-12-15T23,311.791
2026-12-16T00,290.180
2026-12-16T01,283.991
2026-12-16T02,272.596
2026-12-16T03,252.458
2026-12-16T04,214.148
2026-12-16T05,152.850
2026-12-16T06,149.412
2026-12-16T07,196.564
2026-12-16T08,250.494
2026-12-16T09,324.463
2026-12-16T10,429.867
2026-12-16T11,489.003
2026-12-16T12,614.741
2026-12-16T13,609.731
2026-12-16T14,519.553
2026-12-16T15,564.642
2026-12-16T16,567.196
2026-12-16T17,516.999
2026-12-16T18,416.998
2026-12-16T19,370.731
2026-12-16T20,333.108
2026-12-16T21,307.763
2026-12-16T22,327.999
2026-12-16T23,290.082
2026-12-17T00,281.069
2026-12-17T01,278.981
2026-12-17T02,270.386
2026-12-17T03,269.895
2026-12-17T04,207.762
2026-12-17T05,164.172
2026-12-17T06,137.526
2026-12-17T07,177.801
2026-12-17T08,229.742
2026-12-17T09,287.208
2026-12-17T10,375.741
2026-12-17T11,448.433
2026-12-17T12,548.753
2026-12-17T13,551.086
2026-12-17T14,540.526
2026-12-17T15,520.757
2026-12-17T16,513.880
2026-12-17T17,499.637
2026-12-17T18,429.891
2026-12-17T19,432.716
2026-12-17T20,420.682
2026-12-17T21,383.722
2026-12-17T22,360.023
2026-12-17T23,281.191
2026-12-18T00,268.421
2026-12-18T01,258.107
2026-12-18T02,228.760
2026-12-18T03,217.954
2026-12-18T04,196.711
2026-12-18T05,176.082
2026-12-18T06,168.224
2026-12-18T07,195.360
2026-12-18T08,254.423
2026-12-18T09,325.273
2026-12-18T10,413.560
2026-12-18T11,507.741
2026-12-18T12,586.081
2026-12-18T13,604.623
2026-12-18T14,590.870
2026-12-18T15,589.888
2026-12-18T16,584.608
2026-12-18T17,550.963
2026-12-18T18,448.801
2026-12-18T19,449.661
2026-12-18T20,444.872
2026-12-18T21,423.383
2026-12-18T22,303.417
2026-12-18T23,174.486
2026-12-19T00,135.684
2026-12-19T01,130.281
2026-12-19T02,120.826
2026-12-19T03,125.001
2026-12-19T04,120.704
2026-12-19T05,124.265
2026-12-19T06,146.612
2026-12-19T07,189.098
2026-12-19T08,249.511
2026-12-19T09,334.851
2026-12-19T10,522.721
2026-12-19T11,569.750
2026-12-19T12,623.410
2026-12-19T13,630.163
2026-12-19T14,620.709
2026-12-19T15,617.025
2026-12-19T16,598.729
2026-12-19T17,596.396
2026-12-19T18,580.556
2026-12-19T19,606.342
2026-12-19T20,594.309
2026-12-19T21,571.838
2026-12-19T22,336.570
2026-12-19T23,171.048
2026-12-20T00,129.176
2026-12-20T01,122.791
2026-12-20T02,113.582
2026-12-20T03,117.879
2026-12-20T04,113.582
2026-12-20T05,112.476
2026-12-20T06,121.195
2026-12-20T07,138.263
2026-12-20T08,183.941
2026-12-20T09,268.789
2026-12-20T10,359.532
2026-12-20T11,528.615
2026-12-20T12,551.700
2026-12-20T13,593.694
2026-12-20T14,598.360
2026-12-20T15,604.991
2026-12-20T16,596.150
2026-12-20T17,589.028
2026-12-20T18,564.224
2026-12-20T19,546.665
2026-12-20T20,496.566
2026-12-20T21,359.655
2026-12-20T22,339.640
2026-12-20T23,306.118
2026-12-21T00,287.527
2026-12-21T01,277.999
2026-12-21T02,267.193
2026-12-21T03,270.729
2026-12-21T04,245.385
2026-12-21T05,157.664
2026-12-21T06,158.842
2026-12-21T07,192.733
2026-12-21T08,241.947
2026-12-21T09,322.695
2026-12-21T10,421.222
2026-12-21T11,477.608
2026-12-21T12,543.915
2026-12-21T13,617.393
2026-12-21T14,594.897
2026-12-21T15,588.218
2026-12-21T16,583.502
2026-12-21T17,531.537
2026-12-21T18,439.100
2026-12-21T19,443.324
2026-12-21T20,434.090
2026-12-21T21,410.515
2026-12-21T22,382.224
2026-12-21T23,309.531
2026-12-22T00,285.268
2026-12-22T01,280.160
2026-12-22T02,270.435
2026-12-22T03,275.150
2026-12-22T04,260.906
2026-12-22T05,196.171
2026-12-22T06,163.951
2026-12-22T07,196.859
2026-12-22T08,257.959
2026-12-22T09,330.848
2026-12-22T10,424.562
2026-12-22T11,533.208
2026-12-22T12,621.224
2026-12-22T13,618.474
2026-12-22T14,607.864
2026-12-22T15,605.998
2026-12-22T16,598.925
2026-12-22T17,522.304
2026-12-22T18,452.264
2026-12-22T19,448.531
2026-12-22T20,439.002
2026-12-22T21,414.149
2026-12-22T22,394.798
2026-12-22T23,311.791
2026-12-23T00,290.180
2026-12-23T01,283.991
2026-12-23T02,272.596
2026-12-23T03,252.458
2026-12-23T04,214.148
2026-12-23T05,152.850
2026-12-23T06,149.412
2026-12-23T07,196.564
2026-12-23T08,250.494
2026-12-23T09,324.463
2026-12-23T10,429.867
2026-12-23T11,489.003
2026-12-23T12,614.741
2026-12-23T13,609.731
2026-12-23T14,519.553
2026-12-23T15,564.642
2026-12-23T16,567.196
2026-12-23T17,516.999
2026-12-23T18,416.998
2026-12-23T19,370.731
2026-12-23T20,333.108
2026-12-23T21,307.763
2026-12-23T22,327.999
2026-12-23T23,290.082
2026-12-24T00,281.069
2026-12-24T01,278.981
2026-12-24T02,270.386
2026-12-24T03,269.895
2026-12-24T04,207.762
2026-12-24T05,164.172
2026-12-24T06,137.526
2026-12-24T07,177.801
2026-12-24T08,229.742
2026-12-24T09,287.208
2026-12-24T10,375.741
2026-12-24T11,448.433
2026-12-24T12,548.753
2026-12-24T13,551.086
2026-12-24T14,540.526
2026-12-24T15,520.757
2026-12-24T16,513.880
2026-12-24T17,499.637
2026-12-24T18,429.891
2026-12-24T19,432.716
2026-12-24T20,420.682
2026-12-24T21,383.722
2026-12-24T22,360.023
2026-12-24T23,281.191
2026-12-25T00,268.421
2026-12-25T01,258.107
2026-12-25T02,228.760
2026-12-25T03,217.954
2026-12-25T04,196.711
2026-12-25T05,176.082
2026-12-25T06,168.224
2026-12-25T07,195.360
2026-12-25T08,254.423
2026-12-25T09,325.273
2026-12-25T10,413.560
2026-12-25T11,507.741
2026-12-25T12,586.081
2026-12-25T13,604.623
2026-12-25T14,590.870
2026-12-25T15,589.888
2026-12-25T16,584.608
2026-12-25T17,550.963
2026-12-25T18,448.801
2026-12-25T19,449.661
2026-12-25T20,444.872
2026-12-25T21,423.383
2026-12-25T22,303.417
2026-12-25T23,174.486
2026-12-26T00,135.684
2026-12-26T01,130.281
2026-12-26T02,120.826
2026-12-26T03,125.001
2026-12-26T04,120.704
2026-12-26T05,124.265
2026-12-26T06,146.612
2026-12-26T07,189.098
2026-12-26T08,249.511
2026-12-26T09,334.851
2026-12-26T10,522.721
2026-12-26T11,569.750
2026-12-26T12,623.410
2026-12-26T13,630.163
2026-12-26T14,620.709
2026-12-26T15,617.025
2026-12-26T16,598.729
2026-12-26T17,596.396
2026-12-26T18,580.556
2026-12-26T19,606.342
2026-12-26T20,594.309
2026-12-26T21,571.838
2026-12-26T22,336.570
2026-12-26T23,171.048
2026-12-27T00,129.176
2026-12-27T01,122.791
2026-12-27T02,113.582
2026-12-27T03,117.879
2026-12-27T04,113.582
2026-12-27T05,112.476
2026-12-27T06,121.195
2026-12-27T07,138.263
2026-12-27T08,183.941
2026-12-27T09,268.789
2026-12-27T10,359.532
2026-12-27T11,528.615
2026-12-27T12,551.700
2026-12-27T13,593.694
2026-12-27T14,598.360
2026-12-27T15,604.991
2026-12-27T16,596.150
2026-12-27T17,589.028
2026-12-27T18,564.224
2026-12-27T19,546.665
2026-12-27T20,496.566
2026-12-27T21,359.655
2026-12-27T22,339.640
2026-12-27T23,306.118
2026-12-28T00,287.527
2026-12-28T01,277.999
2026-12-28T02,267.193
2026-12-28T03,270.729
2026-12-28T04,245.385
2026-12-28T05,157.664
2026-12-28T06,158.842
2026-12-28T07,192.733
2026-12-28T08,241.947
2026-12-28T09,322.695
2026-12-28T10,421.222
2026-12-28T11,477.608
2026-12-28T12,543.915
2026-12-28T13,617.393
2026-12-28T14,594.897
2026-12-28T15,588.218
2026-12-28T16,583.502
2026-12-28T17,531.537
2026-12-28T18,439.100
2026-12-28T19,443.324
2026-12-28T20,434.090
2026-12-28T21,410.515
2026-12-28T22,382.224
2026-12-28T23,309.531
2026-12-29T00,285.268
2026-12-29T01,280.160
2026-12-29T02,270.435
2026-12-29T03,275.150
2026-12-29T04,260.906
2026-12-29T05,196.171
2026-12-29T06,163.951
2026-12-29T07,196.859
2026-12-29T08,257.959
2026-12-29T09,330.848
2026-12-29T10,424.562
2026-12-29T11,533.208
2026-12-29T12,621.224
2026-12-29T13,618.474
2026-12-29T14,607.864
2026-12-29T15,605.998
2026-12-29T16,598.925
2026-12-29T17,522.304
2026-12-29T18,452.264
2026-12-29T19,448.531
2026-12-29T20,439.002
2026-12-29T21,414.149
2026-12-29T22,394.798
2026-12-29T23,311.791
2026-12-30T00,290.180
2026-12-30T01,283.991
2026-12-30T02,272.596
2026-12-30T03,252.458
2026-12-30T04,214.148
2026-12-30T05,152.850
2026-12-30T06,149.412
2026-12-30T07,196.564
2026-12-30T08,250.494
2026-12-30T09,324.463
2026-12-30T10,429.867
2026-12-30T11,489.003
2026-12-30T12,614.741
2026-12-30T13,609.731
2026-12-30T14,519.553
2026-12-30T15,564.642
2026-12-30T16,567.196
2026-12-30T17,516.999
2026-12-30T18,416.998
2026-12-30T19,370.731
2026-12-30T20,333.108
2026-12-30T21,307.763
2026-12-30T22,327.999
2026-12-30T23,290.082
2026-12-31T00,281.068
2026-12-31T01,278.980
2026-12-31T02,270.385
2026-12-31T03,269.894
2026-12-31T04,207.762
2026-12-31T05,164.171
2026-12-31T06,137.525
2026-12-31T07,177.801
2026-12-31T08,229.741
2026-12-31T09,287.207
2026-12-31T10,375.739
2026-12-31T11,448.431
2026-12-31T12,548.751
2026-12-31T13,551.084
2026-12-31T14,540.524
2026-12-31T15,520.755
2026-12-31T16,513.879
2026-12-31T17,499.635
2026-12-31T18,429.890
2026-12-31T19,432.714
2026-12-31T20,420.681
2026-12-31T21,383.721
2026-12-31T22,360.022
2026-12-31T23,281.190
